id,brand,text,rating,date,source,source_type,url,clean_text,brand_relevant,sentiment,score
2e439f11-ccf3-47c2-b5c0-9a10c99562b2,Domino's,great,5,2026-10-01,Google Play,Customer Review,https://play.google.com/store/apps/details?id=com.dominos.ng&hl=en&gl=ng,great,True,Positive,1
532e82f2-0140-4ff8-9d03-01b8f07f7276,Domino's,I like the experience but it isn't perfect,4,2026-09-13,Google Play,Customer Review,https://play.google.com/store/apps/details?id=com.dominos.ng&hl=en&gl=ng,i like the experience but it isn't perfect,True,Neutral,0
4c8e4d3c-c127-4d98-87a3-b03bc8a576c4,Domino's,the App is quiet slow,3,2026-09-06,Google Play,Customer Review,https://play.google.com/store/apps/details?id=com.dominos.ng&hl=en&gl=ng,the app is quiet slow,True,Negative,-1
49ba3cb5-5c92-4852-a7ff-3f970e9ba7d1,Domino's,"App is so difficult to use. It seems my street address doesn't exist on the app so I cannot place an order. Even when I input an address nearby, it keeps saying I haven't included the street name and number so it doesn't let me place an order. The app is not user friendly at all, it doesn't even feel like an app, feels like a web version. Ugh!",1,2026-08-16,Google Play,Customer Review,https://play.google.com/store/apps/details?id=com.dominos.ng&hl=en&gl=ng,app is so difficult to use it seems my street address doesn't exist on the app so i cannot place an order even when i input an address nearby it keeps saying i haven't included the street name and number so it doesn't let me place an order the app is not user friendly at all it doesn't even feel like an app feels like a web version ugh,True,Negative,-2
4a301d0d-5b13-4b14-9694-c5c88dd71385,Domino's,Terrible UX,1,2026-08-15,Google Play,Customer Review,https://play.google.com/store/apps/details?id=com.dominos.ng&hl=en&gl=ng,terrible ux,True,Negative,-2
3e0dd994-8b13-441a-ab27-4af50b0cbdac,Domino's,"As a developer, the app remains responsive, even if the UI requires refinement. It reliably performs its intended functions.",3,2026-08-11,Google Play,Customer Review,https://play.google.com/store/apps/details?id=com.dominos.ng&hl=en&gl=ng,as a developer the app remains responsive even if the ui requires refinement it reliably performs its intended functions,True,Positive,1
f7a6c0b7-1467-4e9d-81f4-ce48b2d0caa1,Domino's,It's a very complicated app. It's interface is definitely not really user friendly. Theresyno prices on the menu up until you actually place an order. It's all quite vague and unclear. It's sure could use some modification.,2,2026-08-07,Google Play,Customer Review,https://play.google.com/store/apps/details?id=com.dominos.ng&hl=en&gl=ng,it's a very complicated app it's interface is definitely not really user friendly theresyno prices on the menu up until you actually place an order it's all quite vague and unclear it's sure could use some modification,True,Neutral,0
4440c461-2fb7-4546-9b22-701e33660bb1,Domino's,very easy,5,2026-07-28,Google Play,Customer Review,https://play.google.com/store/apps/details?id=com.dominos.ng&hl=en&gl=ng,very easy,True,Positive,2
dd3a54fc-1bab-4037-a270-93d5f3bf9605,Domino's,Stress free transaction,5,2026-07-10,Google Play,Customer Review,https://play.google.com/store/apps/details?id=com.dominos.ng&hl=en&gl=ng,stress free transaction,True,Negative,-1
6efa1231-ee35-4bfb-924a-2db8d3af98f8,Domino's,Awesome 👌,5,2026-07-05,Google Play,Customer Review,https://play.google.com/store/apps/details?id=com.dominos.ng&hl=en&gl=ng,awesome good,True,Positive,3
e4f353fb-c631-4da5-9893-c864ae3edb8a,Domino's,the best way to order without being there and pretty good offers and customizations,5,2026-07-02,Google Play,Customer Review,https://play.google.com/store/apps/details?id=com.dominos.ng&hl=en&gl=ng,the best way to order without being there and pretty good offers and customizations,True,Positive,3
dcd197e1-ffed-4210-bcc0-db1f1facc9d3,Domino's,splendid,5,2026-06-21,Google Play,Customer Review,https://play.google.com/store/apps/details?id=com.dominos.ng&hl=en&gl=ng,splendid,True,Neutral,0
9802ef6e-1197-4b0e-95b6-7ba322f18fc5,Domino's,"This is my worst Pizza ever, I Decided to give it a try and you gave me a bad day, so hard, no cheese like I'm eating pie, no good taste. I have to dispose it despite how much money I spent to order it and the delivery. not recommended for anyone. you ruin my day Domino's Pizza 🍕🍕 I regret ordering from you!!!!",1,2026-06-15,Google Play,Customer Review,https://play.google.com/store/apps/details?id=com.dominos.ng&hl=en&gl=ng,this is my worst pizza ever i decided to give it a try and you gave me a bad day so hard no cheese like i'm eating pie no good taste i have to dispose it despite how much money i spent to order it and the delivery not recommended for anyone you ruin my day domino's pizza i regret ordering from you,True,Negative,-6
5b4e69b5-5a2e-4379-af78-ee8eb8435385,Domino's,awesome 💯,5,2026-06-06,Google Play,Customer Review,https://play.google.com/store/apps/details?id=com.dominos.ng&hl=en&gl=ng,awesome excellent,True,Positive,4
91211f0d-d2d7-40da-a431-4c084031bc7e,Domino's,Fast and friendly,5,2026-06-06,Google Play,Customer Review,https://play.google.com/store/apps/details?id=com.dominos.ng&hl=en&gl=ng,fast and friendly,True,Positive,2
185be35d-8caf-4782-91df-029366594d89,Domino's,good,5,2026-05-29,Google Play,Customer Review,https://play.google.com/store/apps/details?id=com.dominos.ng&hl=en&gl=ng,good,True,Positive,1
1a02f455-a13d-4cec-95ac-2758b4d6f8e0,Domino's,"app is slow, navigation is slow and can be frustrating",2,2026-05-27,Google Play,Customer Review,https://play.google.com/store/apps/details?id=com.dominos.ng&hl=en&gl=ng,app is slow navigation is slow and can be frustrating,True,Negative,-3
3054b401-5f79-4d4f-86df-ce5ac171d705,Domino's,very bad app after you order and pay the store call you to ask you to pay for delivery again and they say it is out of their delivery area,1,2026-05-23,Google Play,Customer Review,https://play.google.com/store/apps/details?id=com.dominos.ng&hl=en&gl=ng,very bad app after you order and pay the store call you to ask you to pay for delivery again and they say it is out of their delivery area,True,Negative,-2
3fb23ab1-f105-4932-abbb-c76fb3533824,Domino's,"I would have given the app a zero star if possible. To place an order for delivery is quite difficult, I keep getting the prompt that I'm yet to input my address or street name even when I've done that, with the same address I've always used for the delivery option on App, hence, I have to always pick up. Secondly, I can't customize my orders via the customer careline. I can't do half and half, can only pick one flavor, so the customer careline is of no use in resolving the delivery issue.",1,2026-04-29,Google Play,Customer Review,https://play.google.com/store/apps/details?id=com.dominos.ng&hl=en&gl=ng,i would have given the app a zero star if possible to place an order for delivery is quite difficult i keep getting the prompt that i'm yet to input my address or street name even when i've done that with the same address i've always used for the delivery option on app hence i have to always pick up secondly i can't customize my orders via the customer careline i can't do half and half can only pick one flavor so the customer careline is of no use in resolving the delivery issue,True,Negative,-2
6cf0ffdf-b7f8-415c-9dbc-1c6c9a81856b,Domino's,I rated this app poor in 2021 but it has now improved significantly. This is excellent and easy to use. I saved 13k using the deal on the app.,5,2026-04-25,Google Play,Customer Review,https://play.google.com/store/apps/details?id=com.dominos.ng&hl=en&gl=ng,i rated this app poor in 2021 but it has now improved significantly this is excellent and easy to use i saved 13k using the deal on the app,True,Positive,3
2ec53d34-fc86-4a4e-965e-ff9b5db3a255,Domino's,"After years of using this app, it’s honestly disappointing that Domino's Pizza still hasn’t made any meaningful improvements or paid attention to customer feedback. The app feels outdated and poorly designed — it’s slow, inefficient, and unnecessarily confusing, especially when trying to use deals or coupons. What should be a simple ordering process turns into frustration.",1,2026-04-25,Google Play,Customer Review,https://play.google.com/store/apps/details?id=com.dominos.ng&hl=en&gl=ng,after years of using this app it's honestly disappointing that domino's pizza still hasn't made any meaningful improvements or paid attention to customer feedback the app feels outdated and poorly designed it's slow inefficient and unnecessarily confusing especially when trying to use deals or coupons what should be a simple ordering process turns into frustration,True,Negative,-3
92b42d6e-bc15-4901-a224-daa9e1980cad,Domino's,"Every time I use the app it's from one issue to another, I ordered and paid online on paystack, the app crashed and I couldn't find my order",1,2026-04-23,Google Play,Customer Review,https://play.google.com/store/apps/details?id=com.dominos.ng&hl=en&gl=ng,every time i use the app it's from one issue to another i ordered and paid online on paystack the app crashed and i couldn't find my order,True,Negative,-2
9bc1e415-9ef1-45b1-b57d-e7032855a461,Domino's,nice,3,2026-04-19,Google Play,Customer Review,https://play.google.com/store/apps/details?id=com.dominos.ng&hl=en&gl=ng,nice,True,Positive,1
521f1076-8933-45a9-8f6d-b4be9721019a,Domino's,"giving this a one star the Dominos here at Along iyanshool close to fisrt gate is trash, they don't prepare pizza well and do not take one's oder properly because of how they busy talking or not listening properly to someone's oder request. And most things on the menu are not even available including the kind of cheese used for the BBQ MEGA Meat prepared poorly and so bad. I hope this reaches you guys. Dominos at Along Iyanshool busstop Lagos Nigeria, opposite Fisrt PJ foods. Fix this",1,2026-04-14,Google Play,Customer Review,https://play.google.com/store/apps/details?id=com.dominos.ng&hl=en&gl=ng,giving this a one star the dominos here at along iyanshool close to fisrt gate is trash they don't prepare pizza well and do not take one's oder properly because of how they busy talking or not listening properly to someone's oder request and most things on the menu are not even available including the kind of cheese used for the bbq mega meat prepared poorly and so bad i hope this reaches you guys dominos at along iyanshool busstop lagos nigeria opposite fisrt pj foods fix this,True,Negative,-6
4d3169fa-c3f7-4b74-a55e-11469e70b0e3,Domino's,it was nice and I liked the fact I could pick my toppings... All the ❤️,5,2026-04-07,Google Play,Customer Review,https://play.google.com/store/apps/details?id=com.dominos.ng&hl=en&gl=ng,it was nice and i liked the fact i could pick my toppings all the love,True,Positive,3
b9eaa52b-9ba7-4756-8f1f-64b13b10754d,Domino's,yumyum,5,2026-04-03,Google Play,Customer Review,https://play.google.com/store/apps/details?id=com.dominos.ng&hl=en&gl=ng,yumyum,True,Neutral,0
ebba844a-d176-45b7-a158-32d64bbcbafb,Domino's,Great service,4,2026-03-28,Google Play,Customer Review,https://play.google.com/store/apps/details?id=com.dominos.ng&hl=en&gl=ng,great service,True,Positive,1
d26bbeb3-25c5-4159-adcf-e1edb0fd9751,Domino's,quick and fast,5,2026-03-21,Google Play,Customer Review,https://play.google.com/store/apps/details?id=com.dominos.ng&hl=en&gl=ng,quick and fast,True,Positive,2
4574c029-2509-4455-82d1-22ccf27dccad,Domino's,Great,5,2026-03-15,Google Play,Customer Review,https://play.google.com/store/apps/details?id=com.dominos.ng&hl=en&gl=ng,great,True,Positive,1
9ad8a68e-5a11-4c9d-b81f-05b8b07e022c,Domino's,good,5,2026-03-13,Google Play,Customer Review,https://play.google.com/store/apps/details?id=com.dominos.ng&hl=en&gl=ng,good,True,Positive,1
c7829639-51fa-4141-bf0f-a580073ca370,Domino's,Great!!!,5,2026-02-26,Google Play,Customer Review,https://play.google.com/store/apps/details?id=com.dominos.ng&hl=en&gl=ng,great,True,Positive,1
15ca50f6-6491-48b3-a740-2436614785b5,Domino's,very easy to assess,5,2026-02-26,Google Play,Customer Review,https://play.google.com/store/apps/details?id=com.dominos.ng&hl=en&gl=ng,very easy to assess,True,Positive,2
9fdff5a4-964c-4937-bb68-52140e150273,Domino's,WONDERFUL,5,2026-02-19,Google Play,Customer Review,https://play.google.com/store/apps/details?id=com.dominos.ng&hl=en&gl=ng,wonderful,True,Positive,2
19f41cad-65b4-4597-832d-26b4b9d3b173,Domino's,It's not smooth at all for understanding. The instructions phrases are so confusing. it is one of the worst app I have ever used,1,2026-02-19,Google Play,Customer Review,https://play.google.com/store/apps/details?id=com.dominos.ng&hl=en&gl=ng,it's not smooth at all for understanding the instructions phrases are so confusing it is one of the worst app i have ever used,True,Negative,-5
f27ca036-0705-449a-9670-fa38d4acc698,Domino's,It takes alot of process just to get one order. improve on this.,3,2026-02-13,Google Play,Customer Review,https://play.google.com/store/apps/details?id=com.dominos.ng&hl=en&gl=ng,it takes alot of process just to get one order improve on this,True,Neutral,0
945382a0-d576-47c1-8cb6-96e3b045d027,Domino's,Fair,3,2026-02-06,Google Play,Customer Review,https://play.google.com/store/apps/details?id=com.dominos.ng&hl=en&gl=ng,fair,True,Neutral,0
b62e1da4-83ca-48ff-863d-758bbbb9f352,Domino's,"should i start with heat,poor electricity,poor timing,small quantity of food",1,2026-01-27,Google Play,Customer Review,https://play.google.com/store/apps/details?id=com.dominos.ng&hl=en&gl=ng,should i start with heat poor electricity poor timing small quantity of food,True,Negative,-2
1123173e-faa2-47d3-b8f3-e71cf61610d0,Domino's,excellent,5,2026-01-25,Google Play,Customer Review,https://play.google.com/store/apps/details?id=com.dominos.ng&hl=en&gl=ng,excellent,True,Positive,2
5a8dee64-d893-4e26-a6cd-dd125d667343,Domino's,"Good app but pls make availability for us living in ajegunle, lagos",2,2026-01-24,Google Play,Customer Review,https://play.google.com/store/apps/details?id=com.dominos.ng&hl=en&gl=ng,good app but pls make availability for us living in ajegunle lagos,True,Positive,1
8e6f302f-8090-43f0-b550-dfe188437ed8,Domino's,Great 👍,4,2026-01-24,Google Play,Customer Review,https://play.google.com/store/apps/details?id=com.dominos.ng&hl=en&gl=ng,great good,True,Positive,2
5e382811-ac25-4ea7-bca2-fce1f14cb5a8,Domino's,Excellent 👍,5,2026-01-18,Google Play,Customer Review,https://play.google.com/store/apps/details?id=com.dominos.ng&hl=en&gl=ng,excellent good,True,Positive,3
124d05df-5604-4d40-8a6e-22bcb22d1cb9,Domino's,"I love your pizza, the crust of the pizza is a bit hard but every thing else wonderful 👍😊😊😊 .",5,2026-01-10,Google Play,Customer Review,https://play.google.com/store/apps/details?id=com.dominos.ng&hl=en&gl=ng,i love your pizza the crust of the pizza is a bit hard but every thing else wonderful good happy happy happy,True,Positive,6
eddfcb7a-5deb-40e3-b2d8-cc86569f719c,Domino's,easy to navigate,5,2026-01-05,Google Play,Customer Review,https://play.google.com/store/apps/details?id=com.dominos.ng&hl=en&gl=ng,easy to navigate,True,Positive,1
2fecb54a-9e4d-42d2-9c66-452814afb731,Domino's,smooth and very easy to navigate,5,2026-01-02,Google Play,Customer Review,https://play.google.com/store/apps/details?id=com.dominos.ng&hl=en&gl=ng,smooth and very easy to navigate,True,Positive,3
1babede6-e0e5-421c-9a78-480940d95fd3,Domino's,good & exceptional,3,2025-12-30,Google Play,Customer Review,https://play.google.com/store/apps/details?id=com.dominos.ng&hl=en&gl=ng,good exceptional,True,Positive,3
38141e18-e262-4a07-9a0f-2526a1998125,Domino's,Amazing and affordable,5,2025-12-26,Google Play,Customer Review,https://play.google.com/store/apps/details?id=com.dominos.ng&hl=en&gl=ng,amazing and affordable,True,Positive,3
e41bc9e1-6da6-4ce0-99f2-fe003a0aa55e,Domino's,Seamless user experience with this app. ordering is easy and quick responses with little loading time. I wish there were more descriptions on the foods to know what is actually in them before ordering.,5,2025-12-23,Google Play,Customer Review,https://play.google.com/store/apps/details?id=com.dominos.ng&hl=en&gl=ng,seamless user experience with this app ordering is easy and quick responses with little loading time i wish there were more descriptions on the foods to know what is actually in them before ordering,True,Positive,3
1a916120-b720-4d71-9d22-cfaa747b6425,Domino's,it was fast and user friendly,5,2025-12-21,Google Play,Customer Review,https://play.google.com/store/apps/details?id=com.dominos.ng&hl=en&gl=ng,it was fast and user friendly,True,Positive,3
12515300-d6d1-4b0c-a082-32f185c1c9e3,Domino's,It was a bit slow and I kept having problems with the server because it kept on declining access,3,2025-12-14,Google Play,Customer Review,https://play.google.com/store/apps/details?id=com.dominos.ng&hl=en&gl=ng,it was a bit slow and i kept having problems with the server because it kept on declining access,True,Negative,-2
4a328ca8-baa0-4984-ad5a-cf4da8eb8cd3,Domino's,"some times is mediocre, sometimes is horrible. Still better than the ios app tho. paystack don chop me like N60k this 2025 and I have not heard from the neither of you even after filing report makachi I know I dey curses I've rained of some souls. It's well....(typing this after ordering a pizza through the app cause wethin man go do)🤷🏾🤙🏾",1,2025-12-11,Google Play,Customer Review,https://play.google.com/store/apps/details?id=com.dominos.ng&hl=en&gl=ng,some times is mediocre sometimes is horrible still better than the ios app tho paystack don chop me like n60k this 2025 and i have not heard from the neither of you even after filing report makachi i know i dey curses i've rained of some souls it's well typing this after ordering a pizza through the app cause wethin man go do,True,Negative,-2
cfdfb7b7-8e83-4c33-a66b-ce3dfcd8b23e,Domino's,I love your app pls make more your pizza and drink are so good I rate you 5 out of 5 🤗🤗🤗😊☺🙂👧👧,5,2025-12-11,Google Play,Customer Review,https://play.google.com/store/apps/details?id=com.dominos.ng&hl=en&gl=ng,i love your app pls make more your pizza and drink are so good i rate you 5 out of 5 happy,True,Positive,5
c4c6407f-77ef-4b20-b906-d9fbe82e5ee3,Domino's,I love ❤️ 😍 💖 ❣️ 💕 💘 🍕 🍕 🍕 🍕 🍕,5,2025-12-03,Google Play,Customer Review,https://play.google.com/store/apps/details?id=com.dominos.ng&hl=en&gl=ng,i love love love,True,Positive,2
ad81059b-5560-465c-a3bc-d162b7dd3e4c,Domino's,it's not opening and it's not taking my order,1,2025-12-02,Google Play,Customer Review,https://play.google.com/store/apps/details?id=com.dominos.ng&hl=en&gl=ng,it's not opening and it's not taking my order,True,Neutral,0
95405ff1-f546-43da-862e-87cf6fac1b1f,Domino's,swift n fast,4,2025-11-23,Google Play,Customer Review,https://play.google.com/store/apps/details?id=com.dominos.ng&hl=en&gl=ng,swift n fast,True,Positive,1
09eaea89-9b4f-4a40-963d-11dddf66272f,Domino's,prompt response and delivery.,5,2025-11-14,Google Play,Customer Review,https://play.google.com/store/apps/details?id=com.dominos.ng&hl=en&gl=ng,prompt response and delivery,True,Neutral,0
7dba0ced-e9e9-4358-8294-d1fefab60bc1,Domino's,"I don't know if it's my network or the app itself but it drags a lot. I almost gave up making my order. The app behaves just like the website version. If I see improvements in my next order, I will change my rating.",3,2025-11-03,Google Play,Customer Review,https://play.google.com/store/apps/details?id=com.dominos.ng&hl=en&gl=ng,i don't know if it's my network or the app itself but it drags a lot i almost gave up making my order the app behaves just like the website version if i see improvements in my next order i will change my rating,True,Neutral,0
9ed4e7a9-99dd-4cad-9ae2-7c9e9dcbf4d1,Domino's,Fast and smooth delivery,5,2025-11-02,Google Play,Customer Review,https://play.google.com/store/apps/details?id=com.dominos.ng&hl=en&gl=ng,fast and smooth delivery,True,Positive,2
1f9c690e-5e0a-4928-9ef4-6b15f6c9f9aa,Domino's,Good,5,2025-10-31,Google Play,Customer Review,https://play.google.com/store/apps/details?id=com.dominos.ng&hl=en&gl=ng,good,True,Positive,1
32845ed9-d7ec-4595-aa41-dc06394f24e7,Domino's,"seamless service. even when network was interrupted, the order was placed, and the app restricted me from paying twice.",5,2025-10-26,Google Play,Customer Review,https://play.google.com/store/apps/details?id=com.dominos.ng&hl=en&gl=ng,seamless service even when network was interrupted the order was placed and the app restricted me from paying twice,True,Neutral,0
2d767b1b-a519-4e2a-b344-33071ed150e4,Domino's,very good,5,2025-10-23,Google Play,Customer Review,https://play.google.com/store/apps/details?id=com.dominos.ng&hl=en&gl=ng,very good,True,Positive,2
52d020f5-24fb-4e30-8dbb-4de9ac9841d9,Domino's,awesome,5,2025-10-17,Google Play,Customer Review,https://play.google.com/store/apps/details?id=com.dominos.ng&hl=en&gl=ng,awesome,True,Positive,2
3597b768-51cf-46cb-83b8-a1501bd43eae,Domino's,interesting,5,2025-10-12,Google Play,Customer Review,https://play.google.com/store/apps/details?id=com.dominos.ng&hl=en&gl=ng,interesting,True,Neutral,0
912bcac5-bf77-4814-afcc-803b67733141,Domino's,"The user experience is quite awful to be frank, it isn't seamless, the movement between pages is turbulent, jumping to and fro between pages before landing on the right one and the app lags. Also I personally had problems selecting my address for my profile, this feature should be looked into and improved on to make it more intuitive. I literally spent over 45 mins just trying to get my address right on the map. It's that bad",1,2025-10-08,Google Play,Customer Review,https://play.google.com/store/apps/details?id=com.dominos.ng&hl=en&gl=ng,the user experience is quite awful to be frank it isn't seamless the movement between pages is turbulent jumping to and fro between pages before landing on the right one and the app lags also i personally had problems selecting my address for my profile this feature should be looked into and improved on to make it more intuitive i literally spent over 45 mins just trying to get my address right on the map it's that bad,True,Negative,-5
27f9d833-a5d6-4a25-a9d3-b7186fcf9007,Domino's,"This is no doubt one of the most useless apps I have ever seen. Tell me why an app will be giving me so much headache, taking me back most of the time and also very difficult to input location or place an order. The developer really needs to do something about this app, very stressful. Am giving this Zero star rating",1,2025-10-07,Google Play,Customer Review,https://play.google.com/store/apps/details?id=com.dominos.ng&hl=en&gl=ng,this is no doubt one of the most useless apps i have ever seen tell me why an app will be giving me so much headache taking me back most of the time and also very difficult to input location or place an order the developer really needs to do something about this app very stressful am giving this zero star rating,True,Negative,-6
979c5bfd-b767-4a04-8508-66d9e9f35262,Domino's,wao,5,2025-10-01,Google Play,Customer Review,https://play.google.com/store/apps/details?id=com.dominos.ng&hl=en&gl=ng,wao,True,Neutral,0
9ce6bdd4-be14-4133-90b7-53ada2b17643,Domino's,this app is due for an update,1,2025-09-17,Google Play,Customer Review,https://play.google.com/store/apps/details?id=com.dominos.ng&hl=en&gl=ng,this app is due for an update,True,Neutral,0
9de9f6d3-195c-4a2f-bdba-ee29455ccb58,Domino's,"please refund me my money. After paying just to say failed transaction, there's no customer service line that I can even call",1,2025-09-15,Google Play,Customer Review,https://play.google.com/store/apps/details?id=com.dominos.ng&hl=en&gl=ng,please refund me my money after paying just to say failed transaction there's no customer service line that i can even call,True,Negative,-1
684874c8-4c73-40ad-86d7-b1edc9444e58,Domino's,"the ui is not great, but it was easy to order",3,2025-09-13,Google Play,Customer Review,https://play.google.com/store/apps/details?id=com.dominos.ng&hl=en&gl=ng,the ui is not great but it was easy to order,True,Neutral,0
ff865492-c38d-4012-8607-ae8c9c53c0ac,Domino's,Doing a good job. Delivery locations should be improved upon.,5,2025-09-12,Google Play,Customer Review,https://play.google.com/store/apps/details?id=com.dominos.ng&hl=en&gl=ng,doing a good job delivery locations should be improved upon,True,Positive,2
ac1fa809-e091-4bd6-bc42-95245c4b9793,Domino's,"easy to navigate, great user experience and excellent service delivery",4,2025-09-04,Google Play,Customer Review,https://play.google.com/store/apps/details?id=com.dominos.ng&hl=en&gl=ng,easy to navigate great user experience and excellent service delivery,True,Positive,4
9505a993-0839-45d2-8ca6-eed63e4eba81,Domino's,Nice experience,5,2025-08-26,Google Play,Customer Review,https://play.google.com/store/apps/details?id=com.dominos.ng&hl=en&gl=ng,nice experience,True,Positive,1
d0de986f-e9ed-413b-a077-13ae18da0be4,Domino's,Ordering online has been very hectic and please work on this .,1,2025-08-21,Google Play,Customer Review,https://play.google.com/store/apps/details?id=com.dominos.ng&hl=en&gl=ng,ordering online has been very hectic and please work on this,True,Neutral,0
b70a03cf-10ec-4193-926f-ae0b2f0bf140,Domino's,Great!,5,2025-08-20,Google Play,Customer Review,https://play.google.com/store/apps/details?id=com.dominos.ng&hl=en&gl=ng,great,True,Positive,1
f2cf1998-8b2e-4fcd-8575-08ce3db2ba5b,Domino's,wonderful app,4,2025-08-18,Google Play,Customer Review,https://play.google.com/store/apps/details?id=com.dominos.ng&hl=en&gl=ng,wonderful app,True,Positive,2
36f088c1-5ab6-4e21-9dbc-cdd79d54160b,Domino's,"they have a very bad customer service and delivery schedule. I placed an order since 1, and it is 5 pm already. The pizza is not still here.",1,2025-08-13,Google Play,Customer Review,https://play.google.com/store/apps/details?id=com.dominos.ng&hl=en&gl=ng,they have a very bad customer service and delivery schedule i placed an order since 1 and it is 5 pm already the pizza is not still here,True,Negative,-2
3128bb7e-c489-4a1b-a110-30737a5d91d0,Domino's,excellent App upgrade. much improved and easier to use.,5,2025-08-12,Google Play,Customer Review,https://play.google.com/store/apps/details?id=com.dominos.ng&hl=en&gl=ng,excellent app upgrade much improved and easier to use,True,Positive,2
5348df90-90d6-45f4-8635-04431dcd986a,Domino's,seamless experience wow,5,2025-08-11,Google Play,Customer Review,https://play.google.com/store/apps/details?id=com.dominos.ng&hl=en&gl=ng,seamless experience wow,True,Positive,2
ee21d336-a455-486e-ac8c-f1e8aa2ca9f9,Domino's,the app is well organized I like that but my experience was bad I placed an order for up to 6 hrs I did not get my order I kept calling and calling they kept saying it will be with you shortly for 6 hrs. do not recommend this app,1,2025-08-09,Google Play,Customer Review,https://play.google.com/store/apps/details?id=com.dominos.ng&hl=en&gl=ng,the app is well organized i like that but my experience was bad i placed an order for up to 6 hrs i did not get my order i kept calling and calling they kept saying it will be with you shortly for 6 hrs do not recommend this app,True,Neutral,0
76a2e90a-2b97-44fa-9df3-3ef53c45d2aa,Domino's,Quite easy to use when they don't keep logging you out,5,2025-08-04,Google Play,Customer Review,https://play.google.com/store/apps/details?id=com.dominos.ng&hl=en&gl=ng,quite easy to use when they don't keep logging you out,True,Positive,2
09e497ac-3f93-4926-899f-9df6e1c34cff,Domino's,I keep having issues with this app I signed up already long ago but signing in to place my order ain't working now and it's annoying,1,2025-08-04,Google Play,Customer Review,https://play.google.com/store/apps/details?id=com.dominos.ng&hl=en&gl=ng,i keep having issues with this app i signed up already long ago but signing in to place my order ain't working now and it's annoying,True,Negative,-2
7ddad21b-348c-419f-bc43-a34aabd484f8,Domino's,"ordered 3 pizza to my location and it gave me a dominos branch on the other side of Lagos I tried to change branch but it didn't work and then I thought that was the only app available to deliver so I ordered and paid , then the rider called and said my house isn't within the area of delivery, my order will be refered to the closest domino branch to me and they will deliver it, I called customer care , 5 times they told me they would take action but they didn't, I lost 36,700 naira on that day",1,2025-08-03,Google Play,Customer Review,https://play.google.com/store/apps/details?id=com.dominos.ng&hl=en&gl=ng,ordered 3 pizza to my location and it gave me a dominos branch on the other side of lagos i tried to change branch but it didn't work and then i thought that was the only app available to deliver so i ordered and paid then the rider called and said my house isn't within the area of delivery my order will be refered to the closest domino branch to me and they will deliver it i called customer care 5 times they told me they would take action but they didn't i lost 36 700 naira on that day,True,Positive,1
a2ab48e8-18af-4f96-be4b-54ffae03ea2e,Domino's,Very user-friendly,5,2025-08-01,Google Play,Customer Review,https://play.google.com/store/apps/details?id=com.dominos.ng&hl=en&gl=ng,very user friendly,True,Positive,2
1c4f90f8-b114-4560-8c73-7c2927d24a20,Domino's,I love the app,5,2025-07-20,Google Play,Customer Review,https://play.google.com/store/apps/details?id=com.dominos.ng&hl=en&gl=ng,i love the app,True,Positive,2
c640d2dc-8cac-4bb6-a8d5-78b0246cce68,Domino's,"App is difficult to navigate, not always responsive.",1,2025-07-19,Google Play,Customer Review,https://play.google.com/store/apps/details?id=com.dominos.ng&hl=en&gl=ng,app is difficult to navigate not always responsive,True,Negative,-2
fe2405c4-b612-44c1-b8db-37ad2820ae54,Domino's,Pretty good,4,2025-07-18,Google Play,Customer Review,https://play.google.com/store/apps/details?id=com.dominos.ng&hl=en&gl=ng,pretty good,True,Positive,1
750d2783-b6ce-4a09-96ec-094b5f21253c,Domino's,Easy to use,5,2025-07-17,Google Play,Customer Review,https://play.google.com/store/apps/details?id=com.dominos.ng&hl=en&gl=ng,easy to use,True,Positive,2
4f308826-eab9-40aa-b400-152dbfa8ac69,Domino's,quick and easy,5,2025-07-15,Google Play,Customer Review,https://play.google.com/store/apps/details?id=com.dominos.ng&hl=en&gl=ng,quick and easy,True,Positive,2
55f4d549-8327-4b33-a05d-f50e2da5e483,Domino's,"You have to pay upfront for a cold, pizza! Once you pay, to hell with the customer!",1,2025-07-09,Google Play,Customer Review,https://play.google.com/store/apps/details?id=com.dominos.ng&hl=en&gl=ng,you have to pay upfront for a cold pizza once you pay to hell with the customer,True,Negative,-1
b71b02b3-afe1-49d1-b80c-8f44fe4a160e,Domino's,super good,5,2025-06-30,Google Play,Customer Review,https://play.google.com/store/apps/details?id=com.dominos.ng&hl=en&gl=ng,super good,True,Positive,2
0a54dbc4-9408-47df-b049-76931a649de4,Domino's,"Useless app.A Complete mess.Everything just gets muddled up.Cart,checkout,everything just overlaps .",1,2025-06-23,Google Play,Customer Review,https://play.google.com/store/apps/details?id=com.dominos.ng&hl=en&gl=ng,useless app a complete mess everything just gets muddled up cart checkout everything just overlaps,True,Negative,-2
99249580-8dbf-49a3-8914-68df2635d66b,Domino's,excellent app,5,2025-06-15,Google Play,Customer Review,https://play.google.com/store/apps/details?id=com.dominos.ng&hl=en&gl=ng,excellent app,True,Positive,2
1ae52abd-d3b7-48c9-ae3f-b2d8baa04427,Domino's,fast and sutable,5,2025-06-12,Google Play,Customer Review,https://play.google.com/store/apps/details?id=com.dominos.ng&hl=en&gl=ng,fast and sutable,True,Positive,1
ab3622e9-4b29-4691-a265-90aae2b611cf,Domino's,the app is a bit slow,4,2025-06-08,Google Play,Customer Review,https://play.google.com/store/apps/details?id=com.dominos.ng&hl=en&gl=ng,the app is a bit slow,True,Negative,-1
bc53ec12-ce45-46c2-b0e7-5085418cf72e,Domino's,sensational,5,2025-05-28,Google Play,Customer Review,https://play.google.com/store/apps/details?id=com.dominos.ng&hl=en&gl=ng,sensational,True,Neutral,0
81959e2b-3036-4a48-b344-9d8c574970ba,Domino's,"if I could give half star, I would. orders take forever to get to you, I had to get the number of an employee before my order was attended to. and to think my house is close by the store unordered from!",1,2025-05-27,Google Play,Customer Review,https://play.google.com/store/apps/details?id=com.dominos.ng&hl=en&gl=ng,if i could give half star i would orders take forever to get to you i had to get the number of an employee before my order was attended to and to think my house is close by the store unordered from,True,Negative,-2
c38831c5-dbfe-4484-a3b4-ed3008ea236e,Domino's,amazing,5,2025-05-27,Google Play,Customer Review,https://play.google.com/store/apps/details?id=com.dominos.ng&hl=en&gl=ng,amazing,True,Positive,2
d33793dc-8a61-4c7e-a39a-84abf97bd9b5,Domino's,easy to use,5,2025-05-18,Google Play,Customer Review,https://play.google.com/store/apps/details?id=com.dominos.ng&hl=en&gl=ng,easy to use,True,Positive,2
2722f4f2-0662-4fc5-9e34-b0641d7bf15a,Domino's,Great,5,2025-05-16,Google Play,Customer Review,https://play.google.com/store/apps/details?id=com.dominos.ng&hl=en&gl=ng,great,True,Positive,1
4856f2cb-991d-4dde-8582-7c9d38983aa4,Domino's,Very good and fast,4,2025-05-08,Google Play,Customer Review,https://play.google.com/store/apps/details?id=com.dominos.ng&hl=en&gl=ng,very good and fast,True,Positive,3
d2fb63c0-b5ed-4ee9-9699-6431f8a574e1,Domino's,Good,4,2025-05-04,Google Play,Customer Review,https://play.google.com/store/apps/details?id=com.dominos.ng&hl=en&gl=ng,good,True,Positive,1
8036b40a-dd35-4006-920f-380c0aaf3fc9,Domino's,nice,5,2025-04-20,Google Play,Customer Review,https://play.google.com/store/apps/details?id=com.dominos.ng&hl=en&gl=ng,nice,True,Positive,1
35592b52-6404-4c76-8614-289e0951124e,Domino's,the app needs an upgrade. the glitch in it is too much and it's very slow,2,2025-04-20,Google Play,Customer Review,https://play.google.com/store/apps/details?id=com.dominos.ng&hl=en&gl=ng,the app needs an upgrade the glitch in it is too much and it's very slow,True,Negative,-5
49243c54-0735-4ce0-9fc1-8fb08f3dad42,Domino's,"handy ,simple and easy",4,2025-04-18,Google Play,Customer Review,https://play.google.com/store/apps/details?id=com.dominos.ng&hl=en&gl=ng,handy simple and easy,True,Positive,2
47b64660-635e-49b3-9a00-981fb25ded93,Domino's,bad UIUX,2,2025-04-15,Google Play,Customer Review,https://play.google.com/store/apps/details?id=com.dominos.ng&hl=en&gl=ng,bad uiux,True,Negative,-1
1fed3ef3-2794-4f51-813a-b589be8debb5,Domino's,fast delivery,5,2025-04-15,Google Play,Customer Review,https://play.google.com/store/apps/details?id=com.dominos.ng&hl=en&gl=ng,fast delivery,True,Positive,1
f0ebc3a1-6bd1-49a9-a4b5-8a341f06e822,Domino's,superb,4,2025-04-13,Google Play,Customer Review,https://play.google.com/store/apps/details?id=com.dominos.ng&hl=en&gl=ng,superb,True,Positive,2
643c3a4d-870c-49eb-97ff-41887ea8a116,Domino's,"it's easy and fast to make orders with no stress and also free delivery, this so fantastic I love it 👍♥️",5,2025-04-09,Google Play,Customer Review,https://play.google.com/store/apps/details?id=com.dominos.ng&hl=en&gl=ng,it's easy and fast to make orders with no stress and also free delivery this so fantastic i love it good,True,Positive,11
81841328-35ae-4bc1-a4dc-de98d74d5968,Domino's,ok app,3,2025-04-07,Google Play,Customer Review,https://play.google.com/store/apps/details?id=com.dominos.ng&hl=en&gl=ng,ok app,True,Neutral,0
98e2113b-267a-4554-8f97-e31b29a51534,Domino's,easy to use,4,2025-03-29,Google Play,Customer Review,https://play.google.com/store/apps/details?id=com.dominos.ng&hl=en&gl=ng,easy to use,True,Positive,2
86fc9eb9-3697-416f-a343-5d8b62e27a81,Domino's,simple and easy.,5,2025-03-24,Google Play,Customer Review,https://play.google.com/store/apps/details?id=com.dominos.ng&hl=en&gl=ng,simple and easy,True,Positive,2
6788eb1b-514c-4c74-9e6a-3c5e3382cc9a,Domino's,This app is useless I placed an order and payed with transfer but I never got my order my whole money just went like that It works some days other days it shows blank,1,2025-03-07,Google Play,Customer Review,https://play.google.com/store/apps/details?id=com.dominos.ng&hl=en&gl=ng,this app is useless i placed an order and payed with transfer but i never got my order my whole money just went like that it works some days other days it shows blank,True,Negative,-2
3104532d-d4eb-4e1a-a629-ef90311efa89,Domino's,Good,5,2025-03-01,Google Play,Customer Review,https://play.google.com/store/apps/details?id=com.dominos.ng&hl=en&gl=ng,good,True,Positive,1
1240255a-cbfd-450b-aeaf-563f5d81a3bd,Domino's,This is my second experience and I must say I'm satisfied with domino's pizza.,4,2025-02-26,Google Play,Customer Review,https://play.google.com/store/apps/details?id=com.dominos.ng&hl=en&gl=ng,this is my second experience and i must say i'm satisfied with domino's pizza,True,Positive,1
a75d89fa-a13f-474e-b2ff-8b2224fc32fa,Domino's,Smooth and saves time,5,2025-02-20,Google Play,Customer Review,https://play.google.com/store/apps/details?id=com.dominos.ng&hl=en&gl=ng,smooth and saves time,True,Positive,1
5514a10b-f8e4-4e18-a516-acd090117379,Domino's,Stressed me a little,3,2025-02-19,Google Play,Customer Review,https://play.google.com/store/apps/details?id=com.dominos.ng&hl=en&gl=ng,stressed me a little,True,Neutral,0
c9e915a5-b800-4146-9855-03b947de417e,Domino's,Fantastic,5,2025-02-19,Google Play,Customer Review,https://play.google.com/store/apps/details?id=com.dominos.ng&hl=en&gl=ng,fantastic,True,Positive,2
a49ed576-c4c9-427a-9bcb-c17e087e96f7,Domino's,"Location picker never worked for the last couple years. Always says delivery isn't possible, and I always have to call customer care to get delivery. Always",1,2025-02-09,Google Play,Customer Review,https://play.google.com/store/apps/details?id=com.dominos.ng&hl=en&gl=ng,location picker never worked for the last couple years always says delivery isn't possible and i always have to call customer care to get delivery always,True,Neutral,0
f1481930-e77c-401e-857d-b6af280b1f73,Domino's,"Fast, precise and user friendly.",5,2025-02-09,Google Play,Customer Review,https://play.google.com/store/apps/details?id=com.dominos.ng&hl=en&gl=ng,fast precise and user friendly,True,Positive,3
0c11a534-4b75-4a3e-b0cb-f914d93f4671,Domino's,Smooth and great,5,2025-02-06,Google Play,Customer Review,https://play.google.com/store/apps/details?id=com.dominos.ng&hl=en&gl=ng,smooth and great,True,Positive,2
6b5a8f9e-8076-44bd-97c3-db61dad773bc,Domino's,Very slow in responding,3,2025-02-04,Google Play,Customer Review,https://play.google.com/store/apps/details?id=com.dominos.ng&hl=en&gl=ng,very slow in responding,True,Negative,-2
eb4d28a1-b186-4801-9376-75257fc30954,Domino's,Very amazing,5,2025-02-03,Google Play,Customer Review,https://play.google.com/store/apps/details?id=com.dominos.ng&hl=en&gl=ng,very amazing,True,Positive,4
9ed3aff6-ae96-4219-93f5-f6e35acd649c,Domino's,Fast and reliable,5,2025-02-02,Google Play,Customer Review,https://play.google.com/store/apps/details?id=com.dominos.ng&hl=en&gl=ng,fast and reliable,True,Positive,2
87b9c1c1-907a-412e-a9a5-244bcc5c7601,Domino's,It's pretty slow,2,2025-01-25,Google Play,Customer Review,https://play.google.com/store/apps/details?id=com.dominos.ng&hl=en&gl=ng,it's pretty slow,True,Negative,-1
9e8f4c64-3355-4772-8e8c-f5d5b2e7b27f,Domino's,Sweet all tym,5,2025-01-22,Google Play,Customer Review,https://play.google.com/store/apps/details?id=com.dominos.ng&hl=en&gl=ng,sweet all tym,True,Positive,1
c071c0ee-fb1d-403a-86a4-1f5cf46a9015,Domino's,Love it,5,2025-01-12,Google Play,Customer Review,https://play.google.com/store/apps/details?id=com.dominos.ng&hl=en&gl=ng,love it,True,Positive,2
ea8f6ab7-2390-4920-b370-1a83b46d0d93,Domino's,Soo good,5,2025-01-12,Google Play,Customer Review,https://play.google.com/store/apps/details?id=com.dominos.ng&hl=en&gl=ng,soo good,True,Positive,1
ca6b1811-225b-4564-a5bf-0fe100c8ddec,Domino's,The app is good but I will appreciate a speed improvement,3,2025-01-11,Google Play,Customer Review,https://play.google.com/store/apps/details?id=com.dominos.ng&hl=en&gl=ng,the app is good but i will appreciate a speed improvement,True,Positive,2
477bbcdc-6e3d-42d3-85a3-56408de25d25,Domino's,Very smooth,5,2025-01-06,Google Play,Customer Review,https://play.google.com/store/apps/details?id=com.dominos.ng&hl=en&gl=ng,very smooth,True,Positive,2
408958e7-e4fa-4695-9fd4-ab5e69dfe0a0,Domino's,Easy to access,4,2025-01-02,Google Play,Customer Review,https://play.google.com/store/apps/details?id=com.dominos.ng&hl=en&gl=ng,easy to access,True,Positive,1
9e76c30d-3f8e-4159-8d6e-c0a4c8589d25,Domino's,Lovely ..very detailed imformation,5,2025-01-02,Google Play,Customer Review,https://play.google.com/store/apps/details?id=com.dominos.ng&hl=en&gl=ng,lovely very detailed imformation,True,Neutral,0
3d834d76-3348-4566-a017-6b85466a46a5,Domino's,This app is very bad I suggest you doing another app. I highly do not recommend this app if u don't want your money gone without getting any food,1,2025-01-01,Google Play,Customer Review,https://play.google.com/store/apps/details?id=com.dominos.ng&hl=en&gl=ng,this app is very bad i suggest you doing another app i highly do not recommend this app if u don't want your money gone without getting any food,True,Negative,-3
bb5f07dc-9d8a-4b07-bf09-85afbf726b91,Domino's,Great,5,2024-12-30,Google Play,Customer Review,https://play.google.com/store/apps/details?id=com.dominos.ng&hl=en&gl=ng,great,True,Positive,1
0d3bf89d-1136-4d2c-b1e6-c4ecff2d6fda,Domino's,Love it,5,2024-12-26,Google Play,Customer Review,https://play.google.com/store/apps/details?id=com.dominos.ng&hl=en&gl=ng,love it,True,Positive,2
b1a44668-438a-4309-ad91-8a6838e7375b,Domino's,Seamless experience!,5,2024-12-26,Google Play,Customer Review,https://play.google.com/store/apps/details?id=com.dominos.ng&hl=en&gl=ng,seamless experience,True,Positive,1
e8dcf449-fbd3-4b2e-9260-b36fbce12926,Domino's,Efficient,4,2024-12-25,Google Play,Customer Review,https://play.google.com/store/apps/details?id=com.dominos.ng&hl=en&gl=ng,efficient,True,Positive,1
73dfff83-2aaa-4409-8836-058438706078,Domino's,Cool,5,2024-12-25,Google Play,Customer Review,https://play.google.com/store/apps/details?id=com.dominos.ng&hl=en&gl=ng,cool,True,Positive,1
bd3a0f39-ca57-4c09-af2d-ee5da94bada4,Domino's,Can't say much it's so convenient,5,2024-12-23,Google Play,Customer Review,https://play.google.com/store/apps/details?id=com.dominos.ng&hl=en&gl=ng,can't say much it's so convenient,True,Positive,2
6a6fdca8-c626-4034-80b1-34ed1f61a7f0,Domino's,Fast and easy,5,2024-12-22,Google Play,Customer Review,https://play.google.com/store/apps/details?id=com.dominos.ng&hl=en&gl=ng,fast and easy,True,Positive,2
4571fad2-cfd3-4457-837c-8039325cc179,Domino's,Awesome experience easy to navigate,4,2024-12-22,Google Play,Customer Review,https://play.google.com/store/apps/details?id=com.dominos.ng&hl=en&gl=ng,awesome experience easy to navigate,True,Positive,3
a165eb55-247f-40f5-9af7-03a192521f2a,Domino's,"I have made an order about 4 times and called their number 16 times in 1 hour. EVERYTIME I PAY, IT TELLS ME THAT PAYMENT HAS GONE THROUGH BUT IT DOES NOT START THE PROCESS OF MAKING AND DELIVERING THE PIZZA AND THE WORST PART IS I CANT MAKR A REFUND",1,2024-12-20,Google Play,Customer Review,https://play.google.com/store/apps/details?id=com.dominos.ng&hl=en&gl=ng,i have made an order about 4 times and called their number 16 times in 1 hour everytime i pay it tells me that payment has gone through but it does not start the process of making and delivering the pizza and the worst part is i cant makr a refund,True,Negative,-2
ceeecfdd-f1f0-4d05-be31-aabdb371a511,Domino's,Awesome 👌,5,2024-12-17,Google Play,Customer Review,https://play.google.com/store/apps/details?id=com.dominos.ng&hl=en&gl=ng,awesome good,True,Positive,3
fa72b790-aad7-468e-94d7-743d007426c0,Domino's,"Very inefficient. Every single address I have put in the app just says they don't deliver there. Even the address of places I know they deliver to, the app says they don't deliver there.",1,2024-12-16,Google Play,Customer Review,https://play.google.com/store/apps/details?id=com.dominos.ng&hl=en&gl=ng,very inefficient every single address i have put in the app just says they don't deliver there even the address of places i know they deliver to the app says they don't deliver there,True,Neutral,0
030aab8a-6432-45fa-b644-ee074df76656,Domino's,Seamless.,5,2024-12-07,Google Play,Customer Review,https://play.google.com/store/apps/details?id=com.dominos.ng&hl=en&gl=ng,seamless,True,Positive,1
175185cb-7883-4ee5-8225-779278c789d4,Domino's,Very fast and convenient,5,2024-12-05,Google Play,Customer Review,https://play.google.com/store/apps/details?id=com.dominos.ng&hl=en&gl=ng,very fast and convenient,True,Positive,3
8cd69a4a-92d5-4607-9787-029c521bc7d5,Domino's,It doesn't deliver world wide why is that,1,2024-11-30,Google Play,Customer Review,https://play.google.com/store/apps/details?id=com.dominos.ng&hl=en&gl=ng,it doesn't deliver world wide why is that,True,Neutral,0
18785489-12bf-4b6d-be46-055a7c417563,Domino's,Not cool,3,2024-11-29,Google Play,Customer Review,https://play.google.com/store/apps/details?id=com.dominos.ng&hl=en&gl=ng,not cool,True,Negative,-1
82d39fe8-9bc5-4d70-8f77-013d6ae2872a,Domino's,Horrible app,1,2024-11-07,Google Play,Customer Review,https://play.google.com/store/apps/details?id=com.dominos.ng&hl=en&gl=ng,horrible app,True,Negative,-2
678c92a8-3e00-47da-bd11-831a54eeb480,Domino's,So easy to use And it's lovely,5,2024-10-22,Google Play,Customer Review,https://play.google.com/store/apps/details?id=com.dominos.ng&hl=en&gl=ng,so easy to use and it's lovely,True,Positive,2
f4cd3ab3-6c1a-4efb-8d85-d766b2a4ea61,Domino's,"I won't say d app is bad, but i placed an order, at 4:45 pm, and i hv not receive anything yet and it's already midnight, like y ??,",1,2024-10-15,Google Play,Customer Review,https://play.google.com/store/apps/details?id=com.dominos.ng&hl=en&gl=ng,i won't say d app is bad but i placed an order at 4 45 pm and i hv not receive anything yet and it's already midnight like y,True,Negative,-1
28687a3d-b174-46bd-abeb-13686e19e5b9,Domino's,Perfect,5,2024-10-11,Google Play,Customer Review,https://play.google.com/store/apps/details?id=com.dominos.ng&hl=en&gl=ng,perfect,True,Positive,2
f67bcd81-e5c0-4c5e-8800-3d5b72236986,Domino's,"At first it's was fast to order and then for Mr Sunday to call me that he can't bring my food to the address I placed on the app, because I already paid so I just had to agree with him and I had to carry bike 1800 to collect the stuff I paid delivery for?? No that's bad you need to get Mr Sunday out of that work!",1,2024-09-30,Google Play,Customer Review,https://play.google.com/store/apps/details?id=com.dominos.ng&hl=en&gl=ng,at first it's was fast to order and then for mr sunday to call me that he can't bring my food to the address i placed on the app because i already paid so i just had to agree with him and i had to carry bike 1800 to collect the stuff i paid delivery for no that's bad you need to get mr sunday out of that work,True,Positive,2
1b246046-6f22-4a50-b7c9-2044c4e85a4b,Domino's,Please don't use this app I just lost 20k now 😡,1,2024-09-27,Google Play,Customer Review,https://play.google.com/store/apps/details?id=com.dominos.ng&hl=en&gl=ng,please don't use this app i just lost 20k now angry,True,Negative,-2
f97440a5-5994-40f5-9738-cc0b897171cd,Domino's,I don't know why there isn't any delivery to Kurudu. There are a lot of customers here that would be willing to pay for delivery fee rather than just going to nyanya.. please create a delivery route to Kurudu here,1,2024-09-14,Google Play,Customer Review,https://play.google.com/store/apps/details?id=com.dominos.ng&hl=en&gl=ng,i don't know why there isn't any delivery to kurudu there are a lot of customers here that would be willing to pay for delivery fee rather than just going to nyanya please create a delivery route to kurudu here,True,Neutral,0
25d464cb-631f-44d7-a7c7-2ea1c1a7437b,Domino's,It is awesome. I am always in awe of ur service and d delicious pizza that I keep coming back for more.,5,2024-09-08,Google Play,Customer Review,https://play.google.com/store/apps/details?id=com.dominos.ng&hl=en&gl=ng,it is awesome i am always in awe of ur service and d delicious pizza that i keep coming back for more,True,Positive,3
b6f0f3c8-b17f-4d66-866d-83050742f709,Domino's,Pls help 😭 refund my money oo I ordered for food only to be told it's within my location 3500 is not a joke pls 😭😭😭🙏,1,2024-09-08,Google Play,Customer Review,https://play.google.com/store/apps/details?id=com.dominos.ng&hl=en&gl=ng,pls help sad refund my money oo i ordered for food only to be told it's within my location 3500 is not a joke pls sad sad sad thanks,True,Negative,-1
4b36e1ee-0f30-4b77-928e-9eb10ad485f9,Domino's,Easy to navigate.,4,2024-09-07,Google Play,Customer Review,https://play.google.com/store/apps/details?id=com.dominos.ng&hl=en&gl=ng,easy to navigate,True,Positive,1
782b077e-bd05-4302-90ae-efacb2114b56,Domino's,Excellent,5,2024-09-06,Google Play,Customer Review,https://play.google.com/store/apps/details?id=com.dominos.ng&hl=en&gl=ng,excellent,True,Positive,2
4756d17f-1c46-4b8b-9d77-a640dbc59b9b,Domino's,Agree,5,2024-08-28,Google Play,Customer Review,https://play.google.com/store/apps/details?id=com.dominos.ng&hl=en&gl=ng,agree,True,Neutral,0
5937e38e-fc7b-4986-9083-23f728e3d7a4,Domino's,Very efficient,5,2024-08-27,Google Play,Customer Review,https://play.google.com/store/apps/details?id=com.dominos.ng&hl=en&gl=ng,very efficient,True,Positive,2
57ce0894-665d-42e7-9900-8e23b8b521b0,Domino's,App is awesome but needs better design your app designer didn't do well on it just make an update with a better design,3,2024-08-26,Google Play,Customer Review,https://play.google.com/store/apps/details?id=com.dominos.ng&hl=en&gl=ng,app is awesome but needs better design your app designer didn't do well on it just make an update with a better design,True,Positive,2
6cf6e72f-e1ec-42f0-8105-6b5997a87240,Domino's,Who puts an online shopping business without price . Oh wait Domino's And y so much inconvenient information uhu This app is shity and doesn't deserve even one star 😡😕😡😡 I would have used a negative star but there isn't any. Thanks for nothing. Next time give a professional to make your apps.,1,2024-08-26,Google Play,Customer Review,https://play.google.com/store/apps/details?id=com.dominos.ng&hl=en&gl=ng,who puts an online shopping business without price oh wait domino's and y so much inconvenient information uhu this app is shity and doesn't deserve even one star angry angry angry i would have used a negative star but there isn't any thanks for nothing next time give a professional to make your apps,True,Negative,-4
f2f531a2-4330-4a97-b29c-a65d248b1441,Domino's,Good app.,4,2024-08-16,Google Play,Customer Review,https://play.google.com/store/apps/details?id=com.dominos.ng&hl=en&gl=ng,good app,True,Positive,1
14e39b7d-2c32-4ceb-8a93-049bd6f38cf4,Domino's,"The app is very poor to navigate, also why should I be charged tax.",5,2024-08-08,Google Play,Customer Review,https://play.google.com/store/apps/details?id=com.dominos.ng&hl=en&gl=ng,the app is very poor to navigate also why should i be charged tax,True,Negative,-2
c2227a6c-e610-497c-94f2-40a951a5efb8,Domino's,The online order is very hard to get. I had to visit the store for help,4,2024-08-08,Google Play,Customer Review,https://play.google.com/store/apps/details?id=com.dominos.ng&hl=en&gl=ng,the online order is very hard to get i had to visit the store for help,True,Negative,-2
dfd2cc94-618c-4a75-9fa6-b799768017bf,Domino's,Us,5,2024-08-08,Google Play,Customer Review,https://play.google.com/store/apps/details?id=com.dominos.ng&hl=en&gl=ng,us,True,Neutral,0
4e8cca15-b622-4bd3-b5eb-e3b13888dcda,Domino's,Too slow,2,2024-08-02,Google Play,Customer Review,https://play.google.com/store/apps/details?id=com.dominos.ng&hl=en&gl=ng,too slow,True,Negative,-2
0f96521f-f107-4c38-8e56-5afa7d1e5c4a,Domino's,The app is too sluggish Doesn't reply on time The app is bad like terrible,1,2024-08-01,Google Play,Customer Review,https://play.google.com/store/apps/details?id=com.dominos.ng&hl=en&gl=ng,the app is too sluggish doesn't reply on time the app is bad like terrible,True,Negative,-3
563fdc40-cc63-4d7c-a33e-f150c50a1858,Domino's,My first time trying it,5,2024-07-31,Google Play,Customer Review,https://play.google.com/store/apps/details?id=com.dominos.ng&hl=en&gl=ng,my first time trying it,True,Neutral,0
1bdb6592-ae16-43c4-b4c0-eb1c58c9c674,Domino's,It's just nice,5,2024-07-29,Google Play,Customer Review,https://play.google.com/store/apps/details?id=com.dominos.ng&hl=en&gl=ng,it's just nice,True,Positive,1
39fc0e00-bc06-4c65-80e1-035ebed7e857,Domino's,Satisfactory,5,2024-07-28,Google Play,Customer Review,https://play.google.com/store/apps/details?id=com.dominos.ng&hl=en&gl=ng,satisfactory,True,Neutral,0
967ff7fe-4bad-4131-94e2-8e84cd811a91,Domino's,I can't stop loving domino's pizza,5,2024-07-26,Google Play,Customer Review,https://play.google.com/store/apps/details?id=com.dominos.ng&hl=en&gl=ng,i can't stop loving domino's pizza,True,Neutral,0
d9b10793-2ced-49a2-b531-5b05e8ead087,Domino's,"Very good, there's more to do and improve",4,2024-07-21,Google Play,Customer Review,https://play.google.com/store/apps/details?id=com.dominos.ng&hl=en&gl=ng,very good there's more to do and improve,True,Positive,2
ae2e87fd-44f8-472f-88fe-b4a0097f54e2,Domino's,cool,3,2024-07-21,Google Play,Customer Review,https://play.google.com/store/apps/details?id=com.dominos.ng&hl=en&gl=ng,cool,True,Positive,1
08a7a67b-d2be-4b15-af87-2631fddde463,Domino's,"Excellent app, makes life easy",5,2024-07-14,Google Play,Customer Review,https://play.google.com/store/apps/details?id=com.dominos.ng&hl=en&gl=ng,excellent app makes life easy,True,Positive,3
942bad11-a196-4edd-862a-1d5c360dda6e,Domino's,Superb app,5,2024-07-14,Google Play,Customer Review,https://play.google.com/store/apps/details?id=com.dominos.ng&hl=en&gl=ng,superb app,True,Positive,2
ff65c5f2-22f0-4dc9-8580-91711b7fa696,Domino's,Nices app,5,2024-07-14,Google Play,Customer Review,https://play.google.com/store/apps/details?id=com.dominos.ng&hl=en&gl=ng,nices app,True,Neutral,0
0b64aeb0-03df-4b0a-bb35-7e33cdf55603,Domino's,Its good.They have good service though it has taxes which are kinda high but overall its good definetly 5 stars for anyone reading this you should download the app,5,2024-07-14,Google Play,Customer Review,https://play.google.com/store/apps/details?id=com.dominos.ng&hl=en&gl=ng,its good they have good service though it has taxes which are kinda high but overall its good definetly 5 stars for anyone reading this you should download the app,True,Positive,3
b6f60af5-809c-4467-8946-2df751ae37df,Domino's,"It's a lovely app,it's fast and reliable",5,2024-07-11,Google Play,Customer Review,https://play.google.com/store/apps/details?id=com.dominos.ng&hl=en&gl=ng,it's a lovely app it's fast and reliable,True,Positive,2
b1169ec4-4dfe-4fdd-ba44-07750ddc50c4,Domino's,Smooth and easy to use. Unfortunately the prices are not displayed for one to know what they are buying untill checkout. They should be displayed please to avoid rework,5,2024-07-09,Google Play,Customer Review,https://play.google.com/store/apps/details?id=com.dominos.ng&hl=en&gl=ng,smooth and easy to use unfortunately the prices are not displayed for one to know what they are buying untill checkout they should be displayed please to avoid rework,True,Positive,3
e8fc1899-7f4b-4269-b9e7-617a6af4a7aa,Domino's,The application is not user friendly. There is no ease of usage. I was expecting a cheaper experience.,2,2024-07-02,Google Play,Customer Review,https://play.google.com/store/apps/details?id=com.dominos.ng&hl=en&gl=ng,the application is not user friendly there is no ease of usage i was expecting a cheaper experience,True,Positive,3
7164f15e-f094-442a-b151-fcb562647b92,Domino's,"Delete this unstable and unprofessional app from playstore, its far better for you to start hawking your pizzas",1,2024-06-30,Google Play,Customer Review,https://play.google.com/store/apps/details?id=com.dominos.ng&hl=en&gl=ng,delete this unstable and unprofessional app from playstore its far better for you to start hawking your pizzas,True,Negative,-2
658f12a6-ef70-4397-b903-0853c783f8e6,Domino's,Good,5,2024-06-29,Google Play,Customer Review,https://play.google.com/store/apps/details?id=com.dominos.ng&hl=en&gl=ng,good,True,Positive,1
3e22e088-5650-4274-a44e-f3f382c460d4,Domino's,Great,5,2024-06-23,Google Play,Customer Review,https://play.google.com/store/apps/details?id=com.dominos.ng&hl=en&gl=ng,great,True,Positive,1
12f233a2-e2e0-47f6-ac83-90d04ef0f2b9,Domino's,It was a little bit difficult for me to navigate. It's not like other apps like jumia food etc.,4,2024-06-23,Google Play,Customer Review,https://play.google.com/store/apps/details?id=com.dominos.ng&hl=en&gl=ng,it was a little bit difficult for me to navigate it's not like other apps like jumia food etc,True,Negative,-1
101c19bf-93b1-4f79-a2a5-607f0aabd860,Domino's,My experience with the app ...... Horrible,1,2024-06-17,Google Play,Customer Review,https://play.google.com/store/apps/details?id=com.dominos.ng&hl=en&gl=ng,my experience with the app horrible,True,Negative,-2
b4f24ac6-c1df-4655-aa41-6e8663988541,Domino's,Excellent,4,2024-06-16,Google Play,Customer Review,https://play.google.com/store/apps/details?id=com.dominos.ng&hl=en&gl=ng,excellent,True,Positive,2
73198ce9-c773-46ca-9850-d669d64c2727,Domino's,Simple and easy to use.,5,2024-06-10,Google Play,Customer Review,https://play.google.com/store/apps/details?id=com.dominos.ng&hl=en&gl=ng,simple and easy to use,True,Positive,3
6a898add-e5eb-460c-ab47-e034744368da,Domino's,It is so convenient and reliable,4,2024-06-08,Google Play,Customer Review,https://play.google.com/store/apps/details?id=com.dominos.ng&hl=en&gl=ng,it is so convenient and reliable,True,Positive,3
cd2029b7-71a6-4d94-9bc7-42ccdf91fc0e,Domino's,Good,5,2024-06-04,Google Play,Customer Review,https://play.google.com/store/apps/details?id=com.dominos.ng&hl=en&gl=ng,good,True,Positive,1
b6740d8c-793f-4d2b-a27e-44cbf8889907,Domino's,it was lovely,4,2024-06-03,Google Play,Customer Review,https://play.google.com/store/apps/details?id=com.dominos.ng&hl=en&gl=ng,it was lovely,True,Neutral,0
0af353f2-749e-4ede-8549-a751f62b0e81,Domino's,Fast and reliable,5,2024-06-02,Google Play,Customer Review,https://play.google.com/store/apps/details?id=com.dominos.ng&hl=en&gl=ng,fast and reliable,True,Positive,2
1a57ab52-3909-43ad-aedf-b263c1c7d61b,Domino's,Always saving lives😂,5,2024-05-30,Google Play,Customer Review,https://play.google.com/store/apps/details?id=com.dominos.ng&hl=en&gl=ng,always saving lives,True,Neutral,0
98cc3893-c4a1-475a-9804-5d4258a572d2,Domino's,Quick order fast delivery,5,2024-05-29,Google Play,Customer Review,https://play.google.com/store/apps/details?id=com.dominos.ng&hl=en&gl=ng,quick order fast delivery,True,Positive,2
92e79d24-67f0-42d5-96a9-f76ed60e16e4,Domino's,Love it,5,2024-05-27,Google Play,Customer Review,https://play.google.com/store/apps/details?id=com.dominos.ng&hl=en&gl=ng,love it,True,Positive,2
ab104d16-29c8-4612-b1b3-b4db275919bb,Domino's,Nice,5,2024-05-27,Google Play,Customer Review,https://play.google.com/store/apps/details?id=com.dominos.ng&hl=en&gl=ng,nice,True,Positive,1
3e9fbbf3-f187-47d0-8906-bfe669a558d5,Domino's,Every process of the order and delivery was so smooth,4,2024-05-27,Google Play,Customer Review,https://play.google.com/store/apps/details?id=com.dominos.ng&hl=en&gl=ng,every process of the order and delivery was so smooth,True,Positive,2
8b932316-96af-495f-9dd4-4664615273b2,Domino's,Niceeeeee,5,2024-05-25,Google Play,Customer Review,https://play.google.com/store/apps/details?id=com.dominos.ng&hl=en&gl=ng,nicee,True,Neutral,0
0be66032-f82d-4dae-abf3-af30f4c8ef3b,Domino's,Great and efficient app,5,2024-05-24,Google Play,Customer Review,https://play.google.com/store/apps/details?id=com.dominos.ng&hl=en&gl=ng,great and efficient app,True,Positive,2
fd89eab1-e840-4412-be04-6aa1d7c38681,Domino's,Beautiful,5,2024-05-20,Google Play,Customer Review,https://play.google.com/store/apps/details?id=com.dominos.ng&hl=en&gl=ng,beautiful,True,Neutral,0
510b5422-1944-4b68-b84b-c651923ff1f7,Domino's,Nice app..,5,2024-05-15,Google Play,Customer Review,https://play.google.com/store/apps/details?id=com.dominos.ng&hl=en&gl=ng,nice app,True,Positive,1
f5e68951-dcb9-4c10-88ea-efa635ce3b52,Domino's,Good,5,2024-05-12,Google Play,Customer Review,https://play.google.com/store/apps/details?id=com.dominos.ng&hl=en&gl=ng,good,True,Positive,1
debd1baa-470e-4288-b70f-0dd94f6942d1,Domino's,"I love Dominos but I'm sorry, the app is totally crapped Apart from the poor UI design, I wanted to place an order, the price was not on it then I thought ok maybe it's a ‘pay on delivery' kind of thing then I went on to add a location, after putting all the details of where I am it kept on popping a message saying I didn't add my street or name So please it'll be nice if you corrected to a more appealing user interface and corrected the issue with the mapping Thank you",1,2024-05-10,Google Play,Customer Review,https://play.google.com/store/apps/details?id=com.dominos.ng&hl=en&gl=ng,i love dominos but i'm sorry the app is totally crapped apart from the poor ui design i wanted to place an order the price was not on it then i thought ok maybe it's a pay on delivery' kind of thing then i went on to add a location after putting all the details of where i am it kept on popping a message saying i didn't add my street or name so please it'll be nice if you corrected to a more appealing user interface and corrected the issue with the mapping thank you,True,Positive,3
df84183c-2ef0-4c07-9934-cb4b74571d40,Domino's,It was great,3,2024-05-05,Google Play,Customer Review,https://play.google.com/store/apps/details?id=com.dominos.ng&hl=en&gl=ng,it was great,True,Positive,1
81962bf9-d40c-439f-b3e0-3a95b9823630,Domino's,Awesome,5,2024-05-01,Google Play,Customer Review,https://play.google.com/store/apps/details?id=com.dominos.ng&hl=en&gl=ng,awesome,True,Positive,2
96431b58-9821-443a-8fe4-9e97a81071be,Domino's,Slow,2,2024-04-27,Google Play,Customer Review,https://play.google.com/store/apps/details?id=com.dominos.ng&hl=en&gl=ng,slow,True,Negative,-1
df8007da-e493-419b-b1fc-ce79e9823903,Domino's,"Dominos Pizza at Shoprite Lugbe, Abuja had the mind to sale soured Rice and Chicken to me. i just came home to open their packaged food and it is soured food they package for me. second time i am buying something from that same place and it is a total mess. if i do video with this food and post on social media you people will say i am bad right? my money wasted. There shall never be a third time there. and this will enter social media too. this is very poor...",1,2024-04-24,Google Play,Customer Review,https://play.google.com/store/apps/details?id=com.dominos.ng&hl=en&gl=ng,dominos pizza at shoprite lugbe abuja had the mind to sale soured rice and chicken to me i just came home to open their packaged food and it is soured food they package for me second time i am buying something from that same place and it is a total mess if i do video with this food and post on social media you people will say i am bad right my money wasted there shall never be a third time there and this will enter social media too this is very poor,True,Negative,-3
16c1dc09-43ec-4abd-a487-76b4eb96ed38,Domino's,It's the only place you can get the actual pricea of the food and drinks because if you walk into dominoes store they try to scam you by overcharging but now it doesn't even work anymore due to whatever reason I can't buy food from it anymore. I hope I find another pizza spot in Enugu.,1,2024-04-19,Google Play,Customer Review,https://play.google.com/store/apps/details?id=com.dominos.ng&hl=en&gl=ng,it's the only place you can get the actual pricea of the food and drinks because if you walk into dominoes store they try to scam you by overcharging but now it doesn't even work anymore due to whatever reason i can't buy food from it anymore i hope i find another pizza spot in enugu,True,Negative,-2
94b19354-f57c-48ac-8cc5-d337d99c638b,Domino's,Excellent,5,2024-04-18,Google Play,Customer Review,https://play.google.com/store/apps/details?id=com.dominos.ng&hl=en&gl=ng,excellent,True,Positive,2
59fd6589-2c2f-4ed9-9ca4-4ad9aa3b3c56,Domino's,"If I could take back this star I would, your branch in Agungi has a trashy delivery service. I ordered for pizza by 8:55pm and this is past 12 am in another day and I haven't seen my pizza. It's so annoying",1,2024-04-16,Google Play,Customer Review,https://play.google.com/store/apps/details?id=com.dominos.ng&hl=en&gl=ng,if i could take back this star i would your branch in agungi has a trashy delivery service i ordered for pizza by 8 55pm and this is past 12 am in another day and i haven't seen my pizza it's so annoying,True,Negative,-2
13b01c79-4c54-4c05-af20-bc05c925fc6e,Domino's,Ok,5,2024-04-13,Google Play,Customer Review,https://play.google.com/store/apps/details?id=com.dominos.ng&hl=en&gl=ng,ok,True,Neutral,0
0d878f5e-503c-402f-a4e9-b6578fa5d405,Domino's,"The app is great, and I highly recommend it. My only problem, although, is with the time of delivery. On the domino's tracker, it could say that your order has been delivered, but you might still be waiting 30 minutes later. I think this should be fixed soon.",4,2024-04-12,Google Play,Customer Review,https://play.google.com/store/apps/details?id=com.dominos.ng&hl=en&gl=ng,the app is great and i highly recommend it my only problem although is with the time of delivery on the domino's tracker it could say that your order has been delivered but you might still be waiting 30 minutes later i think this should be fixed soon,True,Positive,2
b062a64d-e80c-4f10-8551-f24174b88d4d,Domino's,Poor,1,2024-04-10,Google Play,Customer Review,https://play.google.com/store/apps/details?id=com.dominos.ng&hl=en&gl=ng,poor,True,Negative,-1
26c441ff-c58f-4534-a6a3-63a6c93b66b0,Domino's,"Very inaccurate delivery tactics , can you imagine seeing the store location and its a 20 minutes drive through, my order was cancelled twice and the called and said they couldn't deliver to my location 30 minutes after delaying",1,2024-04-10,Google Play,Customer Review,https://play.google.com/store/apps/details?id=com.dominos.ng&hl=en&gl=ng,very inaccurate delivery tactics can you imagine seeing the store location and its a 20 minutes drive through my order was cancelled twice and the called and said they couldn't deliver to my location 30 minutes after delaying,True,Negative,-1
7c304eb1-42e3-431e-991e-dcb36c4e9e86,Domino's,The app is user friendly,5,2024-04-06,Google Play,Customer Review,https://play.google.com/store/apps/details?id=com.dominos.ng&hl=en&gl=ng,the app is user friendly,True,Positive,2
6f02955c-24f0-4890-a468-a13295933ad3,Domino's,Coolest,5,2024-04-05,Google Play,Customer Review,https://play.google.com/store/apps/details?id=com.dominos.ng&hl=en&gl=ng,coolest,True,Neutral,0
017768fd-ce24-4d51-bb0f-9e35a0e8aaad,Domino's,"Quick, efficient, and well prepared food for your unique taste buds. Chicken was cooked to perfection. The delivery man was great at communicating and overall a good experience. My number one place to get quality pizza.",5,2024-04-03,Google Play,Customer Review,https://play.google.com/store/apps/details?id=com.dominos.ng&hl=en&gl=ng,quick efficient and well prepared food for your unique taste buds chicken was cooked to perfection the delivery man was great at communicating and overall a good experience my number one place to get quality pizza,True,Positive,4
86977b25-bcb4-4f33-95fe-ce37355799fb,Domino's,Switf app. But I think there should be receivers phone number in case the order is not for self...,5,2024-04-03,Google Play,Customer Review,https://play.google.com/store/apps/details?id=com.dominos.ng&hl=en&gl=ng,switf app but i think there should be receivers phone number in case the order is not for self,True,Neutral,0
af67e336-dbf6-4f9e-aa3d-d8459c0e45be,Domino's,It is stressful and very slow😡😡😡,1,2024-04-01,Google Play,Customer Review,https://play.google.com/store/apps/details?id=com.dominos.ng&hl=en&gl=ng,it is stressful and very slow angry angry angry,True,Negative,-5
678e89b2-3ecd-4d8d-a22d-ffc18707e638,Domino's,Awesome,5,2024-03-27,Google Play,Customer Review,https://play.google.com/store/apps/details?id=com.dominos.ng&hl=en&gl=ng,awesome,True,Positive,2
205b9363-52d4-4516-92f1-77e3651a3c1f,Domino's,Awesome experience,5,2024-03-27,Google Play,Customer Review,https://play.google.com/store/apps/details?id=com.dominos.ng&hl=en&gl=ng,awesome experience,True,Positive,2
6617525a-3714-4108-acac-d4dc66e6e388,Domino's,Bad customer service 😡,1,2024-03-26,Google Play,Customer Review,https://play.google.com/store/apps/details?id=com.dominos.ng&hl=en&gl=ng,bad customer service angry,True,Negative,-2
a702db34-4a5c-4319-a33f-1bbd0e0c007c,Domino's,It's irrelevant,1,2024-03-24,Google Play,Customer Review,https://play.google.com/store/apps/details?id=com.dominos.ng&hl=en&gl=ng,it's irrelevant,True,Neutral,0
caeb248a-7408-4f8c-9715-32e7bdeae2aa,Domino's,The app is useless,1,2024-03-23,Google Play,Customer Review,https://play.google.com/store/apps/details?id=com.dominos.ng&hl=en&gl=ng,the app is useless,True,Negative,-2
aed86539-4ca1-46f0-b4c4-04d30d3f703c,Domino's,it's okay,3,2024-03-23,Google Play,Customer Review,https://play.google.com/store/apps/details?id=com.dominos.ng&hl=en&gl=ng,it's okay,True,Neutral,0
aa5a9456-e4e1-4002-b71f-be69aecf7219,Domino's,I love it,5,2024-03-23,Google Play,Customer Review,https://play.google.com/store/apps/details?id=com.dominos.ng&hl=en&gl=ng,i love it,True,Positive,2
3aced1bb-9d4c-481e-96f4-bc19cdd0ae2a,Domino's,Superb,5,2024-03-20,Google Play,Customer Review,https://play.google.com/store/apps/details?id=com.dominos.ng&hl=en&gl=ng,superb,True,Positive,2
508ca5ac-3541-4878-8a7f-1dfd9df9b7bd,Domino's,Great,5,2024-03-17,Google Play,Customer Review,https://play.google.com/store/apps/details?id=com.dominos.ng&hl=en&gl=ng,great,True,Positive,1
20aad1bb-a50c-49ae-818b-2ae322fc6757,Domino's,Horrible App user interface & Irrelevant Question!! Always getting orders wrong & the App freezes all the time for hours!! It's a Zero Star,1,2024-03-14,Google Play,Customer Review,https://play.google.com/store/apps/details?id=com.dominos.ng&hl=en&gl=ng,horrible app user interface irrelevant question always getting orders wrong the app freezes all the time for hours it's a zero star,True,Negative,-4
aebdc4b3-336b-4045-a3bd-6b1f6c3eb560,Domino's,"I can't even place an order, it keeps on showing me, oops looks like your street number or name is missing 🤦🤦",1,2024-03-14,Google Play,Customer Review,https://play.google.com/store/apps/details?id=com.dominos.ng&hl=en&gl=ng,i can't even place an order it keeps on showing me oops looks like your street number or name is missing,True,Negative,-1
c44ef25d-c1f8-4703-92e2-673525ad3641,Domino's,it's very quick,4,2024-03-09,Google Play,Customer Review,https://play.google.com/store/apps/details?id=com.dominos.ng&hl=en&gl=ng,it's very quick,True,Positive,2
8521864d-d1fa-4c2d-82be-5530274cdfb8,Domino's,Easy navigation...nice one,5,2024-03-09,Google Play,Customer Review,https://play.google.com/store/apps/details?id=com.dominos.ng&hl=en&gl=ng,easy navigation nice one,True,Positive,2
208e4ae8-659a-4fea-9353-7cb15010dd85,Domino's,They deliver,4,2024-03-05,Google Play,Customer Review,https://play.google.com/store/apps/details?id=com.dominos.ng&hl=en&gl=ng,they deliver,True,Neutral,0
c62bd93c-a30c-4d39-979a-ab6264def7bb,Domino's,"This app is pure rubbish, can't even load properly. Developers should be ashamed for this",1,2024-02-23,Google Play,Customer Review,https://play.google.com/store/apps/details?id=com.dominos.ng&hl=en&gl=ng,this app is pure rubbish can't even load properly developers should be ashamed for this,True,Negative,-2
e6714492-0ac9-4758-8b25-e7aae277889d,Domino's,It is not simplified enough for easy use.,1,2024-02-16,Google Play,Customer Review,https://play.google.com/store/apps/details?id=com.dominos.ng&hl=en&gl=ng,it is not simplified enough for easy use,True,Positive,1
516d7db4-7625-4269-9f8c-5294d970b2e8,Domino's,Okay,5,2024-02-11,Google Play,Customer Review,https://play.google.com/store/apps/details?id=com.dominos.ng&hl=en&gl=ng,okay,True,Neutral,0
20158a7a-6259-4852-a26c-336ec32af992,Domino's,With all these reviews let me not bother to download. Dear dominos fix this.,1,2024-02-07,Google Play,Customer Review,https://play.google.com/store/apps/details?id=com.dominos.ng&hl=en&gl=ng,with all these reviews let me not bother to download dear dominos fix this,True,Negative,-2
f3de37bb-5a87-46d6-ada0-57ffae8242d3,Domino's,Prompt,5,2024-02-07,Google Play,Customer Review,https://play.google.com/store/apps/details?id=com.dominos.ng&hl=en&gl=ng,prompt,True,Neutral,0
0c108486-b23a-413a-963d-8a961459714d,Domino's,"Horrible, I hardly rate an app but I really have to, so no one will fall a victim of their theft, u make an order and pay for it. They take your money and don't process the order. This app was made for one reason that is stealing from people. I wish I could rate it 0.",1,2024-02-04,Google Play,Customer Review,https://play.google.com/store/apps/details?id=com.dominos.ng&hl=en&gl=ng,horrible i hardly rate an app but i really have to so no one will fall a victim of their theft u make an order and pay for it they take your money and don't process the order this app was made for one reason that is stealing from people i wish i could rate it 0,True,Negative,-2
3349ec62-64ef-4d7c-9ac8-dd7872b622b4,Domino's,Plenty room for improvement,2,2024-02-02,Google Play,Customer Review,https://play.google.com/store/apps/details?id=com.dominos.ng&hl=en&gl=ng,plenty room for improvement,True,Neutral,0
c613274b-0616-460d-8bb3-70b155387fcd,Domino's,Very good,5,2024-01-30,Google Play,Customer Review,https://play.google.com/store/apps/details?id=com.dominos.ng&hl=en&gl=ng,very good,True,Positive,2
51e5dab3-e85a-4a89-960e-444c8cb419d6,Domino's,It lags,3,2024-01-29,Google Play,Customer Review,https://play.google.com/store/apps/details?id=com.dominos.ng&hl=en&gl=ng,it lags,True,Neutral,0
137648c9-3fba-49e0-bc54-fe06a51b046b,Domino's,Very good,5,2024-01-28,Google Play,Customer Review,https://play.google.com/store/apps/details?id=com.dominos.ng&hl=en&gl=ng,very good,True,Positive,2
315f3ed8-be51-4221-a60e-9ff771e1c370,Domino's,Recipe was a 10!,5,2024-01-27,Google Play,Customer Review,https://play.google.com/store/apps/details?id=com.dominos.ng&hl=en&gl=ng,recipe was a 10,True,Neutral,0
7a95bd11-4e96-453f-bb23-ed9df955b3a3,Domino's,Great experience always,5,2024-01-21,Google Play,Customer Review,https://play.google.com/store/apps/details?id=com.dominos.ng&hl=en&gl=ng,great experience always,True,Positive,1
6719c0b3-b9c8-494f-b17b-530422f34a46,Domino's,This app was amazing it really saves time and it has amazing deals so use this app instead of going to the restaurant,5,2024-01-20,Google Play,Customer Review,https://play.google.com/store/apps/details?id=com.dominos.ng&hl=en&gl=ng,this app was amazing it really saves time and it has amazing deals so use this app instead of going to the restaurant,True,Positive,4
ab10e8b1-5331-4565-830f-3eccd0acb67c,Domino's,Cool,5,2024-01-15,Google Play,Customer Review,https://play.google.com/store/apps/details?id=com.dominos.ng&hl=en&gl=ng,cool,True,Positive,1
a3fec5ad-ed5e-4c96-853b-d1351a68d68f,Domino's,It I sok and safe and it is fast and patience people,4,2024-01-14,Google Play,Customer Review,https://play.google.com/store/apps/details?id=com.dominos.ng&hl=en&gl=ng,it i sok and safe and it is fast and patience people,True,Positive,2
4c3604d9-f5c7-4bfe-b703-5452cf2fe455,Domino's,i dont know why no one is taking action. this app is very slow and full of glitches.,1,2024-01-13,Google Play,Customer Review,https://play.google.com/store/apps/details?id=com.dominos.ng&hl=en&gl=ng,i dont know why no one is taking action this app is very slow and full of glitches,True,Negative,-3
3dcff71a-5b8d-4fb7-9ea7-d5daa6d2fc9b,Domino's,"Firstly, I don't even understand what is happening with the app. Secondly, the staff I spoke to at the Sapele Rd branch in Benin City are not very professional. Thanks.",1,2024-01-12,Google Play,Customer Review,https://play.google.com/store/apps/details?id=com.dominos.ng&hl=en&gl=ng,firstly i don't even understand what is happening with the app secondly the staff i spoke to at the sapele rd branch in benin city are not very professional thanks,True,Negative,-2
53ee9bd6-c5a2-4d42-8f9e-c121285689b7,Domino's,quick order response,5,2024-01-09,Google Play,Customer Review,https://play.google.com/store/apps/details?id=com.dominos.ng&hl=en&gl=ng,quick order response,True,Positive,1
bc9fb16e-8bd7-4661-bc7e-508875b66d2e,Domino's,Excellent,5,2024-01-05,Google Play,Customer Review,https://play.google.com/store/apps/details?id=com.dominos.ng&hl=en&gl=ng,excellent,True,Positive,2
21563ebf-6d64-4662-a7e4-ec3dfc3204da,Domino's,This is actually my first time ordering from you guys and honestly it was a Total flop....I was waiting for over three hours and all to no avail...,1,2024-01-05,Google Play,Customer Review,https://play.google.com/store/apps/details?id=com.dominos.ng&hl=en&gl=ng,this is actually my first time ordering from you guys and honestly it was a total flop i was waiting for over three hours and all to no avail,True,Negative,-2
0e87f0db-4584-412c-b2ee-f5971a2ad0d1,Domino's,The pizza you made is so delicious that i almost ordered every day i want to order your pizza i wish i could eat pizza all day Ok,5,2024-01-05,Google Play,Customer Review,https://play.google.com/store/apps/details?id=com.dominos.ng&hl=en&gl=ng,the pizza you made is so delicious that i almost ordered every day i want to order your pizza i wish i could eat pizza all day ok,True,Positive,2
0c0c787b-bc9e-48b8-9b34-22e4af9bb9a2,Domino's,Awesome,5,2024-01-04,Google Play,Customer Review,https://play.google.com/store/apps/details?id=com.dominos.ng&hl=en&gl=ng,awesome,True,Positive,2
9dc508ed-37a3-43c7-925f-8f7123f91cab,Domino's,Your delivery service is terrible. Your app is excellent.,1,2024-01-04,Google Play,Customer Review,https://play.google.com/store/apps/details?id=com.dominos.ng&hl=en&gl=ng,your delivery service is terrible your app is excellent,True,Neutral,0
17a4f809-e7f6-4152-819a-6d275edacfe9,Domino's,Excellent,5,2024-01-03,Google Play,Customer Review,https://play.google.com/store/apps/details?id=com.dominos.ng&hl=en&gl=ng,excellent,True,Positive,2
83b249cc-1ffd-42b3-846e-01abc8cd015a,Domino's,superb!,5,2024-01-03,Google Play,Customer Review,https://play.google.com/store/apps/details?id=com.dominos.ng&hl=en&gl=ng,superb,True,Positive,2
0da5ad09-c8d1-4852-8511-6b0a951eaaa1,Domino's,Smart app,5,2024-01-01,Google Play,Customer Review,https://play.google.com/store/apps/details?id=com.dominos.ng&hl=en&gl=ng,smart app,True,Neutral,0
69794a1f-7794-4263-9b2f-203b53aafb85,Domino's,It was nice,4,2024-01-01,Google Play,Customer Review,https://play.google.com/store/apps/details?id=com.dominos.ng&hl=en&gl=ng,it was nice,True,Positive,1
91b23956-bb14-44cc-b58a-4b58f940ba69,Domino's,Very nice 🙂,5,2023-12-30,Google Play,Customer Review,https://play.google.com/store/apps/details?id=com.dominos.ng&hl=en&gl=ng,very nice,True,Positive,2
6c26a76f-ad55-48db-b139-2e5359107abe,Domino's,Really cool and easy to use app,5,2023-12-26,Google Play,Customer Review,https://play.google.com/store/apps/details?id=com.dominos.ng&hl=en&gl=ng,really cool and easy to use app,True,Positive,4
845c8f61-3f07-459e-b76d-cdd38ecc56d8,Domino's,Very good,4,2023-12-26,Google Play,Customer Review,https://play.google.com/store/apps/details?id=com.dominos.ng&hl=en&gl=ng,very good,True,Positive,2
90d04bf9-70eb-433d-aec8-f5079135a6b0,Domino's,Not user friendly,2,2023-12-25,Google Play,Customer Review,https://play.google.com/store/apps/details?id=com.dominos.ng&hl=en&gl=ng,not user friendly,True,Positive,2
0eb5074f-0244-4e9e-91ae-c961b5e7942d,Domino's,Awesome!,5,2023-12-25,Google Play,Customer Review,https://play.google.com/store/apps/details?id=com.dominos.ng&hl=en&gl=ng,awesome,True,Positive,2
86de0c0c-3a18-42e4-96aa-11d4f20d82b0,Domino's,Very nice service and very satisfactory,5,2023-12-23,Google Play,Customer Review,https://play.google.com/store/apps/details?id=com.dominos.ng&hl=en&gl=ng,very nice service and very satisfactory,True,Positive,2
9e384ad6-ff4d-40c9-8ead-3ee94d963e6f,Domino's,So good,5,2023-12-23,Google Play,Customer Review,https://play.google.com/store/apps/details?id=com.dominos.ng&hl=en&gl=ng,so good,True,Positive,2
4b21c05b-2889-49ec-b0b9-20caaa92ec4f,Domino's,Totally amazing and easy to order from,5,2023-12-23,Google Play,Customer Review,https://play.google.com/store/apps/details?id=com.dominos.ng&hl=en&gl=ng,totally amazing and easy to order from,True,Positive,5
29f287d5-66d6-422b-a246-3854a20c1513,Domino's,Great,5,2023-12-22,Google Play,Customer Review,https://play.google.com/store/apps/details?id=com.dominos.ng&hl=en&gl=ng,great,True,Positive,1
cae71469-299b-41a9-a2ee-f5c89845efa1,Domino's,easy and great,4,2023-12-22,Google Play,Customer Review,https://play.google.com/store/apps/details?id=com.dominos.ng&hl=en&gl=ng,easy and great,True,Positive,2
0426d59c-636e-4128-b53f-fb2596aa6f51,Domino's,Awesome,4,2023-12-21,Google Play,Customer Review,https://play.google.com/store/apps/details?id=com.dominos.ng&hl=en&gl=ng,awesome,True,Positive,2
4f900b73-72fc-4c65-861c-b76a76d91610,Domino's,It takes too long to operate... Please work on it...,1,2023-12-20,Google Play,Customer Review,https://play.google.com/store/apps/details?id=com.dominos.ng&hl=en&gl=ng,it takes too long to operate please work on it,True,Neutral,0
bf856646-97a2-4267-90ee-7d1c1de7b952,Domino's,"This app is actually 0 in all categories, nothing more to say",1,2023-12-20,Google Play,Customer Review,https://play.google.com/store/apps/details?id=com.dominos.ng&hl=en&gl=ng,this app is actually 0 in all categories nothing more to say,True,Neutral,0
d41bb87c-6f5a-47e7-a11f-e5e6d2571e8d,Domino's,It is great and easy to use,4,2023-12-17,Google Play,Customer Review,https://play.google.com/store/apps/details?id=com.dominos.ng&hl=en&gl=ng,it is great and easy to use,True,Positive,3
36e03d55-1f41-4b6b-a068-3f28016b6fa5,Domino's,exceptional,4,2023-12-12,Google Play,Customer Review,https://play.google.com/store/apps/details?id=com.dominos.ng&hl=en&gl=ng,exceptional,True,Positive,2
74f405a3-e62c-4a2f-9b69-c8d8913d38a1,Domino's,"This app is rubbish, if you know loading will be a problem, why don't you just have a delivery line",1,2023-12-11,Google Play,Customer Review,https://play.google.com/store/apps/details?id=com.dominos.ng&hl=en&gl=ng,this app is rubbish if you know loading will be a problem why don't you just have a delivery line,True,Negative,-3
2fc18a8a-862a-4dd2-871a-2944c9040c17,Domino's,quite fast,5,2023-12-10,Google Play,Customer Review,https://play.google.com/store/apps/details?id=com.dominos.ng&hl=en&gl=ng,quite fast,True,Positive,1
ea9fafba-8b25-4a18-9d72-cfb448a100cf,Domino's,"The app helps with making orders, but 5uw likelihood of that order being followed up till delivery is very slim",2,2023-12-08,Google Play,Customer Review,https://play.google.com/store/apps/details?id=com.dominos.ng&hl=en&gl=ng,the app helps with making orders but 5uw likelihood of that order being followed up till delivery is very slim,True,Neutral,0
6be54dc4-3b3a-44cb-aa0c-827888cdd330,Domino's,App is not user-friendly and the interface is a bit too busy,2,2023-12-06,Google Play,Customer Review,https://play.google.com/store/apps/details?id=com.dominos.ng&hl=en&gl=ng,app is not user friendly and the interface is a bit too busy,True,Positive,2
45a55d05-2533-472d-92e1-0c9047fcc854,Domino's,Fast and easy to use,5,2023-12-05,Google Play,Customer Review,https://play.google.com/store/apps/details?id=com.dominos.ng&hl=en&gl=ng,fast and easy to use,True,Positive,3
83512b54-f332-45c4-a6ea-5d4209616598,Domino's,Use to enjoy it more when it hot,4,2023-12-04,Google Play,Customer Review,https://play.google.com/store/apps/details?id=com.dominos.ng&hl=en&gl=ng,use to enjoy it more when it hot,True,Positive,1
2bbe65a1-e200-464e-8e82-f902802b1c2f,Domino's,Super awesome,5,2023-12-02,Google Play,Customer Review,https://play.google.com/store/apps/details?id=com.dominos.ng&hl=en&gl=ng,super awesome,True,Positive,4
fdb01002-d288-454c-8540-63dcd62ffd11,Domino's,"App takes too long to load up & process, too many steps to place an order",3,2023-12-02,Google Play,Customer Review,https://play.google.com/store/apps/details?id=com.dominos.ng&hl=en&gl=ng,app takes too long to load up process too many steps to place an order,True,Neutral,0
2088c15a-017c-4b1d-b596-1303c1781951,Domino's,Too complicated and doesn't even work well,1,2023-11-29,Google Play,Customer Review,https://play.google.com/store/apps/details?id=com.dominos.ng&hl=en&gl=ng,too complicated and doesn't even work well,True,Neutral,0
7b75ffed-e09a-41a4-a2b5-6ff622a237f3,Domino's,The app is slow and buggy. Please improve it for better use.,2,2023-11-24,Google Play,Customer Review,https://play.google.com/store/apps/details?id=com.dominos.ng&hl=en&gl=ng,the app is slow and buggy please improve it for better use,True,Negative,-2
87dc70d7-b70a-4121-9942-d2196f57bbd1,Domino's,Nice,5,2023-11-23,Google Play,Customer Review,https://play.google.com/store/apps/details?id=com.dominos.ng&hl=en&gl=ng,nice,True,Positive,1
35c6e562-e356-492c-a523-42511c38aac6,Domino's,"Terrible app, so slow, keeps lagging, poor interface. I would give it zero stars if I could",1,2023-11-23,Google Play,Customer Review,https://play.google.com/store/apps/details?id=com.dominos.ng&hl=en&gl=ng,terrible app so slow keeps lagging poor interface i would give it zero stars if i could,True,Negative,-5
d894ff8b-10ad-47cb-bc01-05f7a30912ee,Domino's,"I have not eaten pizza in 5months. I tried the idimu outlet. the pizza had no taste , I could count the chicken fillet on it. I GIVE UP ON DOMINO PIZZA . Bye",1,2023-11-17,Google Play,Customer Review,https://play.google.com/store/apps/details?id=com.dominos.ng&hl=en&gl=ng,i have not eaten pizza in 5months i tried the idimu outlet the pizza had no taste i could count the chicken fillet on it i give up on domino pizza bye,True,Neutral,0
98991ab6-79b1-4a15-9fca-136fe2151640,Domino's,Great,5,2023-11-10,Google Play,Customer Review,https://play.google.com/store/apps/details?id=com.dominos.ng&hl=en&gl=ng,great,True,Positive,1
77896ec1-5832-41f6-aae1-0d4ae4134483,Domino's,It took forever for me to place my order cos the app was not responding. This isn't the first time this has happened.,2,2023-11-10,Google Play,Customer Review,https://play.google.com/store/apps/details?id=com.dominos.ng&hl=en&gl=ng,it took forever for me to place my order cos the app was not responding this isn't the first time this has happened,True,Negative,-2
03db319f-9f11-4484-b39a-119b9b1d40f8,Domino's,this app is bunch of rubbish you can't log in your account and when you finally do it takes forever to open,1,2023-11-10,Google Play,Customer Review,https://play.google.com/store/apps/details?id=com.dominos.ng&hl=en&gl=ng,this app is bunch of rubbish you can't log in your account and when you finally do it takes forever to open,True,Negative,-6
21efcd9e-23a8-4589-8085-ecc01295b133,Domino's,The app is terrible. It doesn't work half the time I want to use it,1,2023-11-05,Google Play,Customer Review,https://play.google.com/store/apps/details?id=com.dominos.ng&hl=en&gl=ng,the app is terrible it doesn't work half the time i want to use it,True,Negative,-4
3cb6fec3-4ec4-4ca2-9217-e40565621b96,Domino's,Good Stuff,5,2023-11-04,Google Play,Customer Review,https://play.google.com/store/apps/details?id=com.dominos.ng&hl=en&gl=ng,good stuff,True,Positive,1
e2b599b6-7c96-4126-a1d5-7b02772726a2,Domino's,So far so good. All my orders are taken and the app is okay to navigate. They should work on their addresse part of the app to capture everything well,3,2023-11-03,Google Play,Customer Review,https://play.google.com/store/apps/details?id=com.dominos.ng&hl=en&gl=ng,so far so good all my orders are taken and the app is okay to navigate they should work on their addresse part of the app to capture everything well,True,Positive,2
7e955ee1-3606-4efa-8c74-8dbb777116bd,Domino's,"App is annoyingly slow with so many glitches and delay in loading. I guess it's a tactic to push people to order more in-store rather than online. Very frustrating but if you persevere, you'll be able to order at good prices.",3,2023-11-01,Google Play,Customer Review,https://play.google.com/store/apps/details?id=com.dominos.ng&hl=en&gl=ng,app is annoyingly slow with so many glitches and delay in loading i guess it's a tactic to push people to order more in store rather than online very frustrating but if you persevere you'll be able to order at good prices,True,Negative,-5
b8708c43-cb59-4303-97d0-46dc62ea7634,Domino's,"This app used to be very effective, I just did an update and everything went blank",1,2023-11-01,Google Play,Customer Review,https://play.google.com/store/apps/details?id=com.dominos.ng&hl=en&gl=ng,this app used to be very effective i just did an update and everything went blank,True,Neutral,0
17b376ff-92c4-4931-91bb-8aebc8b64380,Domino's,The app is so easy to use and fast. Nice one. But booking for a specific time frame with payment should be reintroduced,5,2023-10-29,Google Play,Customer Review,https://play.google.com/store/apps/details?id=com.dominos.ng&hl=en&gl=ng,the app is so easy to use and fast nice one but booking for a specific time frame with payment should be reintroduced,True,Positive,4
18ceae50-02bd-4295-a334-834c207d432a,Domino's,"I regret placing an order here Bad user experience in the app Ordered some packs of jollof rice and roasted chicken after delaying the order for close to an hour, sold sour foods to me Had to throw it away",1,2023-10-28,Google Play,Customer Review,https://play.google.com/store/apps/details?id=com.dominos.ng&hl=en&gl=ng,i regret placing an order here bad user experience in the app ordered some packs of jollof rice and roasted chicken after delaying the order for close to an hour sold sour foods to me had to throw it away,True,Negative,-2
1ed5e933-d8b6-4f30-8437-f891c07755ec,Domino's,"Well when they refund my money for the transaction that didn't go through, I'll update my rating. Still doesn't change their bad customer service though.",1,2023-10-16,Google Play,Customer Review,https://play.google.com/store/apps/details?id=com.dominos.ng&hl=en&gl=ng,well when they refund my money for the transaction that didn't go through i'll update my rating still doesn't change their bad customer service though,True,Positive,1
2d3a370e-5da7-425d-a629-cca3743bbd2f,Domino's,The app always lags,3,2023-10-06,Google Play,Customer Review,https://play.google.com/store/apps/details?id=com.dominos.ng&hl=en&gl=ng,the app always lags,True,Neutral,0
0a07f73c-ea01-457e-ad12-e72acfc6400e,Domino's,"Worst app experience ever, you need to a complete app revamp cause this is terrible",1,2023-10-04,Google Play,Customer Review,https://play.google.com/store/apps/details?id=com.dominos.ng&hl=en&gl=ng,worst app experience ever you need to a complete app revamp cause this is terrible,True,Negative,-4
daf9551a-7f9f-44b3-9e8f-b031b2becb24,Domino's,"The app itself has so many glitches, the graphics is poor...",1,2023-10-03,Google Play,Customer Review,https://play.google.com/store/apps/details?id=com.dominos.ng&hl=en&gl=ng,the app itself has so many glitches the graphics is poor,True,Negative,-3
827bd66a-16bb-4327-9c36-321d8665652f,Domino's,"The app, the store my order was directed to, and its customer service were all nothing to write home about. It was my worst experience ever with any app.",1,2023-10-01,Google Play,Customer Review,https://play.google.com/store/apps/details?id=com.dominos.ng&hl=en&gl=ng,the app the store my order was directed to and its customer service were all nothing to write home about it was my worst experience ever with any app,True,Negative,-2
8143eeab-844d-4cb2-9ebb-268c208ce0f8,Domino's,Woeful. Order took 2hrs because the app kept going blank. Woeful experience,1,2023-09-30,Google Play,Customer Review,https://play.google.com/store/apps/details?id=com.dominos.ng&hl=en&gl=ng,woeful order took 2hrs because the app kept going blank woeful experience,True,Neutral,0
ded58572-5638-4616-9a5f-e378c55c94b1,Domino's,Poor helpdesk experience. No contact to speak to an agent. No email responses to complaints. Grossly nonresponsiveness on chargeback matters when transactions. Bad experience,1,2023-09-27,Google Play,Customer Review,https://play.google.com/store/apps/details?id=com.dominos.ng&hl=en&gl=ng,poor helpdesk experience no contact to speak to an agent no email responses to complaints grossly nonresponsiveness on chargeback matters when transactions bad experience,True,Negative,-3
157ea668-9ea0-4e94-8874-44c9c31e46ee,Domino's,Fast,5,2023-09-25,Google Play,Customer Review,https://play.google.com/store/apps/details?id=com.dominos.ng&hl=en&gl=ng,fast,True,Positive,1
9f9fd4b8-b3b9-4588-9b5b-0aa69ba94d5b,Domino's,"It was a little bit difficult trying to navigate the app at first, but I got the hang of it.",4,2023-09-24,Google Play,Customer Review,https://play.google.com/store/apps/details?id=com.dominos.ng&hl=en&gl=ng,it was a little bit difficult trying to navigate the app at first but i got the hang of it,True,Negative,-1
32c808fd-7f43-420b-8ea4-2b530d81aab5,Domino's,Ui needs to be more responsive,4,2023-09-23,Google Play,Customer Review,https://play.google.com/store/apps/details?id=com.dominos.ng&hl=en&gl=ng,ui needs to be more responsive,True,Positive,1
847a9147-4902-46a4-9674-c7c1d69a9e70,Domino's,You need to work on the user experience of this app. But overall it's a good piece of work.,3,2023-09-22,Google Play,Customer Review,https://play.google.com/store/apps/details?id=com.dominos.ng&hl=en&gl=ng,you need to work on the user experience of this app but overall it's a good piece of work,True,Positive,1
5fe04b12-8a57-47bf-95a9-5d3981e5d5fd,Domino's,I like that the app is easy to navigate.,4,2023-09-21,Google Play,Customer Review,https://play.google.com/store/apps/details?id=com.dominos.ng&hl=en&gl=ng,i like that the app is easy to navigate,True,Positive,3
9a174820-60c6-4854-9ad9-311cf47df07e,Domino's,Awesome,5,2023-09-17,Google Play,Customer Review,https://play.google.com/store/apps/details?id=com.dominos.ng&hl=en&gl=ng,awesome,True,Positive,2
c7380529-f725-4e7b-82ac-86461bd7d6ee,Domino's,Price don't match total payment.,1,2023-09-16,Google Play,Customer Review,https://play.google.com/store/apps/details?id=com.dominos.ng&hl=en&gl=ng,price don't match total payment,True,Neutral,0
78950246-4436-4751-8c5d-f42a74d1910e,Domino's,"Very efficient, it make it easy and cheaper",5,2023-09-09,Google Play,Customer Review,https://play.google.com/store/apps/details?id=com.dominos.ng&hl=en&gl=ng,very efficient it make it easy and cheaper,True,Positive,4
a7eeb07f-e049-4658-9a29-c48bd0d95961,Domino's,Simply awesome,5,2023-09-05,Google Play,Customer Review,https://play.google.com/store/apps/details?id=com.dominos.ng&hl=en&gl=ng,simply awesome,True,Positive,2
56cdeb23-3564-4625-afad-434f58d8caa3,Domino's,Improvement but ok,4,2023-09-05,Google Play,Customer Review,https://play.google.com/store/apps/details?id=com.dominos.ng&hl=en&gl=ng,improvement but ok,True,Neutral,0
00751cd7-e96b-4bd1-9a37-ac38931e0854,Domino's,"Its a terrible experience try work on it to be more faster and reduce work load on it, it sucks!!!!",1,2023-09-02,Google Play,Customer Review,https://play.google.com/store/apps/details?id=com.dominos.ng&hl=en&gl=ng,its a terrible experience try work on it to be more faster and reduce work load on it it sucks,True,Negative,-4
8be76ffb-5686-49fb-a4ec-99b648b533d0,Domino's,Great,4,2023-08-31,Google Play,Customer Review,https://play.google.com/store/apps/details?id=com.dominos.ng&hl=en&gl=ng,great,True,Positive,1
361968d4-c230-4bc6-92f7-0aff3cd7a069,Domino's,Just useless,1,2023-08-31,Google Play,Customer Review,https://play.google.com/store/apps/details?id=com.dominos.ng&hl=en&gl=ng,just useless,True,Negative,-2
280af292-321d-4c3b-8173-3fe0ab3b9d57,Domino's,Awesome 👍,5,2023-08-30,Google Play,Customer Review,https://play.google.com/store/apps/details?id=com.dominos.ng&hl=en&gl=ng,awesome good,True,Positive,3
c3f4521c-cb74-475a-bbd2-a7d37a604952,Domino's,Delivery is fast,4,2023-08-26,Google Play,Customer Review,https://play.google.com/store/apps/details?id=com.dominos.ng&hl=en&gl=ng,delivery is fast,True,Positive,1
8d2e50dc-a0aa-4d63-8559-c18a144099a0,Domino's,Very friendly interface. Easy to use unlike before but please work on your location option,4,2023-08-15,Google Play,Customer Review,https://play.google.com/store/apps/details?id=com.dominos.ng&hl=en&gl=ng,very friendly interface easy to use unlike before but please work on your location option,True,Positive,4
647513ee-6e6f-4c99-9c7d-04dbeeab9477,Domino's,Swift delivery and very tasty pizza,5,2023-08-12,Google Play,Customer Review,https://play.google.com/store/apps/details?id=com.dominos.ng&hl=en&gl=ng,swift delivery and very tasty pizza,True,Positive,2
8a11b731-deb2-4384-a6c0-93d34bec3e8b,Domino's,Very easy to use and very fast .,5,2023-08-12,Google Play,Customer Review,https://play.google.com/store/apps/details?id=com.dominos.ng&hl=en&gl=ng,very easy to use and very fast,True,Positive,4
24b81595-c144-4acc-8ebb-97135e1fbe24,Domino's,Great taste,5,2023-08-06,Google Play,Customer Review,https://play.google.com/store/apps/details?id=com.dominos.ng&hl=en&gl=ng,great taste,True,Positive,1
fd40dde2-f554-4f0a-97f3-38933e3033f6,Domino's,"The app has gone through updates and functions a bit better but when I make a order the entire app goes blank and despite closing and opening it, it won't clear and its annoying cause I can't see if my order was accepted, I also made an order and it was delivered after 30 mins but I didn't get a voucher as stated in the ads",3,2023-07-30,Google Play,Customer Review,https://play.google.com/store/apps/details?id=com.dominos.ng&hl=en&gl=ng,the app has gone through updates and functions a bit better but when i make a order the entire app goes blank and despite closing and opening it it won't clear and its annoying cause i can't see if my order was accepted i also made an order and it was delivered after 30 mins but i didn't get a voucher as stated in the ads,True,Negative,-2
6a5436d0-c78f-406a-abc2-2df0d853cb67,Domino's,"The app is just total trash, better not to have the app than having bad comment",1,2023-07-29,Google Play,Customer Review,https://play.google.com/store/apps/details?id=com.dominos.ng&hl=en&gl=ng,the app is just total trash better not to have the app than having bad comment,True,Negative,-3
7cd0d867-ddb7-49a7-a527-0b5129ff6c7e,Domino's,Poor app,1,2023-07-22,Google Play,Customer Review,https://play.google.com/store/apps/details?id=com.dominos.ng&hl=en&gl=ng,poor app,True,Negative,-1
a924aac3-3f45-4601-b9fe-10d1e7b1bc6d,Domino's,Superb,5,2023-07-21,Google Play,Customer Review,https://play.google.com/store/apps/details?id=com.dominos.ng&hl=en&gl=ng,superb,True,Positive,2
fcd2deb8-d7bf-4c5b-82d6-dad102ae494f,Domino's,"If zero ratings can be give I will surely be glad to give that.. Placing order on this app is like fighting for your life, everything is just so difficult. The app made one enter address when they did not even have it in the database, all address chosen they replied they don't deliver there Just poor",1,2023-07-21,Google Play,Customer Review,https://play.google.com/store/apps/details?id=com.dominos.ng&hl=en&gl=ng,if zero ratings can be give i will surely be glad to give that placing order on this app is like fighting for your life everything is just so difficult the app made one enter address when they did not even have it in the database all address chosen they replied they don't deliver there just poor,True,Negative,-3
fdd204ae-6c4e-4260-b9f4-252e2b29a23a,Domino's,Perfect for your pizza order,5,2023-07-20,Google Play,Customer Review,https://play.google.com/store/apps/details?id=com.dominos.ng&hl=en&gl=ng,perfect for your pizza order,True,Positive,2
96eba94a-0135-4ad1-9766-e198afe1cabb,Domino's,Fantastic,5,2023-07-10,Google Play,Customer Review,https://play.google.com/store/apps/details?id=com.dominos.ng&hl=en&gl=ng,fantastic,True,Positive,2
731a9da8-c9a5-469e-a57c-1c8d3c94566e,Domino's,Good service,5,2023-07-08,Google Play,Customer Review,https://play.google.com/store/apps/details?id=com.dominos.ng&hl=en&gl=ng,good service,True,Positive,1
8852954b-6a77-4f47-ad52-64c9bde35920,Domino's,Easy,5,2023-07-02,Google Play,Customer Review,https://play.google.com/store/apps/details?id=com.dominos.ng&hl=en&gl=ng,easy,True,Positive,1
af39d0eb-11f1-4b98-9142-a1d9f0f09128,Domino's,Awesome,5,2023-07-02,Google Play,Customer Review,https://play.google.com/store/apps/details?id=com.dominos.ng&hl=en&gl=ng,awesome,True,Positive,2
2679de8c-5382-4989-997b-3fb628fe412f,Domino's,Terrible,1,2023-07-01,Google Play,Customer Review,https://play.google.com/store/apps/details?id=com.dominos.ng&hl=en&gl=ng,terrible,True,Negative,-2
2597f858-5a96-4f6e-a394-247b454256b5,Domino's,"Your pizza is absolute rubbish and your staff do not have the right attitude. I ordered a Chairman sized pizza of 10,200Naira online and was given a wrong order. Your untrained supervisor said there was nothing she could do about it. Very poor and it's a big shame on your brand.",1,2023-06-28,Google Play,Customer Review,https://play.google.com/store/apps/details?id=com.dominos.ng&hl=en&gl=ng,your pizza is absolute rubbish and your staff do not have the right attitude i ordered a chairman sized pizza of 10 200naira online and was given a wrong order your untrained supervisor said there was nothing she could do about it very poor and it's a big shame on your brand,True,Negative,-5
84d7db8d-c07b-4699-9981-716863620b47,Domino's,"Fast, easy and awesome",5,2023-06-28,Google Play,Customer Review,https://play.google.com/store/apps/details?id=com.dominos.ng&hl=en&gl=ng,fast easy and awesome,True,Positive,4
0ad05fa9-ceff-47ce-8b1b-5f2a5c6e9c6f,Domino's,Not bad. But the customizing are not properly sectioned,3,2023-06-28,Google Play,Customer Review,https://play.google.com/store/apps/details?id=com.dominos.ng&hl=en&gl=ng,not bad but the customizing are not properly sectioned,True,Positive,1
dfd92bb4-639e-4f80-9252-948093b8295a,Domino's,Very bad experience,1,2023-06-25,Google Play,Customer Review,https://play.google.com/store/apps/details?id=com.dominos.ng&hl=en&gl=ng,very bad experience,True,Negative,-2
2e8df2db-e992-4ac8-9e74-17efea337002,Domino's,Nice,5,2023-06-17,Google Play,Customer Review,https://play.google.com/store/apps/details?id=com.dominos.ng&hl=en&gl=ng,nice,True,Positive,1
b98ce32c-ddfb-4438-8d95-5a81fd32b6b1,Domino's,Wonderful,5,2023-06-14,Google Play,Customer Review,https://play.google.com/store/apps/details?id=com.dominos.ng&hl=en&gl=ng,wonderful,True,Positive,2
6938822a-da52-4985-92a4-df792b46e893,Domino's,Decent and convenient app,5,2023-06-08,Google Play,Customer Review,https://play.google.com/store/apps/details?id=com.dominos.ng&hl=en&gl=ng,decent and convenient app,True,Positive,1
e41b0743-2f5a-4997-bb07-fc099a3c6117,Domino's,"Just order a meal from them, and they're saying they can't deliver to my location. Now my location is at the junction of same street their fastfood is😕",1,2023-06-06,Google Play,Customer Review,https://play.google.com/store/apps/details?id=com.dominos.ng&hl=en&gl=ng,just order a meal from them and they're saying they can't deliver to my location now my location is at the junction of same street their fastfood is,True,Neutral,0
b1539fb0-a65f-457c-bfc7-7864b8e59068,Domino's,The customer care personnel AMINU was very nice but my order was cancelled 🙃 and I was required to go tk a physical store am giving 3 star because of the customer care rep,3,2023-06-04,Google Play,Customer Review,https://play.google.com/store/apps/details?id=com.dominos.ng&hl=en&gl=ng,the customer care personnel aminu was very nice but my order was cancelled and i was required to go tk a physical store am giving 3 star because of the customer care rep,True,Positive,1
9cd267d3-2b62-4a7f-a41c-cb83118fda0f,Domino's,So slow and not user friendly.,1,2023-06-03,Google Play,Customer Review,https://play.google.com/store/apps/details?id=com.dominos.ng&hl=en&gl=ng,so slow and not user friendly,True,Neutral,0
77f502f6-eb40-486a-a6fe-96d326c900ff,Domino's,Works well,5,2023-06-02,Google Play,Customer Review,https://play.google.com/store/apps/details?id=com.dominos.ng&hl=en&gl=ng,works well,True,Positive,2
1da9cf5d-74e4-4a5a-9d84-8afa676bde5f,Domino's,Just good,3,2023-05-30,Google Play,Customer Review,https://play.google.com/store/apps/details?id=com.dominos.ng&hl=en&gl=ng,just good,True,Positive,1
b54d4746-02a1-4d78-abdc-162ab7af99aa,Domino's,Very good user interface,4,2023-05-27,Google Play,Customer Review,https://play.google.com/store/apps/details?id=com.dominos.ng&hl=en&gl=ng,very good user interface,True,Positive,2
05a89b68-1f29-410e-a38d-c3980e1dd6fe,Domino's,Your sharwama is the worst i have ever tasted in my life. Stick to your pizza. There are even better pizza outlets in town than the rubbish yall are doing. You fell off,1,2023-05-21,Google Play,Customer Review,https://play.google.com/store/apps/details?id=com.dominos.ng&hl=en&gl=ng,your sharwama is the worst i have ever tasted in my life stick to your pizza there are even better pizza outlets in town than the rubbish yall are doing you fell off,True,Negative,-4
1ba4d64e-86e8-488a-b9a1-21fcfdc8a3f7,Domino's,Nice app,4,2023-05-20,Google Play,Customer Review,https://play.google.com/store/apps/details?id=com.dominos.ng&hl=en&gl=ng,nice app,True,Positive,1
fe16ea4b-5523-483b-b073-7e0d4e4a4504,Domino's,Phenomenal,5,2023-05-13,Google Play,Customer Review,https://play.google.com/store/apps/details?id=com.dominos.ng&hl=en&gl=ng,phenomenal,True,Neutral,0
8d4290d0-3a3a-4830-b12b-870b68eaf1e4,Domino's,Very helpful.,5,2023-05-13,Google Play,Customer Review,https://play.google.com/store/apps/details?id=com.dominos.ng&hl=en&gl=ng,very helpful,True,Positive,2
261ebfa5-6792-4377-96ef-ce8c3fd48cf4,Domino's,Terrible app. Not user friendly,1,2023-05-09,Google Play,Customer Review,https://play.google.com/store/apps/details?id=com.dominos.ng&hl=en&gl=ng,terrible app not user friendly,True,Neutral,0
033355ea-f160-4d1b-8ae9-6dd84f5c77c9,Domino's,Nice,4,2023-04-30,Google Play,Customer Review,https://play.google.com/store/apps/details?id=com.dominos.ng&hl=en&gl=ng,nice,True,Positive,1
a35be767-b74d-4a38-9734-6453ecdf8120,Domino's,I'm so astonished at how this apps services makes my daily meals pretty easy..... overwhelming treats 💓,5,2023-04-26,Google Play,Customer Review,https://play.google.com/store/apps/details?id=com.dominos.ng&hl=en&gl=ng,i'm so astonished at how this apps services makes my daily meals pretty easy overwhelming treats,True,Positive,1
c8040e9b-25cf-4dfc-be1f-bb7d610c3b31,Domino's,I was debited by eat n go and the order was not placed. Dominos has refused to refund me.,1,2023-04-23,Google Play,Customer Review,https://play.google.com/store/apps/details?id=com.dominos.ng&hl=en&gl=ng,i was debited by eat n go and the order was not placed dominos has refused to refund me,True,Neutral,0
e6af704e-9fdc-461d-82d2-1435119a0b16,Domino's,"I don't which one is worse ordering from Domino's or ordering through their associate Jumia food Nigeria. It takes over 2 hours to make delivery between the Araomire,ikeja Lagos branch to Johnson Street , ikeja, Lagos. The worse part is that a 15 minutes duration always ends up being 2hours with cold delivery",1,2023-04-20,Google Play,Customer Review,https://play.google.com/store/apps/details?id=com.dominos.ng&hl=en&gl=ng,i don't which one is worse ordering from domino's or ordering through their associate jumia food nigeria it takes over 2 hours to make delivery between the araomire ikeja lagos branch to johnson street ikeja lagos the worse part is that a 15 minutes duration always ends up being 2hours with cold delivery,True,Negative,-1
4cc6a197-a453-442b-b97f-cbaf85080975,Domino's,Difficult to navigate,1,2023-04-19,Google Play,Customer Review,https://play.google.com/store/apps/details?id=com.dominos.ng&hl=en&gl=ng,difficult to navigate,True,Negative,-1
447395e9-7a9e-4f15-8e21-2a1b7b85f9dc,Domino's,It's really a bad market,1,2023-04-05,Google Play,Customer Review,https://play.google.com/store/apps/details?id=com.dominos.ng&hl=en&gl=ng,it's really a bad market,True,Negative,-2
689b3fbf-b646-460a-ab63-f440a5ce13a0,Domino's,Glitches a lot. Several failed paymenys resulting in debits,1,2023-04-04,Google Play,Customer Review,https://play.google.com/store/apps/details?id=com.dominos.ng&hl=en&gl=ng,glitches a lot several failed paymenys resulting in debits,True,Negative,-2
853ff64c-0b25-4669-b055-19a8e7b52954,Domino's,Does the job but with stress and poor interface,1,2023-04-01,Google Play,Customer Review,https://play.google.com/store/apps/details?id=com.dominos.ng&hl=en&gl=ng,does the job but with stress and poor interface,True,Neutral,0
b8907d55-76f1-4807-8b7b-cfbedca87a7b,Domino's,Great service and prompt response,4,2023-03-27,Google Play,Customer Review,https://play.google.com/store/apps/details?id=com.dominos.ng&hl=en&gl=ng,great service and prompt response,True,Positive,1
09b8be4b-b57a-4a68-a464-af9f494b92f3,Domino's,Exceptional service. Love the app interface.,5,2023-03-19,Google Play,Customer Review,https://play.google.com/store/apps/details?id=com.dominos.ng&hl=en&gl=ng,exceptional service love the app interface,True,Positive,4
47fff98c-ade9-498d-be0f-fbb2fd28e594,Domino's,"This app really needs an update, it's quite slow and not so user-friendly",2,2023-03-11,Google Play,Customer Review,https://play.google.com/store/apps/details?id=com.dominos.ng&hl=en&gl=ng,this app really needs an update it's quite slow and not so user friendly,True,Positive,1
e7a0c44b-f32d-481d-bb98-e9f1aa0c2f0d,Domino's,"Really nice app, easy to navigate",5,2023-03-09,Google Play,Customer Review,https://play.google.com/store/apps/details?id=com.dominos.ng&hl=en&gl=ng,really nice app easy to navigate,True,Positive,3
2fc190fc-df90-42ad-998f-269d142c4423,Domino's,They're never having my location,1,2023-03-07,Google Play,Customer Review,https://play.google.com/store/apps/details?id=com.dominos.ng&hl=en&gl=ng,they're never having my location,True,Neutral,0
667e8d58-3a09-4ac8-ac9f-44600362b177,Domino's,Can this fastfood joint b any confirmer?😁😁😁,5,2023-03-05,Google Play,Customer Review,https://play.google.com/store/apps/details?id=com.dominos.ng&hl=en&gl=ng,can this fastfood joint b any confirmer happy happy happy,True,Positive,1
6bd11397-8683-4f87-841b-5c76384816d4,Domino's,Easy to use,5,2023-03-01,Google Play,Customer Review,https://play.google.com/store/apps/details?id=com.dominos.ng&hl=en&gl=ng,easy to use,True,Positive,2
bb8a47d2-44d7-410b-a0be-839786f64085,Domino's,Excellent,5,2023-02-26,Google Play,Customer Review,https://play.google.com/store/apps/details?id=com.dominos.ng&hl=en&gl=ng,excellent,True,Positive,2
c4c8c336-ffc8-43b1-80cc-c25fd19028c0,Domino's,It's fast and reliable,5,2023-02-26,Google Play,Customer Review,https://play.google.com/store/apps/details?id=com.dominos.ng&hl=en&gl=ng,it's fast and reliable,True,Positive,2
866485bc-4c61-4dc7-b71d-07f01d6cae9b,Domino's,So helpful And fast Really good And the pizza is very Sweet,5,2023-02-17,Google Play,Customer Review,https://play.google.com/store/apps/details?id=com.dominos.ng&hl=en&gl=ng,so helpful and fast really good and the pizza is very sweet,True,Positive,7
88a95d56-4649-442f-ba68-f3cae36fd89f,Domino's,Fast delivery on point,5,2023-02-14,Google Play,Customer Review,https://play.google.com/store/apps/details?id=com.dominos.ng&hl=en&gl=ng,fast delivery on point,True,Positive,1
8837c83d-4613-407e-8f30-0be6951defa0,Domino's,Very good APP and easy to use,5,2023-02-14,Google Play,Customer Review,https://play.google.com/store/apps/details?id=com.dominos.ng&hl=en&gl=ng,very good app and easy to use,True,Positive,4
586b7cfd-4f25-46ba-a040-a643c45839d3,Domino's,You change options of mode of delivery.,3,2023-02-14,Google Play,Customer Review,https://play.google.com/store/apps/details?id=com.dominos.ng&hl=en&gl=ng,you change options of mode of delivery,True,Neutral,0
e90c806b-2721-44ec-8dc6-e246759d1731,Domino's,I love you,5,2023-02-10,Google Play,Customer Review,https://play.google.com/store/apps/details?id=com.dominos.ng&hl=en&gl=ng,i love you,True,Positive,2
efdfaa45-2a27-4aea-b13d-0c46273dda1e,Domino's,Easy to use,5,2023-02-09,Google Play,Customer Review,https://play.google.com/store/apps/details?id=com.dominos.ng&hl=en&gl=ng,easy to use,True,Positive,2
7cb46025-a081-4a97-a832-4186abf37354,Domino's,Awesome services,5,2023-02-06,Google Play,Customer Review,https://play.google.com/store/apps/details?id=com.dominos.ng&hl=en&gl=ng,awesome services,True,Positive,2
454f295b-2b5d-4c6f-86eb-e71e93d266ef,Domino's,Excellent,5,2023-02-06,Google Play,Customer Review,https://play.google.com/store/apps/details?id=com.dominos.ng&hl=en&gl=ng,excellent,True,Positive,2
d77c6199-fb11-44ba-b1c3-e94d09b3ce9f,Domino's,It's Easy to use.,4,2023-01-30,Google Play,Customer Review,https://play.google.com/store/apps/details?id=com.dominos.ng&hl=en&gl=ng,it's easy to use,True,Positive,2
284f22aa-2468-44ed-b5a1-2e205ecb943b,Domino's,App doesn't look like it has been updated since 2011,1,2023-01-23,Google Play,Customer Review,https://play.google.com/store/apps/details?id=com.dominos.ng&hl=en&gl=ng,app doesn't look like it has been updated since 2011,True,Neutral,0
dd9b3efd-bedc-4629-a582-2cb45cbd5b6d,Domino's,Easy access and cheap when u order on the app.,5,2023-01-22,Google Play,Customer Review,https://play.google.com/store/apps/details?id=com.dominos.ng&hl=en&gl=ng,easy access and cheap when u order on the app,True,Positive,2
c7f22039-4c75-4460-9057-30caab3b2e20,Domino's,"Very easy guide to follow. Kept adding unsolicited orders at every page, thereby prolonging the order. Otherwise it's a 5 star",4,2023-01-21,Google Play,Customer Review,https://play.google.com/store/apps/details?id=com.dominos.ng&hl=en&gl=ng,very easy guide to follow kept adding unsolicited orders at every page thereby prolonging the order otherwise it's a 5 star,True,Positive,2
d3ad6346-0652-4e10-a1a3-e7865bd93902,Domino's,Fast and precise,4,2023-01-21,Google Play,Customer Review,https://play.google.com/store/apps/details?id=com.dominos.ng&hl=en&gl=ng,fast and precise,True,Positive,1
fca2b3c6-7f3c-4bb5-b912-91e6d48f7d87,Domino's,Good,5,2023-01-19,Google Play,Customer Review,https://play.google.com/store/apps/details?id=com.dominos.ng&hl=en&gl=ng,good,True,Positive,1
12f5bc00-7625-4d40-8f91-3affbc7b7741,Domino's,Good app for appointment,5,2023-01-14,Google Play,Customer Review,https://play.google.com/store/apps/details?id=com.dominos.ng&hl=en&gl=ng,good app for appointment,True,Positive,1
58d6f7f4-bc56-49a9-933b-d2b70ca7590b,Domino's,God go punish una,1,2023-01-07,Google Play,Customer Review,https://play.google.com/store/apps/details?id=com.dominos.ng&hl=en&gl=ng,god go punish una,True,Neutral,0
242600ce-3a6d-4961-913c-c9657d2ad5cc,Domino's,I love this app because it saves time,5,2023-01-02,Google Play,Customer Review,https://play.google.com/store/apps/details?id=com.dominos.ng&hl=en&gl=ng,i love this app because it saves time,True,Positive,2
44b9c7f3-8a67-41ea-b1be-800a26280155,Domino's,The application takes time to load,2,2023-01-01,Google Play,Customer Review,https://play.google.com/store/apps/details?id=com.dominos.ng&hl=en&gl=ng,the application takes time to load,True,Neutral,0
47150399-576b-4bdd-ae7f-4235290ba286,Domino's,Nice sarvice good,5,2022-12-30,Google Play,Customer Review,https://play.google.com/store/apps/details?id=com.dominos.ng&hl=en&gl=ng,nice sarvice good,True,Positive,2
253d3912-f5bd-44f8-9fdc-11d4c813e35b,Domino's,Nice and easy,5,2022-12-29,Google Play,Customer Review,https://play.google.com/store/apps/details?id=com.dominos.ng&hl=en&gl=ng,nice and easy,True,Positive,2
ad6c2f92-6276-44b4-ad29-cbdacda1205c,Domino's,Quite easy and simple to use. Love it,3,2022-12-25,Google Play,Customer Review,https://play.google.com/store/apps/details?id=com.dominos.ng&hl=en&gl=ng,quite easy and simple to use love it,True,Positive,4
62e90362-ae31-4961-9cea-dd0d0199de55,Domino's,Wonderful hitch free just waiting for my order,5,2022-12-25,Google Play,Customer Review,https://play.google.com/store/apps/details?id=com.dominos.ng&hl=en&gl=ng,wonderful hitch free just waiting for my order,True,Positive,2
a756cb2d-b8bb-414c-b2c6-b5331c3e0ef7,Domino's,"This is nothing but a useless app,they don't deserve a moon not to talk of one single star",1,2022-12-25,Google Play,Customer Review,https://play.google.com/store/apps/details?id=com.dominos.ng&hl=en&gl=ng,this is nothing but a useless app they don't deserve a moon not to talk of one single star,True,Positive,2
0bd84af2-8f76-4938-a876-91334c66c288,Domino's,First time of me ordering and it was awesome,5,2022-12-25,Google Play,Customer Review,https://play.google.com/store/apps/details?id=com.dominos.ng&hl=en&gl=ng,first time of me ordering and it was awesome,True,Positive,2
e0dbce6d-a090-4e77-906d-57f5e11d5aeb,Domino's,Tooo slow and not just frustrating,1,2022-12-25,Google Play,Customer Review,https://play.google.com/store/apps/details?id=com.dominos.ng&hl=en&gl=ng,too slow and not just frustrating,True,Negative,-1
7b4f6800-3185-4288-9da9-ae574d904a17,Domino's,I tried to open the app but it has been saying try again and it doesn't work,2,2022-12-22,Google Play,Customer Review,https://play.google.com/store/apps/details?id=com.dominos.ng&hl=en&gl=ng,i tried to open the app but it has been saying try again and it doesn't work,True,Negative,-2
390b0a0f-14c0-4ad7-bbe1-6385b528e55b,Domino's,"It is very nice I really love it ,I didn't have any problem with it good one 👍👍👍",5,2022-12-20,Google Play,Customer Review,https://play.google.com/store/apps/details?id=com.dominos.ng&hl=en&gl=ng,it is very nice i really love it i didn't have any problem with it good one good good good,True,Positive,9
2972d84f-2e7e-40bd-96db-b80bd110f7c8,Domino's,Highly friendly user,5,2022-12-12,Google Play,Customer Review,https://play.google.com/store/apps/details?id=com.dominos.ng&hl=en&gl=ng,highly friendly user,True,Positive,2
727c55c5-034a-4f2f-8a13-8e2b757c907d,Domino's,Totally okay to use and easy to navigate.. Love it,3,2022-12-10,Google Play,Customer Review,https://play.google.com/store/apps/details?id=com.dominos.ng&hl=en&gl=ng,totally okay to use and easy to navigate love it,True,Positive,3
1fdfa744-3567-4b72-af91-217ab8e225e4,Domino's,So far this app is good. It's similar to the one I use in the U.S. Also avoids glitches that occur on the website.,5,2022-12-10,Google Play,Customer Review,https://play.google.com/store/apps/details?id=com.dominos.ng&hl=en&gl=ng,so far this app is good it's similar to the one i use in the u s also avoids glitches that occur on the website,True,Neutral,0
e7e961ef-9bbd-404b-b942-1356fb7752de,Domino's,Nice,4,2022-12-08,Google Play,Customer Review,https://play.google.com/store/apps/details?id=com.dominos.ng&hl=en&gl=ng,nice,True,Positive,1
889399d6-cdaa-427b-8a18-76369b6757d3,Domino's,"Terrible design, terrible movement",1,2022-12-07,Google Play,Customer Review,https://play.google.com/store/apps/details?id=com.dominos.ng&hl=en&gl=ng,terrible design terrible movement,True,Negative,-4
03b4d0be-24da-4934-8de3-2ae9fffed93f,Domino's,Nice delivery system,5,2022-12-06,Google Play,Customer Review,https://play.google.com/store/apps/details?id=com.dominos.ng&hl=en&gl=ng,nice delivery system,True,Positive,1
e572e084-1b8a-4ad5-883c-6251e35db5c4,Domino's,It's a good app,3,2022-12-04,Google Play,Customer Review,https://play.google.com/store/apps/details?id=com.dominos.ng&hl=en&gl=ng,it's a good app,True,Positive,1
e5991830-e856-4778-ae90-d106b22772e4,Domino's,I really love the app because it easy and help to choose the flavor I want,5,2022-12-03,Google Play,Customer Review,https://play.google.com/store/apps/details?id=com.dominos.ng&hl=en&gl=ng,i really love the app because it easy and help to choose the flavor i want,True,Positive,5
6d0937a3-3932-4361-bed3-747a60a906ce,Domino's,Great,5,2022-12-02,Google Play,Customer Review,https://play.google.com/store/apps/details?id=com.dominos.ng&hl=en&gl=ng,great,True,Positive,1
270182f9-846c-4365-9cef-7546845da293,Domino's,"I requested for a large pizza with 60cl of fanta but they delivered pizza with 50cl of coke, what exactly is the problem how can I be given things base on your choice instead of mine, I have to throw away that coke for the sake I don't take it at all and I stay alone please things like this should be corrected",1,2022-11-28,Google Play,Customer Review,https://play.google.com/store/apps/details?id=com.dominos.ng&hl=en&gl=ng,i requested for a large pizza with 60cl of fanta but they delivered pizza with 50cl of coke what exactly is the problem how can i be given things base on your choice instead of mine i have to throw away that coke for the sake i don't take it at all and i stay alone please things like this should be corrected,True,Negative,-1
5a03c84f-49c7-406b-bf1e-a73684e5d409,Domino's,"Why can my order not be delivered to my location? Not every house has a number. After giving my full address,I'm still being told that my order can't be brought to my location.",1,2022-11-28,Google Play,Customer Review,https://play.google.com/store/apps/details?id=com.dominos.ng&hl=en&gl=ng,why can my order not be delivered to my location not every house has a number after giving my full address i'm still being told that my order can't be brought to my location,True,Neutral,0
1e8ce78e-0b22-46d5-b76b-cd608c1c35b0,Domino's,👍,4,2022-11-27,Google Play,Customer Review,https://play.google.com/store/apps/details?id=com.dominos.ng&hl=en&gl=ng,good,True,Positive,1
7d0da2a3-358e-4cbd-abb0-a4e2b9952814,Domino's,Your iPhone version of the app is extremely frustrating and slow. Please fix it.,3,2022-11-26,Google Play,Customer Review,https://play.google.com/store/apps/details?id=com.dominos.ng&hl=en&gl=ng,your iphone version of the app is extremely frustrating and slow please fix it,True,Negative,-5
8114816c-73bd-42e7-832c-e4b35d618920,Domino's,Good,4,2022-11-19,Google Play,Customer Review,https://play.google.com/store/apps/details?id=com.dominos.ng&hl=en&gl=ng,good,True,Positive,1
92f10c2f-538a-41ed-aa79-1a0a96f9b3c9,Domino's,No longer able to request deliveries via the app. Always comes up with an error message. This issue has been outstanding for over 3 months now.,1,2022-11-18,Google Play,Customer Review,https://play.google.com/store/apps/details?id=com.dominos.ng&hl=en&gl=ng,no longer able to request deliveries via the app always comes up with an error message this issue has been outstanding for over 3 months now,True,Negative,-2
e4073eea-1b12-4cee-93aa-367e70423f6f,Domino's,App is in good condition.,5,2022-11-15,Google Play,Customer Review,https://play.google.com/store/apps/details?id=com.dominos.ng&hl=en&gl=ng,app is in good condition,True,Positive,1
45918f06-68db-4d31-8292-61e00ec97ff5,Domino's,Its wonderful actually. Sorry for any misunderstanding anyway.,5,2022-11-12,Google Play,Customer Review,https://play.google.com/store/apps/details?id=com.dominos.ng&hl=en&gl=ng,its wonderful actually sorry for any misunderstanding anyway,True,Positive,2
b6b74e93-e8b9-4b8b-a514-9e00be7dde26,Domino's,Great app.,5,2022-11-12,Google Play,Customer Review,https://play.google.com/store/apps/details?id=com.dominos.ng&hl=en&gl=ng,great app,True,Positive,1
b64af7c8-e82c-4c0e-b78a-ac3fd8d3c0bf,Domino's,Very horrible app can't even download it,1,2022-11-12,Google Play,Customer Review,https://play.google.com/store/apps/details?id=com.dominos.ng&hl=en&gl=ng,very horrible app can't even download it,True,Negative,-4
bbffc705-a859-4654-afb9-22b09c1c9dc9,Domino's,Fantastic,5,2022-11-11,Google Play,Customer Review,https://play.google.com/store/apps/details?id=com.dominos.ng&hl=en&gl=ng,fantastic,True,Positive,2
99c4bb07-1cba-4688-8dd7-73aee887f757,Domino's,It's a bit slow...but it's easy,3,2022-11-10,Google Play,Customer Review,https://play.google.com/store/apps/details?id=com.dominos.ng&hl=en&gl=ng,it's a bit slow but it's easy,True,Neutral,0
d1438b01-1bc9-4494-bc57-4e4592aac056,Domino's,Why is the app hanging now,5,2022-11-10,Google Play,Customer Review,https://play.google.com/store/apps/details?id=com.dominos.ng&hl=en&gl=ng,why is the app hanging now,True,Neutral,0
5ea1356f-490e-487b-8e91-ce7ffa2b8e4b,Domino's,fantastic,5,2022-11-09,Google Play,Customer Review,https://play.google.com/store/apps/details?id=com.dominos.ng&hl=en&gl=ng,fantastic,True,Positive,2
eb34138e-7840-4f31-9ac5-fb462e747d5c,Domino's,Cool,4,2022-11-09,Google Play,Customer Review,https://play.google.com/store/apps/details?id=com.dominos.ng&hl=en&gl=ng,cool,True,Positive,1
e29e6691-53cd-4a2a-b960-e5c08fce0d53,Domino's,Seriously bad I can't order anything atall like fix it pls,1,2022-11-08,Google Play,Customer Review,https://play.google.com/store/apps/details?id=com.dominos.ng&hl=en&gl=ng,seriously bad i can't order anything atall like fix it pls,True,Negative,-1
bf1b667d-5041-4e62-b16f-61be6dc99141,Domino's,very poor service delivery. have to drive to meet your delivery staff . will stop ordering very soon and tell all my friends and family of your bad service,1,2022-11-08,Google Play,Customer Review,https://play.google.com/store/apps/details?id=com.dominos.ng&hl=en&gl=ng,very poor service delivery have to drive to meet your delivery staff will stop ordering very soon and tell all my friends and family of your bad service,True,Negative,-3
59bf59ef-ec8a-4dde-aa19-7e86178c3a01,Domino's,"I don't even understand,the app is absolutely messed up almost like it was programmed the wrong way,please domino's fix this!",1,2022-11-07,Google Play,Customer Review,https://play.google.com/store/apps/details?id=com.dominos.ng&hl=en&gl=ng,i don't even understand the app is absolutely messed up almost like it was programmed the wrong way please domino's fix this,True,Negative,-3
bbb4886d-fe11-4d3f-ba44-74f909fc01b3,Domino's,Epic,5,2022-11-05,Google Play,Customer Review,https://play.google.com/store/apps/details?id=com.dominos.ng&hl=en&gl=ng,epic,True,Neutral,0
615a6504-240d-4bee-9baf-7b91809fc73d,Domino's,I love your pizza guys and nice app its easy and reliable,5,2022-11-04,Google Play,Customer Review,https://play.google.com/store/apps/details?id=com.dominos.ng&hl=en&gl=ng,i love your pizza guys and nice app its easy and reliable,True,Positive,5
be01b298-9215-4fbb-bb24-c7474c1940a5,Domino's,Simple and understanding,5,2022-11-04,Google Play,Customer Review,https://play.google.com/store/apps/details?id=com.dominos.ng&hl=en&gl=ng,simple and understanding,True,Positive,1
5bfccb0e-198e-4f2c-9f6a-e9be9fbb5de4,Domino's,"The app is actually terrible. There is barely any functionality at all, it takes a long time to load",1,2022-11-03,Google Play,Customer Review,https://play.google.com/store/apps/details?id=com.dominos.ng&hl=en&gl=ng,the app is actually terrible there is barely any functionality at all it takes a long time to load,True,Negative,-2
dc503400-6f5a-4275-9d9b-cbc3edd6dc56,Domino's,User friendly,4,2022-11-02,Google Play,Customer Review,https://play.google.com/store/apps/details?id=com.dominos.ng&hl=en&gl=ng,user friendly,True,Positive,2
11031cfd-6eff-4caa-a0ca-c79dec11e6e2,Domino's,Terrible... so many errors. Need to restart the whole pricess always,1,2022-10-30,Google Play,Customer Review,https://play.google.com/store/apps/details?id=com.dominos.ng&hl=en&gl=ng,terrible so many errors need to restart the whole pricess always,True,Negative,-4
85853858-d5ab-44d7-b77b-300e12936345,Domino's,Easy to place order,5,2022-10-30,Google Play,Customer Review,https://play.google.com/store/apps/details?id=com.dominos.ng&hl=en&gl=ng,easy to place order,True,Positive,1
47fda83d-d23a-44dc-99e7-52b9daa12c64,Domino's,Nice app,5,2022-10-30,Google Play,Customer Review,https://play.google.com/store/apps/details?id=com.dominos.ng&hl=en&gl=ng,nice app,True,Positive,1
bba75bf0-35a9-4d9c-ac15-ede03ac3b5b1,Domino's,It's ok for now.,4,2022-10-30,Google Play,Customer Review,https://play.google.com/store/apps/details?id=com.dominos.ng&hl=en&gl=ng,it's ok for now,True,Neutral,0
972e0da5-8111-4488-b2f1-2cdd46cb691f,Domino's,Its easy to use,4,2022-10-30,Google Play,Customer Review,https://play.google.com/store/apps/details?id=com.dominos.ng&hl=en&gl=ng,its easy to use,True,Positive,2
021eb223-1ecc-4577-afec-4b04043662f6,Domino's,Very bad address service L,1,2022-10-26,Google Play,Customer Review,https://play.google.com/store/apps/details?id=com.dominos.ng&hl=en&gl=ng,very bad address service l,True,Negative,-2
a2199b03-bdea-4584-adf3-d6640142c4ae,Domino's,Great Service...User friendly App,5,2022-10-26,Google Play,Customer Review,https://play.google.com/store/apps/details?id=com.dominos.ng&hl=en&gl=ng,great service user friendly app,True,Positive,3
28ee0903-53f3-4ac0-b770-157caea5d077,Domino's,Easy to order,5,2022-10-21,Google Play,Customer Review,https://play.google.com/store/apps/details?id=com.dominos.ng&hl=en&gl=ng,easy to order,True,Positive,1
c80aeaf1-1a7c-4101-a84f-43cace4d8fda,Domino's,Quite a bit of delay in the queuing system,4,2022-10-20,Google Play,Customer Review,https://play.google.com/store/apps/details?id=com.dominos.ng&hl=en&gl=ng,quite a bit of delay in the queuing system,True,Negative,-1
ba27ad90-fdd4-43ef-8157-4551dbe2df26,Domino's,Impressive experience,5,2022-10-20,Google Play,Customer Review,https://play.google.com/store/apps/details?id=com.dominos.ng&hl=en&gl=ng,impressive experience,True,Positive,1
1ef94a19-5f30-44ad-9b82-8cc54738c480,Domino's,Worst apk ever.... waste of mb ....even the site is rubbish....0 star,1,2022-10-19,Google Play,Customer Review,https://play.google.com/store/apps/details?id=com.dominos.ng&hl=en&gl=ng,worst apk ever waste of mb even the site is rubbish 0 star,True,Negative,-4
22d19d29-5875-4b9f-b2e3-3f7e111296e0,Domino's,It was very easy to place my order. And the delivery as well was on time,5,2022-10-17,Google Play,Customer Review,https://play.google.com/store/apps/details?id=com.dominos.ng&hl=en&gl=ng,it was very easy to place my order and the delivery as well was on time,True,Positive,2
9105a25e-6f3a-4846-8ef1-76567993f4a5,Domino's,Mine isn't functioning at all,1,2022-10-15,Google Play,Customer Review,https://play.google.com/store/apps/details?id=com.dominos.ng&hl=en&gl=ng,mine isn't functioning at all,True,Neutral,0
fbb103aa-3678-44cd-ab98-d93bd28f2ff6,Domino's,"Great app, but address doesn't show for delivery in Maitama Abuja.",4,2022-10-13,Google Play,Customer Review,https://play.google.com/store/apps/details?id=com.dominos.ng&hl=en&gl=ng,great app but address doesn't show for delivery in maitama abuja,True,Positive,1
ea2b8d64-9bea-48e2-8951-145dcae8180e,Domino's,The app is frustratingly bad... Wasn't able to order anything,1,2022-10-05,Google Play,Customer Review,https://play.google.com/store/apps/details?id=com.dominos.ng&hl=en&gl=ng,the app is frustratingly bad wasn't able to order anything,True,Negative,-1
0320b421-4c4f-4436-ad00-647a7c4b1cc2,Domino's,Good and easy. Just it have some bugs need to be fixed,3,2022-09-28,Google Play,Customer Review,https://play.google.com/store/apps/details?id=com.dominos.ng&hl=en&gl=ng,good and easy just it have some bugs need to be fixed,True,Positive,1
2e4ae901-67e8-467d-a8b6-90d2ad63e748,Domino's,Easy to use,5,2022-09-25,Google Play,Customer Review,https://play.google.com/store/apps/details?id=com.dominos.ng&hl=en&gl=ng,easy to use,True,Positive,2
b07be02d-e02d-41d6-93ae-5ee1d1c38c85,Domino's,Amazing,5,2022-09-23,Google Play,Customer Review,https://play.google.com/store/apps/details?id=com.dominos.ng&hl=en&gl=ng,amazing,True,Positive,2
5b7182ec-56be-4be1-9139-2b96f98a9c3e,Domino's,Always helpful,5,2022-09-22,Google Play,Customer Review,https://play.google.com/store/apps/details?id=com.dominos.ng&hl=en&gl=ng,always helpful,True,Positive,1
ec8b9847-9c1e-4cbf-82e2-e89ac1ee5d7b,Domino's,Interesting,5,2022-09-20,Google Play,Customer Review,https://play.google.com/store/apps/details?id=com.dominos.ng&hl=en&gl=ng,interesting,True,Neutral,0
32d4fb79-e215-4cf1-ba87-9f05686c6054,Domino's,Wonderful and explanatory,5,2022-09-20,Google Play,Customer Review,https://play.google.com/store/apps/details?id=com.dominos.ng&hl=en&gl=ng,wonderful and explanatory,True,Positive,2
54ef4789-786d-4301-962c-ada25c1aa450,Domino's,Best place to get your pizza,5,2022-09-19,Google Play,Customer Review,https://play.google.com/store/apps/details?id=com.dominos.ng&hl=en&gl=ng,best place to get your pizza,True,Positive,2
22b0e95b-cfaa-402a-90ea-340274638cff,Domino's,Great,5,2022-09-19,Google Play,Customer Review,https://play.google.com/store/apps/details?id=com.dominos.ng&hl=en&gl=ng,great,True,Positive,1
a007601e-97aa-4230-ab23-168385a06bde,Domino's,Awesomeness is the word,5,2022-09-18,Google Play,Customer Review,https://play.google.com/store/apps/details?id=com.dominos.ng&hl=en&gl=ng,awesomeness is the word,True,Neutral,0
1835d9ee-ee32-4928-a801-c31b139cfe51,Domino's,It was lovely,5,2022-09-18,Google Play,Customer Review,https://play.google.com/store/apps/details?id=com.dominos.ng&hl=en&gl=ng,it was lovely,True,Neutral,0
c349074a-7650-4e9e-af39-351faea300d9,Domino's,"Such an amazing app, I love it",5,2022-09-15,Google Play,Customer Review,https://play.google.com/store/apps/details?id=com.dominos.ng&hl=en&gl=ng,such an amazing app i love it,True,Positive,4
50a1ca7d-4d2c-499c-9cbf-189efe63077d,Domino's,Smooth and fast,5,2022-09-15,Google Play,Customer Review,https://play.google.com/store/apps/details?id=com.dominos.ng&hl=en&gl=ng,smooth and fast,True,Positive,2
dc99806f-2fd6-44fd-ace8-9553980340de,Domino's,Cool user friendly,4,2022-09-14,Google Play,Customer Review,https://play.google.com/store/apps/details?id=com.dominos.ng&hl=en&gl=ng,cool user friendly,True,Positive,3
b19dd571-514c-4eb2-b325-6ad72ff0e07b,Domino's,So easy to use and convenient,5,2022-09-12,Google Play,Customer Review,https://play.google.com/store/apps/details?id=com.dominos.ng&hl=en&gl=ng,so easy to use and convenient,True,Positive,3
e1fe5753-edb8-4f98-b261-13845fef9cca,Domino's,Good and user-friendly. It's a bit rigid in setting one's address.,4,2022-09-12,Google Play,Customer Review,https://play.google.com/store/apps/details?id=com.dominos.ng&hl=en&gl=ng,good and user friendly it's a bit rigid in setting one's address,True,Positive,3
087fc03b-9d6e-4471-9381-a13b14baae5f,Domino's,Easy to use.,5,2022-09-10,Google Play,Customer Review,https://play.google.com/store/apps/details?id=com.dominos.ng&hl=en&gl=ng,easy to use,True,Positive,2
83f9bb1f-24f2-442f-b65d-a57819a86309,Domino's,Not user friendly,3,2022-09-08,Google Play,Customer Review,https://play.google.com/store/apps/details?id=com.dominos.ng&hl=en&gl=ng,not user friendly,True,Positive,2
1769ba2a-dfa6-4ae1-b629-a9a4b315786a,Domino's,A little be stressful but cool and efficient,3,2022-09-07,Google Play,Customer Review,https://play.google.com/store/apps/details?id=com.dominos.ng&hl=en&gl=ng,a little be stressful but cool and efficient,True,Positive,1
6e1a1ba9-6956-485f-8631-71f12ba130e1,Domino's,"Useless it does not work at all, iam removing it right now.",1,2022-09-07,Google Play,Customer Review,https://play.google.com/store/apps/details?id=com.dominos.ng&hl=en&gl=ng,useless it does not work at all iam removing it right now,True,Negative,-2
12400bf4-42fb-4959-bfa1-c21a7f2f7e59,Domino's,"It's ok, but being my first time, I couldn't use my card.",4,2022-09-06,Google Play,Customer Review,https://play.google.com/store/apps/details?id=com.dominos.ng&hl=en&gl=ng,it's ok but being my first time i couldn't use my card,True,Neutral,0
be9dad34-193c-42b4-8ac5-8a6b0039cf66,Domino's,Very easy and interactive. Good effort by Domino's Pizza,5,2022-09-06,Google Play,Customer Review,https://play.google.com/store/apps/details?id=com.dominos.ng&hl=en&gl=ng,very easy and interactive good effort by domino's pizza,True,Positive,3
57606570-4601-4e14-9588-804715d63613,Domino's,Prompt,4,2022-09-04,Google Play,Customer Review,https://play.google.com/store/apps/details?id=com.dominos.ng&hl=en&gl=ng,prompt,True,Neutral,0
5a1b8417-dfe1-4db5-a39a-1a115c9d2f24,Domino's,Still waiting on my 3 days old order.... Mtcheeww.... You should update your delivery streets,1,2022-09-03,Google Play,Customer Review,https://play.google.com/store/apps/details?id=com.dominos.ng&hl=en&gl=ng,still waiting on my 3 days old order mtcheeww you should update your delivery streets,True,Neutral,0
e2fd5b0e-5fac-4463-842b-57fbb7b38667,Domino's,Can't place any orders. What is happening?,1,2022-09-01,Google Play,Customer Review,https://play.google.com/store/apps/details?id=com.dominos.ng&hl=en&gl=ng,can't place any orders what is happening,True,Neutral,0
835cf3b4-d9b7-4cb7-9868-190f38cfffcd,Domino's,Great,5,2022-09-01,Google Play,Customer Review,https://play.google.com/store/apps/details?id=com.dominos.ng&hl=en&gl=ng,great,True,Positive,1
eb410876-4a8a-469d-aded-4f720fac576a,Domino's,Kehinde was awesome. Great.,5,2022-08-29,Google Play,Customer Review,https://play.google.com/store/apps/details?id=com.dominos.ng&hl=en&gl=ng,kehinde was awesome great,True,Positive,3
9b1d17b9-4938-4126-8291-684a79ca720a,Domino's,Great app,5,2022-08-29,Google Play,Customer Review,https://play.google.com/store/apps/details?id=com.dominos.ng&hl=en&gl=ng,great app,True,Positive,1
92e517c8-4e7b-4df0-8c94-fddb8a22b738,Domino's,"Total nonsense! It's almost impossible to place an order, I wish dodo pizza could come to my area...",1,2022-08-29,Google Play,Customer Review,https://play.google.com/store/apps/details?id=com.dominos.ng&hl=en&gl=ng,total nonsense it's almost impossible to place an order i wish dodo pizza could come to my area,True,Negative,-2
be63ae76-e687-4d31-9919-72d26b7fce9b,Domino's,Very good,5,2022-08-28,Google Play,Customer Review,https://play.google.com/store/apps/details?id=com.dominos.ng&hl=en&gl=ng,very good,True,Positive,2
28e7eb06-f84f-42ba-a039-4f0bbd85adbe,Domino's,Perfect,5,2022-08-27,Google Play,Customer Review,https://play.google.com/store/apps/details?id=com.dominos.ng&hl=en&gl=ng,perfect,True,Positive,2
f188e5a6-7fb1-40c5-96c8-e783aefa415f,Domino's,Fast and easy to use,5,2022-08-25,Google Play,Customer Review,https://play.google.com/store/apps/details?id=com.dominos.ng&hl=en&gl=ng,fast and easy to use,True,Positive,3
a81b3228-f08d-4a93-923f-0ce2bbc1affb,Domino's,Excellent App 👌,5,2022-08-24,Google Play,Customer Review,https://play.google.com/store/apps/details?id=com.dominos.ng&hl=en&gl=ng,excellent app good,True,Positive,3
0c5bc3b5-07ea-4f71-bc53-50759e762d44,Domino's,Awesome,4,2022-08-24,Google Play,Customer Review,https://play.google.com/store/apps/details?id=com.dominos.ng&hl=en&gl=ng,awesome,True,Positive,2
fd97794e-9ff8-4af0-8d03-7dd00a5656a0,Domino's,Excellent,5,2022-08-24,Google Play,Customer Review,https://play.google.com/store/apps/details?id=com.dominos.ng&hl=en&gl=ng,excellent,True,Positive,2
6adddb79-b38e-4400-bcec-dbbe595e5bfb,Domino's,It's nice but the app lags a bit,5,2022-08-24,Google Play,Customer Review,https://play.google.com/store/apps/details?id=com.dominos.ng&hl=en&gl=ng,it's nice but the app lags a bit,True,Positive,1
9e3dc536-1b7d-4978-89b3-170ea7a638e8,Domino's,Experience terrible. I can't even control my phone while using it. Damn!,1,2022-08-23,Google Play,Customer Review,https://play.google.com/store/apps/details?id=com.dominos.ng&hl=en&gl=ng,experience terrible i can't even control my phone while using it damn,True,Negative,-2
2d619a54-65d0-4c89-8f6d-91d7d286acd0,Domino's,"Slow asf, it took me over 30mins to place an order. I was so dissatisfied, please review this app.",1,2022-08-23,Google Play,Customer Review,https://play.google.com/store/apps/details?id=com.dominos.ng&hl=en&gl=ng,slow asf it took me over 30mins to place an order i was so dissatisfied please review this app,True,Negative,-1
e6526579-22f9-4615-8d98-ce2f82281442,Domino's,"No hassle,twas and its always been stress free.",5,2022-08-22,Google Play,Customer Review,https://play.google.com/store/apps/details?id=com.dominos.ng&hl=en&gl=ng,no hassle twas and its always been stress free,True,Negative,-1
ceff78b3-ce42-473e-9116-c71bbf4428fa,Domino's,App doesn't work for delivery,1,2022-08-21,Google Play,Customer Review,https://play.google.com/store/apps/details?id=com.dominos.ng&hl=en&gl=ng,app doesn't work for delivery,True,Negative,-2
424ab00a-ce58-4a97-acef-9c891b957a78,Domino's,Very goog,1,2022-08-21,Google Play,Customer Review,https://play.google.com/store/apps/details?id=com.dominos.ng&hl=en&gl=ng,very goog,True,Neutral,0
cbbea341-2fb7-4b00-bac6-312be62b3c73,Domino's,"First order and I'm left disappointed. I didn't ask for a free delivery even though it's well appreciated. So why say you can't get to two bus stops after a certain place and didn't note that on the website or before confirming my order? So I have only waited in vain only to be told... You know what, although we confirmed the delivery, we can't deliver there so your wait has been fruitless.",1,2022-08-20,Google Play,Customer Review,https://play.google.com/store/apps/details?id=com.dominos.ng&hl=en&gl=ng,first order and i'm left disappointed i didn't ask for a free delivery even though it's well appreciated so why say you can't get to two bus stops after a certain place and didn't note that on the website or before confirming my order so i have only waited in vain only to be told you know what although we confirmed the delivery we can't deliver there so your wait has been fruitless,True,Neutral,0
4103a68c-5c13-4c48-a63e-1cf316690229,Domino's,I had to get help from your office,5,2022-08-18,Google Play,Customer Review,https://play.google.com/store/apps/details?id=com.dominos.ng&hl=en&gl=ng,i had to get help from your office,True,Neutral,0
6292056d-77e7-44e8-b898-32d5505fd5bd,Domino's,"Honestly, the location optimization for this app is terrible. You did think it was designed to frustrate online orders for delivery.",1,2022-08-18,Google Play,Customer Review,https://play.google.com/store/apps/details?id=com.dominos.ng&hl=en&gl=ng,honestly the location optimization for this app is terrible you did think it was designed to frustrate online orders for delivery,True,Negative,-2
a823c03d-2a2a-42d3-b73b-b37ab8234996,Domino's,It gets u what u want but I have to point out its response delay sometimes,4,2022-08-18,Google Play,Customer Review,https://play.google.com/store/apps/details?id=com.dominos.ng&hl=en&gl=ng,it gets u what u want but i have to point out its response delay sometimes,True,Negative,-1
b30a2780-7a14-4641-a30e-9abb4d6aeb45,Domino's,Easy and straightforward,5,2022-08-18,Google Play,Customer Review,https://play.google.com/store/apps/details?id=com.dominos.ng&hl=en&gl=ng,easy and straightforward,True,Positive,1
5ebae45a-e0a4-499d-91d6-810a51bc4b59,Domino's,If there a Star that's minus I'll rate this app for your peace of mind and health it's better you don't waste your time downloading this app cause as it is annoying and seriously frustrating most useless app you'll ever download Cancel the damn app,1,2022-08-17,Google Play,Customer Review,https://play.google.com/store/apps/details?id=com.dominos.ng&hl=en&gl=ng,if there a star that's minus i'll rate this app for your peace of mind and health it's better you don't waste your time downloading this app cause as it is annoying and seriously frustrating most useless app you'll ever download cancel the damn app,True,Negative,-4
4d95e329-20c0-4115-90a9-15dbfcf8bc94,Domino's,Very nice an quick app I like the fact u can customise your order and see what it looks like in realtime,4,2022-08-17,Google Play,Customer Review,https://play.google.com/store/apps/details?id=com.dominos.ng&hl=en&gl=ng,very nice an quick app i like the fact u can customise your order and see what it looks like in realtime,True,Positive,5
c95c1f5e-7407-4ea8-bb02-93023c3af281,Domino's,Awesome 👍😎,4,2022-08-15,Google Play,Customer Review,https://play.google.com/store/apps/details?id=com.dominos.ng&hl=en&gl=ng,awesome good,True,Positive,3
ef4f31cb-6118-47b6-b103-15bbc026bd66,Domino's,Your app is very slow,1,2022-08-15,Google Play,Customer Review,https://play.google.com/store/apps/details?id=com.dominos.ng&hl=en&gl=ng,your app is very slow,True,Negative,-2
cc08d1f0-89c8-4f2b-acb9-1183f5d3cf34,Domino's,Awesome,5,2022-08-15,Google Play,Customer Review,https://play.google.com/store/apps/details?id=com.dominos.ng&hl=en&gl=ng,awesome,True,Positive,2
39fc95ea-4d5a-41da-aa1c-c4a6f6aeed10,Domino's,The app is so annoying. It's hard to use and just confusing. No thought has been put into the app development.,1,2022-08-15,Google Play,Customer Review,https://play.google.com/store/apps/details?id=com.dominos.ng&hl=en&gl=ng,the app is so annoying it's hard to use and just confusing no thought has been put into the app development,True,Negative,-5
86f478b8-f6cc-45e8-9f45-1f079d141f0d,Domino's,👍,4,2022-08-13,Google Play,Customer Review,https://play.google.com/store/apps/details?id=com.dominos.ng&hl=en&gl=ng,good,True,Positive,1
af2a97bf-a633-4ff4-bf2e-7b0208804676,Domino's,It'd good but faster checkout please,4,2022-08-13,Google Play,Customer Review,https://play.google.com/store/apps/details?id=com.dominos.ng&hl=en&gl=ng,it'd good but faster checkout please,True,Positive,1
0284531f-673c-4953-bd16-3205900e5e8c,Domino's,Deals should pop ip mot hidden. Awesome experience,4,2022-08-12,Google Play,Customer Review,https://play.google.com/store/apps/details?id=com.dominos.ng&hl=en&gl=ng,deals should pop ip mot hidden awesome experience,True,Positive,2
885428a8-2b41-4fa7-ae98-3b3eecbe02c0,Domino's,Lovely,5,2022-08-11,Google Play,Customer Review,https://play.google.com/store/apps/details?id=com.dominos.ng&hl=en&gl=ng,lovely,True,Neutral,0
0f6ee105-3bc0-4333-a53b-e82368f4ca8e,Domino's,"This app is total rubbish. I placed and order and paid. Just for me to track the order, it was saying no order has been placed by me, after been debited. If its not fraud abeg what is it?",1,2022-08-10,Google Play,Customer Review,https://play.google.com/store/apps/details?id=com.dominos.ng&hl=en&gl=ng,this app is total rubbish i placed and order and paid just for me to track the order it was saying no order has been placed by me after been debited if its not fraud abeg what is it,True,Neutral,0
64208555-0bbf-499c-8e99-2ccd15ff30eb,Domino's,Last 2 times I ordered. It took them 1 hour to deliver to me. Even when I live less than 1km from the shop at aromire ikeja. It took them 1hr plus in different occasions to deliver to me. So if they say it take 20mins to deliver. That's a big lie. Just a way to scam you to order from them. Prepare to get your order in 1hr time.,1,2022-08-10,Google Play,Customer Review,https://play.google.com/store/apps/details?id=com.dominos.ng&hl=en&gl=ng,last 2 times i ordered it took them 1 hour to deliver to me even when i live less than 1km from the shop at aromire ikeja it took them 1hr plus in different occasions to deliver to me so if they say it take 20mins to deliver that's a big lie just a way to scam you to order from them prepare to get your order in 1hr time,True,Negative,-2
083b3feb-1304-4167-93f4-2757aaa9e37a,Domino's,Wonderful all the time,5,2022-08-09,Google Play,Customer Review,https://play.google.com/store/apps/details?id=com.dominos.ng&hl=en&gl=ng,wonderful all the time,True,Positive,2
9351ccd0-3aa4-45cd-94fe-87899d5add59,Domino's,Excellent,5,2022-08-08,Google Play,Customer Review,https://play.google.com/store/apps/details?id=com.dominos.ng&hl=en&gl=ng,excellent,True,Positive,2
bd353fd8-d838-4b4b-b7b0-d832d8f772db,Domino's,"There's a store literally 8 mins away from my house, yet my area isn't a recognized location, smh.",1,2022-08-06,Google Play,Customer Review,https://play.google.com/store/apps/details?id=com.dominos.ng&hl=en&gl=ng,there's a store literally 8 mins away from my house yet my area isn't a recognized location smh,True,Neutral,0
89ae6ac9-889b-440b-935e-67dca20259bf,Domino's,Don't trust that app doesn't have hidden charges,2,2022-08-05,Google Play,Customer Review,https://play.google.com/store/apps/details?id=com.dominos.ng&hl=en&gl=ng,don't trust that app doesn't have hidden charges,True,Negative,-1
1cd7d21e-1a01-4696-a773-c28e6ec1a05f,Domino's,Good,4,2022-08-04,Google Play,Customer Review,https://play.google.com/store/apps/details?id=com.dominos.ng&hl=en&gl=ng,good,True,Positive,1
ea006439-55f1-4d0a-aeb6-77b70d4cc8ba,Domino's,"Please i want to solicit that you supply quality product. How can I order for pizza and what i receive is bread designed with cheese and about five tiny pieces of beef . It's really annoying. If it's pizza you specialize in, please make it quality and tasty, pizza should be pizza with complete recipe and taste. I'm begging ooo",1,2022-08-02,Google Play,Customer Review,https://play.google.com/store/apps/details?id=com.dominos.ng&hl=en&gl=ng,please i want to solicit that you supply quality product how can i order for pizza and what i receive is bread designed with cheese and about five tiny pieces of beef it's really annoying if it's pizza you specialize in please make it quality and tasty pizza should be pizza with complete recipe and taste i'm begging oo,True,Negative,-1
b53aeca9-0b16-4681-adac-8bd27fae2d43,Domino's,The UX is terrible,2,2022-08-02,Google Play,Customer Review,https://play.google.com/store/apps/details?id=com.dominos.ng&hl=en&gl=ng,the ux is terrible,True,Negative,-2
e158bc6c-0393-4057-b0a1-f423be921995,Domino's,"These app is rubbish, I've been trying to place order since two hours ago and it's not going through.",1,2022-07-31,Google Play,Customer Review,https://play.google.com/store/apps/details?id=com.dominos.ng&hl=en&gl=ng,these app is rubbish i've been trying to place order since two hours ago and it's not going through,True,Negative,-2
e0279e82-0b9f-427d-86e7-7c7f2a0c2500,Domino's,Stupid app doesn't even work Even website does not work And they'll be advertising that you should go and order on website,1,2022-07-31,Google Play,Customer Review,https://play.google.com/store/apps/details?id=com.dominos.ng&hl=en&gl=ng,stupid app doesn't even work even website does not work and they'll be advertising that you should go and order on website,True,Neutral,0
865da7b3-ecb5-4e5a-a98c-a20ef6c64be9,Domino's,Fantastic,5,2022-07-30,Google Play,Customer Review,https://play.google.com/store/apps/details?id=com.dominos.ng&hl=en&gl=ng,fantastic,True,Positive,2
deec80ef-a838-431f-9170-cd73032491ea,Domino's,It so difficult to order especially when you want to pay online.stull having the same problem,3,2022-07-30,Google Play,Customer Review,https://play.google.com/store/apps/details?id=com.dominos.ng&hl=en&gl=ng,it so difficult to order especially when you want to pay online stull having the same problem,True,Negative,-3
e1aa4611-335b-488a-a0ba-efdbe87385be,Domino's,Not easy to select my location for delivery. I tried inputting my location but end up getting delivery from the far distance instead from the one close to me.,1,2022-07-30,Google Play,Customer Review,https://play.google.com/store/apps/details?id=com.dominos.ng&hl=en&gl=ng,not easy to select my location for delivery i tried inputting my location but end up getting delivery from the far distance instead from the one close to me,True,Negative,-1
deb95229-24bc-4b3d-bdd4-6eab033f8dfd,Domino's,"Just installed the app today and after loading, it just gets blank!😭",1,2022-07-25,Google Play,Customer Review,https://play.google.com/store/apps/details?id=com.dominos.ng&hl=en&gl=ng,just installed the app today and after loading it just gets blank sad,True,Negative,-1
4e025274-3687-495d-8992-b650e63bd62a,Domino's,You get better deals online,5,2022-07-24,Google Play,Customer Review,https://play.google.com/store/apps/details?id=com.dominos.ng&hl=en&gl=ng,you get better deals online,True,Neutral,0
2d3342bd-83b8-4e41-9708-29c66cdba13e,Domino's,Easy to use,4,2022-07-23,Google Play,Customer Review,https://play.google.com/store/apps/details?id=com.dominos.ng&hl=en&gl=ng,easy to use,True,Positive,2
583b9bfa-32a8-4cc9-9ee3-d6e9a7d674ad,Domino's,Why is it that the delivery button does not work after pressing continue a lot of times,1,2022-07-22,Google Play,Customer Review,https://play.google.com/store/apps/details?id=com.dominos.ng&hl=en&gl=ng,why is it that the delivery button does not work after pressing continue a lot of times,True,Neutral,0
d0b2a32a-a564-413e-856f-b6a65712c246,Domino's,Bad service bad application terrible website in apapa even the pizza is terrible you are giving a bad feedback about Dominos that I used to know before. You gonna do something,1,2022-07-22,Google Play,Customer Review,https://play.google.com/store/apps/details?id=com.dominos.ng&hl=en&gl=ng,bad service bad application terrible website in apapa even the pizza is terrible you are giving a bad feedback about dominos that i used to know before you gonna do something,True,Negative,-7
19096893-1838-45ec-95f9-e195a8e02f4a,Domino's,Good,5,2022-07-21,Google Play,Customer Review,https://play.google.com/store/apps/details?id=com.dominos.ng&hl=en&gl=ng,good,True,Positive,1
59707ea0-adfe-45ac-ba5a-06865f4a5a80,Domino's,Terrible app. The app needs improvement.,1,2022-07-21,Google Play,Customer Review,https://play.google.com/store/apps/details?id=com.dominos.ng&hl=en&gl=ng,terrible app the app needs improvement,True,Negative,-2
04d3f153-4169-439f-bd6b-ced241d673f1,Domino's,"This app really is bad ..the network is super annoying and i cant even input my address , talk more of ordering anything ....the whole thing is just stressfull seriosly",1,2022-07-20,Google Play,Customer Review,https://play.google.com/store/apps/details?id=com.dominos.ng&hl=en&gl=ng,this app really is bad the network is super annoying and i cant even input my address talk more of ordering anything the whole thing is just stressfull seriosly,True,Negative,-4
f5a1132c-9ee4-462f-b1d5-c60075874bbf,Domino's,"Service is incredible , just improve the online accessibility and offers also give more offers to vendors that buy more",4,2022-07-20,Google Play,Customer Review,https://play.google.com/store/apps/details?id=com.dominos.ng&hl=en&gl=ng,service is incredible just improve the online accessibility and offers also give more offers to vendors that buy more,True,Positive,2
f53a2412-9269-4995-a4c6-7c758db78e0f,Domino's,Useless app,1,2022-07-20,Google Play,Customer Review,https://play.google.com/store/apps/details?id=com.dominos.ng&hl=en&gl=ng,useless app,True,Negative,-2
8a54761c-3480-45ae-afbd-24195100e34f,Domino's,"Fast,swift and accurate delivery",5,2022-07-16,Google Play,Customer Review,https://play.google.com/store/apps/details?id=com.dominos.ng&hl=en&gl=ng,fast swift and accurate delivery,True,Positive,1
4cf074bb-7e93-461a-8f38-0d402f0d14f3,Domino's,Worst app ever,1,2022-07-15,Google Play,Customer Review,https://play.google.com/store/apps/details?id=com.dominos.ng&hl=en&gl=ng,worst app ever,True,Negative,-2
00f69f89-8540-4aa2-93d9-c1c87b885a1e,Domino's,Easy to use,5,2022-07-14,Google Play,Customer Review,https://play.google.com/store/apps/details?id=com.dominos.ng&hl=en&gl=ng,easy to use,True,Positive,2
ec2287ae-050d-4f98-91c3-e9cb762c7c61,Domino's,Okk,3,2022-07-14,Google Play,Customer Review,https://play.google.com/store/apps/details?id=com.dominos.ng&hl=en&gl=ng,okk,True,Neutral,0
00877964-3eaf-4dda-abf7-e349cdb7c3e5,Domino's,Dope!!,5,2022-07-13,Google Play,Customer Review,https://play.google.com/store/apps/details?id=com.dominos.ng&hl=en&gl=ng,dope,True,Neutral,0
eb584a63-ba9d-45c5-8a87-5e47ae236722,Domino's,"Domino's Pizza Nigeria, what exactly is this app for? this might be the worst vendor app on playstore...Its disappointing, considering Domino's Pizza being my best stop for Pizza, you guys should fix this.",1,2022-07-13,Google Play,Customer Review,https://play.google.com/store/apps/details?id=com.dominos.ng&hl=en&gl=ng,domino's pizza nigeria what exactly is this app for this might be the worst vendor app on playstore its disappointing considering domino's pizza being my best stop for pizza you guys should fix this,True,Negative,-3
a2863eb2-ee37-40e9-9fcb-defe53539d00,Domino's,I can't seem to create my profile it keeps loading for ages,1,2022-07-13,Google Play,Customer Review,https://play.google.com/store/apps/details?id=com.dominos.ng&hl=en&gl=ng,i can't seem to create my profile it keeps loading for ages,True,Neutral,0
aa7d873d-9a95-42e0-8263-19185aa23056,Domino's,Good,5,2022-07-12,Google Play,Customer Review,https://play.google.com/store/apps/details?id=com.dominos.ng&hl=en&gl=ng,good,True,Positive,1
1598499b-4d65-4b1c-973b-2c6934576bdd,Domino's,Too busy + complex to order,2,2022-07-09,Google Play,Customer Review,https://play.google.com/store/apps/details?id=com.dominos.ng&hl=en&gl=ng,too busy complex to order,True,Neutral,0
9c0da72a-32ed-4d58-ba2c-4b270715e283,Domino's,Easy and safe to use.,5,2022-07-07,Google Play,Customer Review,https://play.google.com/store/apps/details?id=com.dominos.ng&hl=en&gl=ng,easy and safe to use,True,Positive,2
177f84bd-2364-4636-8de1-f2c492c16373,Domino's,"This is my first time using the app but the chicken was bad,too much salt I could barely eat it ,worst 8k ever spent",1,2022-07-06,Google Play,Customer Review,https://play.google.com/store/apps/details?id=com.dominos.ng&hl=en&gl=ng,this is my first time using the app but the chicken was bad too much salt i could barely eat it worst 8k ever spent,True,Negative,-5
fd12fe68-c212-47e1-8245-c247a16132ec,Domino's,Great experience but am still waiting for my order,5,2022-07-04,Google Play,Customer Review,https://play.google.com/store/apps/details?id=com.dominos.ng&hl=en&gl=ng,great experience but am still waiting for my order,True,Positive,1
c3145335-c452-40f3-8333-a11918fe3b82,Domino's,Nice,5,2022-07-03,Google Play,Customer Review,https://play.google.com/store/apps/details?id=com.dominos.ng&hl=en&gl=ng,nice,True,Positive,1
b233da98-0fac-4b8a-b301-250d51ca4ec4,Domino's,Easy to use and Navigate,4,2022-06-30,Google Play,Customer Review,https://play.google.com/store/apps/details?id=com.dominos.ng&hl=en&gl=ng,easy to use and navigate,True,Positive,2
c303e625-a222-4b09-91a4-596a55aef4fa,Domino's,Top notch,4,2022-06-30,Google Play,Customer Review,https://play.google.com/store/apps/details?id=com.dominos.ng&hl=en&gl=ng,top notch,True,Positive,2
956f5c3d-d0d3-4ead-94c1-7bf6bb47c1df,Domino's,Very very nice,5,2022-06-28,Google Play,Customer Review,https://play.google.com/store/apps/details?id=com.dominos.ng&hl=en&gl=ng,very very nice,True,Positive,2
4656aad3-a024-4cf9-8cbe-43bf9138deb2,Domino's,"I said no onions and yet it was all over the pizza. So annoying when I got home and found out. Anyways, the app needs to update a lot of locations for delivery purposes.",2,2022-06-26,Google Play,Customer Review,https://play.google.com/store/apps/details?id=com.dominos.ng&hl=en&gl=ng,i said no onions and yet it was all over the pizza so annoying when i got home and found out anyways the app needs to update a lot of locations for delivery purposes,True,Negative,-2
e3012d0b-a27a-4468-a9c9-5348e8ec5d38,Domino's,Ok,4,2022-06-26,Google Play,Customer Review,https://play.google.com/store/apps/details?id=com.dominos.ng&hl=en&gl=ng,ok,True,Neutral,0
ef52dcca-a7ce-4220-b176-5fa154501f2e,Domino's,"Getting used to the app, I'm saving time",4,2022-06-26,Google Play,Customer Review,https://play.google.com/store/apps/details?id=com.dominos.ng&hl=en&gl=ng,getting used to the app i'm saving time,True,Neutral,0
ff03bcb0-d20d-44e0-ab5e-8dbdcc7bf72b,Domino's,"I am right here in their store to place an order online. Yet the location stuff keeps rolling. At first I thought it was my network provider, however when I read through the reviews I found out that both the app and website is terrible. I think it is intentional because prices online are way cheaper than in the store, so it will only work maybe during weekdays when there's less traffic. So bad. If Google can give a zero start rating, I would have done so.",1,2022-06-25,Google Play,Customer Review,https://play.google.com/store/apps/details?id=com.dominos.ng&hl=en&gl=ng,i am right here in their store to place an order online yet the location stuff keeps rolling at first i thought it was my network provider however when i read through the reviews i found out that both the app and website is terrible i think it is intentional because prices online are way cheaper than in the store so it will only work maybe during weekdays when there's less traffic so bad if google can give a zero start rating i would have done so,True,Negative,-3
beec425e-2358-472f-907d-5f41b88960c5,Domino's,Nice,4,2022-06-23,Google Play,Customer Review,https://play.google.com/store/apps/details?id=com.dominos.ng&hl=en&gl=ng,nice,True,Positive,1
25550536-f602-4440-ad30-005f5201c9b2,Domino's,"Very confusing app, you guys can do better than the confusion here and there.",1,2022-06-23,Google Play,Customer Review,https://play.google.com/store/apps/details?id=com.dominos.ng&hl=en&gl=ng,very confusing app you guys can do better than the confusion here and there,True,Negative,-2
9a43f5a2-b66d-474b-87e8-aa5726d5cf7e,Domino's,"It will take you ten years to order. If you are not patient, this app is not for you.",1,2022-06-22,Google Play,Customer Review,https://play.google.com/store/apps/details?id=com.dominos.ng&hl=en&gl=ng,it will take you ten years to order if you are not patient this app is not for you,True,Neutral,0
42ae0a50-bd12-437d-9713-9e264875dd4a,Domino's,It's fastest and easier with Delicious pizza,4,2022-06-22,Google Play,Customer Review,https://play.google.com/store/apps/details?id=com.dominos.ng&hl=en&gl=ng,it's fastest and easier with delicious pizza,True,Positive,1
a737868e-d923-487b-bb6f-1f640ed78bb8,Domino's,Awsome,5,2022-06-22,Google Play,Customer Review,https://play.google.com/store/apps/details?id=com.dominos.ng&hl=en&gl=ng,awsome,True,Neutral,0
77483a5a-1162-48b1-9935-79efa05c0b28,Domino's,"I had a satisfactory experience, using the App.",4,2022-06-22,Google Play,Customer Review,https://play.google.com/store/apps/details?id=com.dominos.ng&hl=en&gl=ng,i had a satisfactory experience using the app,True,Neutral,0
44183d93-7845-46c8-a531-b0ebe53c365e,Domino's,It is very accurate👊💥,5,2022-06-21,Google Play,Customer Review,https://play.google.com/store/apps/details?id=com.dominos.ng&hl=en&gl=ng,it is very accurate,True,Neutral,0
9ec87e67-8d73-4c78-921e-5a1d3a28876d,Domino's,Good app.,4,2022-06-20,Google Play,Customer Review,https://play.google.com/store/apps/details?id=com.dominos.ng&hl=en&gl=ng,good app,True,Positive,1
3bb9f5c7-4b9b-4fc1-9b99-a59c5626272e,Domino's,How awful it is that your outlet in Alagomeji doesn't do home delivery to nearby Ebute metta five minutes away? Your app is very difficult to navigate. This is unlike your neighbors Dodo Pizza who not only have an easy to navigate app but also excellent delivery services. This single fact pushed me to eating Dodo Pizza and I've not tasted Dominoes Pizza for upwards of 2 years now. Do I regret it? No! Just find alternatives people.,1,2022-06-19,Google Play,Customer Review,https://play.google.com/store/apps/details?id=com.dominos.ng&hl=en&gl=ng,how awful it is that your outlet in alagomeji doesn't do home delivery to nearby ebute metta five minutes away your app is very difficult to navigate this is unlike your neighbors dodo pizza who not only have an easy to navigate app but also excellent delivery services this single fact pushed me to eating dodo pizza and i've not tasted dominoes pizza for upwards of 2 years now do i regret it no just find alternatives people,True,Negative,-2
ca292df4-13d1-4995-a980-676be05f2650,Domino's,Beautiful,5,2022-06-18,Google Play,Customer Review,https://play.google.com/store/apps/details?id=com.dominos.ng&hl=en&gl=ng,beautiful,True,Neutral,0
baee769d-2fa2-40fd-9f7e-446d45edb486,Domino's,Perfect app,5,2022-06-18,Google Play,Customer Review,https://play.google.com/store/apps/details?id=com.dominos.ng&hl=en&gl=ng,perfect app,True,Positive,2
1a526eed-880d-4c65-9979-9f4df42b168e,Domino's,This app sucks. It takes ages to respond. You need to improve the app.,1,2022-06-18,Google Play,Customer Review,https://play.google.com/store/apps/details?id=com.dominos.ng&hl=en&gl=ng,this app sucks it takes ages to respond you need to improve the app,True,Negative,-2
18fa2dd1-d556-45c8-bfff-9b746bacb029,Domino's,Good,4,2022-06-17,Google Play,Customer Review,https://play.google.com/store/apps/details?id=com.dominos.ng&hl=en&gl=ng,good,True,Positive,1
c60387c8-c2ba-431b-9d56-ea04e6871a2f,Domino's,I love it,5,2022-06-16,Google Play,Customer Review,https://play.google.com/store/apps/details?id=com.dominos.ng&hl=en&gl=ng,i love it,True,Positive,2
635a8636-d718-4c5c-bbc7-65e559447142,Domino's,Good easy to operate,5,2022-06-15,Google Play,Customer Review,https://play.google.com/store/apps/details?id=com.dominos.ng&hl=en&gl=ng,good easy to operate,True,Positive,2
aacbedcb-4076-4228-b800-2a1f59fb2455,Domino's,The service was fast and effective,5,2022-06-14,Google Play,Customer Review,https://play.google.com/store/apps/details?id=com.dominos.ng&hl=en&gl=ng,the service was fast and effective,True,Positive,1
e4249f01-f653-4bd1-b8f8-3a54902f3783,Domino's,Convinient service,5,2022-06-14,Google Play,Customer Review,https://play.google.com/store/apps/details?id=com.dominos.ng&hl=en&gl=ng,convinient service,True,Neutral,0
b4766afe-526e-48fd-aa19-21adf8be10ce,Domino's,Nice,4,2022-06-11,Google Play,Customer Review,https://play.google.com/store/apps/details?id=com.dominos.ng&hl=en&gl=ng,nice,True,Positive,1
93e3c4b7-5913-4394-9317-83b3b97329ef,Domino's,Nice's,1,2022-06-11,Google Play,Customer Review,https://play.google.com/store/apps/details?id=com.dominos.ng&hl=en&gl=ng,nice's,True,Neutral,0
67858ee2-fef0-462b-878a-f2181cb91c86,Domino's,I ordered a pizza by 2:45 expecting my order to be ready in under 20 minutes like they had said and when I got there they said they hadn't even started the order not until 3:10,1,2022-06-10,Google Play,Customer Review,https://play.google.com/store/apps/details?id=com.dominos.ng&hl=en&gl=ng,i ordered a pizza by 2 45 expecting my order to be ready in under 20 minutes like they had said and when i got there they said they hadn't even started the order not until 3 10,True,Neutral,0
b5c33c8c-3517-4b15-ab21-c8a47419da2e,Domino's,"Do not do a delivery option, frustrated people at Awolowo Road branch expecially the delivery boy called Dammy boy. They are very uncoordinated and rude.. The boy insulted me..",1,2022-06-10,Google Play,Customer Review,https://play.google.com/store/apps/details?id=com.dominos.ng&hl=en&gl=ng,do not do a delivery option frustrated people at awolowo road branch expecially the delivery boy called dammy boy they are very uncoordinated and rude the boy insulted me,True,Negative,-2
30a29ff1-9d78-4f28-9cac-839310868b49,Domino's,Ordering pizza on this app is a struggle.,2,2022-06-10,Google Play,Customer Review,https://play.google.com/store/apps/details?id=com.dominos.ng&hl=en&gl=ng,ordering pizza on this app is a struggle,True,Neutral,0
c0293303-8845-4f5f-8095-f609f7aa004f,Domino's,Good,5,2022-06-08,Google Play,Customer Review,https://play.google.com/store/apps/details?id=com.dominos.ng&hl=en&gl=ng,good,True,Positive,1
be356cf8-d726-4fb6-bfd5-e1bcc5ebecfc,Domino's,This app is a fantastic one!!!,3,2022-06-07,Google Play,Customer Review,https://play.google.com/store/apps/details?id=com.dominos.ng&hl=en&gl=ng,this app is a fantastic one,True,Positive,2
1c62006e-83f5-43fa-b6e6-88aaa2a2be5f,Domino's,Unnecessary rubbish,1,2022-06-05,Google Play,Customer Review,https://play.google.com/store/apps/details?id=com.dominos.ng&hl=en&gl=ng,unnecessary rubbish,True,Negative,-2
32ff4d52-977f-4421-b3f0-d23d630f4437,Domino's,I love the experience,5,2022-06-05,Google Play,Customer Review,https://play.google.com/store/apps/details?id=com.dominos.ng&hl=en&gl=ng,i love the experience,True,Positive,2
89dd8d0f-ca07-45d1-a9e0-2a3b103ce32d,Domino's,Was easy,5,2022-06-04,Google Play,Customer Review,https://play.google.com/store/apps/details?id=com.dominos.ng&hl=en&gl=ng,was easy,True,Positive,1
62776d73-3d61-4fd1-b6c3-2c17ab9dcd58,Domino's,Amazing,5,2022-06-01,Google Play,Customer Review,https://play.google.com/store/apps/details?id=com.dominos.ng&hl=en&gl=ng,amazing,True,Positive,2
26604f1a-60f1-4930-b365-0dcc0363c30d,Domino's,Worst experience ever av been trying to order now for the past 10 mins Its saying i should select city Which its not even possibe to do so,1,2022-05-31,Google Play,Customer Review,https://play.google.com/store/apps/details?id=com.dominos.ng&hl=en&gl=ng,worst experience ever av been trying to order now for the past 10 mins its saying i should select city which its not even possibe to do so,True,Negative,-2
78eefbba-5a5b-4951-ac01-f67049638195,Domino's,The app is really annoying,1,2022-05-31,Google Play,Customer Review,https://play.google.com/store/apps/details?id=com.dominos.ng&hl=en&gl=ng,the app is really annoying,True,Negative,-2
eea1d6a9-e710-404c-9c4b-915e95f1e6b9,Domino's,"Very poor, it takes up to 1hr to order ,it's stops and load for minutes before you get to the next stage",1,2022-05-29,Google Play,Customer Review,https://play.google.com/store/apps/details?id=com.dominos.ng&hl=en&gl=ng,very poor it takes up to 1hr to order it's stops and load for minutes before you get to the next stage,True,Negative,-2
e79bf59e-8778-4416-b375-b80de24adcea,Domino's,Beautiful,5,2022-05-29,Google Play,Customer Review,https://play.google.com/store/apps/details?id=com.dominos.ng&hl=en&gl=ng,beautiful,True,Neutral,0
6367df01-222c-4085-ba4c-86a9dd93c719,Domino's,To log in to your app na waaala don't understand d app,1,2022-05-27,Google Play,Customer Review,https://play.google.com/store/apps/details?id=com.dominos.ng&hl=en&gl=ng,to log in to your app na waala don't understand d app,True,Neutral,0
c06e7449-92a3-41d4-af7c-f62fada31740,Domino's,"Super convenient 10/10 , I recommend",5,2022-05-26,Google Play,Customer Review,https://play.google.com/store/apps/details?id=com.dominos.ng&hl=en&gl=ng,super convenient 10 10 i recommend,True,Positive,3
f41c95de-d5fb-47e7-b701-72fe92c605ea,Domino's,Great,5,2022-05-26,Google Play,Customer Review,https://play.google.com/store/apps/details?id=com.dominos.ng&hl=en&gl=ng,great,True,Positive,1
8ddf108e-fa08-4867-af9b-4ea4541956c4,Domino's,Terrible...,1,2022-05-25,Google Play,Customer Review,https://play.google.com/store/apps/details?id=com.dominos.ng&hl=en&gl=ng,terrible,True,Negative,-2
3c0d91a3-a1f8-4305-9c7d-a6145a36cd92,Domino's,Its reliable,5,2022-05-25,Google Play,Customer Review,https://play.google.com/store/apps/details?id=com.dominos.ng&hl=en&gl=ng,its reliable,True,Positive,1
b1ba571d-0c56-438f-abec-c376a2191472,Domino's,"Bad customer service, placed an order literally an hour ago and I haven't gotten my order when I live 5 minutes away from the outlet",1,2022-05-24,Google Play,Customer Review,https://play.google.com/store/apps/details?id=com.dominos.ng&hl=en&gl=ng,bad customer service placed an order literally an hour ago and i haven't gotten my order when i live 5 minutes away from the outlet,True,Negative,-1
78f685cd-8588-4311-ac48-dac42bc357dd,Domino's,Nice online experience. Always prompt and tasty,5,2022-05-24,Google Play,Customer Review,https://play.google.com/store/apps/details?id=com.dominos.ng&hl=en&gl=ng,nice online experience always prompt and tasty,True,Positive,2
2b03e0d4-a23d-422c-bf2f-33bca66e116e,Domino's,Terrible app. My address wasn't eligible for online delivery even though I've used the same address in the past and it worked. The least Domino's Pizza can do is to include a location finder for online deliveries. 😫,1,2022-05-23,Google Play,Customer Review,https://play.google.com/store/apps/details?id=com.dominos.ng&hl=en&gl=ng,terrible app my address wasn't eligible for online delivery even though i've used the same address in the past and it worked the least domino's pizza can do is to include a location finder for online deliveries,True,Negative,-2
1cef6919-6f0b-4d17-b561-ee5e21e02ed7,Domino's,Okay..but can be better,4,2022-05-23,Google Play,Customer Review,https://play.google.com/store/apps/details?id=com.dominos.ng&hl=en&gl=ng,okay but can be better,True,Neutral,0
5673573b-7783-433f-a78d-4d4721155d0e,Domino's,"The app is very ""un-userfriendly""",1,2022-05-22,Google Play,Customer Review,https://play.google.com/store/apps/details?id=com.dominos.ng&hl=en&gl=ng,the app is very un userfriendly,True,Positive,2
f212d3d9-46d4-4a66-9a8a-f0f01f437144,Domino's,Best at serving customers..,5,2022-05-22,Google Play,Customer Review,https://play.google.com/store/apps/details?id=com.dominos.ng&hl=en&gl=ng,best at serving customers,True,Positive,2
5969457f-e0db-47ec-9106-bf4d285ff45a,Domino's,It's sooo bad,1,2022-05-21,Google Play,Customer Review,https://play.google.com/store/apps/details?id=com.dominos.ng&hl=en&gl=ng,it's soo bad,True,Negative,-1
ce4f1d72-0ab0-403d-a730-40832969dd41,Domino's,Great,5,2022-05-21,Google Play,Customer Review,https://play.google.com/store/apps/details?id=com.dominos.ng&hl=en&gl=ng,great,True,Positive,1
6aa48f48-48b1-442e-a35d-6765884c5ed7,Domino's,Awesome,5,2022-05-18,Google Play,Customer Review,https://play.google.com/store/apps/details?id=com.dominos.ng&hl=en&gl=ng,awesome,True,Positive,2
2890b3a8-a9d4-4c52-8f5b-dfad6a33273e,Domino's,Amazing 👏,4,2022-05-16,Google Play,Customer Review,https://play.google.com/store/apps/details?id=com.dominos.ng&hl=en&gl=ng,amazing,True,Positive,2
125b783b-5441-4b18-b7a1-0e4bf52792d2,Domino's,Good,5,2022-05-15,Google Play,Customer Review,https://play.google.com/store/apps/details?id=com.dominos.ng&hl=en&gl=ng,good,True,Positive,1
5600cb7b-343b-499f-8a0c-8905c3a326fa,Domino's,Like the discounts,5,2022-05-09,Google Play,Customer Review,https://play.google.com/store/apps/details?id=com.dominos.ng&hl=en&gl=ng,like the discounts,True,Neutral,0
22882f6a-6db4-4894-838c-65590ba2915c,Domino's,Not bad at all,4,2022-05-08,Google Play,Customer Review,https://play.google.com/store/apps/details?id=com.dominos.ng&hl=en&gl=ng,not bad at all,True,Positive,1
d1386220-586c-45e8-ba35-617343a50ca0,Domino's,Satisfactory,4,2022-05-07,Google Play,Customer Review,https://play.google.com/store/apps/details?id=com.dominos.ng&hl=en&gl=ng,satisfactory,True,Neutral,0
5c7fc007-1ec1-4fc1-8d41-6e9246258cb9,Domino's,Using this app took too long to process,1,2022-05-07,Google Play,Customer Review,https://play.google.com/store/apps/details?id=com.dominos.ng&hl=en&gl=ng,using this app took too long to process,True,Neutral,0
8df36a3e-ff85-49e5-940a-8f714291010b,Domino's,Easy to use and really responsive,5,2022-05-06,Google Play,Customer Review,https://play.google.com/store/apps/details?id=com.dominos.ng&hl=en&gl=ng,easy to use and really responsive,True,Positive,4
d11e288d-9c64-4193-ae1c-efeb2690fc5d,Domino's,Great service,5,2022-05-05,Google Play,Customer Review,https://play.google.com/store/apps/details?id=com.dominos.ng&hl=en&gl=ng,great service,True,Positive,1
850faaa3-058d-40a7-8eb6-18a0a085e7ea,Domino's,Awesome,5,2022-05-04,Google Play,Customer Review,https://play.google.com/store/apps/details?id=com.dominos.ng&hl=en&gl=ng,awesome,True,Positive,2
fb36d280-c2f2-4c56-9bb0-60e2618348f6,Domino's,Impressive,5,2022-05-03,Google Play,Customer Review,https://play.google.com/store/apps/details?id=com.dominos.ng&hl=en&gl=ng,impressive,True,Positive,1
77911dfe-4a7e-4d19-a566-3f12ccb403fe,Domino's,Awesome,5,2022-05-03,Google Play,Customer Review,https://play.google.com/store/apps/details?id=com.dominos.ng&hl=en&gl=ng,awesome,True,Positive,2
4f0cc0f5-0286-4aa3-841a-9af2c9dcf26b,Domino's,Easy to use,5,2022-05-02,Google Play,Customer Review,https://play.google.com/store/apps/details?id=com.dominos.ng&hl=en&gl=ng,easy to use,True,Positive,2
14661fad-46d0-4cf5-802d-70d3ff5611c3,Domino's,I was called immediately to confirm 👍,5,2022-05-01,Google Play,Customer Review,https://play.google.com/store/apps/details?id=com.dominos.ng&hl=en&gl=ng,i was called immediately to confirm good,True,Positive,1
6c4470aa-1b58-44ca-aee4-5c8e354a921a,Domino's,Good,5,2022-05-01,Google Play,Customer Review,https://play.google.com/store/apps/details?id=com.dominos.ng&hl=en&gl=ng,good,True,Positive,1
6c99df38-e2f6-40b4-a586-8e736edc4efd,Domino's,Friendly look and feal,5,2022-04-27,Google Play,Customer Review,https://play.google.com/store/apps/details?id=com.dominos.ng&hl=en&gl=ng,friendly look and feal,True,Positive,1
95b28cea-7eb0-4335-9d83-c6e2cb1a7d7c,Domino's,Exceptional service. I love Dominos pizza 🍕,4,2022-04-27,Google Play,Customer Review,https://play.google.com/store/apps/details?id=com.dominos.ng&hl=en&gl=ng,exceptional service i love dominos pizza,True,Positive,4
a3675de6-0eba-4e1c-9659-463bf79c689d,Domino's,"Good, little improvement needed on the interface, but still good.",4,2022-04-27,Google Play,Customer Review,https://play.google.com/store/apps/details?id=com.dominos.ng&hl=en&gl=ng,good little improvement needed on the interface but still good,True,Positive,2
1f0949a1-ff8c-4740-8157-9f0f0a6572c2,Domino's,Well done and really help,5,2022-04-24,Google Play,Customer Review,https://play.google.com/store/apps/details?id=com.dominos.ng&hl=en&gl=ng,well done and really help,True,Positive,2
0877f187-de92-4b83-967a-d87ee6deee32,Domino's,This app is not working at all,1,2022-04-24,Google Play,Customer Review,https://play.google.com/store/apps/details?id=com.dominos.ng&hl=en&gl=ng,this app is not working at all,True,Negative,-2
3aee5b8a-5a12-4f67-9cde-7b9801944303,Domino's,"This app is not it at all... Very annoying... My order should just come so I can delete the app... Cos after stressing myself to place an order on this frustrating app, now I'm calling the rider and he's not picking my call and even the customer care line isn't picking up... This app should be scrapped biko",1,2022-04-24,Google Play,Customer Review,https://play.google.com/store/apps/details?id=com.dominos.ng&hl=en&gl=ng,this app is not it at all very annoying my order should just come so i can delete the app cos after stressing myself to place an order on this frustrating app now i'm calling the rider and he's not picking my call and even the customer care line isn't picking up this app should be scrapped biko,True,Negative,-4
f0ce4730-1c35-4e25-9465-22bf1188004c,Domino's,How can you not have abuja as part of the cities? Like how?,1,2022-04-24,Google Play,Customer Review,https://play.google.com/store/apps/details?id=com.dominos.ng&hl=en&gl=ng,how can you not have abuja as part of the cities like how,True,Neutral,0
136bed73-b74c-471c-8f7d-8a0f262eef48,Domino's,Cool,5,2022-04-23,Google Play,Customer Review,https://play.google.com/store/apps/details?id=com.dominos.ng&hl=en&gl=ng,cool,True,Positive,1
7e02de5f-5235-49ca-857e-05cccc8aa1a1,Domino's,Fantastic,5,2022-04-22,Google Play,Customer Review,https://play.google.com/store/apps/details?id=com.dominos.ng&hl=en&gl=ng,fantastic,True,Positive,2
c78cd79b-b796-4d0f-92f8-0a31ccd48701,Domino's,Excellent,1,2022-04-21,Google Play,Customer Review,https://play.google.com/store/apps/details?id=com.dominos.ng&hl=en&gl=ng,excellent,True,Positive,2
739ce6b1-c349-454b-b859-6717276232c2,Domino's,nice,4,2022-04-20,Google Play,Customer Review,https://play.google.com/store/apps/details?id=com.dominos.ng&hl=en&gl=ng,nice,True,Positive,1
7ed9baa6-0aaa-42ab-ad80-267bc13f0b6d,Domino's,A very reliable app. Easy to order with no complications. You won't regret using the app,5,2022-04-19,Google Play,Customer Review,https://play.google.com/store/apps/details?id=com.dominos.ng&hl=en&gl=ng,a very reliable app easy to order with no complications you won't regret using the app,True,Positive,4
f5b9d2a7-f916-466a-836b-9cd42d17cf8a,Domino's,Very! Very! Very! BAD service. I'm honestly frustrated by the service!,1,2022-04-19,Google Play,Customer Review,https://play.google.com/store/apps/details?id=com.dominos.ng&hl=en&gl=ng,very very very bad service i'm honestly frustrated by the service,True,Negative,-3
55a341ba-c730-446e-bc03-aec9ddf9ae5a,Domino's,Love it,5,2022-04-19,Google Play,Customer Review,https://play.google.com/store/apps/details?id=com.dominos.ng&hl=en&gl=ng,love it,True,Positive,2
fd9dc3df-5374-4d7d-96bb-484872b4bc25,Domino's,Good,3,2022-04-18,Google Play,Customer Review,https://play.google.com/store/apps/details?id=com.dominos.ng&hl=en&gl=ng,good,True,Positive,1
fc0d668a-a216-49f0-96a8-e32599763f8f,Domino's,"Terrible: too slow, requires very high speed internet, and somewhat very complex. User experience is poor. I have actually deleted it like twice now",1,2022-04-18,Google Play,Customer Review,https://play.google.com/store/apps/details?id=com.dominos.ng&hl=en&gl=ng,terrible too slow requires very high speed internet and somewhat very complex user experience is poor i have actually deleted it like twice now,True,Negative,-5
a3dd3ca2-27a7-46e5-903b-76b77e304770,Domino's,Makes online orders easy when the app is up and running.,4,2022-04-16,Google Play,Customer Review,https://play.google.com/store/apps/details?id=com.dominos.ng&hl=en&gl=ng,makes online orders easy when the app is up and running,True,Positive,1
63ee114d-7d79-4efd-b32b-1fecb9909179,Domino's,This app is great,5,2022-04-15,Google Play,Customer Review,https://play.google.com/store/apps/details?id=com.dominos.ng&hl=en&gl=ng,this app is great,True,Positive,1
2caca566-7846-4923-9505-79079706cc4c,Domino's,Great 👍,5,2022-04-12,Google Play,Customer Review,https://play.google.com/store/apps/details?id=com.dominos.ng&hl=en&gl=ng,great good,True,Positive,2
cc85d9e9-dc8a-4bac-be03-1bfe801dc2c1,Domino's,Excellent,5,2022-04-10,Google Play,Customer Review,https://play.google.com/store/apps/details?id=com.dominos.ng&hl=en&gl=ng,excellent,True,Positive,2
69e337d8-cf65-4125-a1f9-ccda086e2770,Domino's,"New Cheap deals online always, you c an even track the progress. Awesome!",5,2022-04-08,Google Play,Customer Review,https://play.google.com/store/apps/details?id=com.dominos.ng&hl=en&gl=ng,new cheap deals online always you c an even track the progress awesome,True,Positive,3
08bf19ff-5b2b-4dd5-a1c3-d12339ef8cbc,Domino's,Perfect service,5,2022-04-08,Google Play,Customer Review,https://play.google.com/store/apps/details?id=com.dominos.ng&hl=en&gl=ng,perfect service,True,Positive,2
ff5d5c3f-31a7-487d-9b0d-88112efab5e9,Domino's,Exceptional,5,2022-04-08,Google Play,Customer Review,https://play.google.com/store/apps/details?id=com.dominos.ng&hl=en&gl=ng,exceptional,True,Positive,2
78055147-f948-462d-9d87-7d59454c9b8e,Domino's,"Terrible app to use. Terrible customer service from the store at Badore. Paid on the app and as debited, didn't get anything. My order didn't reflect on the app and when I called they didn't do anything about it.",1,2022-04-08,Google Play,Customer Review,https://play.google.com/store/apps/details?id=com.dominos.ng&hl=en&gl=ng,terrible app to use terrible customer service from the store at badore paid on the app and as debited didn't get anything my order didn't reflect on the app and when i called they didn't do anything about it,True,Negative,-4
2486c8ee-cfd0-4f65-9e6f-003b85dfc7e2,Domino's,The app is not working at all just shows blank,1,2022-04-07,Google Play,Customer Review,https://play.google.com/store/apps/details?id=com.dominos.ng&hl=en&gl=ng,the app is not working at all just shows blank,True,Negative,-2
a3f539e8-5d98-4ed7-82ff-78351dd58d5f,Domino's,Great,5,2022-04-06,Google Play,Customer Review,https://play.google.com/store/apps/details?id=com.dominos.ng&hl=en&gl=ng,great,True,Positive,1
ea32cd58-8d40-471c-906c-b0609ee9f65a,Domino's,Nice,5,2022-04-06,Google Play,Customer Review,https://play.google.com/store/apps/details?id=com.dominos.ng&hl=en&gl=ng,nice,True,Positive,1
f476144f-d237-4440-8a66-569bb9b38112,Domino's,Nice,5,2022-04-04,Google Play,Customer Review,https://play.google.com/store/apps/details?id=com.dominos.ng&hl=en&gl=ng,nice,True,Positive,1
e87cc151-ec9e-4fd1-ac1e-374eb154ebe6,Domino's,Very buggy app,1,2022-04-03,Google Play,Customer Review,https://play.google.com/store/apps/details?id=com.dominos.ng&hl=en&gl=ng,very buggy app,True,Negative,-2
35e2d0fa-fefc-42e0-bdfe-5c4978a7a73a,Domino's,A bit difficult but it does the job.,4,2022-04-03,Google Play,Customer Review,https://play.google.com/store/apps/details?id=com.dominos.ng&hl=en&gl=ng,a bit difficult but it does the job,True,Positive,1
753d3601-8f8c-4290-ad55-9e16ac31c34f,Domino's,"My Experience was terrible. It took me literally 1 hour to place my order, because of the difficulty and strictness I encounter in putting in my location. Not all house and locations in Lugbe, Abuja has a 'street number' mine just has a name, a very popular name, but since I didn't have a number to input in the required field - street number, it refuse to take my other. Please fix this. ""There could be an option of use device location as delivery location"" this will make things much easier.",1,2022-04-02,Google Play,Customer Review,https://play.google.com/store/apps/details?id=com.dominos.ng&hl=en&gl=ng,my experience was terrible it took me literally 1 hour to place my order because of the difficulty and strictness i encounter in putting in my location not all house and locations in lugbe abuja has a 'street number' mine just has a name a very popular name but since i didn't have a number to input in the required field street number it refuse to take my other please fix this there could be an option of use device location as delivery location this will make things much easier,True,Negative,-4
60972261-92ea-424e-90b4-14fb95a0a266,Domino's,Awesome,5,2022-04-01,Google Play,Customer Review,https://play.google.com/store/apps/details?id=com.dominos.ng&hl=en&gl=ng,awesome,True,Positive,2
ff8cff20-35f9-4de5-97e4-469c4d82c116,Domino's,Great service,5,2022-03-26,Google Play,Customer Review,https://play.google.com/store/apps/details?id=com.dominos.ng&hl=en&gl=ng,great service,True,Positive,1
2c206de3-84e0-4ca6-bd15-af7873131c2c,Domino's,Great Job,4,2022-03-26,Google Play,Customer Review,https://play.google.com/store/apps/details?id=com.dominos.ng&hl=en&gl=ng,great job,True,Positive,2
18b6ef0c-8c58-4713-8feb-d53cc8574d46,Domino's,The app is fine but what I don't like is the restriction on delivery. It defeats the purpose of what the app should be and that led to my rating,1,2022-03-26,Google Play,Customer Review,https://play.google.com/store/apps/details?id=com.dominos.ng&hl=en&gl=ng,the app is fine but what i don't like is the restriction on delivery it defeats the purpose of what the app should be and that led to my rating,True,Negative,-2
17a9789b-e2ff-4b3c-aa8b-ecd7a4097211,Domino's,The best of the best,5,2022-03-26,Google Play,Customer Review,https://play.google.com/store/apps/details?id=com.dominos.ng&hl=en&gl=ng,the best of the best,True,Positive,4
c7c6ee8b-a102-4a73-a9f6-d44a95745156,Domino's,It's a lovely app,4,2022-03-24,Google Play,Customer Review,https://play.google.com/store/apps/details?id=com.dominos.ng&hl=en&gl=ng,it's a lovely app,True,Neutral,0
7c9b9947-3da7-4fb5-849c-00f92329ec5a,Domino's,Super cool,5,2022-03-23,Google Play,Customer Review,https://play.google.com/store/apps/details?id=com.dominos.ng&hl=en&gl=ng,super cool,True,Positive,2
6b30716c-3fc3-40f3-8e63-0a3f66f5da8b,Domino's,Difficult app too use. Too stressful,1,2022-03-20,Google Play,Customer Review,https://play.google.com/store/apps/details?id=com.dominos.ng&hl=en&gl=ng,difficult app too use too stressful,True,Negative,-3
654ab9a0-977e-4e5b-b3c5-ed43e18ac267,Domino's,Fast and easy,5,2022-03-20,Google Play,Customer Review,https://play.google.com/store/apps/details?id=com.dominos.ng&hl=en&gl=ng,fast and easy,True,Positive,2
c27ab451-03e5-4515-8371-763cdbd1b5db,Domino's,Awesome,5,2022-03-18,Google Play,Customer Review,https://play.google.com/store/apps/details?id=com.dominos.ng&hl=en&gl=ng,awesome,True,Positive,2
59f03246-d7eb-4d87-8d8d-d287d01dc34f,Domino's,Wow. I love relaxing at home and ordering online. Great options & efficient delivery. Cheers Dominoes.,5,2022-03-18,Google Play,Customer Review,https://play.google.com/store/apps/details?id=com.dominos.ng&hl=en&gl=ng,wow i love relaxing at home and ordering online great options efficient delivery cheers dominoes,True,Positive,5
0dd625af-112d-4302-9ce8-8148f4829f56,Domino's,Nice,1,2022-03-17,Google Play,Customer Review,https://play.google.com/store/apps/details?id=com.dominos.ng&hl=en&gl=ng,nice,True,Positive,1
7064552c-1aae-4a2f-8296-e481334b0eb3,Domino's,App is unattractive and looks complicated.,2,2022-03-17,Google Play,Customer Review,https://play.google.com/store/apps/details?id=com.dominos.ng&hl=en&gl=ng,app is unattractive and looks complicated,True,Negative,-1
1703c1aa-4c34-4fe7-8ca1-266a189b3cd2,Domino's,Easy to use,5,2022-03-16,Google Play,Customer Review,https://play.google.com/store/apps/details?id=com.dominos.ng&hl=en&gl=ng,easy to use,True,Positive,2
21e66a9c-2d7d-4527-b592-b741963e3c19,Domino's,It is a good app but can definitely be better 🙂🙂🙂 Especially at extending the places of delivery,5,2022-03-15,Google Play,Customer Review,https://play.google.com/store/apps/details?id=com.dominos.ng&hl=en&gl=ng,it is a good app but can definitely be better especially at extending the places of delivery,True,Positive,1
67ac91d9-b1af-4fb4-baca-5acd267c857e,Domino's,Awesomesauce,4,2022-03-15,Google Play,Customer Review,https://play.google.com/store/apps/details?id=com.dominos.ng&hl=en&gl=ng,awesomesauce,True,Neutral,0
b488b4a1-addc-440a-9f1b-f47eb0a7825c,Domino's,"The app is okay apart from the pizza , the pizza is bad I ordered for big pizza but wen I got home and open the box wat I saw shocked me the pizza is very small and very flat .",1,2022-03-14,Google Play,Customer Review,https://play.google.com/store/apps/details?id=com.dominos.ng&hl=en&gl=ng,the app is okay apart from the pizza the pizza is bad i ordered for big pizza but wen i got home and open the box wat i saw shocked me the pizza is very small and very flat,True,Negative,-1
a652d467-4e27-44db-bc6d-88680b0dbdf6,Domino's,"Fantastic, fast and very user friendly",5,2022-03-13,Google Play,Customer Review,https://play.google.com/store/apps/details?id=com.dominos.ng&hl=en&gl=ng,fantastic fast and very user friendly,True,Positive,5
8ce76552-c23e-45e9-a37c-903e9946a792,Domino's,"Very frustrating, took me over an hour to place the order. Refused to sign me into my account, even after I ""changed"" password. Kept saying it was experiencing technical issues. Then, later, it said the store could do delivery..... so hectic.",1,2022-03-13,Google Play,Customer Review,https://play.google.com/store/apps/details?id=com.dominos.ng&hl=en&gl=ng,very frustrating took me over an hour to place the order refused to sign me into my account even after i changed password kept saying it was experiencing technical issues then later it said the store could do delivery so hectic,True,Negative,-3
1fe68f98-97a2-4f0a-ac62-bc7d924ac6a0,Domino's,Terrible. Ordering a pizza here is by luck. You guys should pull this down and start afresh,1,2022-03-12,Google Play,Customer Review,https://play.google.com/store/apps/details?id=com.dominos.ng&hl=en&gl=ng,terrible ordering a pizza here is by luck you guys should pull this down and start afresh,True,Negative,-2
417bb475-82f7-4a82-8e5c-59a786178ba9,Domino's,Awesome experience,5,2022-03-11,Google Play,Customer Review,https://play.google.com/store/apps/details?id=com.dominos.ng&hl=en&gl=ng,awesome experience,True,Positive,2
9e647e31-828c-4ccf-ba14-e55bff7ac492,Domino's,"This app is easy and convenient, though has delivery problems sometimes.",4,2022-03-10,Google Play,Customer Review,https://play.google.com/store/apps/details?id=com.dominos.ng&hl=en&gl=ng,this app is easy and convenient though has delivery problems sometimes,True,Positive,1
db661698-24fc-4bcb-8a56-93d6a62cf887,Domino's,Useless app,1,2022-03-09,Google Play,Customer Review,https://play.google.com/store/apps/details?id=com.dominos.ng&hl=en&gl=ng,useless app,True,Negative,-2
cac63e2e-dd47-4f46-ab7f-91d03de1773a,Domino's,Delicious 😋,5,2022-03-07,Google Play,Customer Review,https://play.google.com/store/apps/details?id=com.dominos.ng&hl=en&gl=ng,delicious,True,Positive,1
344e7f5c-ea17-4c6c-944c-f4e5f3b699a4,Domino's,Easy to operate,5,2022-03-05,Google Play,Customer Review,https://play.google.com/store/apps/details?id=com.dominos.ng&hl=en&gl=ng,easy to operate,True,Positive,1
04ee8d9e-b835-432c-b04b-40dc3e51b66c,Domino's,Great,5,2022-03-05,Google Play,Customer Review,https://play.google.com/store/apps/details?id=com.dominos.ng&hl=en&gl=ng,great,True,Positive,1
33336bca-cd78-4f8d-b596-a3e8f7150171,Domino's,Easy to use,5,2022-03-04,Google Play,Customer Review,https://play.google.com/store/apps/details?id=com.dominos.ng&hl=en&gl=ng,easy to use,True,Positive,2
91f0bf2c-cc8a-4182-8cab-ceb33484dafc,Domino's,"The App is easy to use, they have different deals on the App. I always use it to order my pizza.",5,2022-03-03,Google Play,Customer Review,https://play.google.com/store/apps/details?id=com.dominos.ng&hl=en&gl=ng,the app is easy to use they have different deals on the app i always use it to order my pizza,True,Positive,2
8c3204b0-513e-4fff-a6b2-7c29fa8c9df6,Domino's,"Extremely annoying,I live just opposite domino's and it's taking forever to deliver my order ,the app isn't even normal",1,2022-03-03,Google Play,Customer Review,https://play.google.com/store/apps/details?id=com.dominos.ng&hl=en&gl=ng,extremely annoying i live just opposite domino's and it's taking forever to deliver my order the app isn't even normal,True,Negative,-2
48bd0bca-8275-4280-8a2a-721743b75894,Domino's,All I can say is kudos to the entire dominos team!,5,2022-02-27,Google Play,Customer Review,https://play.google.com/store/apps/details?id=com.dominos.ng&hl=en&gl=ng,all i can say is kudos to the entire dominos team,True,Positive,1
b7b043a6-fdc8-4c15-ab30-fc5d72760df4,Domino's,So far so good,4,2022-02-27,Google Play,Customer Review,https://play.google.com/store/apps/details?id=com.dominos.ng&hl=en&gl=ng,so far so good,True,Positive,2
2180aba7-dd0b-4186-adb8-802b6e4c3707,Domino's,It is a nice app but needs to add the time for pickup,4,2022-02-27,Google Play,Customer Review,https://play.google.com/store/apps/details?id=com.dominos.ng&hl=en&gl=ng,it is a nice app but needs to add the time for pickup,True,Positive,1
37601a03-f048-4383-a9d8-9d8b616edabf,Domino's,Great deals,5,2022-02-26,Google Play,Customer Review,https://play.google.com/store/apps/details?id=com.dominos.ng&hl=en&gl=ng,great deals,True,Positive,1
69bf6ae2-546b-4967-aea0-1ad6d6d69d75,Domino's,"I don't like this app, since when I download this app I can't order for delivery. Their map should be amend",1,2022-02-25,Google Play,Customer Review,https://play.google.com/store/apps/details?id=com.dominos.ng&hl=en&gl=ng,i don't like this app since when i download this app i can't order for delivery their map should be amend,True,Negative,-2
d2ccfccc-9874-4633-b9ab-08484c6e3e2d,Domino's,I hate you guys so much 😠😠😠..food should be the least of human problem but you guys just had to make it worst to obtain,1,2022-02-25,Google Play,Customer Review,https://play.google.com/store/apps/details?id=com.dominos.ng&hl=en&gl=ng,i hate you guys so much angry angry angry food should be the least of human problem but you guys just had to make it worst to obtain,True,Negative,-6
2c7798e6-bdac-4f47-b3dc-14fa91fac1b3,Domino's,Great functionality. Could be made a bit simpler though.,4,2022-02-24,Google Play,Customer Review,https://play.google.com/store/apps/details?id=com.dominos.ng&hl=en&gl=ng,great functionality could be made a bit simpler though,True,Positive,1
1382e9c6-5763-4505-8962-917c3f69b199,Domino's,The app never works,1,2022-02-24,Google Play,Customer Review,https://play.google.com/store/apps/details?id=com.dominos.ng&hl=en&gl=ng,the app never works,True,Neutral,0
4c8658e2-a0c0-46b1-b617-87e8695b719f,Domino's,It easy to operate and fast,5,2022-02-24,Google Play,Customer Review,https://play.google.com/store/apps/details?id=com.dominos.ng&hl=en&gl=ng,it easy to operate and fast,True,Positive,2
82c4ffcb-ddc0-41e5-bd72-d82c7783d1e6,Domino's,Easy and fast,5,2022-02-24,Google Play,Customer Review,https://play.google.com/store/apps/details?id=com.dominos.ng&hl=en&gl=ng,easy and fast,True,Positive,2
ba004e7a-ed62-4f29-8657-cc6f10a5e642,Domino's,Very easy and fast,5,2022-02-23,Google Play,Customer Review,https://play.google.com/store/apps/details?id=com.dominos.ng&hl=en&gl=ng,very easy and fast,True,Positive,3
280999d9-ee3b-4091-b5ed-ec66903a5b2e,Domino's,Easy to navigate,5,2022-02-21,Google Play,Customer Review,https://play.google.com/store/apps/details?id=com.dominos.ng&hl=en&gl=ng,easy to navigate,True,Positive,1
9ef5ba21-2e50-4d43-bf0b-a01ff371e9d3,Domino's,This is the worst app ever. The map doesn't work. I stay at Oyadiran Estate and there is a store on Herbert Macaulay yet I can't order delivery. I have been complaining for over a year yet nothing has been done.,1,2022-02-20,Google Play,Customer Review,https://play.google.com/store/apps/details?id=com.dominos.ng&hl=en&gl=ng,this is the worst app ever the map doesn't work i stay at oyadiran estate and there is a store on herbert macaulay yet i can't order delivery i have been complaining for over a year yet nothing has been done,True,Negative,-4
f24d92d2-ad50-4d5c-b9e6-d8b3cdc58bec,Domino's,Very easy to use and navigate.,4,2022-02-20,Google Play,Customer Review,https://play.google.com/store/apps/details?id=com.dominos.ng&hl=en&gl=ng,very easy to use and navigate,True,Positive,2
214e1ea8-53af-49d5-8385-5021fb28656e,Domino's,Nice,5,2022-02-19,Google Play,Customer Review,https://play.google.com/store/apps/details?id=com.dominos.ng&hl=en&gl=ng,nice,True,Positive,1
9ad5f44e-85a1-4f52-9b67-27c9941cac38,Domino's,Awesome customer care service,5,2022-02-18,Google Play,Customer Review,https://play.google.com/store/apps/details?id=com.dominos.ng&hl=en&gl=ng,awesome customer care service,True,Positive,2
e005ce2e-7eae-4de1-9742-676635e68f2c,Domino's,Good but too much pages to complete a single order. Very tiring.,4,2022-02-18,Google Play,Customer Review,https://play.google.com/store/apps/details?id=com.dominos.ng&hl=en&gl=ng,good but too much pages to complete a single order very tiring,True,Negative,-1
0a8fc12e-ceee-4564-b94a-0698d8f7eab8,Domino's,Easy to use,5,2022-02-16,Google Play,Customer Review,https://play.google.com/store/apps/details?id=com.dominos.ng&hl=en&gl=ng,easy to use,True,Positive,2
23ba25ab-e857-4565-b498-01d3c2cab9b3,Domino's,The app is quite slow.l and heavy for a phone with 6GB Ram,1,2022-02-16,Google Play,Customer Review,https://play.google.com/store/apps/details?id=com.dominos.ng&hl=en&gl=ng,the app is quite slow l and heavy for a phone with 6gb ram,True,Negative,-1
3a4dfe59-59e1-41bb-ac05-0d2ccda3fc81,Domino's,Excellent app,5,2022-02-16,Google Play,Customer Review,https://play.google.com/store/apps/details?id=com.dominos.ng&hl=en&gl=ng,excellent app,True,Positive,2
1231f043-5e66-4c4a-887e-aa5880e1efdb,Domino's,Easy and smooth,5,2022-02-16,Google Play,Customer Review,https://play.google.com/store/apps/details?id=com.dominos.ng&hl=en&gl=ng,easy and smooth,True,Positive,2
75f9799f-d362-43ed-a829-601d14b7fddb,Domino's,Superb²,4,2022-02-15,Google Play,Customer Review,https://play.google.com/store/apps/details?id=com.dominos.ng&hl=en&gl=ng,superb,True,Positive,2
9516abdb-4029-4750-9d5c-10211461302f,Domino's,Prompt,3,2022-02-15,Google Play,Customer Review,https://play.google.com/store/apps/details?id=com.dominos.ng&hl=en&gl=ng,prompt,True,Neutral,0
744162ae-85e1-4b32-b33c-c4c268925191,Domino's,Cool app,5,2022-02-15,Google Play,Customer Review,https://play.google.com/store/apps/details?id=com.dominos.ng&hl=en&gl=ng,cool app,True,Positive,1
9c498f58-cf61-47bc-8ded-0ab7b75182a9,Domino's,Nice experience,4,2022-02-14,Google Play,Customer Review,https://play.google.com/store/apps/details?id=com.dominos.ng&hl=en&gl=ng,nice experience,True,Positive,1
2f6ba8fa-d3c7-495f-ac7c-307dd8651f8e,Domino's,Awesome,5,2022-02-13,Google Play,Customer Review,https://play.google.com/store/apps/details?id=com.dominos.ng&hl=en&gl=ng,awesome,True,Positive,2
3a23ea5f-41a8-4bbc-94d9-427943d0657f,Domino's,The interface is very clumsy. Needs a new makeover,2,2022-02-13,Google Play,Customer Review,https://play.google.com/store/apps/details?id=com.dominos.ng&hl=en&gl=ng,the interface is very clumsy needs a new makeover,True,Neutral,0
75276194-28ec-4142-a6de-720f2a7ee30f,Domino's,It hangs for too long,3,2022-02-13,Google Play,Customer Review,https://play.google.com/store/apps/details?id=com.dominos.ng&hl=en&gl=ng,it hangs for too long,True,Neutral,0
900142fa-4998-4485-933c-779d8e19fec1,Domino's,Too many glitches and freezes,2,2022-02-12,Google Play,Customer Review,https://play.google.com/store/apps/details?id=com.dominos.ng&hl=en&gl=ng,too many glitches and freezes,True,Negative,-3
b6906914-e91e-419b-99ce-40b6d86239c7,Domino's,Very straightforward app.,5,2022-02-12,Google Play,Customer Review,https://play.google.com/store/apps/details?id=com.dominos.ng&hl=en&gl=ng,very straightforward app,True,Neutral,0
c6bde9e1-20b5-4a7c-9426-7fc0515cb98d,Domino's,Damn slow asf,1,2022-02-10,Google Play,Customer Review,https://play.google.com/store/apps/details?id=com.dominos.ng&hl=en&gl=ng,damn slow asf,True,Negative,-2
94cb1cac-d6e4-4016-9183-b63fa96daac2,Domino's,The prices of each item should be specified under it..not just pictures without Knowing how much it goes for. And that app should be simplified too.,3,2022-02-06,Google Play,Customer Review,https://play.google.com/store/apps/details?id=com.dominos.ng&hl=en&gl=ng,the prices of each item should be specified under it not just pictures without knowing how much it goes for and that app should be simplified too,True,Neutral,0
e80d9f0f-0988-4a38-b29f-9f780680b0c4,Domino's,A bit stressful and sometimes the delivery take long,2,2022-02-03,Google Play,Customer Review,https://play.google.com/store/apps/details?id=com.dominos.ng&hl=en&gl=ng,a bit stressful and sometimes the delivery take long,True,Negative,-3
a0d0144a-d595-4cda-bb4d-202e9bc79502,Domino's,Delightful,5,2022-02-02,Google Play,Customer Review,https://play.google.com/store/apps/details?id=com.dominos.ng&hl=en&gl=ng,delightful,True,Neutral,0
29f9fe7b-939f-4371-8664-ed346190cb34,Domino's,Fast but u need to add transfer account details,5,2022-01-31,Google Play,Customer Review,https://play.google.com/store/apps/details?id=com.dominos.ng&hl=en&gl=ng,fast but u need to add transfer account details,True,Positive,1
49ade325-ae80-4a3e-b546-0c12dddc6d0e,Domino's,Nice app,5,2022-01-28,Google Play,Customer Review,https://play.google.com/store/apps/details?id=com.dominos.ng&hl=en&gl=ng,nice app,True,Positive,1
21a28505-e26f-41c7-af1d-3bc69878c49f,Domino's,Works pretty well,5,2022-01-25,Google Play,Customer Review,https://play.google.com/store/apps/details?id=com.dominos.ng&hl=en&gl=ng,works pretty well,True,Neutral,0
efef58c1-7263-47d1-873b-ffd9a8243ca1,Domino's,Bugs need to be fixed,3,2022-01-22,Google Play,Customer Review,https://play.google.com/store/apps/details?id=com.dominos.ng&hl=en&gl=ng,bugs need to be fixed,True,Negative,-1
663d4a8c-5356-4a6b-9e8c-bdc42f9c6042,Domino's,Delicious pizza at your door step.,5,2022-01-22,Google Play,Customer Review,https://play.google.com/store/apps/details?id=com.dominos.ng&hl=en&gl=ng,delicious pizza at your door step,True,Positive,1
a835ff24-c140-43ad-98b9-d6c4bcd0dfc1,Domino's,Good one... Easy to access and pick favorites,4,2022-01-22,Google Play,Customer Review,https://play.google.com/store/apps/details?id=com.dominos.ng&hl=en&gl=ng,good one easy to access and pick favorites,True,Positive,2
45df5ab0-c591-4186-b60e-0880a4145d7e,Domino's,Worst app......,1,2022-01-21,Google Play,Customer Review,https://play.google.com/store/apps/details?id=com.dominos.ng&hl=en&gl=ng,worst app,True,Negative,-2
773299cf-66e0-4e76-b821-85b9125eb406,Domino's,Awesome,5,2022-01-21,Google Play,Customer Review,https://play.google.com/store/apps/details?id=com.dominos.ng&hl=en&gl=ng,awesome,True,Positive,2
d47909bf-049f-46c3-853c-aedfd634c23b,Domino's,This app was developed by dunderheads. I live just 10 minutes away from an outlet and decided to make an order because I am very busy working. And the store that came up in my location can't deliver. I opted for carryout so I can send someone down there. So I decided to make a call to the number first surprisingly they can't find my order. It's not fluid. Bad stiff interface. Bad customer service. This is bs and a waste of time. I just downloaded it today and I'm uninstalling after this review.,1,2022-01-19,Google Play,Customer Review,https://play.google.com/store/apps/details?id=com.dominos.ng&hl=en&gl=ng,this app was developed by dunderheads i live just 10 minutes away from an outlet and decided to make an order because i am very busy working and the store that came up in my location can't deliver i opted for carryout so i can send someone down there so i decided to make a call to the number first surprisingly they can't find my order it's not fluid bad stiff interface bad customer service this is bs and a waste of time i just downloaded it today and i'm uninstalling after this review,True,Negative,-2
55714f3d-869c-4c35-aea7-81ab5357e947,Domino's,It's not easy to use,2,2022-01-18,Google Play,Customer Review,https://play.google.com/store/apps/details?id=com.dominos.ng&hl=en&gl=ng,it's not easy to use,True,Positive,2
20dab3e3-eb2d-4770-b07d-8ce11334475f,Domino's,Good,4,2022-01-17,Google Play,Customer Review,https://play.google.com/store/apps/details?id=com.dominos.ng&hl=en&gl=ng,good,True,Positive,1
c7ca16d7-8eb9-4d64-be3d-93d218c43564,Domino's,Nice,5,2022-01-16,Google Play,Customer Review,https://play.google.com/store/apps/details?id=com.dominos.ng&hl=en&gl=ng,nice,True,Positive,1
5c3ded64-4c32-40a0-9cfe-db6667b31b49,Domino's,The options show that the product managers took everything into consideration.,5,2022-01-14,Google Play,Customer Review,https://play.google.com/store/apps/details?id=com.dominos.ng&hl=en&gl=ng,the options show that the product managers took everything into consideration,True,Neutral,0
f6625b8d-920b-4161-9799-ae7b29424a10,Domino's,Try to make deliveries to other parts of Lagos,1,2022-01-14,Google Play,Customer Review,https://play.google.com/store/apps/details?id=com.dominos.ng&hl=en&gl=ng,try to make deliveries to other parts of lagos,True,Neutral,0
1cb62ed6-e7af-4387-a14b-a6294e6bde34,Domino's,I just have issues with my address,4,2022-01-12,Google Play,Customer Review,https://play.google.com/store/apps/details?id=com.dominos.ng&hl=en&gl=ng,i just have issues with my address,True,Negative,-1
6bfba9f3-4ba7-4699-92f0-53c9a6f7c3c6,Domino's,Nice one,5,2022-01-10,Google Play,Customer Review,https://play.google.com/store/apps/details?id=com.dominos.ng&hl=en&gl=ng,nice one,True,Positive,1
aee50c0b-78b6-423c-83d4-a42362207f1b,Domino's,Work on it,2,2022-01-10,Google Play,Customer Review,https://play.google.com/store/apps/details?id=com.dominos.ng&hl=en&gl=ng,work on it,True,Neutral,0
455ce172-5f66-4a94-951e-537105bd5fb3,Domino's,awesome,4,2022-01-09,Google Play,Customer Review,https://play.google.com/store/apps/details?id=com.dominos.ng&hl=en&gl=ng,awesome,True,Positive,2
a5862447-8789-4f35-86ca-7735ab3e3fe1,Domino's,"The app could be more user friendly but, it gets the job done 🤷‍♀️.",3,2022-01-08,Google Play,Customer Review,https://play.google.com/store/apps/details?id=com.dominos.ng&hl=en&gl=ng,the app could be more user friendly but it gets the job done,True,Positive,2
1e2a8135-cb03-48b3-8c36-bfa5bb69508a,Domino's,Good,2,2022-01-06,Google Play,Customer Review,https://play.google.com/store/apps/details?id=com.dominos.ng&hl=en&gl=ng,good,True,Positive,1
7ed72540-620b-43ce-a788-41fa9ae290ce,Domino's,Nice app old UI,5,2022-01-05,Google Play,Customer Review,https://play.google.com/store/apps/details?id=com.dominos.ng&hl=en&gl=ng,nice app old ui,True,Positive,1
80e0a6dc-6769-485e-aeec-29c6308633b7,Domino's,Great,5,2022-01-05,Google Play,Customer Review,https://play.google.com/store/apps/details?id=com.dominos.ng&hl=en&gl=ng,great,True,Positive,1
1fb5faf4-7d64-4f1b-b9a3-ff30733b94b3,Domino's,"To check out is a problem, when I click my cart, it loads till who knows when",1,2022-01-02,Google Play,Customer Review,https://play.google.com/store/apps/details?id=com.dominos.ng&hl=en&gl=ng,to check out is a problem when i click my cart it loads till who knows when,True,Negative,-1
acb2abe6-458d-4efe-ae56-a2e69cceba9e,Domino's,This makes order easy and interesting to place. Nice app,5,2021-12-31,Google Play,Customer Review,https://play.google.com/store/apps/details?id=com.dominos.ng&hl=en&gl=ng,this makes order easy and interesting to place nice app,True,Positive,2
c96cac68-fcf7-45e1-acf3-a4c4bc402b0e,Domino's,Awesome,5,2021-12-31,Google Play,Customer Review,https://play.google.com/store/apps/details?id=com.dominos.ng&hl=en&gl=ng,awesome,True,Positive,2
b6fafa12-bc78-4b02-a514-4bb577e6c6d7,Domino's,It's always prompt with collecting orders. Lovely app,5,2021-12-30,Google Play,Customer Review,https://play.google.com/store/apps/details?id=com.dominos.ng&hl=en&gl=ng,it's always prompt with collecting orders lovely app,True,Neutral,0
1ed87234-557b-46f8-8972-a80a11394366,Domino's,"Its ok , it gets me what i want",5,2021-12-29,Google Play,Customer Review,https://play.google.com/store/apps/details?id=com.dominos.ng&hl=en&gl=ng,its ok it gets me what i want,True,Neutral,0
2f6bdb3c-fa7c-4571-a1fe-8f9a8991daeb,Domino's,Okay app,3,2021-12-27,Google Play,Customer Review,https://play.google.com/store/apps/details?id=com.dominos.ng&hl=en&gl=ng,okay app,True,Neutral,0
dcd6c4e3-5dbd-4588-bef4-9b11c87d9b58,Domino's,Easy ordering process,5,2021-12-26,Google Play,Customer Review,https://play.google.com/store/apps/details?id=com.dominos.ng&hl=en&gl=ng,easy ordering process,True,Positive,1
467fa331-6265-4a81-8049-433f1741d7eb,Domino's,Haven't received the pizza yet. Just placed an order now. Will review after delivery,5,2021-12-26,Google Play,Customer Review,https://play.google.com/store/apps/details?id=com.dominos.ng&hl=en&gl=ng,haven't received the pizza yet just placed an order now will review after delivery,True,Neutral,0
ab85b3e7-a2be-4401-8c41-bf502b9e2a5b,Domino's,Great,5,2021-12-25,Google Play,Customer Review,https://play.google.com/store/apps/details?id=com.dominos.ng&hl=en&gl=ng,great,True,Positive,1
8d9cf65b-3a6c-4f97-b927-07d91c70692c,Domino's,Easy and straightforward,5,2021-12-24,Google Play,Customer Review,https://play.google.com/store/apps/details?id=com.dominos.ng&hl=en&gl=ng,easy and straightforward,True,Positive,1
a317bad1-b9d7-4d0e-ada0-c2437480e1a1,Domino's,Very seamless. Love it,5,2021-12-24,Google Play,Customer Review,https://play.google.com/store/apps/details?id=com.dominos.ng&hl=en&gl=ng,very seamless love it,True,Positive,6
68da86e8-188b-4e23-be69-185ed2420d45,Domino's,The app should be made user-friendly. The pizza description/order description made clearer. The app is just very busy and can be confusing.,2,2021-12-24,Google Play,Customer Review,https://play.google.com/store/apps/details?id=com.dominos.ng&hl=en&gl=ng,the app should be made user friendly the pizza description order description made clearer the app is just very busy and can be confusing,True,Positive,1
ec7d98f3-c8d1-413a-8502-d8147df41aeb,Domino's,Too slow for my liking.,2,2021-12-23,Google Play,Customer Review,https://play.google.com/store/apps/details?id=com.dominos.ng&hl=en&gl=ng,too slow for my liking,True,Negative,-2
215a7dd1-f5b3-4605-a984-c3ec3a3a3383,Domino's,"You guys can do better with the delivery/address issue on the app but overall, service is not bad",3,2021-12-21,Google Play,Customer Review,https://play.google.com/store/apps/details?id=com.dominos.ng&hl=en&gl=ng,you guys can do better with the delivery address issue on the app but overall service is not bad,True,Neutral,0
fdcc57e8-333e-4d6d-a31d-18fceccb5253,Domino's,"Wonderful app, and they have great taste too, never complained fast delivery",4,2021-12-18,Google Play,Customer Review,https://play.google.com/store/apps/details?id=com.dominos.ng&hl=en&gl=ng,wonderful app and they have great taste too never complained fast delivery,True,Positive,2
d473f8d4-3867-451f-8e42-8b396afa50b4,Domino's,Is awesome and user friendly,5,2021-12-16,Google Play,Customer Review,https://play.google.com/store/apps/details?id=com.dominos.ng&hl=en&gl=ng,is awesome and user friendly,True,Positive,4
f8674d11-3593-4926-959a-e46dda3e9c06,Domino's,Nice,5,2021-12-15,Google Play,Customer Review,https://play.google.com/store/apps/details?id=com.dominos.ng&hl=en&gl=ng,nice,True,Positive,1
ac48c31b-32c4-46a8-8065-562306f97cd5,Domino's,Easy to use.,5,2021-12-12,Google Play,Customer Review,https://play.google.com/store/apps/details?id=com.dominos.ng&hl=en&gl=ng,easy to use,True,Positive,2
5ca0eda6-96f5-4c11-a75e-1a5cb4f1f61d,Domino's,Awesome. Just waiting for a call from the store 123...,5,2021-12-11,Google Play,Customer Review,https://play.google.com/store/apps/details?id=com.dominos.ng&hl=en&gl=ng,awesome just waiting for a call from the store 123,True,Positive,2
e359f966-8d46-4d4d-907b-ad37df72fd68,Domino's,Cool,5,2021-12-10,Google Play,Customer Review,https://play.google.com/store/apps/details?id=com.dominos.ng&hl=en&gl=ng,cool,True,Positive,1
ef16a0ca-ac36-4d40-8f37-e3d7cee47d5d,Domino's,Really handy and easy to use,5,2021-12-07,Google Play,Customer Review,https://play.google.com/store/apps/details?id=com.dominos.ng&hl=en&gl=ng,really handy and easy to use,True,Positive,2
0a16cbe2-e6cb-47ef-baa4-9521040e84e7,Domino's,"Cool, easy to use",5,2021-12-06,Google Play,Customer Review,https://play.google.com/store/apps/details?id=com.dominos.ng&hl=en&gl=ng,cool easy to use,True,Positive,3
c3f6e38f-be65-4135-87d9-bf2c421ba4f8,Domino's,Simple but not direct in placing order,4,2021-12-04,Google Play,Customer Review,https://play.google.com/store/apps/details?id=com.dominos.ng&hl=en&gl=ng,simple but not direct in placing order,True,Positive,1
b0efa4f5-4437-4d47-a277-42af549bc34d,Domino's,"Somehow, i am unable to get delivery from a store two blocks away from me. Keeps saying it cannot locate store near my location. So dissapointing",1,2021-12-03,Google Play,Customer Review,https://play.google.com/store/apps/details?id=com.dominos.ng&hl=en&gl=ng,somehow i am unable to get delivery from a store two blocks away from me keeps saying it cannot locate store near my location so dissapointing,True,Negative,-4
badb0dc9-4a55-4643-a8dc-71f3b3c11e81,Domino's,Great app,5,2021-12-02,Google Play,Customer Review,https://play.google.com/store/apps/details?id=com.dominos.ng&hl=en&gl=ng,great app,True,Positive,1
7a6c0d1d-0200-41d5-9639-5aa4aa51de5a,Domino's,Always seamless to use😍,5,2021-11-28,Google Play,Customer Review,https://play.google.com/store/apps/details?id=com.dominos.ng&hl=en&gl=ng,always seamless to use love,True,Positive,3
b7ca8c75-a023-4f13-bf37-b6ed4088686c,Domino's,The delivery option is always showing unavailable even for stores close to me; Itire and Surulere.,1,2021-11-28,Google Play,Customer Review,https://play.google.com/store/apps/details?id=com.dominos.ng&hl=en&gl=ng,the delivery option is always showing unavailable even for stores close to me itire and surulere,True,Negative,-1
7bfc8d35-d2f2-45f3-8c20-583ba96e50d2,Domino's,It's good but a slow interface. They don't deliver to my location despite they are close by,4,2021-11-26,Google Play,Customer Review,https://play.google.com/store/apps/details?id=com.dominos.ng&hl=en&gl=ng,it's good but a slow interface they don't deliver to my location despite they are close by,True,Neutral,0
cfa0d170-0bb5-4ec6-be58-dd3408f6adf5,Domino's,Good,4,2021-11-25,Google Play,Customer Review,https://play.google.com/store/apps/details?id=com.dominos.ng&hl=en&gl=ng,good,True,Positive,1
51b4e0e0-eed5-467a-af25-bc1c697667a4,Domino's,Nice,5,2021-11-25,Google Play,Customer Review,https://play.google.com/store/apps/details?id=com.dominos.ng&hl=en&gl=ng,nice,True,Positive,1
ae199089-097a-4347-b129-b7b8fa09bec6,Domino's,Good app. Gets the job done and simple to use.,4,2021-11-25,Google Play,Customer Review,https://play.google.com/store/apps/details?id=com.dominos.ng&hl=en&gl=ng,good app gets the job done and simple to use,True,Positive,2
b3e0d5ff-a8e3-426d-8dab-fdf10de4ee14,Domino's,It fails badly at working out location. This has prevented us from ordering delivery so many times over the years. We have a store just 2 streets away.,3,2021-11-24,Google Play,Customer Review,https://play.google.com/store/apps/details?id=com.dominos.ng&hl=en&gl=ng,it fails badly at working out location this has prevented us from ordering delivery so many times over the years we have a store just 2 streets away,True,Negative,-1
a86ab80c-ec5d-4ab9-ae60-ea9f6ca3d29b,Domino's,Scrumptious,5,2021-11-24,Google Play,Customer Review,https://play.google.com/store/apps/details?id=com.dominos.ng&hl=en&gl=ng,scrumptious,True,Neutral,0
7de6e3c5-8cd2-4622-90cd-684a289e44ed,Domino's,Very slow and no transfer payment options,1,2021-11-23,Google Play,Customer Review,https://play.google.com/store/apps/details?id=com.dominos.ng&hl=en&gl=ng,very slow and no transfer payment options,True,Negative,-2
80fb475f-1c1a-45ac-ad87-c787d136d70e,Domino's,Nice,5,2021-11-21,Google Play,Customer Review,https://play.google.com/store/apps/details?id=com.dominos.ng&hl=en&gl=ng,nice,True,Positive,1
ab214acc-7f80-49d5-86b3-c9a781ae87ff,Domino's,Nice❤,5,2021-11-19,Google Play,Customer Review,https://play.google.com/store/apps/details?id=com.dominos.ng&hl=en&gl=ng,nice love,True,Positive,3
029b927c-92a4-4ef3-878a-65723a48e81b,Domino's,Great app,4,2021-11-18,Google Play,Customer Review,https://play.google.com/store/apps/details?id=com.dominos.ng&hl=en&gl=ng,great app,True,Positive,1
a9986cc6-49e8-413e-ac35-254b75112315,Domino's,Easy and very fast. And i think its bigger when you order online than buying it at the store. Good taste Ever,5,2021-11-18,Google Play,Customer Review,https://play.google.com/store/apps/details?id=com.dominos.ng&hl=en&gl=ng,easy and very fast and i think its bigger when you order online than buying it at the store good taste ever,True,Positive,4
d08990fa-16e1-4532-a246-e5d6c54c266a,Domino's,Perfect,4,2021-11-17,Google Play,Customer Review,https://play.google.com/store/apps/details?id=com.dominos.ng&hl=en&gl=ng,perfect,True,Positive,2
0f8277b0-8fcb-4737-bc31-f9a4a17e3058,Domino's,Easy to use.,4,2021-11-17,Google Play,Customer Review,https://play.google.com/store/apps/details?id=com.dominos.ng&hl=en&gl=ng,easy to use,True,Positive,2
6900aa31-8900-4232-8ed5-f6a352708da6,Domino's,Your fast but please the pizza is dry try to improve,4,2021-11-17,Google Play,Customer Review,https://play.google.com/store/apps/details?id=com.dominos.ng&hl=en&gl=ng,your fast but please the pizza is dry try to improve,True,Positive,1
36000fd0-d64d-4762-a3f3-4b22302428bb,Domino's,Awesome Pls put more promo,4,2021-11-15,Google Play,Customer Review,https://play.google.com/store/apps/details?id=com.dominos.ng&hl=en&gl=ng,awesome pls put more promo,True,Positive,2
9d6a7cd1-432b-4c1d-936c-08694416ba3d,Domino's,Easy to use,5,2021-11-14,Google Play,Customer Review,https://play.google.com/store/apps/details?id=com.dominos.ng&hl=en&gl=ng,easy to use,True,Positive,2
5bc7240c-e288-462c-a4f7-4bb3470e514f,Domino's,"Always easy, convenient and safe too...",5,2021-11-14,Google Play,Customer Review,https://play.google.com/store/apps/details?id=com.dominos.ng&hl=en&gl=ng,always easy convenient and safe too,True,Positive,3
70906b0a-f493-46d9-951b-3e64f9c67ff8,Domino's,Average,3,2021-11-14,Google Play,Customer Review,https://play.google.com/store/apps/details?id=com.dominos.ng&hl=en&gl=ng,average,True,Neutral,0
3de53768-71a5-4743-b93b-812ee41a0953,Domino's,Excellent,5,2021-11-13,Google Play,Customer Review,https://play.google.com/store/apps/details?id=com.dominos.ng&hl=en&gl=ng,excellent,True,Positive,2
fc8dd842-8cb8-4014-8e0a-bd174b9261f7,Domino's,It is fast and very nice good job thanks 😊,5,2021-11-12,Google Play,Customer Review,https://play.google.com/store/apps/details?id=com.dominos.ng&hl=en&gl=ng,it is fast and very nice good job thanks happy,True,Positive,7
137983bf-b294-4b9f-ac3b-283a1e4f0075,Domino's,Excellent process. Smooth and easy,5,2021-11-10,Google Play,Customer Review,https://play.google.com/store/apps/details?id=com.dominos.ng&hl=en&gl=ng,excellent process smooth and easy,True,Positive,4
927c31ac-2534-467e-90aa-7abe721f8d91,Domino's,Total Trash Delete this app,1,2021-11-10,Google Play,Customer Review,https://play.google.com/store/apps/details?id=com.dominos.ng&hl=en&gl=ng,total trash delete this app,True,Negative,-2
9154c8e1-39aa-4fdc-a663-d5106a26d5b3,Domino's,Your app and website lacks location mapping. I wonder how you make delivery.,1,2021-11-09,Google Play,Customer Review,https://play.google.com/store/apps/details?id=com.dominos.ng&hl=en&gl=ng,your app and website lacks location mapping i wonder how you make delivery,True,Neutral,0
1536936a-5dcd-43e9-972c-96231e86573e,Domino's,They just use the app and online order to to cheat people claiming they are giving deals which don't exist.,2,2021-11-08,Google Play,Customer Review,https://play.google.com/store/apps/details?id=com.dominos.ng&hl=en&gl=ng,they just use the app and online order to to cheat people claiming they are giving deals which don't exist,True,Negative,-2
969ccaad-48c5-477a-bdb7-f0adf6e89cf5,Domino's,Keepe hanging,2,2021-11-07,Google Play,Customer Review,https://play.google.com/store/apps/details?id=com.dominos.ng&hl=en&gl=ng,keepe hanging,True,Neutral,0
893de5e6-d1a1-4525-b86a-cb28db8a0313,Domino's,Awesome and easy to use,5,2021-11-06,Google Play,Customer Review,https://play.google.com/store/apps/details?id=com.dominos.ng&hl=en&gl=ng,awesome and easy to use,True,Positive,4
ca2fe48e-76dd-4a1b-b51d-407db5fe00fa,Domino's,"Cool and easy to use, although there are still room for improvement with the arrangement of items",5,2021-11-05,Google Play,Customer Review,https://play.google.com/store/apps/details?id=com.dominos.ng&hl=en&gl=ng,cool and easy to use although there are still room for improvement with the arrangement of items,True,Positive,3
b19b1665-b067-4b15-bf3c-c890f9ccf869,Domino's,"Very sad..... Why did my online payment fail, and why is it taking so long to get a refund.",1,2021-11-02,Google Play,Customer Review,https://play.google.com/store/apps/details?id=com.dominos.ng&hl=en&gl=ng,very sad why did my online payment fail and why is it taking so long to get a refund,True,Negative,-3
cf1e6908-9411-4cee-90dc-6329e4b028e0,Domino's,Its a good app but the orders get mixed up sometimes. Its either some ingredient wasnt added or wasnt put at the right place. Overall its a good app,5,2021-11-01,Google Play,Customer Review,https://play.google.com/store/apps/details?id=com.dominos.ng&hl=en&gl=ng,its a good app but the orders get mixed up sometimes its either some ingredient wasnt added or wasnt put at the right place overall its a good app,True,Positive,2
de84b463-4601-420e-91ae-fd8e41f0a10d,Domino's,Good,3,2021-10-31,Google Play,Customer Review,https://play.google.com/store/apps/details?id=com.dominos.ng&hl=en&gl=ng,good,True,Positive,1
67e30189-19b8-42d2-91a5-5f2716633dc8,Domino's,Fantastic app for ordering my pizza with ease,5,2021-10-29,Google Play,Customer Review,https://play.google.com/store/apps/details?id=com.dominos.ng&hl=en&gl=ng,fantastic app for ordering my pizza with ease,True,Positive,2
79a18e82-973c-4093-a479-e5273ad94e6a,Domino's,Enjoy Using It.,4,2021-10-29,Google Play,Customer Review,https://play.google.com/store/apps/details?id=com.dominos.ng&hl=en&gl=ng,enjoy using it,True,Positive,1
11a476dc-e2e4-4f72-92ff-ed415b951a57,Domino's,Good,5,2021-10-29,Google Play,Customer Review,https://play.google.com/store/apps/details?id=com.dominos.ng&hl=en&gl=ng,good,True,Positive,1
c2e8c279-8f80-4383-b1db-9189705a54ce,Domino's,Fantastic,5,2021-10-27,Google Play,Customer Review,https://play.google.com/store/apps/details?id=com.dominos.ng&hl=en&gl=ng,fantastic,True,Positive,2
7fca6ddb-1f1e-4fdf-91e5-d21c9b57e643,Domino's,"Keeps stalling, had to close the app multiple times and restart it just to place an order, took me almost an hour to place an order",2,2021-10-26,Google Play,Customer Review,https://play.google.com/store/apps/details?id=com.dominos.ng&hl=en&gl=ng,keeps stalling had to close the app multiple times and restart it just to place an order took me almost an hour to place an order,True,Neutral,0
3017a286-b1c3-41b2-9547-f41207360c3d,Domino's,Omo dis tin dey give me choke oo I swear this app is very good and I like you all to please download this app and you will enjoy great delivery thanks,4,2021-10-25,Google Play,Customer Review,https://play.google.com/store/apps/details?id=com.dominos.ng&hl=en&gl=ng,omo dis tin dey give me choke oo i swear this app is very good and i like you all to please download this app and you will enjoy great delivery thanks,True,Positive,7
e22dabe3-e4c4-4f01-a6cd-f0b762e3ec95,Domino's,Kamalesh,5,2021-10-25,Google Play,Customer Review,https://play.google.com/store/apps/details?id=com.dominos.ng&hl=en&gl=ng,kamalesh,True,Neutral,0
7fa6c871-bca6-47b5-8f91-13f6a1c57f56,Domino's,Excellent,5,2021-10-25,Google Play,Customer Review,https://play.google.com/store/apps/details?id=com.dominos.ng&hl=en&gl=ng,excellent,True,Positive,2
f1d5cc1f-f48a-44c8-8e5e-829b691c3a44,Domino's,You need to fix the bugs on your app. It took almost an hour to complete an order because it kept hanging and I had to try it on different devices,3,2021-10-24,Google Play,Customer Review,https://play.google.com/store/apps/details?id=com.dominos.ng&hl=en&gl=ng,you need to fix the bugs on your app it took almost an hour to complete an order because it kept hanging and i had to try it on different devices,True,Negative,-1
247d962f-60a4-40c5-91ae-8e33221474b7,Domino's,Nice and great ambience.,5,2021-10-23,Google Play,Customer Review,https://play.google.com/store/apps/details?id=com.dominos.ng&hl=en&gl=ng,nice and great ambience,True,Positive,2
62290ee2-db8c-45fa-8633-ef4957e1a667,Domino's,"Amazing customer service, wonderful speedy delivery. The go to pizza to order 👌",5,2021-10-23,Google Play,Customer Review,https://play.google.com/store/apps/details?id=com.dominos.ng&hl=en&gl=ng,amazing customer service wonderful speedy delivery the go to pizza to order good,True,Positive,6
447ad244-64a9-440e-b45e-bb7c4f54ea7d,Domino's,Buggy af,1,2021-10-23,Google Play,Customer Review,https://play.google.com/store/apps/details?id=com.dominos.ng&hl=en&gl=ng,buggy af,True,Negative,-1
968a6b7e-93c5-467d-bab8-bf12c834b520,Domino's,It kept having glitches. It was not a seamless process.,2,2021-10-23,Google Play,Customer Review,https://play.google.com/store/apps/details?id=com.dominos.ng&hl=en&gl=ng,it kept having glitches it was not a seamless process,True,Negative,-2
be6570c7-e88f-474b-bdc3-72f4ecaeb997,Domino's,Satisfactory,5,2021-10-21,Google Play,Customer Review,https://play.google.com/store/apps/details?id=com.dominos.ng&hl=en&gl=ng,satisfactory,True,Neutral,0
46c75403-1cfc-46c9-896e-8c9834daed0d,Domino's,Delicious everytime,5,2021-10-21,Google Play,Customer Review,https://play.google.com/store/apps/details?id=com.dominos.ng&hl=en&gl=ng,delicious everytime,True,Positive,1
2155afae-6005-4d19-8906-ee44bb34f84f,Domino's,Very easy to use. Thank you.,5,2021-10-21,Google Play,Customer Review,https://play.google.com/store/apps/details?id=com.dominos.ng&hl=en&gl=ng,very easy to use thank you,True,Positive,4
396f0788-96be-4c05-be25-d000a40e14a6,Domino's,The payment didn't go through but I keep getting debited. It's the worst experience ever. The app is full of bugs,1,2021-10-20,Google Play,Customer Review,https://play.google.com/store/apps/details?id=com.dominos.ng&hl=en&gl=ng,the payment didn't go through but i keep getting debited it's the worst experience ever the app is full of bugs,True,Negative,-3
3fbaa0b1-6f31-45d9-b2f8-8e3fdd5b7a5d,Domino's,Cool and easy to use.,5,2021-10-20,Google Play,Customer Review,https://play.google.com/store/apps/details?id=com.dominos.ng&hl=en&gl=ng,cool and easy to use,True,Positive,3
5bef442a-2527-4931-b14b-235af4469cf3,Domino's,Awesome 👌,5,2021-10-19,Google Play,Customer Review,https://play.google.com/store/apps/details?id=com.dominos.ng&hl=en&gl=ng,awesome good,True,Positive,3
f68a7893-f000-444f-8f7c-598598a0a690,Domino's,The APP keeps having technical issues and you have to keep trying. I have once lost money for an order I placed.,2,2021-10-17,Google Play,Customer Review,https://play.google.com/store/apps/details?id=com.dominos.ng&hl=en&gl=ng,the app keeps having technical issues and you have to keep trying i have once lost money for an order i placed,True,Negative,-2
f62519ce-1e2c-47b8-905a-f81a8e0872e1,Domino's,Perfect 👍🏾,5,2021-10-16,Google Play,Customer Review,https://play.google.com/store/apps/details?id=com.dominos.ng&hl=en&gl=ng,perfect good,True,Positive,3
974798e0-0c0b-4b0c-a8d2-cb3cfd0927ff,Domino's,User friendly,4,2021-10-14,Google Play,Customer Review,https://play.google.com/store/apps/details?id=com.dominos.ng&hl=en&gl=ng,user friendly,True,Positive,2
f3ddab26-f6f6-49ae-805d-ce80269fd954,Domino's,Very slow and not user friendly,1,2021-10-12,Google Play,Customer Review,https://play.google.com/store/apps/details?id=com.dominos.ng&hl=en&gl=ng,very slow and not user friendly,True,Neutral,0
7c01c849-2451-441a-8677-71f718d13aba,Domino's,It is good and easy.,5,2021-10-12,Google Play,Customer Review,https://play.google.com/store/apps/details?id=com.dominos.ng&hl=en&gl=ng,it is good and easy,True,Positive,2
ad2aed1f-3009-43f5-bd9c-43bfdb10c3c5,Domino's,Superb,5,2021-10-12,Google Play,Customer Review,https://play.google.com/store/apps/details?id=com.dominos.ng&hl=en&gl=ng,superb,True,Positive,2
1505c862-f84e-4850-b26b-1298f2da44f1,Domino's,"I would have given it a 5 star but for the few network issues experienced every now and then but other than that, it's totally worth it.",4,2021-10-09,Google Play,Customer Review,https://play.google.com/store/apps/details?id=com.dominos.ng&hl=en&gl=ng,i would have given it a 5 star but for the few network issues experienced every now and then but other than that it's totally worth it,True,Positive,1
a7505b96-6241-4df9-859e-0be78f7aef35,Domino's,Nice,5,2021-10-09,Google Play,Customer Review,https://play.google.com/store/apps/details?id=com.dominos.ng&hl=en&gl=ng,nice,True,Positive,1
035ff8ac-5420-4669-85c5-54bdf1e7b8f4,Domino's,They keep updating the app but it remains buggy! Ordering online was an ordeal. Do better,1,2021-10-03,Google Play,Customer Review,https://play.google.com/store/apps/details?id=com.dominos.ng&hl=en&gl=ng,they keep updating the app but it remains buggy ordering online was an ordeal do better,True,Negative,-1
120e47cf-692f-41e9-bce7-6e0f8d2a0817,Domino's,❤,5,2021-10-02,Google Play,Customer Review,https://play.google.com/store/apps/details?id=com.dominos.ng&hl=en&gl=ng,love,True,Positive,2
f7ae2527-1531-4ffd-b847-a67289f883f8,Domino's,Nice one,1,2021-10-02,Google Play,Customer Review,https://play.google.com/store/apps/details?id=com.dominos.ng&hl=en&gl=ng,nice one,True,Positive,1
7f0e5e1f-b6e1-4509-9fc0-a4d30165f361,Domino's,Nice app,5,2021-10-01,Google Play,Customer Review,https://play.google.com/store/apps/details?id=com.dominos.ng&hl=en&gl=ng,nice app,True,Positive,1
04c9b59b-0a9f-4508-abf5-ac5298a36ffa,Domino's,It helped alot,5,2021-10-01,Google Play,Customer Review,https://play.google.com/store/apps/details?id=com.dominos.ng&hl=en&gl=ng,it helped alot,True,Neutral,0
81661cc5-673d-4d65-9f7d-1ab2694d6ecd,Domino's,Your app should remember my card details so I don't have to fill it each time. Try paystacks app.,3,2021-09-30,Google Play,Customer Review,https://play.google.com/store/apps/details?id=com.dominos.ng&hl=en&gl=ng,your app should remember my card details so i don't have to fill it each time try paystacks app,True,Neutral,0
247cd53a-cf1d-4d68-a2f2-0ad267ce6ce1,Domino's,After updating the app I can't pay online again why it's annoying 😠,1,2021-09-29,Google Play,Customer Review,https://play.google.com/store/apps/details?id=com.dominos.ng&hl=en&gl=ng,after updating the app i can't pay online again why it's annoying angry,True,Negative,-2
8d45ded7-b584-4be9-9749-3d3a685c5036,Domino's,Superb...,5,2021-09-27,Google Play,Customer Review,https://play.google.com/store/apps/details?id=com.dominos.ng&hl=en&gl=ng,superb,True,Positive,2
84f97bb7-6831-46a1-827f-449467772972,Domino's,Am not sure how it was calculated,1,2021-09-26,Google Play,Customer Review,https://play.google.com/store/apps/details?id=com.dominos.ng&hl=en&gl=ng,am not sure how it was calculated,True,Neutral,0
f0952bb3-6b76-4d85-b118-da65790d6721,Domino's,Good,4,2021-09-25,Google Play,Customer Review,https://play.google.com/store/apps/details?id=com.dominos.ng&hl=en&gl=ng,good,True,Positive,1
8b6262a4-02d8-4469-ab0c-29f0880a1cd6,Domino's,Easy to use,5,2021-09-25,Google Play,Customer Review,https://play.google.com/store/apps/details?id=com.dominos.ng&hl=en&gl=ng,easy to use,True,Positive,2
f98872d5-c525-4651-8d2b-1593654e173e,Domino's,Nice,5,2021-09-24,Google Play,Customer Review,https://play.google.com/store/apps/details?id=com.dominos.ng&hl=en&gl=ng,nice,True,Positive,1
ddde65c8-24e0-4781-922d-6627f97d561c,Domino's,Satisfied,4,2021-09-24,Google Play,Customer Review,https://play.google.com/store/apps/details?id=com.dominos.ng&hl=en&gl=ng,satisfied,True,Positive,1
903425b3-0c23-423a-a507-d65eba5db921,Domino's,"So good ,love it",5,2021-09-20,Google Play,Customer Review,https://play.google.com/store/apps/details?id=com.dominos.ng&hl=en&gl=ng,so good love it,True,Positive,6
2af40c2b-b47c-41a5-b187-4c63ec4da68f,Domino's,"Easy to use, would be easier if they could list the ingredients that make up the pizza beside the pictures",4,2021-09-20,Google Play,Customer Review,https://play.google.com/store/apps/details?id=com.dominos.ng&hl=en&gl=ng,easy to use would be easier if they could list the ingredients that make up the pizza beside the pictures,True,Positive,2
0acd3803-8023-4ecb-928e-5f5f8079514e,Domino's,Pretty good and straight forward. Good money saver,5,2021-09-19,Google Play,Customer Review,https://play.google.com/store/apps/details?id=com.dominos.ng&hl=en&gl=ng,pretty good and straight forward good money saver,True,Positive,2
eea932fb-1298-40e8-85c6-ac799ea782a6,Domino's,Needs a bit of getting used to. But overall very easy app to interact with. But you guys need to work on making it easy to access deals.,4,2021-09-18,Google Play,Customer Review,https://play.google.com/store/apps/details?id=com.dominos.ng&hl=en&gl=ng,needs a bit of getting used to but overall very easy app to interact with but you guys need to work on making it easy to access deals,True,Positive,3
ce574f17-2ef7-453a-85fc-3f344b9bf07f,Domino's,Easy to use no ads,5,2021-09-17,Google Play,Customer Review,https://play.google.com/store/apps/details?id=com.dominos.ng&hl=en&gl=ng,easy to use no ads,True,Positive,2
6a830e67-bc2d-4cc2-a84d-c814ba97c9b9,Domino's,Good,5,2021-09-14,Google Play,Customer Review,https://play.google.com/store/apps/details?id=com.dominos.ng&hl=en&gl=ng,good,True,Positive,1
19557e7c-ebe1-4d04-a3dc-c80cbfb6e039,Domino's,Perfect app,5,2021-09-12,Google Play,Customer Review,https://play.google.com/store/apps/details?id=com.dominos.ng&hl=en&gl=ng,perfect app,True,Positive,2
9a4490fb-d563-47b9-9bf1-0dd1b75d9241,Domino's,"With the way your shop at badore is serving nonsense,it will soon close up no time,the pizza is total rubbish,I ordered a pizza that I could not eat because it was too salty,I ordered southern style,what I saw on the app is different than what I got,I ordered for breadstick two times and on the app it said it came with sauces,but did not get it,today I say let me order for shawama,who puts raw onions in shawama and the sauce inside the shawama was like a melted ice cream,running all over my hand",1,2021-09-11,Google Play,Customer Review,https://play.google.com/store/apps/details?id=com.dominos.ng&hl=en&gl=ng,with the way your shop at badore is serving nonsense it will soon close up no time the pizza is total rubbish i ordered a pizza that i could not eat because it was too salty i ordered southern style what i saw on the app is different than what i got i ordered for breadstick two times and on the app it said it came with sauces but did not get it today i say let me order for shawama who puts raw onions in shawama and the sauce inside the shawama was like a melted ice cream running all over my hand,True,Negative,-4
3d507e5b-ff8f-47a2-a316-0a78b915683e,Domino's,Nice. Delivery takes time but cool,5,2021-09-11,Google Play,Customer Review,https://play.google.com/store/apps/details?id=com.dominos.ng&hl=en&gl=ng,nice delivery takes time but cool,True,Positive,2
ffa0977e-a3de-4195-93a9-97ff4dd1ea47,Domino's,Very Good 👍,5,2021-09-11,Google Play,Customer Review,https://play.google.com/store/apps/details?id=com.dominos.ng&hl=en&gl=ng,very good good,True,Positive,2
abcdeaed-f5f3-402f-9d62-b6cf0789b15c,Domino's,Awesome,5,2021-09-10,Google Play,Customer Review,https://play.google.com/store/apps/details?id=com.dominos.ng&hl=en&gl=ng,awesome,True,Positive,2
f2ec1658-8c42-4d6e-9341-7270642d37b3,Domino's,Nice n easy,5,2021-09-10,Google Play,Customer Review,https://play.google.com/store/apps/details?id=com.dominos.ng&hl=en&gl=ng,nice n easy,True,Positive,2
a889e2d0-2a5e-4fac-9a71-1634861e8344,Domino's,Excellent,5,2021-09-10,Google Play,Customer Review,https://play.google.com/store/apps/details?id=com.dominos.ng&hl=en&gl=ng,excellent,True,Positive,2
b17d4346-44bb-40ad-bd45-1773fb4d82f8,Domino's,Very stupid and frustrating app,1,2021-09-08,Google Play,Customer Review,https://play.google.com/store/apps/details?id=com.dominos.ng&hl=en&gl=ng,very stupid and frustrating app,True,Negative,-1
82f44b7e-b485-46b6-80eb-d94a57439168,Domino's,Excellent,5,2021-09-07,Google Play,Customer Review,https://play.google.com/store/apps/details?id=com.dominos.ng&hl=en&gl=ng,excellent,True,Positive,2
a88b8898-b683-48ac-a8c8-2e4cf4f56bd3,Domino's,The UI can be better,4,2021-09-06,Google Play,Customer Review,https://play.google.com/store/apps/details?id=com.dominos.ng&hl=en&gl=ng,the ui can be better,True,Neutral,0
89eec428-3f76-40f3-aab2-3cba8ec09239,Domino's,"Order was swift, delivery is expected to be twice as nice. Great job",5,2021-09-06,Google Play,Customer Review,https://play.google.com/store/apps/details?id=com.dominos.ng&hl=en&gl=ng,order was swift delivery is expected to be twice as nice great job,True,Positive,3
9d33e7de-dbb1-47e8-8ba4-ad76e4b64c7c,Domino's,"The app keeps hanging or if it finally goes through all it shows is a blank page. It wasn't like this before, what is going on? Please do something about it!!!",1,2021-09-06,Google Play,Customer Review,https://play.google.com/store/apps/details?id=com.dominos.ng&hl=en&gl=ng,the app keeps hanging or if it finally goes through all it shows is a blank page it wasn't like this before what is going on please do something about it,True,Neutral,0
69f7607f-5819-4455-89b4-ec815e59bf5d,Domino's,Nice,5,2021-09-05,Google Play,Customer Review,https://play.google.com/store/apps/details?id=com.dominos.ng&hl=en&gl=ng,nice,True,Positive,1
58c7f6af-f766-4ecd-b2b0-5ecbfd27971f,Domino's,"Terrible terrible app, just gives a blank page once you click on your cart",1,2021-09-04,Google Play,Customer Review,https://play.google.com/store/apps/details?id=com.dominos.ng&hl=en&gl=ng,terrible terrible app just gives a blank page once you click on your cart,True,Negative,-2
3a560b70-27d3-4e73-84dc-327f78bb3219,Domino's,Domino's is just behind my office in Mararaba Nassarawa state yet the app is telling me my location was not found. Update your app or take it down please. 😡,1,2021-09-02,Google Play,Customer Review,https://play.google.com/store/apps/details?id=com.dominos.ng&hl=en&gl=ng,domino's is just behind my office in mararaba nassarawa state yet the app is telling me my location was not found update your app or take it down please angry,True,Negative,-1
fbcc5386-0d2b-4dfe-8032-5ca818a960e5,Domino's,"I tried to order pizza to my house and it showed that they can't deliver to my place,but they usually deliver to a house opposite mine. I believe it's unfair,please why?",2,2021-08-27,Google Play,Customer Review,https://play.google.com/store/apps/details?id=com.dominos.ng&hl=en&gl=ng,i tried to order pizza to my house and it showed that they can't deliver to my place but they usually deliver to a house opposite mine i believe it's unfair please why,True,Neutral,0
66b9cc00-7c00-42f9-89be-97ef62d293c3,Domino's,Fabulous 👌,5,2021-08-26,Google Play,Customer Review,https://play.google.com/store/apps/details?id=com.dominos.ng&hl=en&gl=ng,fabulous good,True,Positive,1
7bdee6f8-03c6-4872-a8bc-7db8d67b2a09,Domino's,"I love this so exciting, and fast",5,2021-08-24,Google Play,Customer Review,https://play.google.com/store/apps/details?id=com.dominos.ng&hl=en&gl=ng,i love this so exciting and fast,True,Positive,3
85aa2968-ef63-4d95-a46c-c6a3429d1b71,Domino's,I believe they've improved the app. I found it easier to use to the website for online delivery than before when it was an error app.,5,2021-08-23,Google Play,Customer Review,https://play.google.com/store/apps/details?id=com.dominos.ng&hl=en&gl=ng,i believe they've improved the app i found it easier to use to the website for online delivery than before when it was an error app,True,Negative,-1
b4d2a2bc-4172-4f4a-8d02-b2bb8062acf5,Domino's,It's the worst order app i have seen 😡,1,2021-08-19,Google Play,Customer Review,https://play.google.com/store/apps/details?id=com.dominos.ng&hl=en&gl=ng,it's the worst order app i have seen angry,True,Negative,-3
713e8778-2a1d-4b3b-be0a-33b3fa8d24bf,Domino's,"Wrong order. I was at your Abeokuta branch(panseke) earlier, my first time there. Pos was not functioning and the attendant was rude about it telling me rudely he will take away the pizza if I don't pay cash. Paid cash, got home, only for me to see a totally wrong order. What a waste of my time and money. P.s my order was very clearly stated online",1,2021-08-14,Google Play,Customer Review,https://play.google.com/store/apps/details?id=com.dominos.ng&hl=en&gl=ng,wrong order i was at your abeokuta branch panseke earlier my first time there pos was not functioning and the attendant was rude about it telling me rudely he will take away the pizza if i don't pay cash paid cash got home only for me to see a totally wrong order what a waste of my time and money p s my order was very clearly stated online,True,Negative,-4
5ad9d881-ac64-4937-a6c8-51a7a257ab13,Domino's,Most times I have great experiences but today has to be the worst ever with dominoes or any other fast food. Please stop lying about the average time and get a good structured delivery system,2,2021-08-09,Google Play,Customer Review,https://play.google.com/store/apps/details?id=com.dominos.ng&hl=en&gl=ng,most times i have great experiences but today has to be the worst ever with dominoes or any other fast food please stop lying about the average time and get a good structured delivery system,True,Positive,1
a03be2c1-0ad9-4390-b1c7-f07fb1c99d20,Domino's,"Many places not covered, even in Lagos. This business model is too conservative. I order most food to my address, but Domino doesn't. Really sucks.",1,2021-08-06,Google Play,Customer Review,https://play.google.com/store/apps/details?id=com.dominos.ng&hl=en&gl=ng,many places not covered even in lagos this business model is too conservative i order most food to my address but domino doesn't really sucks,True,Positive,4
8426b113-dfd6-4a20-b737-989db54c7c83,Domino's,"They don't visit some places,that's bad",3,2021-07-23,Google Play,Customer Review,https://play.google.com/store/apps/details?id=com.dominos.ng&hl=en&gl=ng,they don't visit some places that's bad,True,Negative,-1
140d7e73-3829-44c6-b6a7-2f30da919121,Domino's,"For the record their costomer service is wack, secondly you make it clear to them to come with Pos and then they appear front of your gate with nothing then tell u to look for cash, thirdly I call to place an order then you tell me to place it online that placing it online saying its N2000 online but after that you deliver and say it's 3200 reason because I didn't put the coupon, what stopped you guys from saying that you have to insert the coupon when telling me about it?",1,2021-07-18,Google Play,Customer Review,https://play.google.com/store/apps/details?id=com.dominos.ng&hl=en&gl=ng,for the record their costomer service is wack secondly you make it clear to them to come with pos and then they appear front of your gate with nothing then tell u to look for cash thirdly i call to place an order then you tell me to place it online that placing it online saying its n200 online but after that you deliver and say it's 3200 reason because i didn't put the coupon what stopped you guys from saying that you have to insert the coupon when telling me about it,True,Positive,1
e467135a-a632-43c7-b840-28088ad18e6f,Domino's,Lies it doesnt work,1,2021-07-15,Google Play,Customer Review,https://play.google.com/store/apps/details?id=com.dominos.ng&hl=en&gl=ng,lies it doesnt work,True,Negative,-2
2f4725e4-e598-4ca2-9dc2-01eb83063636,Domino's,Awesome,5,2021-07-06,Google Play,Customer Review,https://play.google.com/store/apps/details?id=com.dominos.ng&hl=en&gl=ng,awesome,True,Positive,2
bcaf563a-0480-42dc-9d63-ae396817bd1e,Domino's,Poor Customer Service right from the doorstep with the security man who works for a Security company outfit called King David Security having a very poor customer relationship service at Domino's Pizza Outlet Maryland on Monday evening 28th June 2021. That kind of attitude will chase your valuable customers away,1,2021-06-28,Google Play,Customer Review,https://play.google.com/store/apps/details?id=com.dominos.ng&hl=en&gl=ng,poor customer service right from the doorstep with the security man who works for a security company outfit called king david security having a very poor customer relationship service at domino's pizza outlet maryland on monday evening 28th june 2021 that kind of attitude will chase your valuable customers away,True,Negative,-3
8c538d7a-1dc3-4d4f-9e91-8eed84bdb649,Domino's,"It sucks that a name this big can't have a simple working app!!! Come on, We buy stuff online and it does not give this problems. Can you just let us pick outlets close to us as par where we find ourselves at the time? Eg. Fagba, Abule Egba etc. Can you let us input our addresses manually & save possibly more than one address ( so we can edit present one or save a new on)?. Cause your automatic address input does not find anywhere close to where I live & the outlet is just 5mins away.. Damn!!",1,2021-06-26,Google Play,Customer Review,https://play.google.com/store/apps/details?id=com.dominos.ng&hl=en&gl=ng,it sucks that a name this big can't have a simple working app come on we buy stuff online and it does not give this problems can you just let us pick outlets close to us as par where we find ourselves at the time eg fagba abule egba etc can you let us input our addresses manually save possibly more than one address so we can edit present one or save a new on cause your automatic address input does not find anywhere close to where i live the outlet is just 5mins away damn,True,Negative,-2
a64437aa-87e1-4cac-96af-13131295cf12,Domino's,Exactly how I was told to buy one and get one free when I order online. Which I did and even called your Garki outlet to confirm. Sent someone to pick up and they gave the person just one and refused taking my calls. Scam,3,2021-06-22,Google Play,Customer Review,https://play.google.com/store/apps/details?id=com.dominos.ng&hl=en&gl=ng,exactly how i was told to buy one and get one free when i order online which i did and even called your garki outlet to confirm sent someone to pick up and they gave the person just one and refused taking my calls scam,True,Negative,-2
9d8181e8-06fa-47d6-bb51-870661c54a1f,Domino's,"After reading all the reviews and the negative ones most especially, I will score the app 5 star and more if possible. I realssied most users are just not used to making orders online. The last time I used the app before using it yesterday was May 2020 and I didn't encounter any problem. I signed in and favourited my order. I am a natural critic and can tell when people are not used to this app. Most users did something wrong and won't admit. Nice app",5,2021-06-07,Google Play,Customer Review,https://play.google.com/store/apps/details?id=com.dominos.ng&hl=en&gl=ng,after reading all the reviews and the negative ones most especially i will score the app 5 star and more if possible i realssied most users are just not used to making orders online the last time i used the app before using it yesterday was may 2020 and i didn't encounter any problem i signed in and favourited my order i am a natural critic and can tell when people are not used to this app most users did something wrong and won't admit nice app,True,Negative,-1
7c17f4bf-8147-47a9-bec7-4482573c0f64,Domino's,Nonsense app,1,2021-06-05,Google Play,Customer Review,https://play.google.com/store/apps/details?id=com.dominos.ng&hl=en&gl=ng,nonsense app,True,Negative,-2
a8e08b85-ea3e-4de9-957a-b9cff925f62b,Domino's,"If I could give this 0 stars I would, it does not even work at all",1,2021-06-01,Google Play,Customer Review,https://play.google.com/store/apps/details?id=com.dominos.ng&hl=en&gl=ng,if i could give this 0 stars i would it does not even work at all,True,Neutral,0
c4a83478-627d-42c3-9dfd-761b65160679,Domino's,This is just an. Annoying bookmark Don't download,1,2021-05-24,Google Play,Customer Review,https://play.google.com/store/apps/details?id=com.dominos.ng&hl=en&gl=ng,this is just an annoying bookmark don't download,True,Negative,-1
643ff8b2-9cce-4025-94cc-0c77e67ce739,Domino's,Delivery is NT always available for me I dnt understand,5,2021-05-22,Google Play,Customer Review,https://play.google.com/store/apps/details?id=com.dominos.ng&hl=en&gl=ng,delivery is nt always available for me i dnt understand,True,Neutral,0
e1efe2a9-b063-4f12-a9f2-2ef9470846bf,Domino's,I downloaded the app and it has asked me to ordered online and i pressed it for hours it has not opened,1,2021-05-15,Google Play,Customer Review,https://play.google.com/store/apps/details?id=com.dominos.ng&hl=en&gl=ng,i downloaded the app and it has asked me to ordered online and i pressed it for hours it has not opened,True,Neutral,0
4ef41f5a-d5cb-4e18-b051-e2b10a479968,Domino's,"If ShopRite can name their EFFURUN location in their description, Dominoes has NO EXCUSE to call it's EFFURUN shop Warri. Ridiculous!",1,2021-05-13,Google Play,Customer Review,https://play.google.com/store/apps/details?id=com.dominos.ng&hl=en&gl=ng,if shoprite can name their effurun location in their description dominoes has no excuse to call it's effurun shop warri ridiculous,True,Negative,-2
dbd0e10a-a5d2-4d2f-b761-547e4b3bbfee,Domino's,Doesn't deliver to my side,1,2021-05-07,Google Play,Customer Review,https://play.google.com/store/apps/details?id=com.dominos.ng&hl=en&gl=ng,doesn't deliver to my side,True,Neutral,0
d769bdf4-4f82-451d-95a3-917bee3b9cb1,Domino's,It's so bad and,1,2021-05-07,Google Play,Customer Review,https://play.google.com/store/apps/details?id=com.dominos.ng&hl=en&gl=ng,it's so bad and,True,Negative,-2
9034b2f7-0565-4211-a848-a00cab7fefa7,Domino's,Pls work on this app at first I installed it and it didn't work now I did it again and it went blank,1,2021-04-28,Google Play,Customer Review,https://play.google.com/store/apps/details?id=com.dominos.ng&hl=en&gl=ng,pls work on this app at first i installed it and it didn't work now i did it again and it went blank,True,Neutral,0
34130950-30c6-4411-955c-e03df9f3dc51,Domino's,Efficient,5,2021-04-22,Google Play,Customer Review,https://play.google.com/store/apps/details?id=com.dominos.ng&hl=en&gl=ng,efficient,True,Positive,1
c13d2001-f40b-4a9b-8a5b-3c2eabffbaf7,Domino's,Very good,5,2021-04-22,Google Play,Customer Review,https://play.google.com/store/apps/details?id=com.dominos.ng&hl=en&gl=ng,very good,True,Positive,2
1da1bb7c-33e2-481c-bb0c-c8a7af555b94,Domino's,"Honestly, I don't understand why dominos has allowed such a mockery to exist. I use the UK app stress free whenever I stay in the UK so tell me why you allow the Nigerian app to be so slow and barely functional. I can't even add items to my order. I don't know if you left the programming to a Nigerian company (in which case, the company needs to be fired ASAP!) or you just can't be bothered to use your resources to give us the same quality of app as other countries but this is unacceptable 🤬",1,2021-04-18,Google Play,Customer Review,https://play.google.com/store/apps/details?id=com.dominos.ng&hl=en&gl=ng,honestly i don't understand why dominos has allowed such a mockery to exist i use the uk app stress free whenever i stay in the uk so tell me why you allow the nigerian app to be so slow and barely functional i can't even add items to my order i don't know if you left the programming to a nigerian company in which case the company needs to be fired asap or you just can't be bothered to use your resources to give us the same quality of app as other countries but this is unacceptable angry,True,Negative,-4
9bbbf78b-101d-4465-8566-accf1896663a,Domino's,This is one of the fake app I am going to delete it . After booking on the app they will tell you that they don't deliver to your area that you can only do pick ups. So what is the essence of the app to the people in my area?,1,2021-04-13,Google Play,Customer Review,https://play.google.com/store/apps/details?id=com.dominos.ng&hl=en&gl=ng,this is one of the fake app i am going to delete it after booking on the app they will tell you that they don't deliver to your area that you can only do pick ups so what is the essence of the app to the people in my area,True,Negative,-2
de383848-ee71-4fbb-867d-b9f7ece39f15,Domino's,There is a domino's pizza branch 5-10 mins drive from my house ... but when I placed an order I was told that they do not deliver to my area.,1,2021-04-12,Google Play,Customer Review,https://play.google.com/store/apps/details?id=com.dominos.ng&hl=en&gl=ng,there is a domino's pizza branch 5 10 mins drive from my house but when i placed an order i was told that they do not deliver to my area,True,Neutral,0
9070678c-54a7-4165-9852-3299fee328fe,Domino's,It was actually a water of time they took my order told me 30 minutes 3 hours later I call to check on my order they tell me they are about to close🤬🤬🤬,1,2021-04-05,Google Play,Customer Review,https://play.google.com/store/apps/details?id=com.dominos.ng&hl=en&gl=ng,it was actually a water of time they took my order told me 30 minutes 3 hours later i call to check on my order they tell me they are about to close angry angry angry,True,Negative,-1
3b4e1fce-6c60-458e-9347-38184fee4ea9,Domino's,The app is ok,3,2021-04-01,Google Play,Customer Review,https://play.google.com/store/apps/details?id=com.dominos.ng&hl=en&gl=ng,the app is ok,True,Neutral,0
ad9a477d-6346-429b-a08f-c54468ed1eef,Domino's,Can't Order Cause It doesn't want to deliver to my location and There's an outlet not too far from my house..... Really Expected More From You guys,1,2021-03-27,Google Play,Customer Review,https://play.google.com/store/apps/details?id=com.dominos.ng&hl=en&gl=ng,can't order cause it doesn't want to deliver to my location and there's an outlet not too far from my house really expected more from you guys,True,Neutral,0
f0883c5d-a557-4896-bb63-2264b06c91f4,Domino's,Simple and best online app,5,2021-03-23,Google Play,Customer Review,https://play.google.com/store/apps/details?id=com.dominos.ng&hl=en&gl=ng,simple and best online app,True,Positive,3
7d226007-c919-4dbc-95d7-e61b8d69b18c,Domino's,"The most useless app on my phone right now, I'm uninstalling it, I haven't been able to even do anything, u click on pizza or smallie or chicken or anything at all and nothing comes up",1,2021-03-22,Google Play,Customer Review,https://play.google.com/store/apps/details?id=com.dominos.ng&hl=en&gl=ng,the most useless app on my phone right now i'm uninstalling it i haven't been able to even do anything u click on pizza or smallie or chicken or anything at all and nothing comes up,True,Negative,-2
1e53dc84-1723-47ee-968d-985a7a920323,Domino's,I ordered a medium sized chicken supreme pizza and got like 9 little bits of chicken pieces in it. I am truly disappointed. I wish I could take a picture of it and post it here,1,2021-03-14,Google Play,Customer Review,https://play.google.com/store/apps/details?id=com.dominos.ng&hl=en&gl=ng,i ordered a medium sized chicken supreme pizza and got like 9 little bits of chicken pieces in it i am truly disappointed i wish i could take a picture of it and post it here,True,Negative,-2
c09af0ec-b4dc-4844-aa95-d26ca478266e,Domino's,this app is so difficult to use. it always says delivery is not available to your location but when I call the store they say they do delivery.,1,2021-03-13,Google Play,Customer Review,https://play.google.com/store/apps/details?id=com.dominos.ng&hl=en&gl=ng,this app is so difficult to use it always says delivery is not available to your location but when i call the store they say they do delivery,True,Negative,-4
abdf80dc-328e-4ec6-92ad-d208c6526ef4,Domino's,Very unreliable and sluggish app. This is an excuse of an app. I expected better. Keeps saying can't deliver to my location. I wonder where u deliver to. You guys had better take this app out and do better,1,2021-03-10,Google Play,Customer Review,https://play.google.com/store/apps/details?id=com.dominos.ng&hl=en&gl=ng,very unreliable and sluggish app this is an excuse of an app i expected better keeps saying can't deliver to my location i wonder where u deliver to you guys had better take this app out and do better,True,Negative,-4
7621dedf-ecee-4d9c-8cb0-778f6cded332,Domino's,"The company as a whole is horrible. My pizza got to me after 3 hours of stressing me and the dispatch rider cussed me out. They didn't even bring it to my house, i had to walk a while before getting it. I ordered for extra cheese but i didn't even get cheese, talk more of extra.",1,2021-03-09,Google Play,Customer Review,https://play.google.com/store/apps/details?id=com.dominos.ng&hl=en&gl=ng,the company as a whole is horrible my pizza got to me after 3 hours of stressing me and the dispatch rider cussed me out they didn't even bring it to my house i had to walk a while before getting it i ordered for extra cheese but i didn't even get cheese talk more of extra,True,Negative,-3
e84f50b3-4919-4db9-aeb5-186157dbc1f5,Domino's,This app is so stupid they keep saying that they can't come to my location y 🤦‍♀️🤦‍♀️,1,2021-03-07,Google Play,Customer Review,https://play.google.com/store/apps/details?id=com.dominos.ng&hl=en&gl=ng,this app is so stupid they keep saying that they can't come to my location y,True,Neutral,0
f2242dc3-0e05-456f-8004-7f22d3c16944,Domino's,Worse app Locations issues Bug issues,1,2021-03-06,Google Play,Customer Review,https://play.google.com/store/apps/details?id=com.dominos.ng&hl=en&gl=ng,worse app locations issues bug issues,True,Negative,-3
195d5927-63e3-48ec-b5f1-bcb5a6ee2950,Domino's,Hardly works well,1,2021-03-04,Google Play,Customer Review,https://play.google.com/store/apps/details?id=com.dominos.ng&hl=en&gl=ng,hardly works well,True,Positive,2
fcdc792f-e607-4fb8-b64a-ad2cd49b99a6,Domino's,Simply doesn't work😑,1,2021-02-21,Google Play,Customer Review,https://play.google.com/store/apps/details?id=com.dominos.ng&hl=en&gl=ng,simply doesn't work,True,Negative,-2
834e9276-da99-42fe-a888-c1b165eb92e1,Domino's,"You can hardly get good results whenever I want to order online from d app to carry out in KUBWA, ABUJA. it is 90% always closed and its annoying, pls work on a better improvement for one to use the app better with confidence for us in KUBWA",1,2021-02-16,Google Play,Customer Review,https://play.google.com/store/apps/details?id=com.dominos.ng&hl=en&gl=ng,you can hardly get good results whenever i want to order online from d app to carry out in kubwa abuja it is 90 always closed and its annoying pls work on a better improvement for one to use the app better with confidence for us in kubwa,True,Negative,-2
ecd0dd72-bc4c-4f51-ade7-896b68721a18,Domino's,Terrible app. Location doesn't work even if i stand infront of there store,1,2021-02-15,Google Play,Customer Review,https://play.google.com/store/apps/details?id=com.dominos.ng&hl=en&gl=ng,terrible app location doesn't work even if i stand infront of there store,True,Negative,-4
610f83dc-d4ce-4a14-adb9-9962ee33a2b6,Domino's,Bad experience please try to improve,1,2021-02-07,Google Play,Customer Review,https://play.google.com/store/apps/details?id=com.dominos.ng&hl=en&gl=ng,bad experience please try to improve,True,Negative,-1
66b9fe21-f27f-469b-aa6b-b0fa7f6c9856,Domino's,I love it,5,2021-02-05,Google Play,Customer Review,https://play.google.com/store/apps/details?id=com.dominos.ng&hl=en&gl=ng,i love it,True,Positive,2
dd292e59-396c-4d13-b271-faa4f6837803,Domino's,Stupid App .. ...So very annoying,1,2021-02-04,Google Play,Customer Review,https://play.google.com/store/apps/details?id=com.dominos.ng&hl=en&gl=ng,stupid app so very annoying,True,Negative,-2
9daec88b-1496-421d-adc9-d0faa7a1488e,Domino's,Good,5,2021-02-03,Google Play,Customer Review,https://play.google.com/store/apps/details?id=com.dominos.ng&hl=en&gl=ng,good,True,Positive,1
de676ddf-4d1c-4272-b796-2b973dccb67e,Domino's,So useless....,1,2021-01-27,Google Play,Customer Review,https://play.google.com/store/apps/details?id=com.dominos.ng&hl=en&gl=ng,so useless,True,Negative,-4
c0b45459-a77d-47fa-b812-ed8d244a129b,Domino's,"This app is absolutelyfraudulent, I bought pizza online using my debit card, after my account was debited i was told transaction not successful. I received a notice to contact their office after 7 working if no refund. All efforts to get Domino via Twitter, email, phone calls proved abortive.",1,2021-01-25,Google Play,Customer Review,https://play.google.com/store/apps/details?id=com.dominos.ng&hl=en&gl=ng,this app is absolutelyfraudulent i bought pizza online using my debit card after my account was debited i was told transaction not successful i received a notice to contact their office after 7 working if no refund all efforts to get domino via twitter email phone calls proved abortive,True,Neutral,0
780d159b-a57a-49a5-a03f-4a55e4d7583b,Domino's,The app is very outdated and takes a lot of time to load and it's very slow. Please update it.,2,2021-01-24,Google Play,Customer Review,https://play.google.com/store/apps/details?id=com.dominos.ng&hl=en&gl=ng,the app is very outdated and takes a lot of time to load and it's very slow please update it,True,Negative,-2
f6cb1845-7f88-4138-80f3-4edb4641d520,Domino's,"Very bad app...no way to precisely give your location. Years after my first complaint, nothing had changed !",1,2021-01-14,Google Play,Customer Review,https://play.google.com/store/apps/details?id=com.dominos.ng&hl=en&gl=ng,very bad app no way to precisely give your location years after my first complaint nothing had changed,True,Negative,-3
fe487063-bcda-4ca9-9d68-e1d3383f8bb7,Domino's,The app doesn't do anything,1,2021-01-08,Google Play,Customer Review,https://play.google.com/store/apps/details?id=com.dominos.ng&hl=en&gl=ng,the app doesn't do anything,True,Neutral,0
8dfcb0f1-7ca8-4da4-b938-d43ea2a05c11,Domino's,I have never been able to use the app. I can't type in my address as the locations are preloaded.,1,2021-01-07,Google Play,Customer Review,https://play.google.com/store/apps/details?id=com.dominos.ng&hl=en&gl=ng,i have never been able to use the app i can't type in my address as the locations are preloaded,True,Neutral,0
d2ef1d20-bf43-447c-a083-09dfa34f2396,Domino's,I don't understand this app it always saying unable to open,1,2021-01-03,Google Play,Customer Review,https://play.google.com/store/apps/details?id=com.dominos.ng&hl=en&gl=ng,i don't understand this app it always saying unable to open,True,Negative,-2
050997fb-0fb8-4faf-a5c5-db5036d5996f,Domino's,"This so useless, the app doesn't even open on my phone. Please fix this bug.",1,2021-01-01,Google Play,Customer Review,https://play.google.com/store/apps/details?id=com.dominos.ng&hl=en&gl=ng,this so useless the app doesn't even open on my phone please fix this bug,True,Negative,-7
d00ad593-0094-4705-9485-750a23bfcbd3,Domino's,I love it,5,2020-12-31,Google Play,Customer Review,https://play.google.com/store/apps/details?id=com.dominos.ng&hl=en&gl=ng,i love it,True,Positive,2
5a4843a2-dc10-4658-b39e-c6918be21d59,Domino's,It very good,5,2020-12-30,Google Play,Customer Review,https://play.google.com/store/apps/details?id=com.dominos.ng&hl=en&gl=ng,it very good,True,Positive,2
a22b6a1f-e11c-4721-91cd-1f2ef965131c,Domino's,Today this website delivers to my location tomorrow it doesn't how does this make any sense please do better and upgrade this website you call an app,1,2020-12-28,Google Play,Customer Review,https://play.google.com/store/apps/details?id=com.dominos.ng&hl=en&gl=ng,today this website delivers to my location tomorrow it doesn't how does this make any sense please do better and upgrade this website you call an app,True,Neutral,0
0d6f54c7-472d-45c8-b46e-bfdfe841ba6d,Domino's,This app is horribly horrible. It keeps telling me it doesn't deliver to my location even though I am actually 3 streets away from a store.,1,2020-12-28,Google Play,Customer Review,https://play.google.com/store/apps/details?id=com.dominos.ng&hl=en&gl=ng,this app is horribly horrible it keeps telling me it doesn't deliver to my location even though i am actually 3 streets away from a store,True,Negative,-2
f378eae0-b8ac-4f7e-a86c-5d0831c16fcf,Domino's,Best experience ever,5,2020-12-26,Google Play,Customer Review,https://play.google.com/store/apps/details?id=com.dominos.ng&hl=en&gl=ng,best experience ever,True,Positive,2
df4d7644-6c4e-4e94-bf9f-52a829625ec9,Domino's,I don't get this app at all. It says it doesn't deliver to my location yet it actually does but I have to go through a complicated mess to do it. The stores it puts as near me are actually miles away and it doesn't list the store that is actually near my location.,1,2020-12-25,Google Play,Customer Review,https://play.google.com/store/apps/details?id=com.dominos.ng&hl=en&gl=ng,i don't get this app at all it says it doesn't deliver to my location yet it actually does but i have to go through a complicated mess to do it the stores it puts as near me are actually miles away and it doesn't list the store that is actually near my location,True,Negative,-1
117ef091-db0d-47d0-818b-f532a844dc22,Domino's,Stupid,5,2020-12-25,Google Play,Customer Review,https://play.google.com/store/apps/details?id=com.dominos.ng&hl=en&gl=ng,stupid,True,Neutral,0
cdf6c3c7-f7e2-4883-ad63-69cc6864898e,Domino's,This app has issues,1,2020-12-23,Google Play,Customer Review,https://play.google.com/store/apps/details?id=com.dominos.ng&hl=en&gl=ng,this app has issues,True,Negative,-1
c268d992-c4b3-4ad2-95ed-f78326caa998,Domino's,Loveyourpizza,5,2020-12-21,Google Play,Customer Review,https://play.google.com/store/apps/details?id=com.dominos.ng&hl=en&gl=ng,loveyourpizza,True,Neutral,0
ac020e54-9c99-4f38-b9d9-6de068841607,Domino's,"This app is rubbish, it a waste of time.",1,2020-12-20,Google Play,Customer Review,https://play.google.com/store/apps/details?id=com.dominos.ng&hl=en&gl=ng,this app is rubbish it a waste of time,True,Negative,-4
58107804-977a-4a26-b091-0cd08064b047,Domino's,"Your app is so annoying, I input the address of the nearest location to your store, yet it returned unable to deliver to the address",2,2020-12-18,Google Play,Customer Review,https://play.google.com/store/apps/details?id=com.dominos.ng&hl=en&gl=ng,your app is so annoying i input the address of the nearest location to your store yet it returned unable to deliver to the address,True,Negative,-4
2e55af79-d01c-4c9d-8e4c-f987c0cefd67,Domino's,UI experience is abysmal.,1,2020-12-15,Google Play,Customer Review,https://play.google.com/store/apps/details?id=com.dominos.ng&hl=en&gl=ng,ui experience is abysmal,True,Neutral,0
2bc78f34-96ff-4b4d-98f9-0de7720545e3,Domino's,Ha haaa,5,2020-12-10,Google Play,Customer Review,https://play.google.com/store/apps/details?id=com.dominos.ng&hl=en&gl=ng,ha haa,True,Neutral,0
f0ba0f98-7227-4e1c-9c77-f105778ee438,Domino's,Good food,5,2020-12-02,Google Play,Customer Review,https://play.google.com/store/apps/details?id=com.dominos.ng&hl=en&gl=ng,good food,True,Positive,1
426cd2f2-229b-43cb-a72c-2c5a57d364a0,Domino's,"Y'all are being unnecessary stingy with ur spices, especially the gwarimpa branch🤦🤦🤦, i am never using u again ur quality of puzza has dropped rapudly n yet u increase the price🤔🤔, mtscheew",2,2020-11-29,Google Play,Customer Review,https://play.google.com/store/apps/details?id=com.dominos.ng&hl=en&gl=ng,y'all are being unnecessary stingy with ur spices especially the gwarimpa branch i am never using u again ur quality of puzza has dropped rapudly n yet u increase the price mtscheew,True,Neutral,0
763c39a7-ec9b-4d78-8d39-5d72f59d410f,Domino's,App hasn't been working weol since last month but I get notifications fine. When I click order online I get an error.,1,2020-11-28,Google Play,Customer Review,https://play.google.com/store/apps/details?id=com.dominos.ng&hl=en&gl=ng,app hasn't been working weol since last month but i get notifications fine when i click order online i get an error,True,Neutral,0
95260ba4-51d0-4952-a794-b5f1beb4f847,Domino's,Can't deliver to my location?,2,2020-11-24,Google Play,Customer Review,https://play.google.com/store/apps/details?id=com.dominos.ng&hl=en&gl=ng,can't deliver to my location,True,Neutral,0
d0299589-d226-4707-a470-58baa006793e,Domino's,Bad,1,2020-11-24,Google Play,Customer Review,https://play.google.com/store/apps/details?id=com.dominos.ng&hl=en&gl=ng,bad,True,Negative,-1
90b5ddc7-d91f-4402-a160-5550cdd628fb,Domino's,Nice,5,2020-11-22,Google Play,Customer Review,https://play.google.com/store/apps/details?id=com.dominos.ng&hl=en&gl=ng,nice,True,Positive,1
2525f342-0841-4bc8-9073-8796fc7245f9,Domino's,Build a proper app,3,2020-11-21,Google Play,Customer Review,https://play.google.com/store/apps/details?id=com.dominos.ng&hl=en&gl=ng,build a proper app,True,Neutral,0
a51e873b-910c-4ca3-bc17-5d25f01ae4b4,Domino's,I love it,5,2020-11-20,Google Play,Customer Review,https://play.google.com/store/apps/details?id=com.dominos.ng&hl=en&gl=ng,i love it,True,Positive,2
fc38fafc-8eb2-46c4-9ba4-a322dfd4cb06,Domino's,Do not recommend. Absolutely useless,1,2020-11-20,Google Play,Customer Review,https://play.google.com/store/apps/details?id=com.dominos.ng&hl=en&gl=ng,do not recommend absolutely useless,True,Positive,3
162a264f-8c26-47de-ae07-23faeda8a94b,Domino's,Well got my pizza delivered in like 10minutes I was so shocked I love the swiftness of d delivery,4,2020-11-19,Google Play,Customer Review,https://play.google.com/store/apps/details?id=com.dominos.ng&hl=en&gl=ng,well got my pizza delivered in like 10minutes i was so shocked i love the swiftness of d delivery,True,Positive,2
c8dcd886-3f87-4571-8337-4b9924c49c78,Domino's,Nice,5,2020-11-16,Google Play,Customer Review,https://play.google.com/store/apps/details?id=com.dominos.ng&hl=en&gl=ng,nice,True,Positive,1
8352f130-6758-4854-80e1-17f08ff44315,Domino's,Bad experience with the app,1,2020-11-12,Google Play,Customer Review,https://play.google.com/store/apps/details?id=com.dominos.ng&hl=en&gl=ng,bad experience with the app,True,Negative,-1
1843106e-e81b-42c8-b167-7702f751b181,Domino's,Domino's in the waste of money the worst is there shawarma is dice onion a few diced hot dogs that tastes bad,1,2020-11-11,Google Play,Customer Review,https://play.google.com/store/apps/details?id=com.dominos.ng&hl=en&gl=ng,domino's in the waste of money the worst is there shawarma is dice onion a few diced hot dogs that tastes bad,True,Negative,-3
2849edf9-9ef2-45f2-9655-af82b32bf7c3,Domino's,"Very useless, no dark theme, you can't place orders when in some states.",1,2020-11-09,Google Play,Customer Review,https://play.google.com/store/apps/details?id=com.dominos.ng&hl=en&gl=ng,very useless no dark theme you can't place orders when in some states,True,Negative,-4
d9ea690e-e624-4cfa-8979-3a0118fed0ea,Domino's,Terrible app,1,2020-11-03,Google Play,Customer Review,https://play.google.com/store/apps/details?id=com.dominos.ng&hl=en&gl=ng,terrible app,True,Negative,-2
20f2d7bc-3780-4255-bce0-cb18ca36b1aa,Domino's,It loads slowly.... The interface isn't that smooth,2,2020-11-02,Google Play,Customer Review,https://play.google.com/store/apps/details?id=com.dominos.ng&hl=en&gl=ng,it loads slowly the interface isn't that smooth,True,Negative,-1
1e3e42c4-6901-4b75-bb97-e94a5f782322,Domino's,It doesn't get past the loading stage. I don't get the need for the app,1,2020-11-02,Google Play,Customer Review,https://play.google.com/store/apps/details?id=com.dominos.ng&hl=en&gl=ng,it doesn't get past the loading stage i don't get the need for the app,True,Neutral,0
c9f79701-7de7-4978-9a94-27ee54539b06,Domino's,No anambra state location,1,2020-11-01,Google Play,Customer Review,https://play.google.com/store/apps/details?id=com.dominos.ng&hl=en&gl=ng,no anambra state location,True,Neutral,0
216fe686-d020-495b-a34d-dc4ded6d2bf8,Domino's,Why dont you give online delivery in india??? Please give it.,1,2020-10-21,Google Play,Customer Review,https://play.google.com/store/apps/details?id=com.dominos.ng&hl=en&gl=ng,why dont you give online delivery in india please give it,True,Neutral,0
4ebc5f7b-9f2a-45cc-b348-50e2cd80b9b6,Domino's,Great app love order all the time from they grate value for money and nice pizzas,5,2020-10-16,Google Play,Customer Review,https://play.google.com/store/apps/details?id=com.dominos.ng&hl=en&gl=ng,great app love order all the time from they grate value for money and nice pizzas,True,Positive,4
cba75fe3-d1ce-472d-981c-55c020455977,Domino's,I don't get it u guys the app works fine for me 🤷‍♀️ maybe y'all phones have problem would have given it five stars buh nobody's perfect,4,2020-10-03,Google Play,Customer Review,https://play.google.com/store/apps/details?id=com.dominos.ng&hl=en&gl=ng,i don't get it u guys the app works fine for me maybe y'all phones have problem would have given it five stars buh nobody's perfect,True,Positive,2
e5d8857e-6f9c-424c-be10-c728809524df,Domino's,The app and website aren't working on Independence day!,1,2020-10-01,Google Play,Customer Review,https://play.google.com/store/apps/details?id=com.dominos.ng&hl=en&gl=ng,the app and website aren't working on independence day,True,Neutral,0
09c1ec84-7642-48c8-8e7f-c54355db3573,Domino's,Wok's well,5,2020-09-30,Google Play,Customer Review,https://play.google.com/store/apps/details?id=com.dominos.ng&hl=en&gl=ng,wok's well,True,Neutral,0
3882d9ec-926a-493d-ac8d-16830f3bb940,Domino's,"The app is a render of the website and is also too sluggish! The loading times are horrible. Sometimes, Orders go unfulfilled when you pay with your debit card. C'mon Dominos, You can do better. Make ordering simipler for your customers.",1,2020-09-29,Google Play,Customer Review,https://play.google.com/store/apps/details?id=com.dominos.ng&hl=en&gl=ng,the app is a render of the website and is also too sluggish the loading times are horrible sometimes orders go unfulfilled when you pay with your debit card c'mon dominos you can do better make ordering simipler for your customers,True,Negative,-2
d9116fd1-11ae-4a43-978b-df784ff30ea8,Domino's,They waste so much time delivering the pizza. It's not worth the wait.,1,2020-09-26,Google Play,Customer Review,https://play.google.com/store/apps/details?id=com.dominos.ng&hl=en&gl=ng,they waste so much time delivering the pizza it's not worth the wait,True,Negative,-1
3e7ff449-61f8-4498-a16c-9a92418dd66b,Domino's,"I did not expect this from such a high quality restaurants and please make your app to be working, so it will be available for any use and so you know I have tried the app but yet it seems as if your app is faulty so get it fixed",1,2020-09-24,Google Play,Customer Review,https://play.google.com/store/apps/details?id=com.dominos.ng&hl=en&gl=ng,i did not expect this from such a high quality restaurants and please make your app to be working so it will be available for any use and so you know i have tried the app but yet it seems as if your app is faulty so get it fixed,True,Neutral,0
794b0b48-a159-44a9-8854-52202dabc8fd,Domino's,"Useless app, if they debit you for order online and the app fails to place the order, you will keep calling for refund until you get tired. Nnde ala",1,2020-09-23,Google Play,Customer Review,https://play.google.com/store/apps/details?id=com.dominos.ng&hl=en&gl=ng,useless app if they debit you for order online and the app fails to place the order you will keep calling for refund until you get tired nnde ala,True,Negative,-3
ca20a422-f04b-48a4-9702-1ad974aed9e1,Domino's,"Ugly design, it's basically a webpage.",1,2020-09-15,Google Play,Customer Review,https://play.google.com/store/apps/details?id=com.dominos.ng&hl=en&gl=ng,ugly design it's basically a webpage,True,Neutral,0
19e3bccc-cc76-48a7-af0b-40b49a2cfc02,Domino's,This app is sooo slow and annoying sometimes thye definitely need an update,1,2020-09-12,Google Play,Customer Review,https://play.google.com/store/apps/details?id=com.dominos.ng&hl=en&gl=ng,this app is soo slow and annoying sometimes thye definitely need an update,True,Negative,-2
91248c35-b1f4-4cb7-addd-5a8df058be14,Domino's,subomi,1,2020-09-11,Google Play,Customer Review,https://play.google.com/store/apps/details?id=com.dominos.ng&hl=en&gl=ng,subomi,True,Neutral,0
9b9fb1fb-87d7-416f-84a0-c36a7c1d8ce5,Domino's,Terrible app,1,2020-08-30,Google Play,Customer Review,https://play.google.com/store/apps/details?id=com.dominos.ng&hl=en&gl=ng,terrible app,True,Negative,-2
df7c8a7d-9491-44a2-914c-a9331602131d,Domino's,Waste of data. Please delete this app if you fix it.,1,2020-08-30,Google Play,Customer Review,https://play.google.com/store/apps/details?id=com.dominos.ng&hl=en&gl=ng,waste of data please delete this app if you fix it,True,Negative,-2
81e10567-e110-48ef-9a55-465f8688c500,Domino's,"The experience was nothing to write home about. They could have actually use my location to choose the best store for me but instead they prefer me to write my address which is not in their database. I ordered the first one the name of my street was there but it was another location entirely. I tried using a landmark and it was not possible. I don't just understand, some stores don't even pick up calls at all. There Is more to improve if you want to make the delivery perfect. I am so disappointe",1,2020-08-30,Google Play,Customer Review,https://play.google.com/store/apps/details?id=com.dominos.ng&hl=en&gl=ng,the experience was nothing to write home about they could have actually use my location to choose the best store for me but instead they prefer me to write my address which is not in their database i ordered the first one the name of my street was there but it was another location entirely i tried using a landmark and it was not possible i don't just understand some stores don't even pick up calls at all there is more to improve if you want to make the delivery perfect i am so disappointe,True,Positive,4
a193885e-07ec-4300-a37b-d5c8d73df88a,Domino's,Always can't deliver to ur location,1,2020-08-23,Google Play,Customer Review,https://play.google.com/store/apps/details?id=com.dominos.ng&hl=en&gl=ng,always can't deliver to ur location,True,Neutral,0
6d25a803-4eb1-46e5-a2b8-29624b081d5a,Domino's,Very good and nice,5,2020-08-11,Google Play,Customer Review,https://play.google.com/store/apps/details?id=com.dominos.ng&hl=en&gl=ng,very good and nice,True,Positive,3
de252982-1c63-4e3b-8f52-b06b7a445b54,Domino's,Mdahyanpizza,4,2020-08-10,Google Play,Customer Review,https://play.google.com/store/apps/details?id=com.dominos.ng&hl=en&gl=ng,mdahyanpizza,True,Neutral,0
8343ec60-9de6-4305-a511-eed9d1edd635,Domino's,"I'm so disappointed with Dominos. U guys always claim there's no delivery to my district in Abuja each time I order online @ N2500. But daily, I see lots of ur delivery guys dropping off on my street. I decided to call ur district office. I was told the same pizza goes for N3,700 and that there's delivery to my area. I think u guys should be ethical enough to say u dont do deliveries for online or discount orders and not mislead the public please. Google play kindly include 0 stars pls.",1,2020-08-09,Google Play,Customer Review,https://play.google.com/store/apps/details?id=com.dominos.ng&hl=en&gl=ng,i'm so disappointed with dominos u guys always claim there's no delivery to my district in abuja each time i order online n2500 but daily i see lots of ur delivery guys dropping off on my street i decided to call ur district office i was told the same pizza goes for n3 700 and that there's delivery to my area i think u guys should be ethical enough to say u dont do deliveries for online or discount orders and not mislead the public please google play kindly include 0 stars pls,True,Negative,-2
7a964461-9082-482a-9269-50ceccb26542,Domino's,It takes forever to load.just pls remove your app .and use a website,1,2020-08-07,Google Play,Customer Review,https://play.google.com/store/apps/details?id=com.dominos.ng&hl=en&gl=ng,it takes forever to load just pls remove your app and use a website,True,Negative,-2
ea3e94f7-70b2-4537-adb6-a633665e182e,Domino's,Good,5,2020-08-04,Google Play,Customer Review,https://play.google.com/store/apps/details?id=com.dominos.ng&hl=en&gl=ng,good,True,Positive,1
926febac-c24c-4af5-a261-aed8e23506ee,Domino's,Nice,5,2020-08-01,Google Play,Customer Review,https://play.google.com/store/apps/details?id=com.dominos.ng&hl=en&gl=ng,nice,True,Positive,1
9fca20ac-33d6-4296-a812-36d25ca57c32,Domino's,"Hello Domino, u send me messages and promo offer every now and den yet I cannot get pizza. Why? Cos u claim I live in an unremote area- forgetting I can come in at any time to buy my pizza. Please stop sending me messages of order online if I will still go thru the pain of calling your customer care representative and he or she will keep telling me you don't deliver to my area at igbe ikorodu",2,2020-08-01,Google Play,Customer Review,https://play.google.com/store/apps/details?id=com.dominos.ng&hl=en&gl=ng,hello domino u send me messages and promo offer every now and den yet i cannot get pizza why cos u claim i live in an unremote area forgetting i can come in at any time to buy my pizza please stop sending me messages of order online if i will still go thru the pain of calling your customer care representative and he or she will keep telling me you don't deliver to my area at igbe ikorodu,True,Neutral,0
406ebb96-2de4-413b-a68e-701c56f05e66,Domino's,Its not even loading at all.. Not able to use it,1,2020-07-27,Google Play,Customer Review,https://play.google.com/store/apps/details?id=com.dominos.ng&hl=en&gl=ng,its not even loading at all not able to use it,True,Negative,-2
6dfe4268-573c-4c59-8340-a57fd992d36c,Domino's,Good,5,2020-07-19,Google Play,Customer Review,https://play.google.com/store/apps/details?id=com.dominos.ng&hl=en&gl=ng,good,True,Positive,1
b25db4f3-55fe-45c0-97bb-281ae95fc79c,Domino's,Good,5,2020-07-17,Google Play,Customer Review,https://play.google.com/store/apps/details?id=com.dominos.ng&hl=en&gl=ng,good,True,Positive,1
9bddd3dd-d8d5-4fa3-b4c3-0913c7ee64d5,Domino's,Very effective,5,2020-07-16,Google Play,Customer Review,https://play.google.com/store/apps/details?id=com.dominos.ng&hl=en&gl=ng,very effective,True,Neutral,0
df9e07db-2b7c-46a1-b183-318772191d88,Domino's,Well it super easy to use and with nice features. Fast order their services are top notch,5,2020-07-15,Google Play,Customer Review,https://play.google.com/store/apps/details?id=com.dominos.ng&hl=en&gl=ng,well it super easy to use and with nice features fast order their services are top notch,True,Positive,6
3cd4000a-e077-4b93-89de-cccd2b097f6d,Domino's,Garbage... Not able to recognise any of my 3 addresses in PH City...,1,2020-07-14,Google Play,Customer Review,https://play.google.com/store/apps/details?id=com.dominos.ng&hl=en&gl=ng,garbage not able to recognise any of my 3 addresses in ph city,True,Negative,-4
991b8463-1875-4f05-89c2-a179f11ec8a2,Domino's,"Couldn't order online, had to go to the saka tinubu branch and they still could not do it. Had to do over the counter order. The manager was able to help in some way.",3,2020-07-13,Google Play,Customer Review,https://play.google.com/store/apps/details?id=com.dominos.ng&hl=en&gl=ng,couldn't order online had to go to the saka tinubu branch and they still could not do it had to do over the counter order the manager was able to help in some way,True,Neutral,0
8e9cb531-05bc-46b7-9e90-46580bf93284,Domino's,"Although their food tastes great, their delivery sucks. It takes them hours to deliver and the food is always cold. Worse they keep advertising that they deliver under 25 minutes or you get the food free. That is not true.",2,2020-07-10,Google Play,Customer Review,https://play.google.com/store/apps/details?id=com.dominos.ng&hl=en&gl=ng,although their food tastes great their delivery sucks it takes them hours to deliver and the food is always cold worse they keep advertising that they deliver under 25 minutes or you get the food free that is not true,True,Negative,-2
2a4c557d-0b67-40ee-82a0-c40a1c8ef2b4,Domino's,"I downloaded the app with faith after i read the comments, when i open the app and click order online, it starts loading and does nothing. After a while it just goes blank. I think you guys need to take it back to beta mode and work on it, i rather just walk into one of the branches around me cause the pizza is really great.",2,2020-07-10,Google Play,Customer Review,https://play.google.com/store/apps/details?id=com.dominos.ng&hl=en&gl=ng,i downloaded the app with faith after i read the comments when i open the app and click order online it starts loading and does nothing after a while it just goes blank i think you guys need to take it back to beta mode and work on it i rather just walk into one of the branches around me cause the pizza is really great,True,Positive,2
53c81894-47e4-41eb-8f88-6702e16cd15a,Domino's,The app is basically the webpage but worse. Delivery is unavailable in a lot of areas in Lagos and calling is the only way to get delivery but you don't get coupons.,1,2020-07-09,Google Play,Customer Review,https://play.google.com/store/apps/details?id=com.dominos.ng&hl=en&gl=ng,the app is basically the webpage but worse delivery is unavailable in a lot of areas in lagos and calling is the only way to get delivery but you don't get coupons,True,Negative,-1
da4dd85d-c8fe-45b3-bcd4-4aff60b55505,Domino's,I hate this app....,1,2020-07-06,Google Play,Customer Review,https://play.google.com/store/apps/details?id=com.dominos.ng&hl=en&gl=ng,i hate this app,True,Negative,-1
0416b1f6-fbb4-4cdc-ae17-c22f6b43cf21,Domino's,"Lazy Programming Rendering the website using a WebView is a very lazy programming by the programmer. Don't get me wrong, the app does what its created for but I do not see any reason for this app if it simply renders the website. To make matters worse, users experience on the website isn't friendly enough, and bringing that same experience to an app is just not good enough. You guys can do better or ask for a refund.",1,2020-07-03,Google Play,Customer Review,https://play.google.com/store/apps/details?id=com.dominos.ng&hl=en&gl=ng,lazy programming rendering the website using a webview is a very lazy programming by the programmer don't get me wrong the app does what its created for but i do not see any reason for this app if it simply renders the website to make matters worse users experience on the website isn't friendly enough and bringing that same experience to an app is just not good enough you guys can do better or ask for a refund,True,Negative,-1
7c8b1907-44cd-4f1f-825d-642fbf6114f4,Domino's,Very poor delivery address base.. can not even deliver to just Suncity estate Abuja..,1,2020-06-26,Google Play,Customer Review,https://play.google.com/store/apps/details?id=com.dominos.ng&hl=en&gl=ng,very poor delivery address base can not even deliver to just suncity estate abuja,True,Negative,-2
e87e2c3b-1c5f-4c56-9fda-f95c5a0f8a2e,Domino's,Worst app ever,1,2020-06-25,Google Play,Customer Review,https://play.google.com/store/apps/details?id=com.dominos.ng&hl=en&gl=ng,worst app ever,True,Negative,-2
494072d4-64c7-42ff-afda-6f598fcf6000,Domino's,Awesome,5,2020-06-23,Google Play,Customer Review,https://play.google.com/store/apps/details?id=com.dominos.ng&hl=en&gl=ng,awesome,True,Positive,2
44944b63-3eb3-4103-bbfb-27df73d9a75b,Domino's,Free,5,2020-06-21,Google Play,Customer Review,https://play.google.com/store/apps/details?id=com.dominos.ng&hl=en&gl=ng,free,True,Neutral,0
08eb0957-1f8f-4c1a-8433-c84232d0a6e0,Domino's,App never sees my location 😠😠😠,1,2020-06-20,Google Play,Customer Review,https://play.google.com/store/apps/details?id=com.dominos.ng&hl=en&gl=ng,app never sees my location angry angry angry,True,Negative,-1
c8a394eb-2d73-47d8-a37c-acd61b760403,Domino's,Love,5,2020-06-18,Google Play,Customer Review,https://play.google.com/store/apps/details?id=com.dominos.ng&hl=en&gl=ng,love,True,Positive,2
53dae313-b0e5-473e-a826-3f4f211c83bd,Domino's,I love the app,5,2020-06-17,Google Play,Customer Review,https://play.google.com/store/apps/details?id=com.dominos.ng&hl=en&gl=ng,i love the app,True,Positive,2
7405dc87-e406-4d56-a868-4543dd71f67b,Domino's,I downloaded this app so I won't have to go to the restaurant to get my order but after downloading it I found out that my address or where I stayed wasn't even in the locations listed,1,2020-06-17,Google Play,Customer Review,https://play.google.com/store/apps/details?id=com.dominos.ng&hl=en&gl=ng,i downloaded this app so i won't have to go to the restaurant to get my order but after downloading it i found out that my address or where i stayed wasn't even in the locations listed,True,Neutral,0
fa1c12a3-0ffe-4079-8b29-9d5713d73390,Domino's,Very easy to navigate through,5,2020-06-16,Google Play,Customer Review,https://play.google.com/store/apps/details?id=com.dominos.ng&hl=en&gl=ng,very easy to navigate through,True,Positive,2
d110a93c-4cfa-4eea-a0ad-f8e1bd7f2f17,Domino's,Awesome app,5,2020-06-15,Google Play,Customer Review,https://play.google.com/store/apps/details?id=com.dominos.ng&hl=en&gl=ng,awesome app,True,Positive,2
e0af5c3c-bd20-46e0-94e9-6977e2c93bfb,Domino's,I love this app it grat a i ordered amd they delivered peacefully,5,2020-06-14,Google Play,Customer Review,https://play.google.com/store/apps/details?id=com.dominos.ng&hl=en&gl=ng,i love this app it grat a i ordered amd they delivered peacefully,True,Positive,2
022fe708-3edf-4f71-936e-9f4fb9d8233e,Domino's,Nice,5,2020-06-14,Google Play,Customer Review,https://play.google.com/store/apps/details?id=com.dominos.ng&hl=en&gl=ng,nice,True,Positive,1
895aa245-d594-418a-8498-2a85f8fb050f,Domino's,Greatexperience,4,2020-06-13,Google Play,Customer Review,https://play.google.com/store/apps/details?id=com.dominos.ng&hl=en&gl=ng,greatexperience,True,Neutral,0
af2d6847-8560-4d90-9838-bee9d054cce0,Domino's,Excellent,5,2020-06-13,Google Play,Customer Review,https://play.google.com/store/apps/details?id=com.dominos.ng&hl=en&gl=ng,excellent,True,Positive,2
76b86355-5a68-4987-925e-441b9de15eaa,Domino's,The app never opens when its downloaded,1,2020-06-12,Google Play,Customer Review,https://play.google.com/store/apps/details?id=com.dominos.ng&hl=en&gl=ng,the app never opens when its downloaded,True,Neutral,0
9db8af94-95b3-48e4-902b-4420bd4b84eb,Domino's,Everyone is saying it is useless so yeah I'm not downloading #pizzahutisbetter,1,2020-06-11,Google Play,Customer Review,https://play.google.com/store/apps/details?id=com.dominos.ng&hl=en&gl=ng,everyone is saying it is useless so yeah i'm not downloading pizzahutisbetter,True,Negative,-2
4ee89569-0d12-4d3b-b5d5-7a228a6554b6,Domino's,I will report you to the police you fruadsters. The next time you see in your shop police will be with me.,1,2020-06-01,Google Play,Customer Review,https://play.google.com/store/apps/details?id=com.dominos.ng&hl=en&gl=ng,i will report you to the police you fruadsters the next time you see in your shop police will be with me,True,Neutral,0
163e0ab4-5bb3-454c-b340-1ccb786b4d6f,Domino's,Clearly Confused App,1,2020-05-31,Google Play,Customer Review,https://play.google.com/store/apps/details?id=com.dominos.ng&hl=en&gl=ng,clearly confused app,True,Neutral,0
cf31a2e3-175e-4d1e-a317-72d812abb2b6,Domino's,Gravy,5,2020-05-25,Google Play,Customer Review,https://play.google.com/store/apps/details?id=com.dominos.ng&hl=en&gl=ng,gravy,True,Neutral,0
a9a887c0-22d0-4aaa-abd8-75cc6b9860ce,Domino's,Nice....and delivery is very swift Keep it up,5,2020-05-25,Google Play,Customer Review,https://play.google.com/store/apps/details?id=com.dominos.ng&hl=en&gl=ng,nice and delivery is very swift keep it up,True,Positive,3
4f439c9d-27b3-4166-ada3-7e44072f69d9,Domino's,I meant no star please! This has never opened on my phone. Eeiisshhh,1,2020-05-24,Google Play,Customer Review,https://play.google.com/store/apps/details?id=com.dominos.ng&hl=en&gl=ng,i meant no star please this has never opened on my phone eeiisshh,True,Neutral,0
4b87bbef-ff8a-48f5-a2d9-8b328fd54636,Domino's,"For those who think that this app is useless I dont think it's the the programmers fault. The app worked perfectly for me and I am giving it 5 stars. The pizza was delivered in less than 30 minutes. For those who said that the app doesn't allow you to buy things, it only showed pictures. Did u sign in? You have to sign in with things like addresses and phone numbers before you are allowed to buy things. Or maybe ur devices aren't just compatible with the app",5,2020-05-24,Google Play,Customer Review,https://play.google.com/store/apps/details?id=com.dominos.ng&hl=en&gl=ng,for those who think that this app is useless i dont think it's the the programmers fault the app worked perfectly for me and i am giving it 5 stars the pizza was delivered in less than 30 minutes for those who said that the app doesn't allow you to buy things it only showed pictures did u sign in you have to sign in with things like addresses and phone numbers before you are allowed to buy things or maybe ur devices aren't just compatible with the app,True,Negative,-2
8df02720-0efa-4583-83dd-1ece0f5bc2ec,Domino's,Sweet food and low price 👍,5,2020-05-24,Google Play,Customer Review,https://play.google.com/store/apps/details?id=com.dominos.ng&hl=en&gl=ng,sweet food and low price good,True,Positive,2
b4e2b47a-1e5c-46e2-9d70-055fdb0ba1b5,Domino's,It's taking soooooooo long to open 😡😡😡😡,1,2020-05-23,Google Play,Customer Review,https://play.google.com/store/apps/details?id=com.dominos.ng&hl=en&gl=ng,it's taking soo long to open angry angry angry angry,True,Negative,-1
b6cb80a8-acf3-40d9-b0ae-4de68d8242ee,Domino's,None hygienic,1,2020-05-23,Google Play,Customer Review,https://play.google.com/store/apps/details?id=com.dominos.ng&hl=en&gl=ng,none hygienic,True,Neutral,0
e49c710c-567b-4422-ae13-1be40400718c,Domino's,GOOD,1,2020-05-20,Google Play,Customer Review,https://play.google.com/store/apps/details?id=com.dominos.ng&hl=en&gl=ng,good,True,Positive,1
93e5b286-744e-49b4-853c-3ca7e8448973,Domino's,Great app,4,2020-05-16,Google Play,Customer Review,https://play.google.com/store/apps/details?id=com.dominos.ng&hl=en&gl=ng,great app,True,Positive,1
f25bfdf6-ccdb-4933-a616-48f418deaaa2,Domino's,"You guys suck honestly. I made an order online, I was even debited and I got a message that an error was made. And my money hasn't been debited.Honestly you guy suckk.",2,2020-05-15,Google Play,Customer Review,https://play.google.com/store/apps/details?id=com.dominos.ng&hl=en&gl=ng,you guys suck honestly i made an order online i was even debited and i got a message that an error was made and my money hasn't been debited honestly you guy suckk,True,Negative,-1
eb7793b2-28a0-4d24-8efb-1a5eae5dea04,Domino's,"No star, u need to work on ur site, its not properly configured. Its telling me no nearby store when the store is just 10mins from my house",1,2020-04-28,Google Play,Customer Review,https://play.google.com/store/apps/details?id=com.dominos.ng&hl=en&gl=ng,no star u need to work on ur site its not properly configured its telling me no nearby store when the store is just 10mins from my house,True,Neutral,0
70be9c3e-5eca-4679-967a-674a81c74100,Domino's,I placed an order over three hours. Nothing came. If not for my church mind i was the ome that later called the rider not to bother coming again. Im uninstalling this application straightaway,1,2020-04-27,Google Play,Customer Review,https://play.google.com/store/apps/details?id=com.dominos.ng&hl=en&gl=ng,i placed an order over three hours nothing came if not for my church mind i was the ome that later called the rider not to bother coming again im uninstalling this application straightaway,True,Neutral,0
82b69e34-b3d3-44a6-a872-25691d860cd8,Domino's,Worst food app. Your house is under 15 minutes away from a store but they can't deliver. Clowns.,1,2020-04-26,Google Play,Customer Review,https://play.google.com/store/apps/details?id=com.dominos.ng&hl=en&gl=ng,worst food app your house is under 15 minutes away from a store but they can't deliver clowns,True,Negative,-2
8b7db488-53dc-4f48-86fe-833c3df2a467,Domino's,Very poor app that does not recognize addresses for delivery or allow you to select your store from which deliveries can be made. Its very poor.,1,2020-04-24,Google Play,Customer Review,https://play.google.com/store/apps/details?id=com.dominos.ng&hl=en&gl=ng,very poor app that does not recognize addresses for delivery or allow you to select your store from which deliveries can be made its very poor,True,Negative,-4
1c2bc461-fb94-4afc-837d-f10e4268e00a,Domino's,Same as website,2,2020-04-24,Google Play,Customer Review,https://play.google.com/store/apps/details?id=com.dominos.ng&hl=en&gl=ng,same as website,True,Neutral,0
d7223e31-6c0d-4fe0-8b55-9a5c26d6143f,Domino's,Not great at all,1,2020-04-18,Google Play,Customer Review,https://play.google.com/store/apps/details?id=com.dominos.ng&hl=en&gl=ng,not great at all,True,Negative,-1
b14fc7df-aec7-40d9-91a6-cc48f0980b90,Domino's,"Very useless, it just takes you to the website which is also very useless and laggy.",1,2020-04-16,Google Play,Customer Review,https://play.google.com/store/apps/details?id=com.dominos.ng&hl=en&gl=ng,very useless it just takes you to the website which is also very useless and laggy,True,Negative,-9
8cd00628-99d0-4e93-a15a-dae744badf98,Domino's,"Terrible app, have never been able to place order with it. Always says cannot deliver to my location when the closest outlet is a stone throw from my house. Then it goes on to suggest outlets on the island for carry out.",1,2020-04-14,Google Play,Customer Review,https://play.google.com/store/apps/details?id=com.dominos.ng&hl=en&gl=ng,terrible app have never been able to place order with it always says cannot deliver to my location when the closest outlet is a stone throw from my house then it goes on to suggest outlets on the island for carry out,True,Negative,-2
c0f63198-81d5-40fb-bd3c-212361f4fa3c,Domino's,Nice,5,2020-04-12,Google Play,Customer Review,https://play.google.com/store/apps/details?id=com.dominos.ng&hl=en&gl=ng,nice,True,Positive,1
964292f4-da5d-4aab-a04d-418ded04ce26,Domino's,Horrible experience. My first coupon was a waste. The store called and cancelled my order without rending any solution,1,2020-04-11,Google Play,Customer Review,https://play.google.com/store/apps/details?id=com.dominos.ng&hl=en&gl=ng,horrible experience my first coupon was a waste the store called and cancelled my order without rending any solution,True,Negative,-3
f63a6575-dc8b-45a9-9f14-5c3d56256e0b,Domino's,Deleting the app. No need having it on my phone since they dont deliver to my address that is literally less than 5mins to their store on itire. Took my heavy self to their store all because I had to eat pizza and they didnt attend to me cos I had only cash! The cashier was on gloves so it's my money that would have given her covid 19. So domino pizza has lost a customer. Even after this whole thing. Cos when I needed them the most I was turned down!,1,2020-04-10,Google Play,Customer Review,https://play.google.com/store/apps/details?id=com.dominos.ng&hl=en&gl=ng,deleting the app no need having it on my phone since they dont deliver to my address that is literally less than 5mins to their store on itire took my heavy self to their store all because i had to eat pizza and they didnt attend to me cos i had only cash the cashier was on gloves so it's my money that would have given her covid 19 so domino pizza has lost a customer even after this whole thing cos when i needed them the most i was turned down,True,Negative,-1
2156fe66-8dca-483f-b240-3d15f69a09b0,Domino's,"The app is just too slow, couldn't even order online. Bad app",1,2020-04-10,Google Play,Customer Review,https://play.google.com/store/apps/details?id=com.dominos.ng&hl=en&gl=ng,the app is just too slow couldn't even order online bad app,True,Negative,-3
0184d5be-0c15-403e-91a0-e5232c5cfd14,Domino's,How will someone not be able to cancel their order I think u need to work on that,1,2020-04-10,Google Play,Customer Review,https://play.google.com/store/apps/details?id=com.dominos.ng&hl=en&gl=ng,how will someone not be able to cancel their order i think u need to work on that,True,Neutral,0
30377ddc-e25f-441b-ba2e-5a2968798049,Domino's,"This is practically the worst app in its entirety. It will waste your time, data and still make you angry without getting your request processed. Giving 1 star just to be able to post this review. Please don't waste your time.",1,2020-04-08,Google Play,Customer Review,https://play.google.com/store/apps/details?id=com.dominos.ng&hl=en&gl=ng,this is practically the worst app in its entirety it will waste your time data and still make you angry without getting your request processed giving 1 star just to be able to post this review please don't waste your time,True,Negative,-3
03615c0c-b3f8-4fb3-bc09-941962013a32,Domino's,Work on ur delivery,3,2020-04-05,Google Play,Customer Review,https://play.google.com/store/apps/details?id=com.dominos.ng&hl=en&gl=ng,work on ur delivery,True,Neutral,0
b0cfab59-afb9-4335-935b-0a638e5ac7de,Domino's,"Domino Pizza Nig is trying to be too smart. You advertised 50% off medium size pan for online booking. Going online and fixing my address as surulere, the app says to go to instore for purchase, listing addresses of almost all her branches. I called the closest, was told their is no promo instore. I really want to know the target audience, if any, for online booking and delivery! If no explanation, then this advert is a scam and your biz is not being truthful!",1,2020-04-05,Google Play,Customer Review,https://play.google.com/store/apps/details?id=com.dominos.ng&hl=en&gl=ng,domino pizza nig is trying to be too smart you advertised 50 off medium size pan for online booking going online and fixing my address as surulere the app says to go to instore for purchase listing addresses of almost all her branches i called the closest was told their is no promo instore i really want to know the target audience if any for online booking and delivery if no explanation then this advert is a scam and your biz is not being truthful,True,Negative,-2
0073fa5e-5176-457a-a440-e4947678c7a1,Domino's,Fantabulous,5,2020-04-02,Google Play,Customer Review,https://play.google.com/store/apps/details?id=com.dominos.ng&hl=en&gl=ng,fantabulous,True,Neutral,0
1b00824f-1ae4-4154-992a-aba4f30ce7a5,Domino's,"THE KIDS HAD TO GO TO BED HUNGRY THIS NIGHT 😡. FIRST OF ALL, MY HOUSE ADDRESS WAS WRONGLY MATCHED TO A STORE FAR AWAY. I HAD TO DRIVE OUT TO GET SOMETHING, SO I FELT IT WOULD BE BETTER TO GET A PIZZA FROM ONE OF YOUR STORES CLOSE TO ME. I CALLED YOUR STAFF TO CANCEL THE ORDER BUT THEY ASSURED ME THAT THE ORDER WOULD BE DELIVERED. SO I RETURNED HOME. I KEPT CALLING AND THEN 2 HOURS LATER. THEY TOLD ME THAT THE ORDER CAN'T BE DELIVERED BECAUSE THEY DON'T DELIVER TO THAT AREA. WHAT NONSENSE!!",1,2020-04-01,Google Play,Customer Review,https://play.google.com/store/apps/details?id=com.dominos.ng&hl=en&gl=ng,the kids had to go to bed hungry this night angry first of all my house address was wrongly matched to a store far away i had to drive out to get something so i felt it would be better to get a pizza from one of your stores close to me i called your staff to cancel the order but they assured me that the order would be delivered so i returned home i kept calling and then 2 hours later they told me that the order can't be delivered because they don't deliver to that area what nonsense,True,Negative,-3
a45522f9-5082-49c9-bd11-727fef57edea,Domino's,Doesn't work Worst app ever,1,2020-03-22,Google Play,Customer Review,https://play.google.com/store/apps/details?id=com.dominos.ng&hl=en&gl=ng,doesn't work worst app ever,True,Negative,-4
eefe9837-0abf-41a6-9e8f-ceffc842c3b5,Domino's,"Domino's! Really? This app doesn't work. Guys, please pay attention to the reviews. I hope they eventually create an app that works.",1,2020-03-20,Google Play,Customer Review,https://play.google.com/store/apps/details?id=com.dominos.ng&hl=en&gl=ng,domino's really this app doesn't work guys please pay attention to the reviews i hope they eventually create an app that works,True,Negative,-2
72b5e3e4-d654-4bdb-93c1-a2d22a2fc293,Domino's,I love it so so much,5,2020-03-16,Google Play,Customer Review,https://play.google.com/store/apps/details?id=com.dominos.ng&hl=en&gl=ng,i love it so so much,True,Positive,2
b99df10d-83d4-49e9-a4a4-e7ffaa3501f7,Domino's,Awesome,5,2020-03-08,Google Play,Customer Review,https://play.google.com/store/apps/details?id=com.dominos.ng&hl=en&gl=ng,awesome,True,Positive,2
aec14f71-359b-439b-8d7e-660f84d0801a,Domino's,Useless. Not helpful at all 0,1,2020-02-24,Google Play,Customer Review,https://play.google.com/store/apps/details?id=com.dominos.ng&hl=en&gl=ng,useless not helpful at all 0,True,Negative,-3
e288565b-25c2-4644-9328-971f75e164b7,Domino's,The app is simply a rehash of the website which in itself I thought had too many steps and was rather confusing to navigate. There are too many screen of add this or add that and its never clear what the cost of those are.,3,2020-02-22,Google Play,Customer Review,https://play.google.com/store/apps/details?id=com.dominos.ng&hl=en&gl=ng,the app is simply a rehash of the website which in itself i thought had too many steps and was rather confusing to navigate there are too many screen of add this or add that and its never clear what the cost of those are,True,Negative,-2
565217ff-9363-4560-a5b4-32c7bd86de5d,Domino's,Kinda slow but the pizza is great,5,2020-02-21,Google Play,Customer Review,https://play.google.com/store/apps/details?id=com.dominos.ng&hl=en&gl=ng,kinda slow but the pizza is great,True,Neutral,0
5b9b7128-4971-4623-ac64-6a23df972db7,Domino's,Why is the 🍕 pizza shop not yet at lautech 😭 Ogbomoso??? Really in need of this Salivating already,2,2020-02-20,Google Play,Customer Review,https://play.google.com/store/apps/details?id=com.dominos.ng&hl=en&gl=ng,why is the pizza shop not yet at lautech sad ogbomoso really in need of this salivating already,True,Negative,-1
c7cf511d-e2b3-4577-8da8-7f7e3ca2d98d,Domino's,Terrible app! Time wasting!! Totally horrible!!!,1,2020-02-16,Google Play,Customer Review,https://play.google.com/store/apps/details?id=com.dominos.ng&hl=en&gl=ng,terrible app time wasting totally horrible,True,Negative,-6
5a8834b5-5d35-4c92-96f1-41fbb1518bdc,Domino's,Excellent at what it's supposed to do and always has great deals,5,2020-02-14,Google Play,Customer Review,https://play.google.com/store/apps/details?id=com.dominos.ng&hl=en&gl=ng,excellent at what it's supposed to do and always has great deals,True,Positive,3
310d0124-48a6-4bd2-a497-ca49f603c1f7,Domino's,The app is not working,1,2020-02-08,Google Play,Customer Review,https://play.google.com/store/apps/details?id=com.dominos.ng&hl=en&gl=ng,the app is not working,True,Negative,-2
01ae3e2e-c6b3-466b-b8ac-8abd78fcd629,Domino's,"This app is not working well..☹️ just for me to other pizza, and the price are not showing and it not well arrange",1,2020-02-04,Google Play,Customer Review,https://play.google.com/store/apps/details?id=com.dominos.ng&hl=en&gl=ng,this app is not working well just for me to other pizza and the price are not showing and it not well arrange,True,Negative,-4
70ac2039-efc0-40da-9142-a3532e8f1cce,Domino's,"Well, this is suppose to be an app but it just the mobile web view of the website. This is very lazy programming and shame of the developers. The website is trash but we managed it, now you bring the same thing to the app and you are paid for this... This is total rubbish. It doesnt deserve a one star",1,2020-01-13,Google Play,Customer Review,https://play.google.com/store/apps/details?id=com.dominos.ng&hl=en&gl=ng,well this is suppose to be an app but it just the mobile web view of the website this is very lazy programming and shame of the developers the website is trash but we managed it now you bring the same thing to the app and you are paid for this this is total rubbish it doesnt deserve a one star,True,Negative,-4
c5a0a661-be82-4fd2-83b7-ee74a6f38f6f,Domino's,Its awesome,5,2020-01-07,Google Play,Customer Review,https://play.google.com/store/apps/details?id=com.dominos.ng&hl=en&gl=ng,its awesome,True,Positive,2
541fe4c1-39dc-4da4-a939-422282970a77,Domino's,Quite poor.. its been loading for over 2 hours and I still haven't placed an order yet,1,2020-01-06,Google Play,Customer Review,https://play.google.com/store/apps/details?id=com.dominos.ng&hl=en&gl=ng,quite poor its been loading for over 2 hours and i still haven't placed an order yet,True,Negative,-1
cd7197e4-1ee5-43e3-914b-b31ba1b32e7e,Domino's,I can't download the app on my tab😢,1,2020-01-05,Google Play,Customer Review,https://play.google.com/store/apps/details?id=com.dominos.ng&hl=en&gl=ng,i can't download the app on my tab sad,True,Negative,-3
3413bc02-9b37-4a07-80f6-40919ddf1c41,Domino's,This is d worst app on earth if u are a kind dat loves saving data please dont download it,1,2020-01-04,Google Play,Customer Review,https://play.google.com/store/apps/details?id=com.dominos.ng&hl=en&gl=ng,this is d worst app on earth if u are a kind dat loves saving data please dont download it,True,Negative,-2
07d7a64a-b32c-4ae0-aeab-dc929d66a552,Domino's,"Giving one star actually means no star. Delivery option not functional, called the ikorodu outlet phone was switched off you mean no lite to charge fone? Pls trash the app. Thump s down",1,2020-01-01,Google Play,Customer Review,https://play.google.com/store/apps/details?id=com.dominos.ng&hl=en&gl=ng,giving one star actually means no star delivery option not functional called the ikorodu outlet phone was switched off you mean no lite to charge fone pls trash the app thump s down,True,Negative,-2
af5a2d09-d147-4fcf-a2bf-7180225dbdb7,Domino's,Great,5,2019-12-31,Google Play,Customer Review,https://play.google.com/store/apps/details?id=com.dominos.ng&hl=en&gl=ng,great,True,Positive,1
4bb5b38a-b6f8-4cbf-8866-8468e9253434,Domino's,I will advice you to fire your app developer and employ a better one. The app is a mess.,1,2019-12-18,Google Play,Customer Review,https://play.google.com/store/apps/details?id=com.dominos.ng&hl=en&gl=ng,i will advice you to fire your app developer and employ a better one the app is a mess,True,Neutral,0
7150d33e-3edd-46b8-a6f4-3c6154e62d34,Domino's,I love to eat domino because it make me fresh,1,2019-12-17,Google Play,Customer Review,https://play.google.com/store/apps/details?id=com.dominos.ng&hl=en&gl=ng,i love to eat domino because it make me fresh,True,Positive,3
1bf48436-1954-4e52-9e95-5b36b5d2203e,Domino's,"I like dominoes but this app is just pathetic. It has an almost pre-historic design, and barely even functions. It keeps getting stuck and using it is a pain. I gave it two stars though because of the good deals I get from it.",2,2019-12-12,Google Play,Customer Review,https://play.google.com/store/apps/details?id=com.dominos.ng&hl=en&gl=ng,i like dominoes but this app is just pathetic it has an almost pre historic design and barely even functions it keeps getting stuck and using it is a pain i gave it two stars though because of the good deals i get from it,True,Neutral,0
8d74b7c7-a7a8-4b53-9011-dd2ad028689a,Domino's,Yet to petronize them,5,2019-12-06,Google Play,Customer Review,https://play.google.com/store/apps/details?id=com.dominos.ng&hl=en&gl=ng,yet to petronize them,True,Neutral,0
74d3eee4-ae56-4214-a2b3-fc031779132d,Domino's,"This app doesn't open on Android devices, what the heck?",1,2019-12-06,Google Play,Customer Review,https://play.google.com/store/apps/details?id=com.dominos.ng&hl=en&gl=ng,this app doesn't open on android devices what the heck,True,Neutral,0
17b69dbf-6b0c-4f12-bae1-76f9d35de845,Domino's,Many domino outlets offer delivery but its always shown as unavailable on this application. But good promos,2,2019-11-26,Google Play,Customer Review,https://play.google.com/store/apps/details?id=com.dominos.ng&hl=en&gl=ng,many domino outlets offer delivery but its always shown as unavailable on this application but good promos,True,Neutral,0
b31faeea-f6c7-442f-9dee-f4f74d210b2a,Domino's,Awesome,5,2019-11-05,Google Play,Customer Review,https://play.google.com/store/apps/details?id=com.dominos.ng&hl=en&gl=ng,awesome,True,Positive,2
4bf7e8d3-58d9-4aaf-8580-a7204269147b,Domino's,Easy to use. The best yet!,5,2019-11-01,Google Play,Customer Review,https://play.google.com/store/apps/details?id=com.dominos.ng&hl=en&gl=ng,easy to use the best yet,True,Positive,4
3d7ef931-93ca-4ec8-9815-88e81a6a5904,Domino's,This is my new go-to for when my stomach starts to rumble 😁,5,2019-10-24,Google Play,Customer Review,https://play.google.com/store/apps/details?id=com.dominos.ng&hl=en&gl=ng,this is my new go to for when my stomach starts to rumble happy,True,Positive,1
348bb0ae-575a-42a0-b12a-73dea86ff26c,Domino's,Very rubbish and Nonsense app. Mtcheeeeeeeeeew,1,2019-10-20,Google Play,Customer Review,https://play.google.com/store/apps/details?id=com.dominos.ng&hl=en&gl=ng,very rubbish and nonsense app mtcheew,True,Negative,-6
2ad073e5-a81b-4cec-8588-5c0fe561fbcf,Domino's,No star required at all.. Just useless,1,2019-10-18,Google Play,Customer Review,https://play.google.com/store/apps/details?id=com.dominos.ng&hl=en&gl=ng,no star required at all just useless,True,Negative,-2
fbff11a0-c82d-4e7e-912f-96ebaaaaea74,Domino's,Very rubbish app. I always end up uninstalling each time i download it,1,2019-10-18,Google Play,Customer Review,https://play.google.com/store/apps/details?id=com.dominos.ng&hl=en&gl=ng,very rubbish app i always end up uninstalling each time i download it,True,Negative,-4
9fb363ff-a26b-4e84-bb44-bc88176ed10e,Domino's,The app has issues that should be solved asap,1,2019-10-12,Google Play,Customer Review,https://play.google.com/store/apps/details?id=com.dominos.ng&hl=en&gl=ng,the app has issues that should be solved asap,True,Negative,-1
cbbb8cf8-bf55-47c9-bee7-139f7ca9fd97,Domino's,It just I can't order for small pizza only the big size prize is available and the address input part is very sloe,2,2019-10-12,Google Play,Customer Review,https://play.google.com/store/apps/details?id=com.dominos.ng&hl=en&gl=ng,it just i can't order for small pizza only the big size prize is available and the address input part is very sloe,True,Neutral,0
8b8a2d7c-7c33-44ea-ba2c-bf0083aa26a6,Domino's,"The App is as useless as ever, supposed to be removed from Google Play Store",1,2019-10-10,Google Play,Customer Review,https://play.google.com/store/apps/details?id=com.dominos.ng&hl=en&gl=ng,the app is as useless as ever supposed to be removed from google play store,True,Negative,-2
70ff7aed-8462-4176-948f-b38c870a9c44,Domino's,"The worst thing to ever happen to an application. Just throw the whole thing in the bin. I wonder if this trashy application is only faulty in Nigeria, I wouldn't be surprised though. No one takes us seriously, little wonder why the terribly written website has been the way it is for two years now. Now the app has the same hanging/freezing issue which will be overlooked just because it's just for Nigerians. Rubbish!!!",1,2019-10-07,Google Play,Customer Review,https://play.google.com/store/apps/details?id=com.dominos.ng&hl=en&gl=ng,the worst thing to ever happen to an application just throw the whole thing in the bin i wonder if this trashy application is only faulty in nigeria i wouldn't be surprised though no one takes us seriously little wonder why the terribly written website has been the way it is for two years now now the app has the same hanging freezing issue which will be overlooked just because it's just for nigerians rubbish,True,Negative,-6
2ead1d1b-9849-4532-ad35-8b611b4aee15,Domino's,Poor service,1,2019-09-29,Google Play,Customer Review,https://play.google.com/store/apps/details?id=com.dominos.ng&hl=en&gl=ng,poor service,True,Negative,-1
