id,brand,text,rating,date,source,source_type,url
51222516-a5d1-49a0-800c-6d3554444ee9,Air Peace,Bug ! bug 信 有时 会 寄不出 ！blogs!发po文! 破坏 ROC Taiwan 台湾 重大刑案 国安案件 资安网安 重案 世界各地 屠谋暗凶残杀 治安 伪造 淹灭 个种文书 证据 无恶不做 公安 无法无天 破案线索 ！被 吃太饱 撑着 只会 全程 非法监控 全面 违宪窃听 犯罪偷窥 不法 跟监尾随跟蹤骚扰 置人于死的 下毒 抹黑 有利用价值的 就 偷 抢 盗 杀 ！不能利用的就 欺压 不把人命当人命的 玩弄 恐吓 ！把北京中医药大学 老鼠会 传销 =唯利是图 心中没有三民主义 五权宪法 只有钱的 国际性 恐怖组织特大犯罪团伙 好处捞尽 坏事作绝 有全权必夺 有利必争的 歹徒黑骇客 入侵 破坏了 拦截 ！ 官黑勾结 领政府的薪水 纳税人的血汗钱 却 帮 忙 视为=拟制的杀人嫁祸 杀人无数 烂杀无辜 帮 个人的 大贪污 大赚 黑心 不义之 大 财！ 无大案不抽 不吃！为什么 Taiwan 台湾 官黑勾结 犯的 国际性大命案 都 破了案？ 玩法 弄权 渎职 怠惰 ！更 破案 了 竟 把杀人魔 放出 任意乱杀祸害人间 还当人 领导人的军师！是什么内鬼 ？土匪海盗 拳匪 义和团,3,2026-10-03,Google Play,Customer Review,https://play.google.com/store/apps/details?id=com.flyairpeace.app.airpeace&hl=en&gl=ng
02ad0729-3ab1-4a29-b3d7-558c08cd49c2,Air Peace,good,5,2026-10-01,Google Play,Customer Review,https://play.google.com/store/apps/details?id=com.flyairpeace.app.airpeace&hl=en&gl=ng
9bd54eea-1b90-47ae-bcce-2581e9ce34e0,Air Peace,very poor app....upgrade to include user sign-in for profile and miles monitoring...currency fixed as USD ...allow change flight option...you guys need to do more than that....haba mana,1,2026-09-29,Google Play,Customer Review,https://play.google.com/store/apps/details?id=com.flyairpeace.app.airpeace&hl=en&gl=ng
11d4ef6a-3cb3-4bbb-b575-2bbbf3ceaa6a,Air Peace,"Could be a greater UX if it saved customer details, so booking flights are much quicker and easier",4,2026-09-24,Google Play,Customer Review,https://play.google.com/store/apps/details?id=com.flyairpeace.app.airpeace&hl=en&gl=ng
72866738-62c9-4337-bded-030a97c9a4b0,Air Peace,Fantastic,5,2026-09-19,Google Play,Customer Review,https://play.google.com/store/apps/details?id=com.flyairpeace.app.airpeace&hl=en&gl=ng
c26b6c7f-f49b-41ff-bd75-bc71d1a5cd8f,Air Peace,"A very nonsensical company! Imagine a 4-hour delay without proper communication. Of course, airpeace doesn’t value its customers. If they do, they won't delay without sending emails to notify us. This isn't the first time. I wish I could give zero star!",1,2026-09-14,Google Play,Customer Review,https://play.google.com/store/apps/details?id=com.flyairpeace.app.airpeace&hl=en&gl=ng
1b5cf814-6c56-4a4d-b677-da052cc1c42e,Air Peace,"Whenever I put in my Gambia number it rejects it, it only accepts Nigeria dial even it's guessed...",3,2026-09-13,Google Play,Customer Review,https://play.google.com/store/apps/details?id=com.flyairpeace.app.airpeace&hl=en&gl=ng
2d88e242-8c11-43e8-87ba-34c525c72f98,Air Peace,the best in Nigeria any time any day and very considerate with their price . God bless the entire team and staff of the good organisation 🙏🏼😃,5,2026-09-11,Google Play,Customer Review,https://play.google.com/store/apps/details?id=com.flyairpeace.app.airpeace&hl=en&gl=ng
ba84e20b-3394-4a1a-b148-5a137fd4ccd0,Air Peace,the app no longer send otp for a while now,1,2026-09-11,Google Play,Customer Review,https://play.google.com/store/apps/details?id=com.flyairpeace.app.airpeace&hl=en&gl=ng
ce2177c2-917b-437a-bec0-868a4f477bd9,Air Peace,"Superb, Comfortable and Itchfree",5,2026-09-07,Google Play,Customer Review,https://play.google.com/store/apps/details?id=com.flyairpeace.app.airpeace&hl=en&gl=ng
5c3878d4-4d72-44a4-b43b-5aad4b2f0a26,Air Peace,cool,5,2026-09-03,Google Play,Customer Review,https://play.google.com/store/apps/details?id=com.flyairpeace.app.airpeace&hl=en&gl=ng
8846116f-beb6-4e91-bc0b-f06bfc441158,Air Peace,"Air peace is so corrupt that they will keep rescheduling people's appointments due to their lack of schedules maintenance. they will give you time to depart then when you are done booking they will reschedule the time for no good reasons, and saying to endure the time rescheduled by them they will reschedule it again to late hours. I regretted booking via air peace because it has ruined my business appointment due to their delays.. if I know they will keep rescheduling like this I will go by bus",1,2026-08-28,Google Play,Customer Review,https://play.google.com/store/apps/details?id=com.flyairpeace.app.airpeace&hl=en&gl=ng
e310260b-4755-4a1d-ab11-5cbef6720a76,Air Peace,"If you are working with time, do not ever use this airline..... they have the very crazy habit of adding an hour, 2 hours or even more like it's nothing. what's worse, you won't get any explanation.",2,2026-08-21,Google Play,Customer Review,https://play.google.com/store/apps/details?id=com.flyairpeace.app.airpeace&hl=en&gl=ng
24b7ed08-76a5-4b9d-9d50-1afc2833fd45,Air Peace,Great,5,2026-08-11,Google Play,Customer Review,https://play.google.com/store/apps/details?id=com.flyairpeace.app.airpeace&hl=en&gl=ng
8a262b95-7ac3-4aef-8bf1-3d07eb7250a5,Air Peace,I enjoyed my flight though well delayed but I rate you 5 ⭐,5,2026-08-09,Google Play,Customer Review,https://play.google.com/store/apps/details?id=com.flyairpeace.app.airpeace&hl=en&gl=ng
94fdd8de-5dab-4eb7-a436-6cfe1699f221,Air Peace,spot on,5,2026-08-05,Google Play,Customer Review,https://play.google.com/store/apps/details?id=com.flyairpeace.app.airpeace&hl=en&gl=ng
b06b2f38-a84e-4990-b555-da2187ca630d,Air Peace,Good,5,2026-08-05,Google Play,Customer Review,https://play.google.com/store/apps/details?id=com.flyairpeace.app.airpeace&hl=en&gl=ng
7c565100-0362-49e5-aec7-55d2231b14f2,Air Peace,too good,5,2026-08-05,Google Play,Customer Review,https://play.google.com/store/apps/details?id=com.flyairpeace.app.airpeace&hl=en&gl=ng
d3c90426-1f27-4179-bf97-5f89a728bc34,Air Peace,So easy and seamless,5,2026-08-02,Google Play,Customer Review,https://play.google.com/store/apps/details?id=com.flyairpeace.app.airpeace&hl=en&gl=ng
ada573b6-e41d-4d35-8fcc-a4b3163657d3,Air Peace,seamless,5,2026-07-29,Google Play,Customer Review,https://play.google.com/store/apps/details?id=com.flyairpeace.app.airpeace&hl=en&gl=ng
f8f4cdb5-c8a7-4075-86fd-47e9a2b761b3,Air Peace,seamless and fast. very helpful.,5,2026-07-23,Google Play,Customer Review,https://play.google.com/store/apps/details?id=com.flyairpeace.app.airpeace&hl=en&gl=ng
97037f3e-dafe-474e-a056-0bf53383de0e,Air Peace,good,3,2026-07-16,Google Play,Customer Review,https://play.google.com/store/apps/details?id=com.flyairpeace.app.airpeace&hl=en&gl=ng
2a8757c3-825d-4d05-98d9-3fb6654451b8,Air Peace,very nice,5,2026-07-11,Google Play,Customer Review,https://play.google.com/store/apps/details?id=com.flyairpeace.app.airpeace&hl=en&gl=ng
72090ade-f00d-48c1-b84d-b160e1587e0d,Air Peace,one most world class flight you can board,4,2026-07-09,Google Play,Customer Review,https://play.google.com/store/apps/details?id=com.flyairpeace.app.airpeace&hl=en&gl=ng
901accfd-f8b1-4302-a9fc-860a4390e3b3,Air Peace,why can't I choose between any means of payment I want to use Naira/Cedis/UsD. why are you using only the one particular to the country?,2,2026-07-02,Google Play,Customer Review,https://play.google.com/store/apps/details?id=com.flyairpeace.app.airpeace&hl=en&gl=ng
259c1b17-159f-4734-991a-6661e5475419,Air Peace,I can not select seats,1,2026-07-01,Google Play,Customer Review,https://play.google.com/store/apps/details?id=com.flyairpeace.app.airpeace&hl=en&gl=ng
4e4dc6c4-980e-449b-92d2-4587ba73f2fa,Air Peace,please add other payment option apart from using card. thank you,4,2026-06-27,Google Play,Customer Review,https://play.google.com/store/apps/details?id=com.flyairpeace.app.airpeace&hl=en&gl=ng
80fc6b00-5915-4086-a4e5-d4b0c19789e0,Air Peace,I've been asking someone to help me book my flight ✈️ until today when I tried it myself. It was so simple and easy 😌,5,2026-06-25,Google Play,Customer Review,https://play.google.com/store/apps/details?id=com.flyairpeace.app.airpeace&hl=en&gl=ng
16283006-213f-4b44-aae5-b88ecf2903d5,Air Peace,Is a very assessible. easy search search,4,2026-06-15,Google Play,Customer Review,https://play.google.com/store/apps/details?id=com.flyairpeace.app.airpeace&hl=en&gl=ng
64ae2167-a6fc-49d9-90af-7692a8507c89,Air Peace,I gave you 5 stars.,5,2026-06-14,Google Play,Customer Review,https://play.google.com/store/apps/details?id=com.flyairpeace.app.airpeace&hl=en&gl=ng
c1f569e2-eff0-4b73-a0c7-241d79e32880,Air Peace,very useful,4,2026-06-12,Google Play,Customer Review,https://play.google.com/store/apps/details?id=com.flyairpeace.app.airpeace&hl=en&gl=ng
d4d4d693-c1a4-437a-8224-f5694e765196,Air Peace,standard and satisfactory.,5,2026-06-09,Google Play,Customer Review,https://play.google.com/store/apps/details?id=com.flyairpeace.app.airpeace&hl=en&gl=ng
0d2f6497-03ea-49c9-b010-5c82a74b23fc,Air Peace,very good👍,5,2026-06-09,Google Play,Customer Review,https://play.google.com/store/apps/details?id=com.flyairpeace.app.airpeace&hl=en&gl=ng
dacfd25b-f620-4f8d-a7a0-ff4901762fd0,Air Peace,grateful,3,2026-06-05,Google Play,Customer Review,https://play.google.com/store/apps/details?id=com.flyairpeace.app.airpeace&hl=en&gl=ng
632ca6ab-b500-47bc-bced-570ccc22a448,Air Peace,good,5,2026-06-04,Google Play,Customer Review,https://play.google.com/store/apps/details?id=com.flyairpeace.app.airpeace&hl=en&gl=ng
e9977b22-deaa-4f1d-93a7-716d0785450d,Air Peace,good,5,2026-06-02,Google Play,Customer Review,https://play.google.com/store/apps/details?id=com.flyairpeace.app.airpeace&hl=en&gl=ng
dc99702b-b859-4cf4-93b5-a2688201d6e3,Air Peace,Excellent services,5,2026-05-29,Google Play,Customer Review,https://play.google.com/store/apps/details?id=com.flyairpeace.app.airpeace&hl=en&gl=ng
5b6d2157-835b-4a02-901a-06270d7e94ba,Air Peace,beautiful,5,2026-05-28,Google Play,Customer Review,https://play.google.com/store/apps/details?id=com.flyairpeace.app.airpeace&hl=en&gl=ng
2845fbb9-57c4-4d2c-8beb-1d72d41f99af,Air Peace,Great 👍,5,2026-05-21,Google Play,Customer Review,https://play.google.com/store/apps/details?id=com.flyairpeace.app.airpeace&hl=en&gl=ng
17b68581-dfb9-423f-bea6-8a868d0ebfe0,Air Peace,good,5,2026-05-07,Google Play,Customer Review,https://play.google.com/store/apps/details?id=com.flyairpeace.app.airpeace&hl=en&gl=ng
3d98ee86-4b3f-4dc1-b509-fa7c6c97c4e1,Air Peace,Good 👍,4,2026-04-30,Google Play,Customer Review,https://play.google.com/store/apps/details?id=com.flyairpeace.app.airpeace&hl=en&gl=ng
f26925a9-d03b-49c8-a58f-742c26995ce4,Air Peace,"For now, the most reliable & ICAO compliant indigenous airline in the country...",5,2026-04-29,Google Play,Customer Review,https://play.google.com/store/apps/details?id=com.flyairpeace.app.airpeace&hl=en&gl=ng
129184fe-81e5-4055-84c5-91d9d55fc60e,Air Peace,nice and good,5,2026-04-28,Google Play,Customer Review,https://play.google.com/store/apps/details?id=com.flyairpeace.app.airpeace&hl=en&gl=ng
89e8c5af-1328-41c1-9e67-33d1a010efd2,Air Peace,nice,5,2026-04-23,Google Play,Customer Review,https://play.google.com/store/apps/details?id=com.flyairpeace.app.airpeace&hl=en&gl=ng
ca6b0235-fb0e-4d78-88e2-49641a71122b,Air Peace,Their should be name displayed on the ticket while search for upcoming flights. Thanks,3,2026-04-18,Google Play,Customer Review,https://play.google.com/store/apps/details?id=com.flyairpeace.app.airpeace&hl=en&gl=ng
ae388c02-6d0a-4fc5-a4c5-bdc4a87a6209,Air Peace,"The app = nonsense. The airline itself = worde than the app. The flight schedules are erratic. The least delay you will have is 3 hours. And that's when all the stars are aligned for you. Otherwise regular delays range from 4hrs to forever. Staff are clueless and slow, baggage handling is inexistent... Some road trips are a billion times better!",1,2026-04-12,Google Play,Customer Review,https://play.google.com/store/apps/details?id=com.flyairpeace.app.airpeace&hl=en&gl=ng
d93d37a6-88dd-42dd-adb1-1e655ddb5668,Air Peace,very good. so easy to install.,5,2026-04-09,Google Play,Customer Review,https://play.google.com/store/apps/details?id=com.flyairpeace.app.airpeace&hl=en&gl=ng
9e3d9500-6c73-4430-a7b5-e18549a6a29b,Air Peace,"Worse flight ever! charged excessively, and delayed even more excessively. I'm not flying with air peace anymore. Putting passengers life at risk by exposing them to late arrivals at night...",1,2026-04-07,Google Play,Customer Review,https://play.google.com/store/apps/details?id=com.flyairpeace.app.airpeace&hl=en&gl=ng
e723c78e-0d32-4cc6-bfc7-9387df0572e2,Air Peace,Dirty aircrafts and unreliable service!,2,2026-04-03,Google Play,Customer Review,https://play.google.com/store/apps/details?id=com.flyairpeace.app.airpeace&hl=en&gl=ng
86230c23-8034-45d0-943b-525a2e940838,Air Peace,the app used to be very good but now it's rubbish,1,2026-03-31,Google Play,Customer Review,https://play.google.com/store/apps/details?id=com.flyairpeace.app.airpeace&hl=en&gl=ng
e4408154-04e1-4766-b219-749bbacc7cba,Air Peace,User friendly 💯,5,2026-03-29,Google Play,Customer Review,https://play.google.com/store/apps/details?id=com.flyairpeace.app.airpeace&hl=en&gl=ng
05c7df45-19c6-40ec-98ab-efd7ff904821,Air Peace,it is wow,5,2026-03-29,Google Play,Customer Review,https://play.google.com/store/apps/details?id=com.flyairpeace.app.airpeace&hl=en&gl=ng
a76f0f12-7949-42b3-b291-1dbd5e66531e,Air Peace,easy to use,5,2026-03-21,Google Play,Customer Review,https://play.google.com/store/apps/details?id=com.flyairpeace.app.airpeace&hl=en&gl=ng
c8a1e15e-fc1b-4de5-aa70-bbcab5d0fd6d,Air Peace,splendid,5,2026-03-19,Google Play,Customer Review,https://play.google.com/store/apps/details?id=com.flyairpeace.app.airpeace&hl=en&gl=ng
1b4f869f-7f23-4516-80d2-ecd9e0c3b25b,Air Peace,good and reliable,3,2026-03-15,Google Play,Customer Review,https://play.google.com/store/apps/details?id=com.flyairpeace.app.airpeace&hl=en&gl=ng
5c2b0b3a-8dc8-4a2c-b1d9-8226d1d6899a,Air Peace,"AirPeace is the leading Airlines in Nigeria, there service is 85% good. but they need to work on. there poplicity department. so that we will get massages on time when there is a change on the Airline.",5,2026-03-12,Google Play,Customer Review,https://play.google.com/store/apps/details?id=com.flyairpeace.app.airpeace&hl=en&gl=ng
9f70e574-21aa-4814-b546-b76889c97830,Air Peace,"very friendly, better than their webapp",5,2026-03-10,Google Play,Customer Review,https://play.google.com/store/apps/details?id=com.flyairpeace.app.airpeace&hl=en&gl=ng
22f0ef11-d092-4c5a-93d0-4ab5f256f3af,Air Peace,The best Nigerian Airline,5,2026-03-04,Google Play,Customer Review,https://play.google.com/store/apps/details?id=com.flyairpeace.app.airpeace&hl=en&gl=ng
58653cd8-b9df-4fc7-93bb-b9e9ef7c2326,Air Peace,cool 😎,5,2026-03-03,Google Play,Customer Review,https://play.google.com/store/apps/details?id=com.flyairpeace.app.airpeace&hl=en&gl=ng
28193643-504e-44a2-b6c4-c4fb2142efdc,Air Peace,Quite flexible,5,2026-02-26,Google Play,Customer Review,https://play.google.com/store/apps/details?id=com.flyairpeace.app.airpeace&hl=en&gl=ng
d057947b-eccb-40b9-9f95-96f96683c848,Air Peace,This app needs serious maintenance as it is generally slow. I was eventually able to navigate to my bookings but any attempt to view bookings or manage it leads to blank page. This is now the 3rd week of trying even after a call with the help desk. In desperation I went online and attempted add an extra luggage to my booking and was made with error messages but only to discover that my account has been debited twice. please 🙏 fix this app for a better passenger experience.,2,2026-02-13,Google Play,Customer Review,https://play.google.com/store/apps/details?id=com.flyairpeace.app.airpeace&hl=en&gl=ng
ee5f631e-725e-44f5-b00d-79d3259e545d,Air Peace,Excellent,5,2026-02-04,Google Play,Customer Review,https://play.google.com/store/apps/details?id=com.flyairpeace.app.airpeace&hl=en&gl=ng
7f69b780-f02d-4f89-b2c1-d90adba8d58c,Air Peace,"Top notch app, easily accessible",5,2026-01-30,Google Play,Customer Review,https://play.google.com/store/apps/details?id=com.flyairpeace.app.airpeace&hl=en&gl=ng
b8e0f792-ef01-4f1b-a241-73e1a4eebbd8,Air Peace,very perfect and easy to use,5,2026-01-27,Google Play,Customer Review,https://play.google.com/store/apps/details?id=com.flyairpeace.app.airpeace&hl=en&gl=ng
969bc7d5-3221-468e-bdbe-83237676b9a1,Air Peace,God go punish una ooo una go de cancel and reschedule flight anyhow without prior notice it's not fair na,1,2026-01-14,Google Play,Customer Review,https://play.google.com/store/apps/details?id=com.flyairpeace.app.airpeace&hl=en&gl=ng
a06d3b14-6836-41f3-9237-69dd07bd5690,Air Peace,"Very disappointing, my flights to Lagos from Port Harcourt on Saturday 10th, 2026 was shifted 3 times from 4:30pm to 11:15pm to arrive Lagos by 12:25am, which is quite unsafe, they are not considering the passengers safety. This is very bad, I won't recommend my sphere of contact to use this airline.",1,2026-01-10,Google Play,Customer Review,https://play.google.com/store/apps/details?id=com.flyairpeace.app.airpeace&hl=en&gl=ng
a03cb0f8-9df2-47b5-8b39-6de43f02cfab,Air Peace,"Wow... what a disappoint? 🤣😂Their flights are trash.🤭 If you are serious with your time don't book their flights. my experience.... They moved my departure time from 4.30pm to 6pm, then to 8pm, then to 9.15pm at the Airport they moved it again to 103pm, after writing 10.45pm on my boarding pass😅. I didn't even know until a colleague got my attention to it....😂🤣",1,2026-01-10,Google Play,Customer Review,https://play.google.com/store/apps/details?id=com.flyairpeace.app.airpeace&hl=en&gl=ng
a3505d2b-8ab0-4213-b3c0-7bf444c96686,Air Peace,"Okay I don't know if the company would get this but I think it's really important that you know this. Firstly, the pilots voice must be clear and loud enough I noticed in my two flights that you have to strain to hear them correctly Secondly please make sure that luggage should be in order and lastly your flight attendants should be attentive",3,2026-01-09,Google Play,Customer Review,https://play.google.com/store/apps/details?id=com.flyairpeace.app.airpeace&hl=en&gl=ng
8e0357d7-49b4-4089-a771-6f5018316fa4,Air Peace,I enjoyed travelling with this airline. the experience is comfortable,5,2026-01-07,Google Play,Customer Review,https://play.google.com/store/apps/details?id=com.flyairpeace.app.airpeace&hl=en&gl=ng
e6883065-caec-4554-ac79-99d82e85a8f1,Air Peace,iiici,4,2026-01-06,Google Play,Customer Review,https://play.google.com/store/apps/details?id=com.flyairpeace.app.airpeace&hl=en&gl=ng
76d6fb0f-7f85-4d83-8542-56b3db58cb1d,Air Peace,splendid,5,2026-01-06,Google Play,Customer Review,https://play.google.com/store/apps/details?id=com.flyairpeace.app.airpeace&hl=en&gl=ng
490dcf8a-5cc0-4ef2-8ef5-05096443399a,Air Peace,very comfortable and cheap,5,2026-01-06,Google Play,Customer Review,https://play.google.com/store/apps/details?id=com.flyairpeace.app.airpeace&hl=en&gl=ng
066d4a35-5793-4dda-8f80-a48a1c7443f7,Air Peace,But u don't put all routine,4,2026-01-03,Google Play,Customer Review,https://play.google.com/store/apps/details?id=com.flyairpeace.app.airpeace&hl=en&gl=ng
6de51f46-bc9a-4184-8cf9-7c51c680ca00,Air Peace,the worst airlines in Nigeria,1,2025-12-23,Google Play,Customer Review,https://play.google.com/store/apps/details?id=com.flyairpeace.app.airpeace&hl=en&gl=ng
a9c7c4a9-f9c9-4bc6-a4df-c652585737ba,Air Peace,good 👍,4,2025-12-22,Google Play,Customer Review,https://play.google.com/store/apps/details?id=com.flyairpeace.app.airpeace&hl=en&gl=ng
b476c14c-6392-491d-af26-82e1a642528a,Air Peace,"update your app, why is it only showing USD currency",2,2025-12-21,Google Play,Customer Review,https://play.google.com/store/apps/details?id=com.flyairpeace.app.airpeace&hl=en&gl=ng
6b539017-0ff4-4ab6-b5ac-a2305cb015c5,Air Peace,great,5,2025-12-13,Google Play,Customer Review,https://play.google.com/store/apps/details?id=com.flyairpeace.app.airpeace&hl=en&gl=ng
95373fa0-d3f7-494a-9970-ca72aa30aa91,Air Peace,I love all your services,5,2025-12-11,Google Play,Customer Review,https://play.google.com/store/apps/details?id=com.flyairpeace.app.airpeace&hl=en&gl=ng
2b10df3a-7099-4a8a-982d-3f168442aa30,Air Peace,best services fast and reliable,5,2025-12-11,Google Play,Customer Review,https://play.google.com/store/apps/details?id=com.flyairpeace.app.airpeace&hl=en&gl=ng
f2edaf69-da4f-420a-885e-9dca3c0ffd61,Air Peace,"This is the worst Airline I've ever seen in this world, they made me missed my connecting flight.",1,2025-12-10,Google Play,Customer Review,https://play.google.com/store/apps/details?id=com.flyairpeace.app.airpeace&hl=en&gl=ng
8f02fcd6-c8a8-4221-b532-310bf6fd9acc,Air Peace,great and seamless,4,2025-12-08,Google Play,Customer Review,https://play.google.com/store/apps/details?id=com.flyairpeace.app.airpeace&hl=en&gl=ng
0c2d3ed3-4e0e-41b0-a4b5-893ec569efa1,Air Peace,airpeace is a joke..the never stick with there schedule. always rescheduling flight time. wasting ppls time,1,2025-12-06,Google Play,Customer Review,https://play.google.com/store/apps/details?id=com.flyairpeace.app.airpeace&hl=en&gl=ng
082b1c77-587f-4d02-a4b8-ff1a15a0d835,Air Peace,"My 73 Ur old mum was made to wait at Abuja for extra 6hrs because of your flight delays. Her trip was from Gatwick to asaba, but as expected the local trip was cancelled twice, from 12.30 to 12.20 to 2.50pm then finally 6.50pm. (She arrived Abuja, 4:20am) She waited at the airport for 12hrs in total, and Air peace did not think to provide refreshments for her or compensations for their delays.",2,2025-12-05,Google Play,Customer Review,https://play.google.com/store/apps/details?id=com.flyairpeace.app.airpeace&hl=en&gl=ng
341857a7-bb47-4792-8ca1-3d32f94e53f0,Air Peace,awesome flight and on time great time i will definitely want to be a frequent flyer with air peace,5,2025-11-30,Google Play,Customer Review,https://play.google.com/store/apps/details?id=com.flyairpeace.app.airpeace&hl=en&gl=ng
2523bbec-e091-464a-9b4e-4fdfc43f91cb,Air Peace,is very good,5,2025-11-29,Google Play,Customer Review,https://play.google.com/store/apps/details?id=com.flyairpeace.app.airpeace&hl=en&gl=ng
cff4548a-2601-42cf-8ab1-ca5decf50a8a,Air Peace,Can not Give a 0. 1st the flight was postponed by 30 mins. Then the flight was delayed by 2 hours. No explination. Missed my connecting international flight. Had to pay for another International flight with No Refund from air peace. Pathetic Airline!!!!,1,2025-11-19,Google Play,Customer Review,https://play.google.com/store/apps/details?id=com.flyairpeace.app.airpeace&hl=en&gl=ng
d9dd6543-0f28-4fbe-b2e8-d064237e4ebf,Air Peace,Very good experience,5,2025-11-18,Google Play,Customer Review,https://play.google.com/store/apps/details?id=com.flyairpeace.app.airpeace&hl=en&gl=ng
12d5d94c-45d4-4c99-aab8-2f738bcbebf0,Air Peace,"Air Peace is a great experience. The check-in process was smooth, the staff were cautious, and the flight was on time, excellent service and professionalism throughout the journey. It is encouraging to see a Nigerian airline setting such commendable standards in the aviation industry.",5,2025-11-04,Google Play,Customer Review,https://play.google.com/store/apps/details?id=com.flyairpeace.app.airpeace&hl=en&gl=ng
86a22f25-35fb-40a0-861e-f3b85c834fb1,Air Peace,simple and easy to use,4,2025-10-27,Google Play,Customer Review,https://play.google.com/store/apps/details?id=com.flyairpeace.app.airpeace&hl=en&gl=ng
516afc72-27f7-46b3-8656-32ebc13491c7,Air Peace,Great flights locally and intl✅,5,2025-10-15,Google Play,Customer Review,https://play.google.com/store/apps/details?id=com.flyairpeace.app.airpeace&hl=en&gl=ng
3dedddf3-8392-4c28-afd0-cb6d449bb7cb,Air Peace,good 👍,5,2025-10-09,Google Play,Customer Review,https://play.google.com/store/apps/details?id=com.flyairpeace.app.airpeace&hl=en&gl=ng
569db690-28cf-49d1-a7d9-039871b6489d,Air Peace,BEST,5,2025-10-01,Google Play,Customer Review,https://play.google.com/store/apps/details?id=com.flyairpeace.app.airpeace&hl=en&gl=ng
9987e396-48a0-40c1-9155-9d46d55bd119,Air Peace,iwell done,5,2025-09-24,Google Play,Customer Review,https://play.google.com/store/apps/details?id=com.flyairpeace.app.airpeace&hl=en&gl=ng
c2e51a57-2331-41f6-ab0d-5d0793539505,Air Peace,Nice,5,2025-09-02,Google Play,Customer Review,https://play.google.com/store/apps/details?id=com.flyairpeace.app.airpeace&hl=en&gl=ng
e9bad46c-2ccc-402f-bbbd-59a2086c4a8d,Air Peace,this app is not responding for ticket booking. message error not communicating server,5,2025-08-31,Google Play,Customer Review,https://play.google.com/store/apps/details?id=com.flyairpeace.app.airpeace&hl=en&gl=ng
e1b2a824-e66f-4a45-a2b5-74bc6b6055ef,Air Peace,"Why am I constantly getting ""An error occurred"" whenever I try to search a flight on the app?? It's frustrating 😞",2,2025-08-30,Google Play,Customer Review,https://play.google.com/store/apps/details?id=com.flyairpeace.app.airpeace&hl=en&gl=ng
93960aa2-8572-4fc4-aaae-9d9e95d6ec03,Air Peace,very convenient to use and fast. I book my flight at ease and check in very fast. I love the airpeace app.,5,2025-08-29,Google Play,Customer Review,https://play.google.com/store/apps/details?id=com.flyairpeace.app.airpeace&hl=en&gl=ng
ed296afe-c379-4861-b156-5c2dea6ae7dd,Air Peace,excellent,5,2025-08-19,Google Play,Customer Review,https://play.google.com/store/apps/details?id=com.flyairpeace.app.airpeace&hl=en&gl=ng
52375279-2783-4aab-9ca6-73f3dadc3604,Air Peace,Payment options ineffective...either no OTP received or bank app payments no going through at ur end. Ridiculous,3,2025-08-04,Google Play,Customer Review,https://play.google.com/store/apps/details?id=com.flyairpeace.app.airpeace&hl=en&gl=ng
c42ab16f-d585-41a6-85ea-ceaef047f29e,Air Peace,"superb I must confess,",5,2025-07-28,Google Play,Customer Review,https://play.google.com/store/apps/details?id=com.flyairpeace.app.airpeace&hl=en&gl=ng
6d908b75-2cef-48bd-a5a4-3e74290187ff,Air Peace,"Purchase currency defaults to USD, and cannot be changed to NGN. App looks cloned. No Air Peace logo once you open it.",1,2025-07-26,Google Play,Customer Review,https://play.google.com/store/apps/details?id=com.flyairpeace.app.airpeace&hl=en&gl=ng
9c52de6d-4bc7-4073-b2be-881ff99c931e,Air Peace,very disappointing keep changing time,5,2025-07-22,Google Play,Customer Review,https://play.google.com/store/apps/details?id=com.flyairpeace.app.airpeace&hl=en&gl=ng
4d95fdd1-b62e-4b81-9b77-f59b86b261ec,Air Peace,"Amazing, I heard negative things about the airline before using them in May and I honestly experienced nothing but JOY. As long as air peace still goes to Lagos then there will be no other airline for me. 👍🤛🤛✍️",5,2025-07-22,Google Play,Customer Review,https://play.google.com/store/apps/details?id=com.flyairpeace.app.airpeace&hl=en&gl=ng
b66d40e0-e4c2-44c2-8cf8-70f7aec29acc,Air Peace,good,5,2025-07-21,Google Play,Customer Review,https://play.google.com/store/apps/details?id=com.flyairpeace.app.airpeace&hl=en&gl=ng
84e66082-57f6-444a-bd0d-0916d10ded04,Air Peace,👌,5,2025-07-17,Google Play,Customer Review,https://play.google.com/store/apps/details?id=com.flyairpeace.app.airpeace&hl=en&gl=ng
3fb1161a-d3b5-4a1e-b42c-7975324ef54f,Air Peace,"Other than the occasional extension of flight time, I am satisfied with Air Peace. By the way, do we have a better option. Air Peace is the best thing that ever happened to Nigeria.",4,2025-07-14,Google Play,Customer Review,https://play.google.com/store/apps/details?id=com.flyairpeace.app.airpeace&hl=en&gl=ng
02c4cd7d-ea67-4741-9e48-4101943fa0e0,Air Peace,it has a seamless and easy flow booking online. highly recommended.,5,2025-07-09,Google Play,Customer Review,https://play.google.com/store/apps/details?id=com.flyairpeace.app.airpeace&hl=en&gl=ng
e1a84004-df12-4d70-88bc-fd74614f17af,Air Peace,Great flight experience. Proudly Nigerian.,5,2025-07-07,Google Play,Customer Review,https://play.google.com/store/apps/details?id=com.flyairpeace.app.airpeace&hl=en&gl=ng
867561ab-7f30-47ea-a991-fe2dee9cabf9,Air Peace,very good 👍👍👍,5,2025-07-07,Google Play,Customer Review,https://play.google.com/store/apps/details?id=com.flyairpeace.app.airpeace&hl=en&gl=ng
89134054-6b50-4503-bd0b-59080708eda1,Air Peace,excellent👍,5,2025-07-03,Google Play,Customer Review,https://play.google.com/store/apps/details?id=com.flyairpeace.app.airpeace&hl=en&gl=ng
5abe538a-0550-4901-b4dc-e9a947248284,Air Peace,This app is the best,5,2025-07-01,Google Play,Customer Review,https://play.google.com/store/apps/details?id=com.flyairpeace.app.airpeace&hl=en&gl=ng
f7dbe5f9-92d6-41e7-aa79-57cc85a74307,Air Peace,so far so good..Booking was easy and straightforward.,5,2025-06-20,Google Play,Customer Review,https://play.google.com/store/apps/details?id=com.flyairpeace.app.airpeace&hl=en&gl=ng
b240e782-ad40-4251-ab0c-3d26cc34629a,Air Peace,"Great flight trip to Liberia, except for the meal provided which was pretty much small to eat.",4,2025-06-19,Google Play,Customer Review,https://play.google.com/store/apps/details?id=com.flyairpeace.app.airpeace&hl=en&gl=ng
cf0b10f0-158f-4e47-831d-8b192f93b0c5,Air Peace,good,5,2025-06-02,Google Play,Customer Review,https://play.google.com/store/apps/details?id=com.flyairpeace.app.airpeace&hl=en&gl=ng
17e477e4-2261-4e35-b9f1-678ce851bff3,Air Peace,"Your workers are good, Goodness and so",5,2025-05-28,Google Play,Customer Review,https://play.google.com/store/apps/details?id=com.flyairpeace.app.airpeace&hl=en&gl=ng
1d542a1a-02c0-4949-a242-9a44487b31a3,Air Peace,awesome,5,2025-05-24,Google Play,Customer Review,https://play.google.com/store/apps/details?id=com.flyairpeace.app.airpeace&hl=en&gl=ng
fb77a6e3-6d69-4164-9d5a-d36ecd2482b3,Air Peace,Air peace is the best,5,2025-05-14,Google Play,Customer Review,https://play.google.com/store/apps/details?id=com.flyairpeace.app.airpeace&hl=en&gl=ng
8a10dd2e-9275-42a2-9016-0bdaf204505a,Air Peace,AirPeace bad not working delaying pls don't fly this flight,1,2025-05-13,Google Play,Customer Review,https://play.google.com/store/apps/details?id=com.flyairpeace.app.airpeace&hl=en&gl=ng
0d098889-db64-473b-80da-926ad79711ba,Air Peace,a very bad airlines that cheats there customers it's an untrusted company,1,2025-05-01,Google Play,Customer Review,https://play.google.com/store/apps/details?id=com.flyairpeace.app.airpeace&hl=en&gl=ng
c190494e-5094-45da-9c04-d5e48fbf2b16,Air Peace,Great,4,2025-04-28,Google Play,Customer Review,https://play.google.com/store/apps/details?id=com.flyairpeace.app.airpeace&hl=en&gl=ng
ecc60dc9-bc08-4971-88ef-5346b95c72d8,Air Peace,best,5,2025-04-28,Google Play,Customer Review,https://play.google.com/store/apps/details?id=com.flyairpeace.app.airpeace&hl=en&gl=ng
ec91e859-4992-41e9-98f4-8545c94d9ab0,Air Peace,an awe experience with air peace,5,2025-04-26,Google Play,Customer Review,https://play.google.com/store/apps/details?id=com.flyairpeace.app.airpeace&hl=en&gl=ng
7449b514-a4f6-4301-ac6f-1ecca5d97269,Air Peace,is good,5,2025-04-25,Google Play,Customer Review,https://play.google.com/store/apps/details?id=com.flyairpeace.app.airpeace&hl=en&gl=ng
108b314e-496c-40bb-8fda-5f6922097731,Air Peace,"the worst airline in Nigeria,",1,2025-04-23,Google Play,Customer Review,https://play.google.com/store/apps/details?id=com.flyairpeace.app.airpeace&hl=en&gl=ng
97fc8f7f-36ad-4662-9f9d-8cc5dde37dc8,Air Peace,Easy and straightforward website to find exactly what you are looking for.,5,2025-04-21,Google Play,Customer Review,https://play.google.com/store/apps/details?id=com.flyairpeace.app.airpeace&hl=en&gl=ng
34650285-8d0a-46bf-bdb7-6eebe3af78e7,Air Peace,"excellent service and they care for thire customers ,very very good",4,2025-04-18,Google Play,Customer Review,https://play.google.com/store/apps/details?id=com.flyairpeace.app.airpeace&hl=en&gl=ng
7b3bfa52-4d3d-41f8-b93f-acb43d19712d,Air Peace,perfect and lovely,4,2025-04-11,Google Play,Customer Review,https://play.google.com/store/apps/details?id=com.flyairpeace.app.airpeace&hl=en&gl=ng
71d7c7a2-78f4-4797-a9d1-92fe909112bf,Air Peace,"Airpeace is perfect we just need newer planes and let entertainment work, 6 hrs journey ain't no joke not to have entertainment. Great staff, great customer service, oh my my best food ever!!! I also won a Samsung phone on flight during the 10th anniversary, which happend to be my 50th yr celebration etc what's not to like, airpeace ebano!!!",4,2025-04-07,Google Play,Customer Review,https://play.google.com/store/apps/details?id=com.flyairpeace.app.airpeace&hl=en&gl=ng
e70bd7e9-e9f1-466c-aa10-24d367c6fd3b,Air Peace,The app is easy and seamless. changes requested are updated as requested on the app.,4,2025-04-04,Google Play,Customer Review,https://play.google.com/store/apps/details?id=com.flyairpeace.app.airpeace&hl=en&gl=ng
3d11a021-95ae-47af-a214-bec1880e69d5,Air Peace,it's nice. but it will be great if it had a history feature,4,2025-04-02,Google Play,Customer Review,https://play.google.com/store/apps/details?id=com.flyairpeace.app.airpeace&hl=en&gl=ng
8eff3f01-7c61-4bd4-a464-7ff4d566742c,Air Peace,horrible,1,2025-04-01,Google Play,Customer Review,https://play.google.com/store/apps/details?id=com.flyairpeace.app.airpeace&hl=en&gl=ng
d40f61ea-9c57-4f23-b58f-223be76bdbec,Air Peace,very fast,5,2025-03-27,Google Play,Customer Review,https://play.google.com/store/apps/details?id=com.flyairpeace.app.airpeace&hl=en&gl=ng
1c6d28ee-de2d-4a6f-b040-01043a302852,Air Peace,Nice and beautiful development.,5,2025-03-22,Google Play,Customer Review,https://play.google.com/store/apps/details?id=com.flyairpeace.app.airpeace&hl=en&gl=ng
def4954f-523b-46e0-9cfd-85977cc60527,Air Peace,"I tried to book a flight today, only to get debited through Flutterwave, without a refund to my account. Nothing is even reflecting on the app, because we are not signed in. This does not make sense at all.",2,2025-03-13,Google Play,Customer Review,https://play.google.com/store/apps/details?id=com.flyairpeace.app.airpeace&hl=en&gl=ng
b6aeac88-a69e-491d-9e2a-ba5133914d49,Air Peace,Always shifting people's flight,1,2025-03-13,Google Play,Customer Review,https://play.google.com/store/apps/details?id=com.flyairpeace.app.airpeace&hl=en&gl=ng
e6faf868-c406-463c-be93-200c8d65432a,Air Peace,"To be frank , I see Airpeace as the number 1 in Nigeria but one thing that has to be improved upon is delayed flights that happens too often",5,2025-03-12,Google Play,Customer Review,https://play.google.com/store/apps/details?id=com.flyairpeace.app.airpeace&hl=en&gl=ng
5f6dd0ef-8c16-48f1-ba46-6361dd488e02,Air Peace,Smooth and great experience.,5,2025-03-05,Google Play,Customer Review,https://play.google.com/store/apps/details?id=com.flyairpeace.app.airpeace&hl=en&gl=ng
1472e3a3-555b-4878-a084-73c96f763a37,Air Peace,"Thank you Airpeace, I have been using this app for a very long time now and everything is working smoothly, please keep it up and make sure it continue working smoothly.....Nigerians are enjoying it ....thank you",5,2025-03-02,Google Play,Customer Review,https://play.google.com/store/apps/details?id=com.flyairpeace.app.airpeace&hl=en&gl=ng
307dea08-67e2-48b8-ade1-c4aed7cd3269,Air Peace,Your service to Nigerians are very poor most especially your local operational domestic flights!!!! Including the international flights. Please review your staff's there's a lot of greedy staff's creating an issue in disguise to extort passengers that want to fly next available flights and they will reschedule already booked passengers without remorse. No apology and no compensation and late rescheduled flight means nothing to them. Now coupling with when a little issue raises.Expect the worst,1,2025-02-28,Google Play,Customer Review,https://play.google.com/store/apps/details?id=com.flyairpeace.app.airpeace&hl=en&gl=ng
62f0ad8f-0d48-491c-994d-dfa6fc6e0236,Air Peace,"Easy navigation of the app, thump up",5,2025-02-11,Google Play,Customer Review,https://play.google.com/store/apps/details?id=com.flyairpeace.app.airpeace&hl=en&gl=ng
f801e16a-6423-43a9-86b0-fe06656a33c4,Air Peace,User friendly and response is prompt.,5,2025-02-09,Google Play,Customer Review,https://play.google.com/store/apps/details?id=com.flyairpeace.app.airpeace&hl=en&gl=ng
8083f445-9067-4a44-b15d-23ae004b301d,Air Peace,Sharp update thanks 👍🤜🤛💯🌍,5,2025-02-07,Google Play,Customer Review,https://play.google.com/store/apps/details?id=com.flyairpeace.app.airpeace&hl=en&gl=ng
a32babf6-6240-4477-a673-768f5e22a5b8,Air Peace,"I have enjoyed my experience with the flight, only that it costs me 425 pounds to reschedule my return ticket which I have earlier booked. I feel it shouldn't be that expensive",4,2025-02-02,Google Play,Customer Review,https://play.google.com/store/apps/details?id=com.flyairpeace.app.airpeace&hl=en&gl=ng
3583ca45-2021-4080-80f9-1089fa3755d8,Air Peace,Satisfying,5,2025-02-01,Google Play,Customer Review,https://play.google.com/store/apps/details?id=com.flyairpeace.app.airpeace&hl=en&gl=ng
e5aa0bbd-b5ec-4857-b008-d0985b4e05e6,Air Peace,Excellent airline,5,2025-01-31,Google Play,Customer Review,https://play.google.com/store/apps/details?id=com.flyairpeace.app.airpeace&hl=en&gl=ng
e2c3d2e4-9d4f-4f79-8714-960264b0dd80,Air Peace,"Air Peace, the best airline in Africa, in times of flight schedule management, safety, very experienced pilots with well trained crew, treat and coordinate passengers with every sense of love, enthusiasm and humility, etc. Safe sky to Air Peace.",5,2025-01-28,Google Play,Customer Review,https://play.google.com/store/apps/details?id=com.flyairpeace.app.airpeace&hl=en&gl=ng
70072fd8-7bfe-41e6-b05d-714f4c3d75f9,Air Peace,Makes things simple,5,2025-01-27,Google Play,Customer Review,https://play.google.com/store/apps/details?id=com.flyairpeace.app.airpeace&hl=en&gl=ng
260a342c-a237-4d67-b98a-fc806718496c,Air Peace,I'd give less than half a star if I could. Couldn't pay for ordinary flight ticket. Not via pay stack nor flutter wave😡tufia!,1,2025-01-27,Google Play,Customer Review,https://play.google.com/store/apps/details?id=com.flyairpeace.app.airpeace&hl=en&gl=ng
87258a5b-462c-4303-9b2b-1d4f9f4fc208,Air Peace,Very nice,5,2025-01-27,Google Play,Customer Review,https://play.google.com/store/apps/details?id=com.flyairpeace.app.airpeace&hl=en&gl=ng
3f55db6d-6805-4646-8caa-ba42dd7bed8b,Air Peace,The app has been so smooth and of a great help to my flight booking with rapid customer service response.,5,2025-01-26,Google Play,Customer Review,https://play.google.com/store/apps/details?id=com.flyairpeace.app.airpeace&hl=en&gl=ng
1a73c969-87ee-464f-8b74-000812f440e5,Air Peace,Satisfactory,4,2025-01-24,Google Play,Customer Review,https://play.google.com/store/apps/details?id=com.flyairpeace.app.airpeace&hl=en&gl=ng
8778eb4d-e5c5-45f8-aa05-9e9d0d0e8b56,Air Peace,Nice,5,2025-01-24,Google Play,Customer Review,https://play.google.com/store/apps/details?id=com.flyairpeace.app.airpeace&hl=en&gl=ng
4ba62c7e-1454-45c9-825d-6f667297c85d,Air Peace,The best 👌,5,2025-01-16,Google Play,Customer Review,https://play.google.com/store/apps/details?id=com.flyairpeace.app.airpeace&hl=en&gl=ng
e180104e-046d-4a80-9192-08794f5b970e,Air Peace,Quite fluid,5,2025-01-16,Google Play,Customer Review,https://play.google.com/store/apps/details?id=com.flyairpeace.app.airpeace&hl=en&gl=ng
3f8e5890-ec05-4b56-a756-8b6b7f48b8ba,Air Peace,Best,5,2025-01-16,Google Play,Customer Review,https://play.google.com/store/apps/details?id=com.flyairpeace.app.airpeace&hl=en&gl=ng
9332747c-1854-4e55-96b5-01d0888edbda,Air Peace,"🚫 Highly inefficient! Nothing works on the app! I booked a round trip flight and upon payment, all my dates were changed which I believe was a network glitch, I have called Customer service and they're insisting I pay over 800k for a fare change. Such a horrible first experience I wouldn't recommend at all!🚫",1,2025-01-14,Google Play,Customer Review,https://play.google.com/store/apps/details?id=com.flyairpeace.app.airpeace&hl=en&gl=ng
b93c81d8-ef58-4685-b999-c053a045246a,Air Peace,Great service,5,2025-01-11,Google Play,Customer Review,https://play.google.com/store/apps/details?id=com.flyairpeace.app.airpeace&hl=en&gl=ng
4932094b-a4f5-4007-900a-b2258d213e72,Air Peace,Air Peace flights are good and can be fairly relied on except for their recent unhappy rescheduling of flight at an unexpected whim.,4,2025-01-11,Google Play,Customer Review,https://play.google.com/store/apps/details?id=com.flyairpeace.app.airpeace&hl=en&gl=ng
40c7f02c-ec06-4e1b-9319-321ba57c9526,Air Peace,"They have now become the worst airline to move with. They will reschedule your flight, delayed you unnecessarily, imagine going to uyo, our first stop over at Akure, second stop over Abuja before heading to uyo since 6am we have been in Lagos, we left lagos 10:30am. I just don't know when air peace turned to along (soole) airline... to get peace with airpeace is by connection",1,2025-01-08,Google Play,Customer Review,https://play.google.com/store/apps/details?id=com.flyairpeace.app.airpeace&hl=en&gl=ng
fd238c69-ff94-4d1f-b03a-75ec5abba764,Air Peace,"I tried buying a ticket via flutterwave but it didn't go through thankfully, I wasn't debited. I opted for paystack and it was seamless, I think the flutterwave platform should be worked on. Overall, the app is very good and easy to navigate. Thanks",5,2025-01-03,Google Play,Customer Review,https://play.google.com/store/apps/details?id=com.flyairpeace.app.airpeace&hl=en&gl=ng
44a30fba-a674-4041-9e30-d602d8d8fa57,Air Peace,The app is user friendly... I just love the interface,5,2025-01-01,Google Play,Customer Review,https://play.google.com/store/apps/details?id=com.flyairpeace.app.airpeace&hl=en&gl=ng
444d441c-670e-4494-9fff-7ccc344d89de,Air Peace,Thank u Mr. Allen Onyema,5,2024-12-30,Google Play,Customer Review,https://play.google.com/store/apps/details?id=com.flyairpeace.app.airpeace&hl=en&gl=ng
976f44b7-06f0-4a51-b0f1-aab251b21105,Air Peace,Amazing experience,5,2024-12-30,Google Play,Customer Review,https://play.google.com/store/apps/details?id=com.flyairpeace.app.airpeace&hl=en&gl=ng
e1ad0a84-5887-4667-a544-6a185a638b41,Air Peace,Awesome 👌,4,2024-12-11,Google Play,Customer Review,https://play.google.com/store/apps/details?id=com.flyairpeace.app.airpeace&hl=en&gl=ng
919ff739-e8c1-4522-ac5f-7925d5735b23,Air Peace,"The company must have a good channel of communication with its customers through WhatsApp or online messenger of it own ,very poor communication,",2,2024-12-08,Google Play,Customer Review,https://play.google.com/store/apps/details?id=com.flyairpeace.app.airpeace&hl=en&gl=ng
2b54488e-3820-4ec2-91b9-8a2055420732,Air Peace,Good service,5,2024-12-05,Google Play,Customer Review,https://play.google.com/store/apps/details?id=com.flyairpeace.app.airpeace&hl=en&gl=ng
d1b7f5eb-6510-4f0c-8fc9-61e4cb0c1037,Air Peace,Perfect and easy to use.,5,2024-12-04,Google Play,Customer Review,https://play.google.com/store/apps/details?id=com.flyairpeace.app.airpeace&hl=en&gl=ng
608eacb9-d809-494c-b183-9dc9b239cc91,Air Peace,EXCELLENT APP AND EASY TO NAVIGATE,5,2024-12-03,Google Play,Customer Review,https://play.google.com/store/apps/details?id=com.flyairpeace.app.airpeace&hl=en&gl=ng
efeaa390-5d35-4cd0-8cfb-5c3fe36d1ba2,Air Peace,Excellent,5,2024-12-02,Google Play,Customer Review,https://play.google.com/store/apps/details?id=com.flyairpeace.app.airpeace&hl=en&gl=ng
7ecda34f-5e7e-4301-a328-1f09b9a5046f,Air Peace,Good,5,2024-11-27,Google Play,Customer Review,https://play.google.com/store/apps/details?id=com.flyairpeace.app.airpeace&hl=en&gl=ng
d36bb9af-9356-4f69-ae77-0c6984477131,Air Peace,Please work on your app we can login in to our account with out issues.. Since the app was changed I can't see my membership ID and I can't access my account.. This app is very poor and also please work on the booking.. You can book for air ticket now and and lose it in just a minute.. And also work on your manage my booking I can't access my books. When I want to check my booking it tells me error Why????¿????????????????????????????????????????????????,1,2024-11-15,Google Play,Customer Review,https://play.google.com/store/apps/details?id=com.flyairpeace.app.airpeace&hl=en&gl=ng
04526d1b-7577-4811-843a-df179597ab09,Air Peace,Good service,5,2024-11-12,Google Play,Customer Review,https://play.google.com/store/apps/details?id=com.flyairpeace.app.airpeace&hl=en&gl=ng
8c6634a6-b8b4-444d-9919-bebb472e44ca,Air Peace,"My request for change, re-route and re-issue of a ticket was so fast and smooth. I am very impressed. Kudos AIRPEACE.",5,2024-11-02,Google Play,Customer Review,https://play.google.com/store/apps/details?id=com.flyairpeace.app.airpeace&hl=en&gl=ng
3ca00480-84db-4e30-95b9-ea3bd5c7fb0b,Air Peace,Thank God for for air peace. Maybe God continues to lift your business up in Jesus name amen 🙏🙏🙏.,4,2024-10-31,Google Play,Customer Review,https://play.google.com/store/apps/details?id=com.flyairpeace.app.airpeace&hl=en&gl=ng
81cc671f-bb92-4db4-be98-81e0a064eab6,Air Peace,"Seamless booking, love it. No story - just straight forward.",5,2024-10-29,Google Play,Customer Review,https://play.google.com/store/apps/details?id=com.flyairpeace.app.airpeace&hl=en&gl=ng
57560027-ad50-4f15-96a6-8506a803036e,Air Peace,Good,4,2024-10-25,Google Play,Customer Review,https://play.google.com/store/apps/details?id=com.flyairpeace.app.airpeace&hl=en&gl=ng
2a2e2f42-c194-4119-8bf1-fbc988edc023,Air Peace,Most useless and unreliable airline,1,2024-10-16,Google Play,Customer Review,https://play.google.com/store/apps/details?id=com.flyairpeace.app.airpeace&hl=en&gl=ng
eeed225a-51fd-47e1-b1f9-fda99b524c37,Air Peace,Great,5,2024-10-16,Google Play,Customer Review,https://play.google.com/store/apps/details?id=com.flyairpeace.app.airpeace&hl=en&gl=ng
f1308417-2155-43e1-a1cb-74c664c75b11,Air Peace,Great flight,5,2024-10-12,Google Play,Customer Review,https://play.google.com/store/apps/details?id=com.flyairpeace.app.airpeace&hl=en&gl=ng
db1aa6f3-dfd5-458b-af45-6fb85089b672,Air Peace,. Loo OgF l P.pp vs Ll.l .p . P.pn(⁠^⁠^⁠)(⁠^⁠^⁠),5,2024-10-11,Google Play,Customer Review,https://play.google.com/store/apps/details?id=com.flyairpeace.app.airpeace&hl=en&gl=ng
c3e5b1bb-989f-40fe-9d8b-9eb9aa76dc19,Air Peace,"This app is nonsense, creates ticket nobody answers for daysveven when it's an urgent situation, they don't have an active support team, Is just to collect money they know arik airline way more better in support services ,let this be a 2nd option",1,2024-10-10,Google Play,Customer Review,https://play.google.com/store/apps/details?id=com.flyairpeace.app.airpeace&hl=en&gl=ng
4a6ab908-801e-4ad8-9bf4-5284b207a156,Air Peace,Just beautiful and very convenient! We enjoyed our flight.,5,2024-10-09,Google Play,Customer Review,https://play.google.com/store/apps/details?id=com.flyairpeace.app.airpeace&hl=en&gl=ng
86d4e5e7-6b69-4db7-a4a8-99f90e8f48cc,Air Peace,I wonder why people still use Airpeace? The airline is inconsistent and inconsiderate. Everybody should boycott this airline to serve as a warning to others.,1,2024-10-08,Google Play,Customer Review,https://play.google.com/store/apps/details?id=com.flyairpeace.app.airpeace&hl=en&gl=ng
e26ae336-8472-463a-b4ed-b93c9ceb7279,Air Peace,Great app,5,2024-09-29,Google Play,Customer Review,https://play.google.com/store/apps/details?id=com.flyairpeace.app.airpeace&hl=en&gl=ng
8ea2f310-c8f3-4ff5-b0f2-dd3a11bdf284,Air Peace,Professional and impersonal,5,2024-09-28,Google Play,Customer Review,https://play.google.com/store/apps/details?id=com.flyairpeace.app.airpeace&hl=en&gl=ng
ce6b9943-be0b-4feb-84fa-d72d83ad3d6c,Air Peace,I have never been disappointed by Air Peace 👌,5,2024-09-27,Google Play,Customer Review,https://play.google.com/store/apps/details?id=com.flyairpeace.app.airpeace&hl=en&gl=ng
ae92f6ed-5f57-4e9d-885f-c5ada5a0e8a8,Air Peace,"Average, 1. Not sufficiently user-friendly. The display of vital data is clumsy in some fields. 2. Check-in Seats not pre-numbered to facilitate selection. 3. App does provide other info required by passengers such as time check-in times.",3,2024-09-22,Google Play,Customer Review,https://play.google.com/store/apps/details?id=com.flyairpeace.app.airpeace&hl=en&gl=ng
89195859-08a7-4008-b751-ea3d81b9e691,Air Peace,Excellent,5,2024-09-14,Google Play,Customer Review,https://play.google.com/store/apps/details?id=com.flyairpeace.app.airpeace&hl=en&gl=ng
a2224305-948e-4580-b2d7-4b1f73b0d45c,Air Peace,Who We Go Give 5 If Not Our African King Of The Air,5,2024-09-11,Google Play,Customer Review,https://play.google.com/store/apps/details?id=com.flyairpeace.app.airpeace&hl=en&gl=ng
b6517bd8-854a-4753-b334-1826562fcad5,Air Peace,Terrible airline always cancelling and delaying,1,2024-09-07,Google Play,Customer Review,https://play.google.com/store/apps/details?id=com.flyairpeace.app.airpeace&hl=en&gl=ng
b1f0ae38-68ee-4198-a4f5-44b01f4305e5,Air Peace,Good,5,2024-09-06,Google Play,Customer Review,https://play.google.com/store/apps/details?id=com.flyairpeace.app.airpeace&hl=en&gl=ng
f46b54c8-8199-43e8-9649-c30c7e5a6e2d,Air Peace,Great,5,2024-09-03,Google Play,Customer Review,https://play.google.com/store/apps/details?id=com.flyairpeace.app.airpeace&hl=en&gl=ng
d16c9bd8-0dcf-4d68-a6f8-ae608f3e67c7,Air Peace,Very good,5,2024-08-18,Google Play,Customer Review,https://play.google.com/store/apps/details?id=com.flyairpeace.app.airpeace&hl=en&gl=ng
c34454b1-8267-43d6-b93f-3fe52dcd7aac,Air Peace,I made a cancellation of my booking and am trying to get another date and Air Peace is charging extra $200 because a date was changed and I still have to pay the fair difference as well.. This is not fair at all,1,2024-08-17,Google Play,Customer Review,https://play.google.com/store/apps/details?id=com.flyairpeace.app.airpeace&hl=en&gl=ng
78d4c5bf-eade-46a2-82f3-740cbc2e539b,Air Peace,Good,5,2024-08-13,Google Play,Customer Review,https://play.google.com/store/apps/details?id=com.flyairpeace.app.airpeace&hl=en&gl=ng
3159189a-6e2c-4898-b46d-7456bbe16c6b,Air Peace,The best,5,2024-08-10,Google Play,Customer Review,https://play.google.com/store/apps/details?id=com.flyairpeace.app.airpeace&hl=en&gl=ng
0ee7299c-bf04-497d-8482-6b9928761593,Air Peace,"The app doesn't display my trips automatically upon launching it. I have four trips with airpeace in August but it doesn't show, I have to always enter my reference to see it. Also it doesn't synchronise with my calendar. I wish it could.",3,2024-08-02,Google Play,Customer Review,https://play.google.com/store/apps/details?id=com.flyairpeace.app.airpeace&hl=en&gl=ng
2815a0da-7c15-4ecf-88ff-fc6518dd1d69,Air Peace,Air peace seriously and urgently needs to do something about this currency in app display. I just deleted the app right now as it becomes useless here in the country where I reside as I cannot book a flight in Naira,5,2024-07-31,Google Play,Customer Review,https://play.google.com/store/apps/details?id=com.flyairpeace.app.airpeace&hl=en&gl=ng
30d5b5e2-4440-4253-9538-c093cf3a202a,Air Peace,"The worst app seen so far, waited for eternity before the OTP CAN BE ABLE TO DROP ON MY MOBILE NUMBER🤦🏿‍♂️🤦🏿‍♂️🤦🏿‍♂️",3,2024-07-19,Google Play,Customer Review,https://play.google.com/store/apps/details?id=com.flyairpeace.app.airpeace&hl=en&gl=ng
005b8c16-cffc-430f-80a4-de43340d6118,Air Peace,Good,3,2024-07-19,Google Play,Customer Review,https://play.google.com/store/apps/details?id=com.flyairpeace.app.airpeace&hl=en&gl=ng
fc6f151b-caa5-4c45-b6c3-9f717c414a57,Air Peace,Good 👍🏼,5,2024-07-18,Google Play,Customer Review,https://play.google.com/store/apps/details?id=com.flyairpeace.app.airpeace&hl=en&gl=ng
68c67512-ed8b-462f-aa4e-9b545a2d344f,Air Peace,The best Airline so far,5,2024-07-18,Google Play,Customer Review,https://play.google.com/store/apps/details?id=com.flyairpeace.app.airpeace&hl=en&gl=ng
47935c81-89c7-426a-b50c-5c9452ebd70f,Air Peace,"Great service, timely response, and very affordable",5,2024-07-17,Google Play,Customer Review,https://play.google.com/store/apps/details?id=com.flyairpeace.app.airpeace&hl=en&gl=ng
bc305709-407c-4155-81fa-dea526c7b314,Air Peace,"Since when have been using Airpeace , my travel as been so lovely and awesome, though even when I was ever been disappointed one's before on reschedule my trip by extending the time for my departure, but that shouldn't be a problem. Since that's there first time on it to me, so ours is not to complain why? They most have there reason one way or the order. Airpeace is the best so ever.",5,2024-07-17,Google Play,Customer Review,https://play.google.com/store/apps/details?id=com.flyairpeace.app.airpeace&hl=en&gl=ng
6ecaf73b-e87b-48d6-8b82-1e453751a1bd,Air Peace,Wew,2,2024-07-09,Google Play,Customer Review,https://play.google.com/store/apps/details?id=com.flyairpeace.app.airpeace&hl=en&gl=ng
e5f4f2bf-6364-4ca8-86d3-8af5378828fa,Air Peace,Fantastic,5,2024-07-06,Google Play,Customer Review,https://play.google.com/store/apps/details?id=com.flyairpeace.app.airpeace&hl=en&gl=ng
fc6bc594-57e2-4120-921b-107e21116ee9,Air Peace,"Please I'm finding it difficult to make payment for my flight which is scheduled for next week, it keeps saying error whenever I enter my card details. I've written the customer care no solution yet and I have just tomorrow to make payment hence my flight will be cancelled. Pls I need help",1,2024-07-01,Google Play,Customer Review,https://play.google.com/store/apps/details?id=com.flyairpeace.app.airpeace&hl=en&gl=ng
13dc2676-a4d9-4284-b51a-de5c0f30362b,Air Peace,It is a nice App and easy to operate,5,2024-06-30,Google Play,Customer Review,https://play.google.com/store/apps/details?id=com.flyairpeace.app.airpeace&hl=en&gl=ng
9250586a-bcc8-49b0-b1ef-32bbb3201617,Air Peace,Always a wonderful experience with air peace...d ist time I used another flight..my husband was like did u die??? I told him no but still I felt the difference..airpeace always number 1,5,2024-06-28,Google Play,Customer Review,https://play.google.com/store/apps/details?id=com.flyairpeace.app.airpeace&hl=en&gl=ng
c489a3ba-64b9-421b-9dd4-07d74552f37a,Air Peace,Good,5,2024-06-28,Google Play,Customer Review,https://play.google.com/store/apps/details?id=com.flyairpeace.app.airpeace&hl=en&gl=ng
3ddff6d1-c673-4efc-8e2f-1d565ead7f88,Air Peace,Just good.,3,2024-06-27,Google Play,Customer Review,https://play.google.com/store/apps/details?id=com.flyairpeace.app.airpeace&hl=en&gl=ng
59aebf0c-a7ae-476e-85ee-7cb643589805,Air Peace,GREAT,5,2024-06-25,Google Play,Customer Review,https://play.google.com/store/apps/details?id=com.flyairpeace.app.airpeace&hl=en&gl=ng
ba71c34f-5d74-4b16-b4a5-7ab30a1617fd,Air Peace,Easy to use and efficient.,5,2024-06-12,Google Play,Customer Review,https://play.google.com/store/apps/details?id=com.flyairpeace.app.airpeace&hl=en&gl=ng
52d8c3fa-b3dc-48c1-a534-3d307ae86d55,Air Peace,"Excellent service 👏 Thank you, Mr Onyema for helping Nigerians.",5,2024-06-08,Google Play,Customer Review,https://play.google.com/store/apps/details?id=com.flyairpeace.app.airpeace&hl=en&gl=ng
dc81c126-0635-4a5c-9c05-6d94af1c299a,Air Peace,"Great app Please can you add the currency option again. I want to use my naira card while abroad, but it's not possible.",5,2024-06-08,Google Play,Customer Review,https://play.google.com/store/apps/details?id=com.flyairpeace.app.airpeace&hl=en&gl=ng
86b7874f-b349-4b23-bd25-2298524cb9dd,Air Peace,"Great from Africa, airpeace is setting the standard in Nigeria and Africa. This app is as good as the very best out there. Thanks, airpeace. Keep it up.",5,2024-06-08,Google Play,Customer Review,https://play.google.com/store/apps/details?id=com.flyairpeace.app.airpeace&hl=en&gl=ng
626356c2-92ca-4aee-89a3-47fe07ad11e7,Air Peace,"Airpeace needs to work on the app, the year option for year of birth ends at 2012? I was unable to fill my kids' date of birth. I couldn't fill 2016 and 2018.",2,2024-06-06,Google Play,Customer Review,https://play.google.com/store/apps/details?id=com.flyairpeace.app.airpeace&hl=en&gl=ng
d8666244-8db9-4aa6-825d-1d86d6ed778e,Air Peace,Easy to book flight ✈️ and easy navigation,4,2024-06-06,Google Play,Customer Review,https://play.google.com/store/apps/details?id=com.flyairpeace.app.airpeace&hl=en&gl=ng
27a2a185-8428-446c-a124-32d828760c2c,Air Peace,"Easy to use app but at tines it lags and doesn't load, so had to go to website anyway. Not a bad app but uninstall ingleby as the flight back was terrible so will never be flying air peace again",3,2024-06-05,Google Play,Customer Review,https://play.google.com/store/apps/details?id=com.flyairpeace.app.airpeace&hl=en&gl=ng
2636937b-8583-47e5-8282-2f53e1c6df0e,Air Peace,"This is the worst airline in Nigeria despite claiming to have lots of new plane by their CEO. Shame on you. I will start calling all those i convinced to fly Air peace from London to Nigeria not to use this airline. My flight P47191, from Port Harcourt to Abuja for 31-05-24, was delayed from 8:35am to 19:20pm to 21:50pm. The reason given is for unscheduled maintenance. Yet still took off late. I missed all my appointments for the day and lost a lot of potential customers. I will not use again.",1,2024-06-02,Google Play,Customer Review,https://play.google.com/store/apps/details?id=com.flyairpeace.app.airpeace&hl=en&gl=ng
9c6140e6-1968-46d8-ba47-b8ac66b1ec10,Air Peace,Air peace showed me shege they cancelled my flight from lagos to kaduna and rescheduled for 3 days later I had to reroute on two different occasions.... never again please i rate them 0/10.....,1,2024-06-01,Google Play,Customer Review,https://play.google.com/store/apps/details?id=com.flyairpeace.app.airpeace&hl=en&gl=ng
1a81dad1-bea0-41e1-bfba-f5abe6e9c1df,Air Peace,very nice,5,2024-05-30,Google Play,Customer Review,https://play.google.com/store/apps/details?id=com.flyairpeace.app.airpeace&hl=en&gl=ng
1378664c-0d6b-4f16-bafc-dba351dfa0b7,Air Peace,"Firstly, after downloading the airpeace app, it shows options of paying in naira or pound, but after some time, it changed to pounds, and I want to pay in naira. I have written to their customer support team, but no response.",3,2024-05-24,Google Play,Customer Review,https://play.google.com/store/apps/details?id=com.flyairpeace.app.airpeace&hl=en&gl=ng
96460ead-1160-49b5-ab79-83597ef8c1bf,Air Peace,"What's this USD thing, why not Naira",3,2024-05-18,Google Play,Customer Review,https://play.google.com/store/apps/details?id=com.flyairpeace.app.airpeace&hl=en&gl=ng
53e53a49-832a-41d6-81f4-92f935f681ee,Air Peace,Excellent,5,2024-05-16,Google Play,Customer Review,https://play.google.com/store/apps/details?id=com.flyairpeace.app.airpeace&hl=en&gl=ng
ef7595ce-42bb-4907-bcfb-93968e8d2141,Air Peace,Pleasant memories,5,2024-05-14,Google Play,Customer Review,https://play.google.com/store/apps/details?id=com.flyairpeace.app.airpeace&hl=en&gl=ng
d3288fd8-660d-478c-a5ec-f33ad6db5077,Air Peace,Good,5,2024-05-12,Google Play,Customer Review,https://play.google.com/store/apps/details?id=com.flyairpeace.app.airpeace&hl=en&gl=ng
c1145dc1-fdb7-433e-aeba-9265cd4af216,Air Peace,Very helpful,5,2024-05-08,Google Play,Customer Review,https://play.google.com/store/apps/details?id=com.flyairpeace.app.airpeace&hl=en&gl=ng
336ec459-f8e6-4ecc-8f92-ffd51e14750e,Air Peace,am impressed,5,2024-05-06,Google Play,Customer Review,https://play.google.com/store/apps/details?id=com.flyairpeace.app.airpeace&hl=en&gl=ng
3877e9e7-2274-421a-8084-939cc0d200bc,Air Peace,Awesome,5,2024-05-03,Google Play,Customer Review,https://play.google.com/store/apps/details?id=com.flyairpeace.app.airpeace&hl=en&gl=ng
278e45a0-e92b-45c0-84ef-d513b0819e49,Air Peace,Excellent,5,2024-05-02,Google Play,Customer Review,https://play.google.com/store/apps/details?id=com.flyairpeace.app.airpeace&hl=en&gl=ng
b6e51845-71aa-4794-94d1-0ef794f9aeaa,Air Peace,"Add the option of NGN, we should not be limited to USD only",1,2024-04-30,Google Play,Customer Review,https://play.google.com/store/apps/details?id=com.flyairpeace.app.airpeace&hl=en&gl=ng
89258e71-e672-4eb9-9ff7-0967ab584456,Air Peace,Am Clifford C okoye,1,2024-04-27,Google Play,Customer Review,https://play.google.com/store/apps/details?id=com.flyairpeace.app.airpeace&hl=en&gl=ng
f288442b-f9a6-43be-9cf4-ecda9a09f211,Air Peace,Excellent User Interface. The dialogue box was designed strictly with the user in mind.,5,2024-04-26,Google Play,Customer Review,https://play.google.com/store/apps/details?id=com.flyairpeace.app.airpeace&hl=en&gl=ng
403e1d25-f20f-4c76-b409-b3979e91e668,Air Peace,Satisfactory,5,2024-04-26,Google Play,Customer Review,https://play.google.com/store/apps/details?id=com.flyairpeace.app.airpeace&hl=en&gl=ng
d0e3b737-25ed-4b8c-afe6-4f70cf96023e,Air Peace,"I had an amazing experience with Air Peace ✌️. The staff were very friendly helpful and polite. I loved that they served well cooked nigerian food. I think they should make the snacks nigerian too, like puff puff, sausage rolls, etc . There are many nigerian caterers in London that would be happy to assist with this.",5,2024-04-25,Google Play,Customer Review,https://play.google.com/store/apps/details?id=com.flyairpeace.app.airpeace&hl=en&gl=ng
94115647-aad7-4753-8ef4-d67925b68485,Air Peace,"Air peace is one of the best airline, very comfortable the staff always laughing very very friendly wow I wish to be traveling with air peace everyday air peace always the best",5,2024-04-23,Google Play,Customer Review,https://play.google.com/store/apps/details?id=com.flyairpeace.app.airpeace&hl=en&gl=ng
3c028502-d2f3-43f3-b3eb-11cf3cffb747,Air Peace,Best experience..,5,2024-04-23,Google Play,Customer Review,https://play.google.com/store/apps/details?id=com.flyairpeace.app.airpeace&hl=en&gl=ng
e8039ef5-af38-48a7-a665-4339a3239ca7,Air Peace,Very nice and reliable,5,2024-04-22,Google Play,Customer Review,https://play.google.com/store/apps/details?id=com.flyairpeace.app.airpeace&hl=en&gl=ng
4e012d3b-44ea-4a13-945f-cf42c133e470,Air Peace,Best,5,2024-04-22,Google Play,Customer Review,https://play.google.com/store/apps/details?id=com.flyairpeace.app.airpeace&hl=en&gl=ng
8bc35b65-d8c1-48b4-8580-68c48985e51e,Air Peace,Unable to check in,2,2024-04-19,Google Play,Customer Review,https://play.google.com/store/apps/details?id=com.flyairpeace.app.airpeace&hl=en&gl=ng
a60dc23e-1941-475c-bc34-c27ce416f66d,Air Peace,"Good app UI. Pls kindly put an option for the currency to be displayed in USD/Naira on the app. I'm am trying to book and pay in Naira from Abroad, but I only have the USD price option displayed. And I do not want to use a foreign card. But rather my Naira card where the money is. Pls do something about this so one is not limited to USD payments only when abroad. Thank you.",4,2024-04-19,Google Play,Customer Review,https://play.google.com/store/apps/details?id=com.flyairpeace.app.airpeace&hl=en&gl=ng
58e48c45-dbc1-4040-84ad-0a4d54c9b3c8,Air Peace,"Big brother , thank you for making us proud , also given us the possibility to fly directly to our father land ♡♡♡",5,2024-04-19,Google Play,Customer Review,https://play.google.com/store/apps/details?id=com.flyairpeace.app.airpeace&hl=en&gl=ng
ac0665a9-948d-4f0a-8d53-847c505894e8,Air Peace,The flight to use in nigeria,5,2024-04-18,Google Play,Customer Review,https://play.google.com/store/apps/details?id=com.flyairpeace.app.airpeace&hl=en&gl=ng
000b6db0-8d87-4013-8477-ada820d44e79,Air Peace,Very useful,5,2024-04-17,Google Play,Customer Review,https://play.google.com/store/apps/details?id=com.flyairpeace.app.airpeace&hl=en&gl=ng
2f470f5c-0678-4eac-8ba8-d8b447910065,Air Peace,Excellent 👍🏾,5,2024-04-17,Google Play,Customer Review,https://play.google.com/store/apps/details?id=com.flyairpeace.app.airpeace&hl=en&gl=ng
94e0d91a-a5b9-456f-904a-c797178da161,Air Peace,Good and very very excellent aps,5,2024-04-15,Google Play,Customer Review,https://play.google.com/store/apps/details?id=com.flyairpeace.app.airpeace&hl=en&gl=ng
8b1cc55c-49fc-4ee4-8108-420ec65e08ad,Air Peace,Excellent app,5,2024-04-13,Google Play,Customer Review,https://play.google.com/store/apps/details?id=com.flyairpeace.app.airpeace&hl=en&gl=ng
2bc2f031-a6da-41c5-8c06-db3b5a02b61e,Air Peace,Best ever,5,2024-04-12,Google Play,Customer Review,https://play.google.com/store/apps/details?id=com.flyairpeace.app.airpeace&hl=en&gl=ng
24ef6095-1fec-4074-8cf9-293ad0d62f18,Air Peace,"Continue to grow, we Nigerians are supporting you fully.. thanks CEC",5,2024-04-12,Google Play,Customer Review,https://play.google.com/store/apps/details?id=com.flyairpeace.app.airpeace&hl=en&gl=ng
aef3a714-57c6-4e11-94eb-fd7adb786821,Air Peace,More grease to your elbow 💪,5,2024-04-11,Google Play,Customer Review,https://play.google.com/store/apps/details?id=com.flyairpeace.app.airpeace&hl=en&gl=ng
d99f8209-6574-48e1-aec3-a2f1e163fee0,Air Peace,Very affordable and classy of its own,5,2024-04-10,Google Play,Customer Review,https://play.google.com/store/apps/details?id=com.flyairpeace.app.airpeace&hl=en&gl=ng
84830331-177c-4be2-a41f-b38d91e5c541,Air Peace,"Nice reception, nice meal,staff friendly. Will recommend to anyone across the globe.",5,2024-04-10,Google Play,Customer Review,https://play.google.com/store/apps/details?id=com.flyairpeace.app.airpeace&hl=en&gl=ng
c01fedb4-31c0-4849-8fa8-ddb200d56c3f,Air Peace,"World 🌎 best airline. Safety and perfect hospitality. Your Safety is air peace most priority. I highly recommend Air peace for everyone, they depart on scheduled time and arrive before or exact time.",5,2024-04-10,Google Play,Customer Review,https://play.google.com/store/apps/details?id=com.flyairpeace.app.airpeace&hl=en&gl=ng
6cd55b9e-3593-48da-8ea6-8755c2f706c3,Air Peace,Nice and Easy to operate,5,2024-04-08,Google Play,Customer Review,https://play.google.com/store/apps/details?id=com.flyairpeace.app.airpeace&hl=en&gl=ng
91ec9db6-a905-495f-8313-0979382761d7,Air Peace,Very good app,5,2024-04-05,Google Play,Customer Review,https://play.google.com/store/apps/details?id=com.flyairpeace.app.airpeace&hl=en&gl=ng
23b76f3a-4d06-4729-9612-0764c01ccffd,Air Peace,Excellent,5,2024-04-03,Google Play,Customer Review,https://play.google.com/store/apps/details?id=com.flyairpeace.app.airpeace&hl=en&gl=ng
8d67af79-36f5-420b-a272-be408e43f707,Air Peace,Well reliable very cheap tickets,5,2024-04-03,Google Play,Customer Review,https://play.google.com/store/apps/details?id=com.flyairpeace.app.airpeace&hl=en&gl=ng
bf8a1676-e2f8-46c5-a2d1-aa032e039433,Air Peace,Excellent job...keep up the good work.,5,2024-04-02,Google Play,Customer Review,https://play.google.com/store/apps/details?id=com.flyairpeace.app.airpeace&hl=en&gl=ng
0b6c1ba6-9d89-4ea8-b9a0-c5ef0199ff4d,Air Peace,Straight forward app. I await updates on how/when to obtain/acumulate Mileage with Peacey!,5,2024-04-02,Google Play,Customer Review,https://play.google.com/store/apps/details?id=com.flyairpeace.app.airpeace&hl=en&gl=ng
6b66f537-e81f-408e-995c-478c674fa37f,Air Peace,Excellent with excellent service.,5,2024-04-02,Google Play,Customer Review,https://play.google.com/store/apps/details?id=com.flyairpeace.app.airpeace&hl=en&gl=ng
bb44abf9-e0f9-4d09-a81f-27e94d10fe0c,Air Peace,Great App,5,2024-04-02,Google Play,Customer Review,https://play.google.com/store/apps/details?id=com.flyairpeace.app.airpeace&hl=en&gl=ng
15706ea3-9052-4f69-893f-4d76eba8f902,Air Peace,I r orrrde de eooeeee d e,2,2024-03-31,Google Play,Customer Review,https://play.google.com/store/apps/details?id=com.flyairpeace.app.airpeace&hl=en&gl=ng
78876002-515b-4b0d-a412-6ba522eafce5,Air Peace,"We are always proud to be part of the journey of this App, myself and my wife travel all over Nigeria with the help of this App and it never fails us.",5,2024-03-22,Google Play,Customer Review,https://play.google.com/store/apps/details?id=com.flyairpeace.app.airpeace&hl=en&gl=ng
e55b73c4-0818-4b95-afcd-59681128fed9,Air Peace,AIR PEACE has no regards for you as a customer. They postponed my flight without notifying me. It is not an airline you should consider if you have a schedule to keep. Pathethic!! A 6pm flight was postponed to 8pm without any explanation whatsoever.,1,2024-03-22,Google Play,Customer Review,https://play.google.com/store/apps/details?id=com.flyairpeace.app.airpeace&hl=en&gl=ng
88f79f55-21fd-4fe4-a700-b04ffc92367b,Air Peace,Very nice to be on Air Peace always professional. Good flight,4,2024-03-18,Google Play,Customer Review,https://play.google.com/store/apps/details?id=com.flyairpeace.app.airpeace&hl=en&gl=ng
534b5af2-f696-4cd3-b61f-44c530403ff3,Air Peace,no poopkkmm8 in chi I'm,4,2024-03-16,Google Play,Customer Review,https://play.google.com/store/apps/details?id=com.flyairpeace.app.airpeace&hl=en&gl=ng
a55263d1-dc01-48a8-859f-b8cc1611cf64,Air Peace,"It's a good news to start with, and easy to use mobile app.",5,2024-03-01,Google Play,Customer Review,https://play.google.com/store/apps/details?id=com.flyairpeace.app.airpeace&hl=en&gl=ng
9ab03381-2bd8-4f2c-9ec8-4adb6cdff58a,Air Peace,"Airpeace currier is the best Air flight so far in Nigeria... though i made a mistake while booking my flights tickets for the first time, because I didn't found (surname) in the app while booking:, but immediately I complete the booking process, the surname option pop up! and behold it was my second name that appears there... I guess they will be no issue while checking in...",4,2024-02-26,Google Play,Customer Review,https://play.google.com/store/apps/details?id=com.flyairpeace.app.airpeace&hl=en&gl=ng
ec6732bc-ef4a-46dd-81fe-a9a2330a6536,Air Peace,Good,5,2024-02-25,Google Play,Customer Review,https://play.google.com/store/apps/details?id=com.flyairpeace.app.airpeace&hl=en&gl=ng
92792df4-887e-4742-8d7c-6a6bdd5e733e,Air Peace,Is ok,5,2024-02-23,Google Play,Customer Review,https://play.google.com/store/apps/details?id=com.flyairpeace.app.airpeace&hl=en&gl=ng
66634826-d5f8-40ce-a5d3-6bf5afb92a36,Air Peace,I was at the Airport for 10hours. Abuja- Lagos finally took off at 4:30Am,2,2024-02-20,Google Play,Customer Review,https://play.google.com/store/apps/details?id=com.flyairpeace.app.airpeace&hl=en&gl=ng
1eb8bd0c-6a4c-4db1-80ec-a2ad2bb2fd23,Air Peace,Excellent,5,2024-02-16,Google Play,Customer Review,https://play.google.com/store/apps/details?id=com.flyairpeace.app.airpeace&hl=en&gl=ng
58cbd012-90b4-412d-92f0-d0e1e8853d9b,Air Peace,:⁠-⁠!,5,2024-02-11,Google Play,Customer Review,https://play.google.com/store/apps/details?id=com.flyairpeace.app.airpeace&hl=en&gl=ng
5f16f27e-ccd1-43e9-9d4e-f3494f415f54,Air Peace,This app is Dead app I swear,1,2024-02-11,Google Play,Customer Review,https://play.google.com/store/apps/details?id=com.flyairpeace.app.airpeace&hl=en&gl=ng
d3d344eb-815f-4be9-b24b-af0b68657fcb,Air Peace,Your app is saying server error for a while now,1,2024-02-09,Google Play,Customer Review,https://play.google.com/store/apps/details?id=com.flyairpeace.app.airpeace&hl=en&gl=ng
801d2ab8-6505-47fa-a10b-f2ec7d1b808b,Air Peace,Very nice but occasional frustration,4,2024-02-09,Google Play,Customer Review,https://play.google.com/store/apps/details?id=com.flyairpeace.app.airpeace&hl=en&gl=ng
70141644-9927-49dd-8e01-82277c4574dc,Air Peace,"Why is your App always giving me error messages. Trying to book via the app and I keep getting ""An error occurred, something went wrong"". Please work on your App",1,2024-02-08,Google Play,Customer Review,https://play.google.com/store/apps/details?id=com.flyairpeace.app.airpeace&hl=en&gl=ng
8302c9a3-6e89-42b6-a6ae-ccfffb99ec60,Air Peace,Easy and functional,5,2024-02-04,Google Play,Customer Review,https://play.google.com/store/apps/details?id=com.flyairpeace.app.airpeace&hl=en&gl=ng
3db90698-c439-4a88-b2f9-fc2d81866619,Air Peace,"It's heartbroken 💔 that I booked a flight from Abuja to Asaba as early as 5 days before the date and first class/business. 10 hours to flight departure, I received a reminder from Air Peace to get ready for my trip. 5 minutes later, I received another notice from Air Peace ripping me off my business class level to economic class. I paid 200k for business, and they downgraded me to an economic class that was 85k. Without any consideration of my reasons. They didn't even refund the excess. Thief!",1,2024-02-01,Google Play,Customer Review,https://play.google.com/store/apps/details?id=com.flyairpeace.app.airpeace&hl=en&gl=ng
15059ff1-5dfa-4dfc-88a4-9d052cb32f46,Air Peace,Highly seamless!,3,2024-01-23,Google Play,Customer Review,https://play.google.com/store/apps/details?id=com.flyairpeace.app.airpeace&hl=en&gl=ng
aa094d2f-55de-42b2-aad2-6e7b34a2158c,Air Peace,Incredible time consciousness and indeed peace-on-air. Highly recommended for peace and safety.,5,2024-01-21,Google Play,Customer Review,https://play.google.com/store/apps/details?id=com.flyairpeace.app.airpeace&hl=en&gl=ng
38cb2fd2-7a44-40f6-beee-852d44970eba,Air Peace,Fraudulent Airline. They cancelled my flight since last year and has refused to refund me 😭,1,2024-01-16,Google Play,Customer Review,https://play.google.com/store/apps/details?id=com.flyairpeace.app.airpeace&hl=en&gl=ng
656f4532-79f4-470b-b09f-92cfa2dafd8e,Air Peace,Good,5,2024-01-15,Google Play,Customer Review,https://play.google.com/store/apps/details?id=com.flyairpeace.app.airpeace&hl=en&gl=ng
eebfd165-30d0-445d-8e96-6ee1017cf110,Air Peace,I like it,5,2024-01-06,Google Play,Customer Review,https://play.google.com/store/apps/details?id=com.flyairpeace.app.airpeace&hl=en&gl=ng
b3435767-0a64-4e45-a46f-f457c16e7869,Air Peace,I enjoy every bit of ur service,5,2024-01-01,Google Play,Customer Review,https://play.google.com/store/apps/details?id=com.flyairpeace.app.airpeace&hl=en&gl=ng
63e5dd62-1f76-47c2-85bd-06d51a86f8ec,Air Peace,"Air peace has lost their glory. Flight delays, poor aircraft is their 2nd name. Too bad. No diplomacy, no excuses, arrogant staff. Can't fly you anymore",1,2023-12-30,Google Play,Customer Review,https://play.google.com/store/apps/details?id=com.flyairpeace.app.airpeace&hl=en&gl=ng
7c75e7de-c0d4-4b0b-8907-14cfdc57eda6,Air Peace,"Airpeace is one of the most frude airline have have seen, I booked and pay for a flight from Lagos to Kano morning flight, and I was sent an mail that my flight has been rescheduled to evening and for me to get there I was and took that I have miss my flight that my flight is morning that the mail was mistake, I have to pay the sun of #80,100. Am go to escalate this on the tweeter",1,2023-12-30,Google Play,Customer Review,https://play.google.com/store/apps/details?id=com.flyairpeace.app.airpeace&hl=en&gl=ng
fcba914d-9c79-4ce0-be61-c0173ddf8253,Air Peace,Beautifully beautiful,5,2023-12-30,Google Play,Customer Review,https://play.google.com/store/apps/details?id=com.flyairpeace.app.airpeace&hl=en&gl=ng
f6c1c753-1a93-496d-b8e7-1bb124384f29,Air Peace,Cool,5,2023-12-24,Google Play,Customer Review,https://play.google.com/store/apps/details?id=com.flyairpeace.app.airpeace&hl=en&gl=ng
b724a586-3e18-4f89-8932-1e57fa9e34f7,Air Peace,Doing a great job.Still one of the best.,5,2023-12-23,Google Play,Customer Review,https://play.google.com/store/apps/details?id=com.flyairpeace.app.airpeace&hl=en&gl=ng
6b886772-a897-4d2a-a228-93edc430a23f,Air Peace,"It won't allow me to add myself as a recipient. I've tried many times but I keep getting errors saying ""availability id hash value not equal""",2,2023-12-18,Google Play,Customer Review,https://play.google.com/store/apps/details?id=com.flyairpeace.app.airpeace&hl=en&gl=ng
3ec1e923-68d2-4f2f-9222-088e3189d8a3,Air Peace,The best in Nigeria,4,2023-12-10,Google Play,Customer Review,https://play.google.com/store/apps/details?id=com.flyairpeace.app.airpeace&hl=en&gl=ng
502a6f05-df97-4ab1-965d-76a4c994b798,Air Peace,Good,5,2023-12-08,Google Play,Customer Review,https://play.google.com/store/apps/details?id=com.flyairpeace.app.airpeace&hl=en&gl=ng
0e06d8d7-b59b-4c82-a513-8ed5a65f6c6f,Air Peace,Smooth..I hope payment goes thr same too,4,2023-12-06,Google Play,Customer Review,https://play.google.com/store/apps/details?id=com.flyairpeace.app.airpeace&hl=en&gl=ng
68ea5f5b-4477-44a0-b6cd-2b5067b485a3,Air Peace,best of the best air line,5,2023-12-04,Google Play,Customer Review,https://play.google.com/store/apps/details?id=com.flyairpeace.app.airpeace&hl=en&gl=ng
b1892abb-7c2f-41ea-8c81-0309cf336ef2,Air Peace,Nice,5,2023-12-04,Google Play,Customer Review,https://play.google.com/store/apps/details?id=com.flyairpeace.app.airpeace&hl=en&gl=ng
69e63040-5e4c-4931-9997-278f97a4dd01,Air Peace,Very nice,4,2023-11-29,Google Play,Customer Review,https://play.google.com/store/apps/details?id=com.flyairpeace.app.airpeace&hl=en&gl=ng
1213d141-508f-45e9-ad69-154c97b66ece,Air Peace,Good,4,2023-11-28,Google Play,Customer Review,https://play.google.com/store/apps/details?id=com.flyairpeace.app.airpeace&hl=en&gl=ng
97e59d33-2872-4a17-a01b-c786cb29b585,Air Peace,membership login is not available,2,2023-11-26,Google Play,Customer Review,https://play.google.com/store/apps/details?id=com.flyairpeace.app.airpeace&hl=en&gl=ng
227c42bf-2186-47a1-9627-74d3f8f92e92,Air Peace,PEACEFUL,5,2023-11-25,Google Play,Customer Review,https://play.google.com/store/apps/details?id=com.flyairpeace.app.airpeace&hl=en&gl=ng
8b7f5be7-ff44-4b13-a50d-9b8e475962dc,Air Peace,"Very efficient both national, Region and international. The client is really king. Responding to customer's enquiry especially via email and worries is very superb and prompt.",5,2023-11-16,Google Play,Customer Review,https://play.google.com/store/apps/details?id=com.flyairpeace.app.airpeace&hl=en&gl=ng
f22c061d-8665-444b-be3f-c3797b7cc413,Air Peace,Best domestic flight experience.,5,2023-11-12,Google Play,Customer Review,https://play.google.com/store/apps/details?id=com.flyairpeace.app.airpeace&hl=en&gl=ng
048e68fc-753e-43f5-9fff-92df8b936a89,Air Peace,"The App has a good interface, but there is no feature on the App for member login. It there is, I might be in need of guidance on that. Great work",4,2023-11-08,Google Play,Customer Review,https://play.google.com/store/apps/details?id=com.flyairpeace.app.airpeace&hl=en&gl=ng
41572801-f716-420e-884b-033872095d22,Air Peace,I don't know what happened I can't use the app to book my flight like before. I uninstalled and install back still is not working.,3,2023-10-26,Google Play,Customer Review,https://play.google.com/store/apps/details?id=com.flyairpeace.app.airpeace&hl=en&gl=ng
bfaf1c98-01a1-4f71-8d20-bbd3635b77fb,Air Peace,Air peace airline is one of the best domestic airline in Nigeria. Majority of Nigerians choose to fly air peace ✌.,5,2023-10-24,Google Play,Customer Review,https://play.google.com/store/apps/details?id=com.flyairpeace.app.airpeace&hl=en&gl=ng
622ee2f4-1978-4078-b65a-6fef993b817a,Air Peace,X.,5,2023-10-23,Google Play,Customer Review,https://play.google.com/store/apps/details?id=com.flyairpeace.app.airpeace&hl=en&gl=ng
32775326-4f9c-4bd5-b2d1-c5651de37a91,Air Peace,Excellent flight company,5,2023-10-22,Google Play,Customer Review,https://play.google.com/store/apps/details?id=com.flyairpeace.app.airpeace&hl=en&gl=ng
141ca2f8-d45c-4698-b236-2ffcf2f5cd91,Air Peace,Very pleasant,5,2023-10-18,Google Play,Customer Review,https://play.google.com/store/apps/details?id=com.flyairpeace.app.airpeace&hl=en&gl=ng
26b05806-56f0-4cb6-8e2f-9be54240d1b6,Air Peace,"The experience will be great, even from the booking process you will feel satisfied",5,2023-10-12,Google Play,Customer Review,https://play.google.com/store/apps/details?id=com.flyairpeace.app.airpeace&hl=en&gl=ng
9cc160b4-3d1b-4acf-afdc-e984516237c4,Air Peace,Pls whats going on i have trying to book a flight it keep saying unable to connet to server pls try a d solve this,1,2023-10-11,Google Play,Customer Review,https://play.google.com/store/apps/details?id=com.flyairpeace.app.airpeace&hl=en&gl=ng
2fc138f7-a66a-40e2-9dfc-c9fcc4ba1171,Air Peace,❤️❤️❤️❤️♥️♥️♥️♥️,5,2023-10-08,Google Play,Customer Review,https://play.google.com/store/apps/details?id=com.flyairpeace.app.airpeace&hl=en&gl=ng
ee4333b9-99db-4fdc-845b-268e1ff779c1,Air Peace,My air line .,5,2023-09-27,Google Play,Customer Review,https://play.google.com/store/apps/details?id=com.flyairpeace.app.airpeace&hl=en&gl=ng
5b30a80d-bae4-4ce0-bef9-87f13e2b8cb7,Air Peace,Nunnnnnnnc,4,2023-09-23,Google Play,Customer Review,https://play.google.com/store/apps/details?id=com.flyairpeace.app.airpeace&hl=en&gl=ng
ecf16d05-2e7c-498e-b348-a5f4cf014988,Air Peace,Comfortability,4,2023-09-14,Google Play,Customer Review,https://play.google.com/store/apps/details?id=com.flyairpeace.app.airpeace&hl=en&gl=ng
e323f039-6977-4a75-8021-3b4b1795ea98,Air Peace,Easy and immediate response. Fast and furious.,5,2023-09-13,Google Play,Customer Review,https://play.google.com/store/apps/details?id=com.flyairpeace.app.airpeace&hl=en&gl=ng
2d56644d-14e1-4c93-87fe-46684319e907,Air Peace,Very reliable and comportable,5,2023-09-06,Google Play,Customer Review,https://play.google.com/store/apps/details?id=com.flyairpeace.app.airpeace&hl=en&gl=ng
05195106-e81c-4b53-8778-bac414f32d43,Air Peace,Why does the app not have log in functionality?,3,2023-09-05,Google Play,Customer Review,https://play.google.com/store/apps/details?id=com.flyairpeace.app.airpeace&hl=en&gl=ng
cd7ef2d9-5e89-4245-abb4-1e85897ad028,Air Peace,Always delaying,1,2023-08-31,Google Play,Customer Review,https://play.google.com/store/apps/details?id=com.flyairpeace.app.airpeace&hl=en&gl=ng
a222582d-92b0-4b39-ba1a-4115ab7dd520,Air Peace,Good,4,2023-08-25,Google Play,Customer Review,https://play.google.com/store/apps/details?id=com.flyairpeace.app.airpeace&hl=en&gl=ng
8aee0229-4e9f-4f84-bc4f-9ca2025b091c,Air Peace,Always pleasant,5,2023-08-24,Google Play,Customer Review,https://play.google.com/store/apps/details?id=com.flyairpeace.app.airpeace&hl=en&gl=ng
a29167d5-8b79-4a21-adab-e40d7c59f6b2,Air Peace,"Never use their online payment option. They collaborate with Flutterwave to rip people off and never give the money back. If you must fly with them pay on counter. I am a victim of their fraud, they don't have a functional phone line and they stopped replying my emails",1,2023-08-18,Google Play,Customer Review,https://play.google.com/store/apps/details?id=com.flyairpeace.app.airpeace&hl=en&gl=ng
ee7799a2-d0ff-4b60-9d84-9aa89dc7808f,Air Peace,"Very good, but can someone who has bought a ticket see it on the app? Please include it, it's important.",3,2023-08-13,Google Play,Customer Review,https://play.google.com/store/apps/details?id=com.flyairpeace.app.airpeace&hl=en&gl=ng
1f87343e-abf3-4096-9d3f-ab424122ff4d,Air Peace,Poorly managed,1,2023-08-08,Google Play,Customer Review,https://play.google.com/store/apps/details?id=com.flyairpeace.app.airpeace&hl=en&gl=ng
fc977106-fc4d-46ad-9bff-82bfa550aea3,Air Peace,It's cool,5,2023-08-06,Google Play,Customer Review,https://play.google.com/store/apps/details?id=com.flyairpeace.app.airpeace&hl=en&gl=ng
5e7d2d55-12ba-4ec8-8777-de6e5e33fa3d,Air Peace,"My experience was wonderful.You guy are great,the app was easy to use you installed every thing need",5,2023-08-05,Google Play,Customer Review,https://play.google.com/store/apps/details?id=com.flyairpeace.app.airpeace&hl=en&gl=ng
ea16e1e2-f1c7-4a42-89df-6b9d255464d2,Air Peace,Excellent,5,2023-08-05,Google Play,Customer Review,https://play.google.com/store/apps/details?id=com.flyairpeace.app.airpeace&hl=en&gl=ng
662c25f6-22aa-487b-8e5a-9da54d186b00,Air Peace,Best among the rest,5,2023-07-23,Google Play,Customer Review,https://play.google.com/store/apps/details?id=com.flyairpeace.app.airpeace&hl=en&gl=ng
80121ae9-37ad-4d3f-9ab3-d304fcf80518,Air Peace,"This app is so bad, frustrating as well. Thank you for the bad day",1,2023-07-15,Google Play,Customer Review,https://play.google.com/store/apps/details?id=com.flyairpeace.app.airpeace&hl=en&gl=ng
7f527ede-b70f-4535-8599-76883aeefb59,Air Peace,Thank God I aborted my booking process on time after reading other people's experience here. I cant afford to put myself through such stress without any responsive customer care agents.,1,2023-07-13,Google Play,Customer Review,https://play.google.com/store/apps/details?id=com.flyairpeace.app.airpeace&hl=en&gl=ng
56f56944-be8e-4ef2-8983-133238ac25ef,Air Peace,"App keeps showing error, please you guys should fix it or i change to another airline",1,2023-07-07,Google Play,Customer Review,https://play.google.com/store/apps/details?id=com.flyairpeace.app.airpeace&hl=en&gl=ng
c4214fe7-4274-4244-a2a9-ebb380b56c26,Air Peace,Excellent apps,5,2023-07-05,Google Play,Customer Review,https://play.google.com/store/apps/details?id=com.flyairpeace.app.airpeace&hl=en&gl=ng
0c4b4248-38af-4fc5-9334-41b117776e3e,Air Peace,Good,5,2023-06-30,Google Play,Customer Review,https://play.google.com/store/apps/details?id=com.flyairpeace.app.airpeace&hl=en&gl=ng
88ef040a-fa5c-4db1-acc9-67bf0e0f3bcc,Air Peace,Nice app great job,5,2023-06-28,Google Play,Customer Review,https://play.google.com/store/apps/details?id=com.flyairpeace.app.airpeace&hl=en&gl=ng
a09331ef-88a6-4910-be52-320161710f68,Air Peace,O ok ouku,5,2023-06-15,Google Play,Customer Review,https://play.google.com/store/apps/details?id=com.flyairpeace.app.airpeace&hl=en&gl=ng
d3aaf5c7-81d2-4590-85a6-581d8afd035d,Air Peace,The App is great easy access to get tickets personally and with ease.,4,2023-06-15,Google Play,Customer Review,https://play.google.com/store/apps/details?id=com.flyairpeace.app.airpeace&hl=en&gl=ng
d1173db1-1dab-4669-8624-824c8d1c23ef,Air Peace,Exceptional,5,2023-06-14,Google Play,Customer Review,https://play.google.com/store/apps/details?id=com.flyairpeace.app.airpeace&hl=en&gl=ng
29024765-4db6-4b4c-bfbc-a31ae54b0bbc,Air Peace,"Is it that you guys don't know that your app is not working or what? If you can't fix it, uninstall it. I will start booking from other airline if you can't fix it.",2,2023-06-10,Google Play,Customer Review,https://play.google.com/store/apps/details?id=com.flyairpeace.app.airpeace&hl=en&gl=ng
fba38044-6757-47e5-861d-aaea0fc97e73,Air Peace,Very smooth flight from Accra to lagos,5,2023-06-10,Google Play,Customer Review,https://play.google.com/store/apps/details?id=com.flyairpeace.app.airpeace&hl=en&gl=ng
65cc375e-17ab-49d0-a318-c8af907ed17b,Air Peace,😗🤣🤣😅🤣🤣🤣🤣🙊🤣3 e,2,2023-06-01,Google Play,Customer Review,https://play.google.com/store/apps/details?id=com.flyairpeace.app.airpeace&hl=en&gl=ng
a243809c-4362-4eab-ba07-d4c3df769b3d,Air Peace,Ol Llkipp,1,2023-05-31,Google Play,Customer Review,https://play.google.com/store/apps/details?id=com.flyairpeace.app.airpeace&hl=en&gl=ng
e39191a4-df74-4459-ab2c-d70bec636553,Air Peace,Excellent,5,2023-05-31,Google Play,Customer Review,https://play.google.com/store/apps/details?id=com.flyairpeace.app.airpeace&hl=en&gl=ng
f3a83065-9cf8-4465-9949-9a13989e1c9f,Air Peace,"I have not try this, but not when I do... I will be disappointed,many people have complain about your company.. please don't lose your costoma",1,2023-05-29,Google Play,Customer Review,https://play.google.com/store/apps/details?id=com.flyairpeace.app.airpeace&hl=en&gl=ng
bbf67a63-2d67-4594-9312-9a1889853d5b,Air Peace,Happy,5,2023-05-28,Google Play,Customer Review,https://play.google.com/store/apps/details?id=com.flyairpeace.app.airpeace&hl=en&gl=ng
e3f7d725-3f0a-4d27-851a-29f6756bb2b1,Air Peace,Your app isn't accessible. I can't book for a trip. Fix it!,1,2023-05-26,Google Play,Customer Review,https://play.google.com/store/apps/details?id=com.flyairpeace.app.airpeace&hl=en&gl=ng
3fd32545-64f5-43a8-8865-a8d12710cb56,Air Peace,"Gh. ,a. My n my at. A,. W vvsz,v wsw",4,2023-05-12,Google Play,Customer Review,https://play.google.com/store/apps/details?id=com.flyairpeace.app.airpeace&hl=en&gl=ng
78c7cf02-0dd2-4e13-8208-ddd92151510b,Air Peace,Please do something about your domestic flights. My 82 year old dad has been stuck in PH Airport since morning. Mid day flight was shifted to 7:45 pm . And then shifted again to 10:10 pm. This is very irresponsible and unacceptable. It's sad😡,1,2023-05-09,Google Play,Customer Review,https://play.google.com/store/apps/details?id=com.flyairpeace.app.airpeace&hl=en&gl=ng
f9fb6f74-0da6-4a71-9cdc-b47803a18c01,Air Peace,PERFECT,5,2023-05-06,Google Play,Customer Review,https://play.google.com/store/apps/details?id=com.flyairpeace.app.airpeace&hl=en&gl=ng
76ae4037-3f4e-4754-8e53-54b458c0a13e,Air Peace,Horrible service I would never use or service or recommend it to anyone it's horrible and terrible,1,2023-05-01,Google Play,Customer Review,https://play.google.com/store/apps/details?id=com.flyairpeace.app.airpeace&hl=en&gl=ng
7a0b16e3-0071-4a5b-9398-e0846f779a74,Air Peace,Why is the app not connecting,1,2023-04-28,Google Play,Customer Review,https://play.google.com/store/apps/details?id=com.flyairpeace.app.airpeace&hl=en&gl=ng
3f236f65-ab81-4ae7-87d4-26abf03b5d56,Air Peace,Booking was made very easy from the comfort of my home,5,2023-04-28,Google Play,Customer Review,https://play.google.com/store/apps/details?id=com.flyairpeace.app.airpeace&hl=en&gl=ng
ea8cfef8-8908-4039-952b-2e7f54a32253,Air Peace,Goodest,5,2023-04-25,Google Play,Customer Review,https://play.google.com/store/apps/details?id=com.flyairpeace.app.airpeace&hl=en&gl=ng
f4051486-63eb-41c5-9ed7-4396baccc995,Air Peace,Apps keep showing error,1,2023-04-25,Google Play,Customer Review,https://play.google.com/store/apps/details?id=com.flyairpeace.app.airpeace&hl=en&gl=ng
c53582f2-1b65-4e42-bbe8-fb839c1e83fd,Air Peace,Good one,2,2023-04-24,Google Play,Customer Review,https://play.google.com/store/apps/details?id=com.flyairpeace.app.airpeace&hl=en&gl=ng
2cf31f1f-0da3-42d0-932f-7cf3b600a04e,Air Peace,Just updated the App & keeps showing error & never displays any flight schedule. You guys should fix this ASAP.,1,2023-04-24,Google Play,Customer Review,https://play.google.com/store/apps/details?id=com.flyairpeace.app.airpeace&hl=en&gl=ng
c294c984-8d33-464a-bd85-691da8c20913,Air Peace,Very much interesting,5,2023-04-24,Google Play,Customer Review,https://play.google.com/store/apps/details?id=com.flyairpeace.app.airpeace&hl=en&gl=ng
2888e074-4a25-4443-94ea-571b55ad3c52,Air Peace,App not working. Super Annoying!!!,1,2023-04-23,Google Play,Customer Review,https://play.google.com/store/apps/details?id=com.flyairpeace.app.airpeace&hl=en&gl=ng
4093105d-5824-4bd6-a12f-59abec27a892,Air Peace,Good,3,2023-04-22,Google Play,Customer Review,https://play.google.com/store/apps/details?id=com.flyairpeace.app.airpeace&hl=en&gl=ng
413d3af2-3cd4-4898-a6d8-1a4e612881ad,Air Peace,"Very uninterractive, for instance to select departure departure difficult, it's poorly organised",1,2023-04-22,Google Play,Customer Review,https://play.google.com/store/apps/details?id=com.flyairpeace.app.airpeace&hl=en&gl=ng
d1e1982a-2fae-4f14-a3e8-e12380641745,Air Peace,Good better,5,2023-04-19,Google Play,Customer Review,https://play.google.com/store/apps/details?id=com.flyairpeace.app.airpeace&hl=en&gl=ng
1316e219-e8c2-4686-bb9f-c5ec5b1dfed5,Air Peace,Very poor time management,1,2023-04-13,Google Play,Customer Review,https://play.google.com/store/apps/details?id=com.flyairpeace.app.airpeace&hl=en&gl=ng
7431b1e4-5911-4f22-a5d8-03dc73ffda4f,Air Peace,Nice app,5,2023-04-09,Google Play,Customer Review,https://play.google.com/store/apps/details?id=com.flyairpeace.app.airpeace&hl=en&gl=ng
18b14d1d-5e9c-46c2-87a8-cbc70c4f5d30,Air Peace,"I've been using Airpeace for quite a long time now, infact i'm it's prominent customer 🙂but it seems it's getting on my bad book.. how can the app stop working after 2 months of taking a break? Better fix the app to avoid loosing a customer 🙄",3,2023-04-08,Google Play,Customer Review,https://play.google.com/store/apps/details?id=com.flyairpeace.app.airpeace&hl=en&gl=ng
9a92b17c-7960-4c7f-82d8-9aa589a8ac37,Air Peace,Awesome,5,2023-04-06,Google Play,Customer Review,https://play.google.com/store/apps/details?id=com.flyairpeace.app.airpeace&hl=en&gl=ng
9c55cb0e-2b71-4a9a-8a2a-d063ad8bf391,Air Peace,need for air miles,5,2023-04-05,Google Play,Customer Review,https://play.google.com/store/apps/details?id=com.flyairpeace.app.airpeace&hl=en&gl=ng
fa0fb0db-e2d4-458e-9bff-21bcfcf83b13,Air Peace,"This last update is very very terrible. Both the website and app messed up. Couldn't log in with my registered account. I ended up booking flight as guest and still no confirmation for more than a week. Customer care channels are another mess, no one is responding to enquiries.",1,2023-04-05,Google Play,Customer Review,https://play.google.com/store/apps/details?id=com.flyairpeace.app.airpeace&hl=en&gl=ng
9b9f6905-30f7-4492-8a95-997faaba08fc,Air Peace,"Am trying to book a flight and keeps showing me error 🙃 🙂 messages, very terrible.......infants SSR must be in the name/name.....surname/surname..",1,2023-04-04,Google Play,Customer Review,https://play.google.com/store/apps/details?id=com.flyairpeace.app.airpeace&hl=en&gl=ng
663cfd81-d55e-49e4-9297-3cfe2a572d21,Air Peace,"I booked a flight, for asaba to Abuja. Paid for the flight using my card and no reference number was generated or text message regarding the flight I booked and paid for .",1,2023-04-04,Google Play,Customer Review,https://play.google.com/store/apps/details?id=com.flyairpeace.app.airpeace&hl=en&gl=ng
eb6c4835-67db-4fa8-8a6e-a9dd4b95f69b,Air Peace,"App keeps showing error, Please fix this and I have updated but I still didn't get an email after I paid for my round trip😒🤦 And that paystack wey una begin use so na rough play o. No more quick teller 🙄😢,They charged me a whopping 2000# plus extra with paystack make una better fix this nonsense and I was debited for book n hold.",1,2023-04-01,Google Play,Customer Review,https://play.google.com/store/apps/details?id=com.flyairpeace.app.airpeace&hl=en&gl=ng
94f91c1e-bacb-46f3-8ffe-1ac9a6ffc6f8,Air Peace,They are scammers I booked tickets till now i didn't received my ticket and they don't reply my email nor calls,1,2023-03-31,Google Play,Customer Review,https://play.google.com/store/apps/details?id=com.flyairpeace.app.airpeace&hl=en&gl=ng
01bfa000-b57e-412c-a3a5-226a818c42f0,Air Peace,"Can't reserve a ticket, when you wanna pay, it shows an arrow message, even when your time hasn't elapsed, Chat secure a seat after booking, asking me to update app while I'm using the latest version",1,2023-03-31,Google Play,Customer Review,https://play.google.com/store/apps/details?id=com.flyairpeace.app.airpeace&hl=en&gl=ng
46bb33af-8a58-4dd0-82e2-2affb7ec313a,Air Peace,After the maintenance both the website and the app started acting funny I cant even get hold of the customer care their numbers aren't going through. I booked a ticket and I had to change my reschedule trying to reach both through email and WhatsApp so they can open the ticket even sent an email no reply . Please do something about it.,1,2023-03-30,Google Play,Customer Review,https://play.google.com/store/apps/details?id=com.flyairpeace.app.airpeace&hl=en&gl=ng
9ab719db-65c4-43d9-97cd-489fd5c0fee4,Air Peace,Fantastic,4,2023-03-30,Google Play,Customer Review,https://play.google.com/store/apps/details?id=com.flyairpeace.app.airpeace&hl=en&gl=ng
94db5c84-a4aa-447e-b4ec-8b0333ead3b9,Air Peace,"Before when I booked online, I will receive mail immediately but now, when I booked I receive only the receipt... Please do something",2,2023-03-29,Google Play,Customer Review,https://play.google.com/store/apps/details?id=com.flyairpeace.app.airpeace&hl=en&gl=ng
f5c14d3c-b4f6-40c2-b0b0-57545e782b9d,Air Peace,"Pls how do I get my ticket sent to my email address, I booked but yet to receive. Kindly acknowledge and let me know.",3,2023-03-29,Google Play,Customer Review,https://play.google.com/store/apps/details?id=com.flyairpeace.app.airpeace&hl=en&gl=ng
dc64076f-22dd-4d83-9b02-96eebb18dd5f,Air Peace,"Awesome using airpeace anytime anyday😊. I dont think i can comfortably use any airline if not airpeace. I love airpeace. 🫶✌️💞 Please more international routes, am with you guys.",5,2023-03-28,Google Play,Customer Review,https://play.google.com/store/apps/details?id=com.flyairpeace.app.airpeace&hl=en&gl=ng
f04972e0-8c03-482a-80bd-7a5558b9dc47,Air Peace,One of the best airlines in Nigeria,5,2023-03-28,Google Play,Customer Review,https://play.google.com/store/apps/details?id=com.flyairpeace.app.airpeace&hl=en&gl=ng
647e2403-3b9f-4b08-bc44-f7ff2a69507d,Air Peace,Airpeace should better give a reason why a flight I paid for is being cancelled... This is very bad,1,2023-03-28,Google Play,Customer Review,https://play.google.com/store/apps/details?id=com.flyairpeace.app.airpeace&hl=en&gl=ng
ab5170bc-4254-4d40-ab48-10fc579c2d8d,Air Peace,I'm proud of your airline Airpeace,5,2023-03-27,Google Play,Customer Review,https://play.google.com/store/apps/details?id=com.flyairpeace.app.airpeace&hl=en&gl=ng
60c677ed-022b-4672-a3ce-5e4aeea0bf7b,Air Peace,Good,5,2023-03-27,Google Play,Customer Review,https://play.google.com/store/apps/details?id=com.flyairpeace.app.airpeace&hl=en&gl=ng
426c704b-30e0-46c1-b371-3020714cb239,Air Peace,"Your app is the worst , I have been trying to book a flight for 4 days now, it keep saying error occurred can't reach the server. I just tried it again 5mins ago still the same thing.",1,2023-03-27,Google Play,Customer Review,https://play.google.com/store/apps/details?id=com.flyairpeace.app.airpeace&hl=en&gl=ng
df381c79-c065-4633-b1e3-e32a94f51bdd,Air Peace,"Who ever designed this app should not have a job. Especially with the latest update. If you're outside Nigeria trying to book a local flight for anyone, make sure you don't use Airpeace. And also your customercare is terrible. This is the worst airline I have ever used in my whole life",1,2023-03-26,Google Play,Customer Review,https://play.google.com/store/apps/details?id=com.flyairpeace.app.airpeace&hl=en&gl=ng
9b075931-a129-4c4a-a1d9-8297792f7ae5,Air Peace,"I made payment for a flight and till now almost 24 hrs, I haven't received my ticket. I have sent several email, no response. Chatted with customer care on WhatsApp, no response, called your numbers listed on the website, not reachable. This is really bad and exhausting...",1,2023-03-25,Google Play,Customer Review,https://play.google.com/store/apps/details?id=com.flyairpeace.app.airpeace&hl=en&gl=ng
a44f3fe9-9cb6-4b08-a12d-a960eb47042b,Air Peace,Awesome. I'd give you a five star rating but five star means perfection. We aren't there yet. Keeping improving and we may get to five star some day.😉,4,2023-03-25,Google Play,Customer Review,https://play.google.com/store/apps/details?id=com.flyairpeace.app.airpeace&hl=en&gl=ng
5e2d21b4-a146-4e58-8472-2ae31d900969,Air Peace,"It keeps showing server under maintenance for hours now, I cant open the app since.",4,2023-03-22,Google Play,Customer Review,https://play.google.com/store/apps/details?id=com.flyairpeace.app.airpeace&hl=en&gl=ng
f2864f40-cf5d-443a-93fc-b324fd64bb14,Air Peace,Very good & easy to use,5,2023-03-22,Google Play,Customer Review,https://play.google.com/store/apps/details?id=com.flyairpeace.app.airpeace&hl=en&gl=ng
005c4674-163c-46a3-b8ae-73f4a32f564a,Air Peace,I can't open my app since yesterday,1,2023-03-21,Google Play,Customer Review,https://play.google.com/store/apps/details?id=com.flyairpeace.app.airpeace&hl=en&gl=ng
ab8bd7cd-695a-42d3-90e9-c4456880df24,Air Peace,Excellent,5,2023-03-20,Google Play,Customer Review,https://play.google.com/store/apps/details?id=com.flyairpeace.app.airpeace&hl=en&gl=ng
594a05af-f714-494a-ac21-246d798c16f7,Air Peace,"The app doesn't open, keeps showing ""an error occurred connection closed""",3,2023-03-18,Google Play,Customer Review,https://play.google.com/store/apps/details?id=com.flyairpeace.app.airpeace&hl=en&gl=ng
91d81f3b-ad98-49a6-9ce3-7202376d645d,Air Peace,Well it nice flight and i love it,5,2023-03-12,Google Play,Customer Review,https://play.google.com/store/apps/details?id=com.flyairpeace.app.airpeace&hl=en&gl=ng
b74d07f0-2ec6-4b73-91f2-bd4e863292eb,Air Peace,"From what friends have experienced, you're doing a wonderful job.",4,2023-03-10,Google Play,Customer Review,https://play.google.com/store/apps/details?id=com.flyairpeace.app.airpeace&hl=en&gl=ng
84d581be-d2e8-43b3-8157-8ec5d4eb2a7f,Air Peace,Always on time. I chooses air peace as my favorite airline wishing you all the best,5,2023-03-05,Google Play,Customer Review,https://play.google.com/store/apps/details?id=com.flyairpeace.app.airpeace&hl=en&gl=ng
adec3ef2-00be-42d8-8a93-251a9c1db570,Air Peace,It's simple,5,2023-03-04,Google Play,Customer Review,https://play.google.com/store/apps/details?id=com.flyairpeace.app.airpeace&hl=en&gl=ng
5e7db17a-0f7b-46cd-8044-92e51c87822f,Air Peace,Amazing and easy,5,2023-02-25,Google Play,Customer Review,https://play.google.com/store/apps/details?id=com.flyairpeace.app.airpeace&hl=en&gl=ng
0d481914-0ae0-4e91-a356-9e850bbcdfdd,Air Peace,You need to work on your app to allow passengers to choose their seats,3,2023-02-23,Google Play,Customer Review,https://play.google.com/store/apps/details?id=com.flyairpeace.app.airpeace&hl=en&gl=ng
7942318c-2c2c-4982-af73-6878b4d8a201,Air Peace,Very perfect,5,2023-02-17,Google Play,Customer Review,https://play.google.com/store/apps/details?id=com.flyairpeace.app.airpeace&hl=en&gl=ng
9102f974-7fc3-4517-be42-85e7dc957154,Air Peace,Very easy app my first time to use but was quided,5,2023-02-11,Google Play,Customer Review,https://play.google.com/store/apps/details?id=com.flyairpeace.app.airpeace&hl=en&gl=ng
05b03eff-d699-49dc-9141-5dfa46fe8a6c,Air Peace,❤️❤️❤️❤️❤️,5,2023-02-10,Google Play,Customer Review,https://play.google.com/store/apps/details?id=com.flyairpeace.app.airpeace&hl=en&gl=ng
71def30f-bcd1-4df3-975b-d486eb2dfa90,Air Peace,"Air peace app is superb, very simple and user friendly. I use others and I know the difference",5,2023-02-02,Google Play,Customer Review,https://play.google.com/store/apps/details?id=com.flyairpeace.app.airpeace&hl=en&gl=ng
033b6d13-34ac-4ec6-8003-b4e5a80cb76b,Air Peace,"Your services is extremely worst, booked a flight and was cancelled without prior notification and yet to proper response since, you waste my time, my resources and yet no refund since more than a month plus now....even when I printed the status of the transaction for the initiating bank,you don't want to refund me and they are not even picking my calls anymore because I requested for a proof that the payment way declined and not successful",1,2023-02-01,Google Play,Customer Review,https://play.google.com/store/apps/details?id=com.flyairpeace.app.airpeace&hl=en&gl=ng
264efefc-1e6c-4548-a21a-22b7ca85d364,Air Peace,Awesome experience,4,2023-01-30,Google Play,Customer Review,https://play.google.com/store/apps/details?id=com.flyairpeace.app.airpeace&hl=en&gl=ng
7ecbf424-8503-4575-9109-8a249930a0b0,Air Peace,Awesome,4,2023-01-28,Google Play,Customer Review,https://play.google.com/store/apps/details?id=com.flyairpeace.app.airpeace&hl=en&gl=ng
f17e84a6-c04f-44af-aa4d-4f98cdb6e848,Air Peace,"Airpeace,nice flight to fly with,@times they do delay and keeping of their scheduled time.",3,2023-01-28,Google Play,Customer Review,https://play.google.com/store/apps/details?id=com.flyairpeace.app.airpeace&hl=en&gl=ng
d4202027-a7ab-437b-8f1d-629ee8e8e8be,Air Peace,Seamless,5,2023-01-21,Google Play,Customer Review,https://play.google.com/store/apps/details?id=com.flyairpeace.app.airpeace&hl=en&gl=ng
b3aeca23-d8f5-487e-a5d5-851d79246548,Air Peace,Awesome 😎,5,2023-01-14,Google Play,Customer Review,https://play.google.com/store/apps/details?id=com.flyairpeace.app.airpeace&hl=en&gl=ng
f87c15d3-9ef9-425b-a81e-01459e3111db,Air Peace,Very coordined,5,2023-01-07,Google Play,Customer Review,https://play.google.com/store/apps/details?id=com.flyairpeace.app.airpeace&hl=en&gl=ng
13f25638-113d-457c-b97d-b4435e11ba71,Air Peace,Very very fantastic to move,5,2023-01-07,Google Play,Customer Review,https://play.google.com/store/apps/details?id=com.flyairpeace.app.airpeace&hl=en&gl=ng
ed183c86-895d-4a81-8bb6-f95589886419,Air Peace,Just downloaded the app and already to load destination is a problem,1,2023-01-03,Google Play,Customer Review,https://play.google.com/store/apps/details?id=com.flyairpeace.app.airpeace&hl=en&gl=ng
808a58fc-43d5-4bed-a8a3-510c042273cb,Air Peace,It is safe to travel on it and a good hospitality service care.,4,2022-12-25,Google Play,Customer Review,https://play.google.com/store/apps/details?id=com.flyairpeace.app.airpeace&hl=en&gl=ng
73c1a90b-cc1b-48f1-87dd-ed3cb0ab2f6c,Air Peace,Slight delay but lovely,5,2022-12-24,Google Play,Customer Review,https://play.google.com/store/apps/details?id=com.flyairpeace.app.airpeace&hl=en&gl=ng
fffb7d26-8be6-44d8-9052-d9974dfee2a8,Air Peace,I'm very impressed with the User Interface and the ease of usage. Great app,5,2022-12-23,Google Play,Customer Review,https://play.google.com/store/apps/details?id=com.flyairpeace.app.airpeace&hl=en&gl=ng
7960dbe6-dcd1-4ed6-9790-2ef45f730ed5,Air Peace,"My experience has not been a pleasant one at all, I have been in Owerri airport for 2:20pm flight that was moved from 1:50pm. This is 4:30pm no announcement, no apologies. What kind of thing is this, can't you just have a straight flight for heaven sake.",1,2022-12-17,Google Play,Customer Review,https://play.google.com/store/apps/details?id=com.flyairpeace.app.airpeace&hl=en&gl=ng
0cb7da52-5497-440b-a69e-1fa2dbe02e2b,Air Peace,Simple and easy to use. Keep it up.,5,2022-12-14,Google Play,Customer Review,https://play.google.com/store/apps/details?id=com.flyairpeace.app.airpeace&hl=en&gl=ng
78944ad9-c8da-4a83-b5dc-ab8ef616dd49,Air Peace,"They are the best among the rest of Nigeria domastic airlines, the friquent changes on flight time is not their fault but Nigeria air management authority, kudos to Air peace ✌️.",5,2022-12-12,Google Play,Customer Review,https://play.google.com/store/apps/details?id=com.flyairpeace.app.airpeace&hl=en&gl=ng
75567279-03a4-4e3c-8398-3188e719de8a,Air Peace,Bookings seem not to be valid,4,2022-12-11,Google Play,Customer Review,https://play.google.com/store/apps/details?id=com.flyairpeace.app.airpeace&hl=en&gl=ng
1cff055f-7d0d-4b6e-8731-67361ef1dc20,Air Peace,Please bring up air peace light app for more convenient booking.,5,2022-11-30,Google Play,Customer Review,https://play.google.com/store/apps/details?id=com.flyairpeace.app.airpeace&hl=en&gl=ng
4afdfd0f-9b78-4313-8c2b-ab26c7bb493e,Air Peace,Cool as at last check,5,2022-11-16,Google Play,Customer Review,https://play.google.com/store/apps/details?id=com.flyairpeace.app.airpeace&hl=en&gl=ng
853b755f-100c-4078-b87b-ff906cd9fe23,Air Peace,Simple,5,2022-11-13,Google Play,Customer Review,https://play.google.com/store/apps/details?id=com.flyairpeace.app.airpeace&hl=en&gl=ng
ba10c5ab-4662-472e-9257-6ec71038434b,Air Peace,Superb,5,2022-11-06,Google Play,Customer Review,https://play.google.com/store/apps/details?id=com.flyairpeace.app.airpeace&hl=en&gl=ng
8f332a4e-d63a-45d0-ba9d-bd4fe8180478,Air Peace,Very good and reliable,5,2022-11-04,Google Play,Customer Review,https://play.google.com/store/apps/details?id=com.flyairpeace.app.airpeace&hl=en&gl=ng
0049793a-bf2e-469c-aa51-c67c53426632,Air Peace,"Very reliable in timing for departure and arrival, seats are comfortable and services by the cabin crew are excellent.",5,2022-10-24,Google Play,Customer Review,https://play.google.com/store/apps/details?id=com.flyairpeace.app.airpeace&hl=en&gl=ng
951305ee-4e71-4895-8138-8cc3566282ba,Air Peace,Awesome!!!,5,2022-10-24,Google Play,Customer Review,https://play.google.com/store/apps/details?id=com.flyairpeace.app.airpeace&hl=en&gl=ng
10378f75-924c-4a85-9c80-050c30f8ff83,Air Peace,Nice,5,2022-10-18,Google Play,Customer Review,https://play.google.com/store/apps/details?id=com.flyairpeace.app.airpeace&hl=en&gl=ng
3f44e518-5433-40ee-a43a-7151c9db6d07,Air Peace,As good as its for ever,5,2022-10-17,Google Play,Customer Review,https://play.google.com/store/apps/details?id=com.flyairpeace.app.airpeace&hl=en&gl=ng
e70b00da-edd2-4605-bbf6-d2d25daba083,Air Peace,You people cancel my 11.40am flight to 6.05pm Which is very bad and I don't like it honestly,1,2022-10-13,Google Play,Customer Review,https://play.google.com/store/apps/details?id=com.flyairpeace.app.airpeace&hl=en&gl=ng
84255bf7-6ca9-47c8-ac21-0369766734a1,Air Peace,Excellent app Which I recommend for your use always,5,2022-10-10,Google Play,Customer Review,https://play.google.com/store/apps/details?id=com.flyairpeace.app.airpeace&hl=en&gl=ng
210f2645-27f4-4f1a-bf27-e739caabd3cd,Air Peace,Awesome service delivery systems.,5,2022-09-19,Google Play,Customer Review,https://play.google.com/store/apps/details?id=com.flyairpeace.app.airpeace&hl=en&gl=ng
d8325ee7-fccc-4acc-bc6a-8931bc8daedd,Air Peace,O ppmu ppl,1,2022-09-18,Google Play,Customer Review,https://play.google.com/store/apps/details?id=com.flyairpeace.app.airpeace&hl=en&gl=ng
70f2c42f-a3bd-4716-a77d-bd3382742c7e,Air Peace,God bless and protect,5,2022-09-09,Google Play,Customer Review,https://play.google.com/store/apps/details?id=com.flyairpeace.app.airpeace&hl=en&gl=ng
ced926fc-ba1e-4136-a14d-852503edd499,Air Peace,It's not working since today..... always showing AN ERROR OCCURED. I'm yet to book a flight ✈️,1,2022-09-05,Google Play,Customer Review,https://play.google.com/store/apps/details?id=com.flyairpeace.app.airpeace&hl=en&gl=ng
a01787e8-84ab-44e1-901c-16ef2db3e6ef,Air Peace,"M, nmki,... Mk. Mm mm mmmk, x",4,2022-09-05,Google Play,Customer Review,https://play.google.com/store/apps/details?id=com.flyairpeace.app.airpeace&hl=en&gl=ng
c0bbd038-74ef-4469-a2ed-37113e8d7916,Air Peace,best,5,2022-08-26,Google Play,Customer Review,https://play.google.com/store/apps/details?id=com.flyairpeace.app.airpeace&hl=en&gl=ng
bfbfbe32-513d-4c91-8156-08d175c05a25,Air Peace,I just want to check in if the flight has landed in Lagos now,3,2022-08-17,Google Play,Customer Review,https://play.google.com/store/apps/details?id=com.flyairpeace.app.airpeace&hl=en&gl=ng
b1ee5ca8-ccef-4e07-88f3-7cdf8fef6ab2,Air Peace,Very useful app,4,2022-08-17,Google Play,Customer Review,https://play.google.com/store/apps/details?id=com.flyairpeace.app.airpeace&hl=en&gl=ng
6158a575-339d-4df3-80e2-375aaa7887c5,Air Peace,The worst air flight to book ....the felay and cancellation is too much,1,2022-08-11,Google Play,Customer Review,https://play.google.com/store/apps/details?id=com.flyairpeace.app.airpeace&hl=en&gl=ng
8542f26d-219b-40a1-8903-b100fd004ceb,Air Peace,Expccellent,5,2022-08-10,Google Play,Customer Review,https://play.google.com/store/apps/details?id=com.flyairpeace.app.airpeace&hl=en&gl=ng
f29be5c9-6530-439e-b1d5-2ac13f6cfa72,Air Peace,Enables seamless purchase of air tickets.,5,2022-08-06,Google Play,Customer Review,https://play.google.com/store/apps/details?id=com.flyairpeace.app.airpeace&hl=en&gl=ng
f3c3660f-be17-4e8d-8aed-6c1bd7495ef9,Air Peace,"It's a nice app, please add re-routing features and simplify the process of paying. Tnx",5,2022-08-03,Google Play,Customer Review,https://play.google.com/store/apps/details?id=com.flyairpeace.app.airpeace&hl=en&gl=ng
da932f01-3fe4-46ec-befa-ee41c1cb64e7,Air Peace,Nice App... Could do with some improvements... It can ALWAYS be BETTER...,3,2022-08-01,Google Play,Customer Review,https://play.google.com/store/apps/details?id=com.flyairpeace.app.airpeace&hl=en&gl=ng
5ee92811-0355-4cd9-a6a5-e280c4c8feeb,Air Peace,good,5,2022-07-31,Google Play,Customer Review,https://play.google.com/store/apps/details?id=com.flyairpeace.app.airpeace&hl=en&gl=ng
2ff52d01-9aa5-46dc-8a1b-96dea4248794,Air Peace,Great app.Easy to use.,5,2022-07-24,Google Play,Customer Review,https://play.google.com/store/apps/details?id=com.flyairpeace.app.airpeace&hl=en&gl=ng
902472a1-be21-43aa-b874-4f6acd686d0c,Air Peace,I like this app,1,2022-07-23,Google Play,Customer Review,https://play.google.com/store/apps/details?id=com.flyairpeace.app.airpeace&hl=en&gl=ng
30fbbfa2-d842-4a57-8b81-34b6410087c7,Air Peace,I really appreciate for having this app.,5,2022-07-23,Google Play,Customer Review,https://play.google.com/store/apps/details?id=com.flyairpeace.app.airpeace&hl=en&gl=ng
89113839-505f-4445-a3be-e168befe1fad,Air Peace,Good,4,2022-07-19,Google Play,Customer Review,https://play.google.com/store/apps/details?id=com.flyairpeace.app.airpeace&hl=en&gl=ng
553da433-7361-49a9-811f-74a6578d14e0,Air Peace,Good,3,2022-07-19,Google Play,Customer Review,https://play.google.com/store/apps/details?id=com.flyairpeace.app.airpeace&hl=en&gl=ng
046ddfc0-c32b-40d8-82c4-2df5e8e276e8,Air Peace,V Good,1,2022-07-19,Google Play,Customer Review,https://play.google.com/store/apps/details?id=com.flyairpeace.app.airpeace&hl=en&gl=ng
eff3ccc7-1c1e-45d2-8994-a197c13fb1b5,Air Peace,The app is very difficult to open and price is always high,5,2022-07-16,Google Play,Customer Review,https://play.google.com/store/apps/details?id=com.flyairpeace.app.airpeace&hl=en&gl=ng
04fab64f-815b-438d-a781-d347f96280c9,Air Peace,Very nice app,5,2022-07-12,Google Play,Customer Review,https://play.google.com/store/apps/details?id=com.flyairpeace.app.airpeace&hl=en&gl=ng
c2daf913-aadf-4fab-b6c0-53ed112944d5,Air Peace,Great 👍,5,2022-07-12,Google Play,Customer Review,https://play.google.com/store/apps/details?id=com.flyairpeace.app.airpeace&hl=en&gl=ng
fa3680a3-2e01-485a-b3ca-952e0df77fdb,Air Peace,Great services,5,2022-07-11,Google Play,Customer Review,https://play.google.com/store/apps/details?id=com.flyairpeace.app.airpeace&hl=en&gl=ng
10ce968e-b890-429a-9017-d7e35a7668fe,Air Peace,"Airpeace the charges to pay with card is too much a whole#700+, it can buy me breakfast and dinner",3,2022-07-11,Google Play,Customer Review,https://play.google.com/store/apps/details?id=com.flyairpeace.app.airpeace&hl=en&gl=ng
4c444155-a129-4d9c-be7c-8ea25c851f5f,Air Peace,"Excellent, I always use it for my books.",5,2022-07-10,Google Play,Customer Review,https://play.google.com/store/apps/details?id=com.flyairpeace.app.airpeace&hl=en&gl=ng
23de5388-b864-4c99-a0bc-b5a7c3725b73,Air Peace,Love love😍,5,2022-07-10,Google Play,Customer Review,https://play.google.com/store/apps/details?id=com.flyairpeace.app.airpeace&hl=en&gl=ng
80481603-e2a2-4666-9c06-5c4ae171b1f3,Air Peace,Excellant,5,2022-07-09,Google Play,Customer Review,https://play.google.com/store/apps/details?id=com.flyairpeace.app.airpeace&hl=en&gl=ng
e2d481c4-b6f1-46ab-a857-3b9f0fa842af,Air Peace,Nice,5,2022-07-07,Google Play,Customer Review,https://play.google.com/store/apps/details?id=com.flyairpeace.app.airpeace&hl=en&gl=ng
42ea5b95-3744-4124-ba5b-48ff5a53da86,Air Peace,"Great app, seamless, user friendly",5,2022-07-05,Google Play,Customer Review,https://play.google.com/store/apps/details?id=com.flyairpeace.app.airpeace&hl=en&gl=ng
4aefb69e-c9d5-448c-ac7c-61ee502d6280,Air Peace,"Please, try and add features to enable passengers reroute there tickets instead of driving all the way down to the airport to join long cues. Thank you.",3,2022-07-04,Google Play,Customer Review,https://play.google.com/store/apps/details?id=com.flyairpeace.app.airpeace&hl=en&gl=ng
5d35005f-03ab-49a8-b905-3272ad772be3,Air Peace,Good Job keep it up Air Peace,5,2022-07-04,Google Play,Customer Review,https://play.google.com/store/apps/details?id=com.flyairpeace.app.airpeace&hl=en&gl=ng
7d303b90-dc92-4da8-93dd-96678e94d27f,Air Peace,A great app.,5,2022-07-04,Google Play,Customer Review,https://play.google.com/store/apps/details?id=com.flyairpeace.app.airpeace&hl=en&gl=ng
91849644-a2c4-4042-82b9-5151b9f891fb,Air Peace,Very good,5,2022-07-04,Google Play,Customer Review,https://play.google.com/store/apps/details?id=com.flyairpeace.app.airpeace&hl=en&gl=ng
0001e1ad-5677-46b1-a71c-30314c3fed8c,Air Peace,Nice experience travelling with Peace.,5,2022-07-03,Google Play,Customer Review,https://play.google.com/store/apps/details?id=com.flyairpeace.app.airpeace&hl=en&gl=ng
984787a7-40ec-46c3-b4f9-55528f36050e,Air Peace,I can complete my booking after choosing the date and time,1,2022-07-02,Google Play,Customer Review,https://play.google.com/store/apps/details?id=com.flyairpeace.app.airpeace&hl=en&gl=ng
af1db21d-163e-4a08-805b-8915bf8d1d91,Air Peace,It's a good app,5,2022-07-02,Google Play,Customer Review,https://play.google.com/store/apps/details?id=com.flyairpeace.app.airpeace&hl=en&gl=ng
bdefe531-af12-40fe-8ef2-8df1e864f5ef,Air Peace,Royal,5,2022-06-30,Google Play,Customer Review,https://play.google.com/store/apps/details?id=com.flyairpeace.app.airpeace&hl=en&gl=ng
471e0f37-7de6-4358-a5bc-22702c4fef9b,Air Peace,Magnificent,5,2022-06-30,Google Play,Customer Review,https://play.google.com/store/apps/details?id=com.flyairpeace.app.airpeace&hl=en&gl=ng
36b839bc-baf1-4d71-81af-e643422aa4ca,Air Peace,The App is very Simple & Very Easy to use. Well-done. But the ATTITUDE of the STAFF need to be CHECKMATED. A lot of CUSTOMERS have a lot of COMPLAINS In one aspect or the other.,5,2022-06-28,Google Play,Customer Review,https://play.google.com/store/apps/details?id=com.flyairpeace.app.airpeace&hl=en&gl=ng
443db54a-5d4c-4e04-bbd3-63caf3e9a2ff,Air Peace,Nice and easy to use,5,2022-06-28,Google Play,Customer Review,https://play.google.com/store/apps/details?id=com.flyairpeace.app.airpeace&hl=en&gl=ng
4c1dc730-5508-4599-9488-164feff1b3cc,Air Peace,App is fairly good but the airline and their services are terrible. So many of the repititive comments here are absolutely true. The airline is so unreliable ( several changing of schedules by hours) and some of their members of staff are disrespectful.,1,2022-06-26,Google Play,Customer Review,https://play.google.com/store/apps/details?id=com.flyairpeace.app.airpeace&hl=en&gl=ng
af49dfd8-5f00-4fe3-910e-bc5892158b2d,Air Peace,Great,5,2022-06-26,Google Play,Customer Review,https://play.google.com/store/apps/details?id=com.flyairpeace.app.airpeace&hl=en&gl=ng
e448fe1c-76fa-4d2b-9cb7-552b5913723b,Air Peace,Wonderful app,5,2022-06-25,Google Play,Customer Review,https://play.google.com/store/apps/details?id=com.flyairpeace.app.airpeace&hl=en&gl=ng
d2c4a6e5-5091-4203-afb0-7eacf3e9f057,Air Peace,Good,5,2022-06-25,Google Play,Customer Review,https://play.google.com/store/apps/details?id=com.flyairpeace.app.airpeace&hl=en&gl=ng
962f7cb3-1c5a-4347-b5ca-ede496d3a4fd,Air Peace,It's awesome,5,2022-06-24,Google Play,Customer Review,https://play.google.com/store/apps/details?id=com.flyairpeace.app.airpeace&hl=en&gl=ng
a720f26e-e0b4-4c30-9df1-a2f08a44f574,Air Peace,"I love the app, it makes my booking very easy",5,2022-06-24,Google Play,Customer Review,https://play.google.com/store/apps/details?id=com.flyairpeace.app.airpeace&hl=en&gl=ng
3f0466b7-8e5c-4082-bb71-933383a49eec,Air Peace,Excellent 80%,5,2022-06-24,Google Play,Customer Review,https://play.google.com/store/apps/details?id=com.flyairpeace.app.airpeace&hl=en&gl=ng
2e7da1ec-111b-46b2-9bcd-79bae3a03f96,Air Peace,Fantastic,5,2022-06-23,Google Play,Customer Review,https://play.google.com/store/apps/details?id=com.flyairpeace.app.airpeace&hl=en&gl=ng
58d18fec-62d7-4baf-b90e-bcb012108728,Air Peace,Excellent,5,2022-06-22,Google Play,Customer Review,https://play.google.com/store/apps/details?id=com.flyairpeace.app.airpeace&hl=en&gl=ng
039c8b6d-227e-4e08-8ad2-dae5358c2be5,Air Peace,Looking forward to having an experience flying with Airpeace. Been booking for my mum and siblings on this app and they've testified positively on their wonderful experiences with Airpeace.,5,2022-06-22,Google Play,Customer Review,https://play.google.com/store/apps/details?id=com.flyairpeace.app.airpeace&hl=en&gl=ng
98880dc4-35bc-4cbb-92b3-4e81df791014,Air Peace,Nice keep it up,4,2022-06-20,Google Play,Customer Review,https://play.google.com/store/apps/details?id=com.flyairpeace.app.airpeace&hl=en&gl=ng
428e90e3-4215-4393-915c-cb2194effbe5,Air Peace,The app is good,5,2022-06-19,Google Play,Customer Review,https://play.google.com/store/apps/details?id=com.flyairpeace.app.airpeace&hl=en&gl=ng
e65263ed-c3b9-4c6d-8c4a-fc06e54987de,Air Peace,Very impressed keep up the good work,5,2022-06-16,Google Play,Customer Review,https://play.google.com/store/apps/details?id=com.flyairpeace.app.airpeace&hl=en&gl=ng
c5c2b822-8f46-4c96-b7e0-65b6bb577307,Air Peace,Air peace is second to none!,5,2022-06-11,Google Play,Customer Review,https://play.google.com/store/apps/details?id=com.flyairpeace.app.airpeace&hl=en&gl=ng
45c8e1e9-2489-411d-a4d1-0ebfd78b20c0,Air Peace,Tried to book tickets for 3 people. After entering all information... would not accept valid USA credit card.,2,2022-06-08,Google Play,Customer Review,https://play.google.com/store/apps/details?id=com.flyairpeace.app.airpeace&hl=en&gl=ng
a33996a5-2521-4d97-b30a-bca319f742a4,Air Peace,Air peace gives us peace .,5,2022-05-25,Google Play,Customer Review,https://play.google.com/store/apps/details?id=com.flyairpeace.app.airpeace&hl=en&gl=ng
f77746f3-d794-4cb7-88da-a616864942e3,Air Peace,Please how are all the economy non-flexi sold out? From May to November Is that possible?,1,2022-05-21,Google Play,Customer Review,https://play.google.com/store/apps/details?id=com.flyairpeace.app.airpeace&hl=en&gl=ng
48a9cd0c-edb0-483f-8c1f-dfd5f24986d5,Air Peace,I like their services. But I'm unable to download right now. Please I need help,5,2022-05-17,Google Play,Customer Review,https://play.google.com/store/apps/details?id=com.flyairpeace.app.airpeace&hl=en&gl=ng
b6f30a56-c92e-47f4-b156-d165b0ad72c4,Air Peace,Great but there is need for ethical practice among staff,5,2022-05-14,Google Play,Customer Review,https://play.google.com/store/apps/details?id=com.flyairpeace.app.airpeace&hl=en&gl=ng
fcf3e1d4-a726-4cbe-92e6-54315aae73c8,Air Peace,This airline is trying anyway is just that they are phon of delaying of flight ✈️ and cancel,1,2022-05-11,Google Play,Customer Review,https://play.google.com/store/apps/details?id=com.flyairpeace.app.airpeace&hl=en&gl=ng
3e6cd9c6-2ec9-4299-b5f7-d568ae793a5c,Air Peace,Satisfactory,5,2022-05-07,Google Play,Customer Review,https://play.google.com/store/apps/details?id=com.flyairpeace.app.airpeace&hl=en&gl=ng
71f6294b-54e1-401d-973f-a8074d47ffcc,Air Peace,I love this app,5,2022-05-06,Google Play,Customer Review,https://play.google.com/store/apps/details?id=com.flyairpeace.app.airpeace&hl=en&gl=ng
8c03e239-6d31-4c49-9843-cb3e3a6111f9,Air Peace,Good,5,2022-05-06,Google Play,Customer Review,https://play.google.com/store/apps/details?id=com.flyairpeace.app.airpeace&hl=en&gl=ng
a2cde7b4-6919-4eca-8808-c7b560cf11f3,Air Peace,Ok,5,2022-05-03,Google Play,Customer Review,https://play.google.com/store/apps/details?id=com.flyairpeace.app.airpeace&hl=en&gl=ng
34223227-d404-45e5-844d-0a98dacf1e1d,Air Peace,The app is very good,5,2022-04-30,Google Play,Customer Review,https://play.google.com/store/apps/details?id=com.flyairpeace.app.airpeace&hl=en&gl=ng
b9237a18-a871-40b2-a19a-37d024c1d6a7,Air Peace,The app is quite easy to use. The booking was quite simple and took little time.,5,2022-04-23,Google Play,Customer Review,https://play.google.com/store/apps/details?id=com.flyairpeace.app.airpeace&hl=en&gl=ng
d6197e32-130f-406e-b646-204eed893254,Air Peace,Air Peace still remains the best .,4,2022-04-22,Google Play,Customer Review,https://play.google.com/store/apps/details?id=com.flyairpeace.app.airpeace&hl=en&gl=ng
60ad8bf7-71d0-418d-92d2-b42fe58d6987,Air Peace,Very good,5,2022-04-16,Google Play,Customer Review,https://play.google.com/store/apps/details?id=com.flyairpeace.app.airpeace&hl=en&gl=ng
ef656489-5140-4345-a087-ab168fb478e7,Air Peace,Impressive,5,2022-04-14,Google Play,Customer Review,https://play.google.com/store/apps/details?id=com.flyairpeace.app.airpeace&hl=en&gl=ng
d367babc-3945-4ce2-94aa-ed2c802f87c6,Air Peace,It's been good so far,5,2022-04-12,Google Play,Customer Review,https://play.google.com/store/apps/details?id=com.flyairpeace.app.airpeace&hl=en&gl=ng
07ec7017-c052-4876-92d7-55c5d15cfb03,Air Peace,I find it tiresome to come back to Playstore to give reviews on apps but the silky-smooth ease of using this app made me.,5,2022-04-08,Google Play,Customer Review,https://play.google.com/store/apps/details?id=com.flyairpeace.app.airpeace&hl=en&gl=ng
b40d0dd5-f65d-43ab-92ab-5ca3e4787ccd,Air Peace,It's great flight.... Air peace Fly.,5,2022-04-01,Google Play,Customer Review,https://play.google.com/store/apps/details?id=com.flyairpeace.app.airpeace&hl=en&gl=ng
2933712e-aa3e-4ca0-a286-e8a99a47a1d5,Air Peace,"🚫HIGHLY FRAUDULENT REFUND POLICY? 🚫 I've booked and canceled 2 refundable flights each worth over N200k and applied for my refunds. On the 2 occasions, the online customer suppport will initially reply ur first 2 emails pretending to be concerned and willing to help u process ur refund, however, immediately u supply them with all their refund requirements, they switch off their mic. Unfortunately, after one year, ur reservations are deleted from the system and ur money gone with the airline😡",1,2022-03-29,Google Play,Customer Review,https://play.google.com/store/apps/details?id=com.flyairpeace.app.airpeace&hl=en&gl=ng
2ea070a8-7e16-4ce1-80dd-2f6281bdcaa6,Air Peace,Best app for your air travel,5,2022-03-27,Google Play,Customer Review,https://play.google.com/store/apps/details?id=com.flyairpeace.app.airpeace&hl=en&gl=ng
0e026fb4-59e6-4033-b025-81e177090644,Air Peace,Very nice. I love them so much,5,2022-03-24,Google Play,Customer Review,https://play.google.com/store/apps/details?id=com.flyairpeace.app.airpeace&hl=en&gl=ng
94f92c07-8789-4670-8efe-f10737180939,Air Peace,I really appreciate you,5,2022-03-19,Google Play,Customer Review,https://play.google.com/store/apps/details?id=com.flyairpeace.app.airpeace&hl=en&gl=ng
1be72339-8011-4a39-9f57-a76996f1e262,Air Peace,"Air peace in naija air traveling,so so amazing and faster in terms of everything booking and flying anywhere in nigeria.so far what i experience but is costly for we the poor Nigerians",5,2022-03-17,Google Play,Customer Review,https://play.google.com/store/apps/details?id=com.flyairpeace.app.airpeace&hl=en&gl=ng
6aae48ca-a243-4a8c-869c-18fcfe27f49d,Air Peace,Very nice and stressfree,5,2022-03-13,Google Play,Customer Review,https://play.google.com/store/apps/details?id=com.flyairpeace.app.airpeace&hl=en&gl=ng
ab2538a5-3d27-4b4d-b601-69d96a342eac,Air Peace,Very easy to access,5,2022-03-13,Google Play,Customer Review,https://play.google.com/store/apps/details?id=com.flyairpeace.app.airpeace&hl=en&gl=ng
f021c5bc-490f-4858-a28e-70dbeea19d0d,Air Peace,Very good,5,2022-03-10,Google Play,Customer Review,https://play.google.com/store/apps/details?id=com.flyairpeace.app.airpeace&hl=en&gl=ng
7ab71536-3e52-4112-be98-913cd2870ac3,Air Peace,Not responding,1,2022-03-08,Google Play,Customer Review,https://play.google.com/store/apps/details?id=com.flyairpeace.app.airpeace&hl=en&gl=ng
62f5f73f-3116-4161-a170-68832fa1d2a4,Air Peace,Good experience,4,2022-03-08,Google Play,Customer Review,https://play.google.com/store/apps/details?id=com.flyairpeace.app.airpeace&hl=en&gl=ng
999850bb-1a73-4c20-9adb-19674af9c63f,Air Peace,Very very very Owefull,1,2022-03-02,Google Play,Customer Review,https://play.google.com/store/apps/details?id=com.flyairpeace.app.airpeace&hl=en&gl=ng
d5542344-ae88-4708-8b78-b87bdeb572dd,Air Peace,Best airline,5,2022-02-25,Google Play,Customer Review,https://play.google.com/store/apps/details?id=com.flyairpeace.app.airpeace&hl=en&gl=ng
ee85faf5-aee2-4bea-a862-52398088df9f,Air Peace,"Such an Awesome, top notch experience 👌",5,2022-02-15,Google Play,Customer Review,https://play.google.com/store/apps/details?id=com.flyairpeace.app.airpeace&hl=en&gl=ng
5fbc1204-bf82-4fa8-bec4-fcc520e6439f,Air Peace,"The best flight booking app I've ever used! User friendly UI, and easy to complete transactions and payments. I bet those greedy travel agents would be counting their losses by now!",5,2022-02-15,Google Play,Customer Review,https://play.google.com/store/apps/details?id=com.flyairpeace.app.airpeace&hl=en&gl=ng
a0384031-ef75-4d06-933a-64a1a410cd62,Air Peace,"Very smooth, quite easy to understand and fast, no payment hazzles.",5,2022-02-15,Google Play,Customer Review,https://play.google.com/store/apps/details?id=com.flyairpeace.app.airpeace&hl=en&gl=ng
c41efebf-3db6-442b-8a93-a1758ab5dfd8,Air Peace,Good,5,2022-02-12,Google Play,Customer Review,https://play.google.com/store/apps/details?id=com.flyairpeace.app.airpeace&hl=en&gl=ng
a1b0dc5f-18f4-4687-b906-31d88893368d,Air Peace,"Quite a cool app to use. However, I'm trying to book a flight to Anambra but it seems not to have been added to this app yet. Please do something about that.",3,2022-02-11,Google Play,Customer Review,https://play.google.com/store/apps/details?id=com.flyairpeace.app.airpeace&hl=en&gl=ng
7f0801ad-5fd1-4dfe-a14b-2eff2231bcd9,Air Peace,Nice one,5,2022-02-11,Google Play,Customer Review,https://play.google.com/store/apps/details?id=com.flyairpeace.app.airpeace&hl=en&gl=ng
9dcd503b-1be6-40c7-b13f-95c356a47ccd,Air Peace,Very Good Experience With This Air line.,5,2022-02-11,Google Play,Customer Review,https://play.google.com/store/apps/details?id=com.flyairpeace.app.airpeace&hl=en&gl=ng
58f174aa-2ef5-4fe6-a145-2447da56fc8e,Air Peace,Very useless airline. Unreliable service and very unsavory experience. They kept delaying and rescheduling fights and were not adhering to the proposed time.DO NOT USE THIS AIRLINE!!!!,1,2022-02-10,Google Play,Customer Review,https://play.google.com/store/apps/details?id=com.flyairpeace.app.airpeace&hl=en&gl=ng
25b3635c-8191-4380-92f5-37ab1566b9ac,Air Peace,Simple and straight forward. Cool,5,2022-02-08,Google Play,Customer Review,https://play.google.com/store/apps/details?id=com.flyairpeace.app.airpeace&hl=en&gl=ng
709bde88-8379-4846-89e1-7e4148117e07,Air Peace,Fantastic,5,2022-02-04,Google Play,Customer Review,https://play.google.com/store/apps/details?id=com.flyairpeace.app.airpeace&hl=en&gl=ng
df2985d6-56c3-4f3c-899e-2dd54c627185,Air Peace,Good and fit,5,2022-01-28,Google Play,Customer Review,https://play.google.com/store/apps/details?id=com.flyairpeace.app.airpeace&hl=en&gl=ng
947901f6-8d5d-4d10-920e-e00ebf7e3b98,Air Peace,Okay!,4,2022-01-26,Google Play,Customer Review,https://play.google.com/store/apps/details?id=com.flyairpeace.app.airpeace&hl=en&gl=ng
05cb21de-eb6f-40fe-b280-518010f6942c,Air Peace,Good,5,2022-01-26,Google Play,Customer Review,https://play.google.com/store/apps/details?id=com.flyairpeace.app.airpeace&hl=en&gl=ng
243565c3-784d-4bb0-ae78-74955c69edb8,Air Peace,Superp,5,2022-01-25,Google Play,Customer Review,https://play.google.com/store/apps/details?id=com.flyairpeace.app.airpeace&hl=en&gl=ng
8339d601-e21f-4a68-944a-8336104c7a2f,Air Peace,I enjoy flying with Airpeace,5,2022-01-24,Google Play,Customer Review,https://play.google.com/store/apps/details?id=com.flyairpeace.app.airpeace&hl=en&gl=ng
8fbc195c-83c6-4532-b515-32df4a910926,Air Peace,There's so much room for improvement. I think time management is lacking in the operations.,3,2022-01-24,Google Play,Customer Review,https://play.google.com/store/apps/details?id=com.flyairpeace.app.airpeace&hl=en&gl=ng
89ecfeb9-34f6-4c90-b887-a119e9ff3fcf,Air Peace,I took my time and read all the feedback here no one give me hope to book a flight Nigeria upgrade please,1,2022-01-24,Google Play,Customer Review,https://play.google.com/store/apps/details?id=com.flyairpeace.app.airpeace&hl=en&gl=ng
7015449e-6d31-4302-822e-0b7dab12c044,Air Peace,Good,5,2022-01-24,Google Play,Customer Review,https://play.google.com/store/apps/details?id=com.flyairpeace.app.airpeace&hl=en&gl=ng
aa82a9e6-5b22-4eb6-87be-3bfe77154473,Air Peace,Best experience,5,2022-01-20,Google Play,Customer Review,https://play.google.com/store/apps/details?id=com.flyairpeace.app.airpeace&hl=en&gl=ng
40ad96ec-bbcc-4803-ad61-91cab47bcb76,Air Peace,"Not working at all ,",1,2022-01-20,Google Play,Customer Review,https://play.google.com/store/apps/details?id=com.flyairpeace.app.airpeace&hl=en&gl=ng
cd130909-d05c-41a9-b525-754454260f08,Air Peace,Great app it's helpful.,5,2022-01-18,Google Play,Customer Review,https://play.google.com/store/apps/details?id=com.flyairpeace.app.airpeace&hl=en&gl=ng
2d6be431-057f-4cf2-ad87-f92641183358,Air Peace,You are on point ☝️ because Airpeace have chose safety over gain.,4,2022-01-18,Google Play,Customer Review,https://play.google.com/store/apps/details?id=com.flyairpeace.app.airpeace&hl=en&gl=ng
4231e33a-5e6e-49db-bb87-00f6c18eb5e6,Air Peace,Very nice,5,2022-01-18,Google Play,Customer Review,https://play.google.com/store/apps/details?id=com.flyairpeace.app.airpeace&hl=en&gl=ng
497a6801-1d62-49d7-9c29-21279674e9df,Air Peace,App ok but can be improved upon,4,2022-01-18,Google Play,Customer Review,https://play.google.com/store/apps/details?id=com.flyairpeace.app.airpeace&hl=en&gl=ng
d0a81c17-d55a-4b5f-848c-77ef1747ea23,Air Peace,Great!,5,2022-01-14,Google Play,Customer Review,https://play.google.com/store/apps/details?id=com.flyairpeace.app.airpeace&hl=en&gl=ng
a32ffce6-bd05-433b-a91a-dc0cac4404c0,Air Peace,It's worth it,4,2022-01-10,Google Play,Customer Review,https://play.google.com/store/apps/details?id=com.flyairpeace.app.airpeace&hl=en&gl=ng
3f0f4b9a-f014-4158-b8b1-362c033194b0,Air Peace,Good,5,2022-01-09,Google Play,Customer Review,https://play.google.com/store/apps/details?id=com.flyairpeace.app.airpeace&hl=en&gl=ng
4e3a6689-767c-4fdb-b316-ec414336b4bf,Air Peace,Not flown out òf Nigeria for Two Decades and One Now. Feeling d Energy and Vibes of Transportation.,5,2022-01-08,Google Play,Customer Review,https://play.google.com/store/apps/details?id=com.flyairpeace.app.airpeace&hl=en&gl=ng
1635c9de-5fd3-4a05-9f4c-5d10ec675c16,Air Peace,Air peace is my best flight among any other domestic flight.,5,2022-01-07,Google Play,Customer Review,https://play.google.com/store/apps/details?id=com.flyairpeace.app.airpeace&hl=en&gl=ng
f750b770-b418-4643-bc49-dd49f2730278,Air Peace,My flight to Abuja was cool peaceful and Neat ...tho it's was my first time flying and my flight time was delayed tho🌝🥱,5,2022-01-06,Google Play,Customer Review,https://play.google.com/store/apps/details?id=com.flyairpeace.app.airpeace&hl=en&gl=ng
f984fccc-1d5a-4865-824f-0f56891dcf39,Air Peace,good fligth,5,2022-01-03,Google Play,Customer Review,https://play.google.com/store/apps/details?id=com.flyairpeace.app.airpeace&hl=en&gl=ng
ed26932d-cab3-49c4-9853-c02a02eb5b96,Air Peace,Nice,5,2021-12-31,Google Play,Customer Review,https://play.google.com/store/apps/details?id=com.flyairpeace.app.airpeace&hl=en&gl=ng
0848d95d-086f-4cd4-a4e8-bd27f4c085df,Air Peace,Nice app,5,2021-12-31,Google Play,Customer Review,https://play.google.com/store/apps/details?id=com.flyairpeace.app.airpeace&hl=en&gl=ng
ea49dbb3-b316-4c17-9429-d69152fa98ae,Air Peace,Swift,5,2021-12-30,Google Play,Customer Review,https://play.google.com/store/apps/details?id=com.flyairpeace.app.airpeace&hl=en&gl=ng
92de03b6-98d5-405e-b732-69c76acc4e95,Air Peace,Feeback is not quick that's just my issues,3,2021-12-29,Google Play,Customer Review,https://play.google.com/store/apps/details?id=com.flyairpeace.app.airpeace&hl=en&gl=ng
30ad64f6-0ea3-45bc-8a3a-4f4030a5439d,Air Peace,"please I booked,How will I pay",5,2021-12-29,Google Play,Customer Review,https://play.google.com/store/apps/details?id=com.flyairpeace.app.airpeace&hl=en&gl=ng
efe7d8a9-a8f0-495e-8b02-3020a37d38c4,Air Peace,Efficient Airline,5,2021-12-27,Google Play,Customer Review,https://play.google.com/store/apps/details?id=com.flyairpeace.app.airpeace&hl=en&gl=ng
1cda964b-b374-45d8-8264-25a108f3e251,Air Peace,God bless Air peace.,5,2021-12-26,Google Play,Customer Review,https://play.google.com/store/apps/details?id=com.flyairpeace.app.airpeace&hl=en&gl=ng
8218b734-4429-47b0-87f4-ba784cc9b230,Air Peace,it not k Illinois huu it ijóg mum we,2,2021-12-23,Google Play,Customer Review,https://play.google.com/store/apps/details?id=com.flyairpeace.app.airpeace&hl=en&gl=ng
d5b2d1fa-8548-4952-b9af-26985300e292,Air Peace,Open,4,2021-12-23,Google Play,Customer Review,https://play.google.com/store/apps/details?id=com.flyairpeace.app.airpeace&hl=en&gl=ng
d35b09c2-b7fe-4fca-8d21-5fa6350dfe23,Air Peace,Thanks to Air peace for always considered when given price for flights.,5,2021-12-19,Google Play,Customer Review,https://play.google.com/store/apps/details?id=com.flyairpeace.app.airpeace&hl=en&gl=ng
c58d41a8-15a6-49c8-a42b-12fa2e2a7cdf,Air Peace,Wonderfully well. Kudos to all the staff,5,2021-12-18,Google Play,Customer Review,https://play.google.com/store/apps/details?id=com.flyairpeace.app.airpeace&hl=en&gl=ng
50207553-64f7-447b-975c-8d4cce7a3e5b,Air Peace,Comfortable and accessible,5,2021-12-17,Google Play,Customer Review,https://play.google.com/store/apps/details?id=com.flyairpeace.app.airpeace&hl=en&gl=ng
01dec981-c39a-42b4-9dec-29a4c7606a2e,Air Peace,Good,4,2021-12-15,Google Play,Customer Review,https://play.google.com/store/apps/details?id=com.flyairpeace.app.airpeace&hl=en&gl=ng
d16674dc-d4dc-482d-8a8f-a904333f313d,Air Peace,Very nice,3,2021-12-14,Google Play,Customer Review,https://play.google.com/store/apps/details?id=com.flyairpeace.app.airpeace&hl=en&gl=ng
27e2f631-4cd8-4722-9222-4e2913e7d4da,Air Peace,Application procedure,5,2021-12-14,Google Play,Customer Review,https://play.google.com/store/apps/details?id=com.flyairpeace.app.airpeace&hl=en&gl=ng
abf27fa7-3078-4214-9e08-101c1d7506b1,Air Peace,Air Peace Airline App of the Year. The Taxi and Hotel should be added on time. Thanks,5,2021-12-13,Google Play,Customer Review,https://play.google.com/store/apps/details?id=com.flyairpeace.app.airpeace&hl=en&gl=ng
e93a8c72-f687-40f4-b917-b25e10610093,Air Peace,"Good,best and better",5,2021-12-13,Google Play,Customer Review,https://play.google.com/store/apps/details?id=com.flyairpeace.app.airpeace&hl=en&gl=ng
7ce3b6de-48ab-4ea9-88b6-cbfecdac7c55,Air Peace,Cool. Convenient and relaxed,5,2021-12-11,Google Play,Customer Review,https://play.google.com/store/apps/details?id=com.flyairpeace.app.airpeace&hl=en&gl=ng
89a91285-1759-4c27-b748-51221d4107e0,Air Peace,"Everything seems to be awesome, I want to book flight but the time did not indicate am or pm please work on that so that person will not miss his flight after booking thank you",3,2021-12-11,Google Play,Customer Review,https://play.google.com/store/apps/details?id=com.flyairpeace.app.airpeace&hl=en&gl=ng
c9ddef29-3c9c-4f67-b771-f020e5a2b72a,Air Peace,"Booking and every other thing is ok do long you're the ones receiving the money...but since September 24th that I applied for a refund of my unused ticket from Accra to Lagos till date it hasn't been refunded, Airpeace that's a bad record on your side and I think you should do better than that. I had COVID and couldn't fly with the ticket, so I applied for refund, why haven't I gotten my money back even after you said you'll pay me 75% of the money and I agreed and forwarded all required documen",1,2021-12-10,Google Play,Customer Review,https://play.google.com/store/apps/details?id=com.flyairpeace.app.airpeace&hl=en&gl=ng
1c05bac9-14cb-458e-8fec-ffc925531621,Air Peace,Cool,1,2021-12-10,Google Play,Customer Review,https://play.google.com/store/apps/details?id=com.flyairpeace.app.airpeace&hl=en&gl=ng
503738c2-a450-4956-878b-c3ec34e238a1,Air Peace,"Airpeace us one of the worst airline out there, their customers service is very bad, I called them and waited for over an hour but they didn't pick, they cancelled alot of flights but have refused to refund any money, they are the worst airline and I never advice anyone to ever patronize them cause you are in for a road of tears",1,2021-12-10,Google Play,Customer Review,https://play.google.com/store/apps/details?id=com.flyairpeace.app.airpeace&hl=en&gl=ng
bdec4e2c-8591-4727-9d98-26b5002af993,Air Peace,Easy !,5,2021-12-09,Google Play,Customer Review,https://play.google.com/store/apps/details?id=com.flyairpeace.app.airpeace&hl=en&gl=ng
dc9ea53e-8b71-4625-8413-9236c75ec5e8,Air Peace,Not too good,1,2021-12-09,Google Play,Customer Review,https://play.google.com/store/apps/details?id=com.flyairpeace.app.airpeace&hl=en&gl=ng
ad992d0b-6ffd-4a03-b8a9-3d244d74a21b,Air Peace,Nice,5,2021-12-09,Google Play,Customer Review,https://play.google.com/store/apps/details?id=com.flyairpeace.app.airpeace&hl=en&gl=ng
57758b19-dd94-4fa3-a3bd-f5df66a84bce,Air Peace,Excellent.,5,2021-12-08,Google Play,Customer Review,https://play.google.com/store/apps/details?id=com.flyairpeace.app.airpeace&hl=en&gl=ng
2a0d4355-c734-41ca-a217-f9f3f2003e45,Air Peace,Can't go far without Air peace. Comfortable always.,5,2021-12-08,Google Play,Customer Review,https://play.google.com/store/apps/details?id=com.flyairpeace.app.airpeace&hl=en&gl=ng
56bb6da2-034b-43c4-a96e-4b69cf3d3d82,Air Peace,Perfect thank,3,2021-12-07,Google Play,Customer Review,https://play.google.com/store/apps/details?id=com.flyairpeace.app.airpeace&hl=en&gl=ng
8e4a841c-4720-46f0-bfa5-a872064e3e60,Air Peace,Very good app,5,2021-12-07,Google Play,Customer Review,https://play.google.com/store/apps/details?id=com.flyairpeace.app.airpeace&hl=en&gl=ng
9dfafebc-fe96-46f4-8c68-5910a3ee72d6,Air Peace,Awesome,5,2021-12-07,Google Play,Customer Review,https://play.google.com/store/apps/details?id=com.flyairpeace.app.airpeace&hl=en&gl=ng
a649bfd2-3a71-45a3-b4b3-17c33659bcb5,Air Peace,Bad now,1,2021-12-06,Google Play,Customer Review,https://play.google.com/store/apps/details?id=com.flyairpeace.app.airpeace&hl=en&gl=ng
5e258766-de4c-441f-8fe7-3a065ee56170,Air Peace,"Needs improvement on the login info, , my up coming flights don't show , I have to keep putting info all the time.",3,2021-12-06,Google Play,Customer Review,https://play.google.com/store/apps/details?id=com.flyairpeace.app.airpeace&hl=en&gl=ng
849ab331-6e64-494a-98d0-091e985b99ed,Air Peace,Good,5,2021-12-06,Google Play,Customer Review,https://play.google.com/store/apps/details?id=com.flyairpeace.app.airpeace&hl=en&gl=ng
806c83b5-c32e-489b-a7a3-f4b98f59df38,Air Peace,Very perfect,4,2021-12-05,Google Play,Customer Review,https://play.google.com/store/apps/details?id=com.flyairpeace.app.airpeace&hl=en&gl=ng
c831470b-657d-49f0-8169-47054e0aa7f2,Air Peace,Good,5,2021-12-05,Google Play,Customer Review,https://play.google.com/store/apps/details?id=com.flyairpeace.app.airpeace&hl=en&gl=ng
61f2a003-002a-45a0-9172-7428da5e8300,Air Peace,Awsome,5,2021-12-05,Google Play,Customer Review,https://play.google.com/store/apps/details?id=com.flyairpeace.app.airpeace&hl=en&gl=ng
5e3fb1d5-de22-4dc7-97e0-bc9dd5b0f928,Air Peace,It's been good just that flight delay is becoming your identity.,4,2021-12-05,Google Play,Customer Review,https://play.google.com/store/apps/details?id=com.flyairpeace.app.airpeace&hl=en&gl=ng
e9a105e4-5838-4119-8786-26d1425ff94e,Air Peace,"Great guys, great services",5,2021-12-05,Google Play,Customer Review,https://play.google.com/store/apps/details?id=com.flyairpeace.app.airpeace&hl=en&gl=ng
c89bf385-0418-4a8c-83ba-ea4f22d62af3,Air Peace,Very good and easy to operate,5,2021-12-05,Google Play,Customer Review,https://play.google.com/store/apps/details?id=com.flyairpeace.app.airpeace&hl=en&gl=ng
14f7dfd6-fa7e-4aad-bcfe-b40269db5e0b,Air Peace,"Booking made easy. It's awesome, fast and very reliable",5,2021-12-05,Google Play,Customer Review,https://play.google.com/store/apps/details?id=com.flyairpeace.app.airpeace&hl=en&gl=ng
3861e3eb-d91f-4c9e-9e0b-2f5af8e8d24a,Air Peace,Very good plan,5,2021-12-04,Google Play,Customer Review,https://play.google.com/store/apps/details?id=com.flyairpeace.app.airpeace&hl=en&gl=ng
c0cb93ef-d26d-4ba9-868b-6c5f9ea6d3ff,Air Peace,The app should be synced properly with user's account,2,2021-12-03,Google Play,Customer Review,https://play.google.com/store/apps/details?id=com.flyairpeace.app.airpeace&hl=en&gl=ng
d47405a0-f044-4ed5-8ef3-878440343761,Air Peace,Have to improve in the customer services,5,2021-12-03,Google Play,Customer Review,https://play.google.com/store/apps/details?id=com.flyairpeace.app.airpeace&hl=en&gl=ng
dae4749c-ffe4-4b0f-812c-80cca9de979c,Air Peace,"Air peace, you guys rock. I so much like the app. Your cabin crew are top notch. Keep it up.",5,2021-12-03,Google Play,Customer Review,https://play.google.com/store/apps/details?id=com.flyairpeace.app.airpeace&hl=en&gl=ng
d596e9d5-a467-4ebe-8468-898a8aa12bb4,Air Peace,The best,5,2021-12-02,Google Play,Customer Review,https://play.google.com/store/apps/details?id=com.flyairpeace.app.airpeace&hl=en&gl=ng
86fc8fde-d953-45e7-9329-7d8054a967d5,Air Peace,Good,5,2021-12-02,Google Play,Customer Review,https://play.google.com/store/apps/details?id=com.flyairpeace.app.airpeace&hl=en&gl=ng
dda8c099-1a70-47b9-9b41-aa219b730c06,Air Peace,There new aircrafts are powerful with fun to be air hostesses.,4,2021-12-02,Google Play,Customer Review,https://play.google.com/store/apps/details?id=com.flyairpeace.app.airpeace&hl=en&gl=ng
1fa1fb34-0111-4679-b034-3256593ebf01,Air Peace,Good app,5,2021-12-02,Google Play,Customer Review,https://play.google.com/store/apps/details?id=com.flyairpeace.app.airpeace&hl=en&gl=ng
2abd5462-fb19-460e-8fc1-67e64b03580c,Air Peace,The customer service is absolute ZERO. App is good,1,2021-12-02,Google Play,Customer Review,https://play.google.com/store/apps/details?id=com.flyairpeace.app.airpeace&hl=en&gl=ng
be3e79a4-dd67-4d49-9321-fdcd85f9ba81,Air Peace,"Your services is extremely worst, booked a flight and was cancelled twice without prior notification and yet to proper response since, you waste my time, my resources and yet no refund since more than three weeks now",1,2021-12-02,Google Play,Customer Review,https://play.google.com/store/apps/details?id=com.flyairpeace.app.airpeace&hl=en&gl=ng
3fc67fa1-8511-473b-8ae4-452a15d1b263,Air Peace,Doesn't waste my time... quite Easy and straightforward,5,2021-12-02,Google Play,Customer Review,https://play.google.com/store/apps/details?id=com.flyairpeace.app.airpeace&hl=en&gl=ng
bcfb09f9-18e2-4f94-b1ed-d017547bc4de,Air Peace,Very easy and nice to use,5,2021-12-02,Google Play,Customer Review,https://play.google.com/store/apps/details?id=com.flyairpeace.app.airpeace&hl=en&gl=ng
4fc205d0-d78b-4ab5-b3fb-2a197a607761,Air Peace,Very good,5,2021-12-01,Google Play,Customer Review,https://play.google.com/store/apps/details?id=com.flyairpeace.app.airpeace&hl=en&gl=ng
6b5a1d26-dd9b-436b-8dfc-b836b380dd17,Air Peace,Excellent. Keep it up,5,2021-12-01,Google Play,Customer Review,https://play.google.com/store/apps/details?id=com.flyairpeace.app.airpeace&hl=en&gl=ng
e36b2828-59e2-4c04-83c0-6f99f4fc71c2,Air Peace,This app is so helpful and the process of booking so seamless.,4,2021-12-01,Google Play,Customer Review,https://play.google.com/store/apps/details?id=com.flyairpeace.app.airpeace&hl=en&gl=ng
72b9c75c-3ae6-4be6-8281-c7037d070fa3,Air Peace,Gross maltreatment of passengers have been reported against this airline. Patronage by me has been suspended indefinitely.,1,2021-12-01,Google Play,Customer Review,https://play.google.com/store/apps/details?id=com.flyairpeace.app.airpeace&hl=en&gl=ng
82acceda-754c-455b-ab91-fddb9a19f73a,Air Peace,"Airpeace you are so good, thanks for your quick response to my earlier review by adding IBADAN route to app. 5 stars",5,2021-12-01,Google Play,Customer Review,https://play.google.com/store/apps/details?id=com.flyairpeace.app.airpeace&hl=en&gl=ng
bf4b057e-c17d-4e25-9c72-ce91a1453f3b,Air Peace,It's been helpful with flight booking,5,2021-12-01,Google Play,Customer Review,https://play.google.com/store/apps/details?id=com.flyairpeace.app.airpeace&hl=en&gl=ng
5d6a7a66-1faf-4469-a115-ba271e0e987b,Air Peace,User friendly service,5,2021-12-01,Google Play,Customer Review,https://play.google.com/store/apps/details?id=com.flyairpeace.app.airpeace&hl=en&gl=ng
dcf9e1a7-e34a-4863-8808-4ea7f6de8d17,Air Peace,I have been using this App for quite a while now and it was amazing and successful from bookings to payments and also managing your tickets is more easier I love this App just give it a try you will be Happy,5,2021-12-01,Google Play,Customer Review,https://play.google.com/store/apps/details?id=com.flyairpeace.app.airpeace&hl=en&gl=ng
4b32cfc2-a089-4279-abf8-b960d192236a,Air Peace,Nice,5,2021-12-01,Google Play,Customer Review,https://play.google.com/store/apps/details?id=com.flyairpeace.app.airpeace&hl=en&gl=ng
70156eef-65b0-4a3b-b258-797bf3b0b9a2,Air Peace,👍🏾,4,2021-12-01,Google Play,Customer Review,https://play.google.com/store/apps/details?id=com.flyairpeace.app.airpeace&hl=en&gl=ng
c5ff0770-7838-4b23-9c36-dcf6315fc406,Air Peace,It's fine and easy to use,5,2021-12-01,Google Play,Customer Review,https://play.google.com/store/apps/details?id=com.flyairpeace.app.airpeace&hl=en&gl=ng
067881c0-c1fa-41b3-8e53-4a2c4049953d,Air Peace,Easy to use interface,5,2021-12-01,Google Play,Customer Review,https://play.google.com/store/apps/details?id=com.flyairpeace.app.airpeace&hl=en&gl=ng
5eb4e9c5-f42f-48a8-85b5-ade98d5c145c,Air Peace,Great app,5,2021-11-30,Google Play,Customer Review,https://play.google.com/store/apps/details?id=com.flyairpeace.app.airpeace&hl=en&gl=ng
274cf64f-fdf0-46c9-b746-4245b3dba8bd,Air Peace,The app is really a good one but please try to add South East to southeast root like Asaba to Owerri to port Harcourt,5,2021-11-30,Google Play,Customer Review,https://play.google.com/store/apps/details?id=com.flyairpeace.app.airpeace&hl=en&gl=ng
05c06860-cc1c-4324-ae8a-9d17771b7ce0,Air Peace,"Airpeace is primarily a mess. The app seems good, but the firm misbehaves. So, clouded by their misbehaviours, I'll give them less than a star if it were possible.",1,2021-11-30,Google Play,Customer Review,https://play.google.com/store/apps/details?id=com.flyairpeace.app.airpeace&hl=en&gl=ng
2bd38845-c84d-4a9c-ace6-9d16b33e5ef6,Air Peace,Excellent,5,2021-11-30,Google Play,Customer Review,https://play.google.com/store/apps/details?id=com.flyairpeace.app.airpeace&hl=en&gl=ng
df10ca58-46b9-4aa0-b53d-ad188aef806c,Air Peace,Good,5,2021-11-30,Google Play,Customer Review,https://play.google.com/store/apps/details?id=com.flyairpeace.app.airpeace&hl=en&gl=ng
f3505e38-2fa2-4b15-821a-c1f49276d7e0,Air Peace,"The app is cool though but then your customer services at the airport are so mannerless and disrespectful, i am from onyema's home town and feels irs its normall ro be patriotic but my friends and i jave experience huge embarrassment from your customer service no respect at all",2,2021-11-30,Google Play,Customer Review,https://play.google.com/store/apps/details?id=com.flyairpeace.app.airpeace&hl=en&gl=ng
3c5e7d98-4e54-4ff7-ad12-c57521ae577c,Air Peace,satisfactory,5,2021-11-30,Google Play,Customer Review,https://play.google.com/store/apps/details?id=com.flyairpeace.app.airpeace&hl=en&gl=ng
7b3c243f-1be6-4cdd-bab5-5895b75644ce,Air Peace,Very nice,5,2021-11-30,Google Play,Customer Review,https://play.google.com/store/apps/details?id=com.flyairpeace.app.airpeace&hl=en&gl=ng
bf0dc14f-1460-4e68-8714-d03b4834004d,Air Peace,Fabulous,4,2021-11-30,Google Play,Customer Review,https://play.google.com/store/apps/details?id=com.flyairpeace.app.airpeace&hl=en&gl=ng
6f14fbb4-465b-441d-a8a8-c272ec4ae00c,Air Peace,"Since the recent update, app does not open",5,2021-11-30,Google Play,Customer Review,https://play.google.com/store/apps/details?id=com.flyairpeace.app.airpeace&hl=en&gl=ng
50b54438-41b8-4066-8526-459ef7fb2af4,Air Peace,"We complained and you listened. I updated and boom, there is a section for Peace Advantage but none to claim my missing miles?",4,2021-11-30,Google Play,Customer Review,https://play.google.com/store/apps/details?id=com.flyairpeace.app.airpeace&hl=en&gl=ng
67c32ab8-79a6-4471-9955-7b49a43dfe85,Air Peace,Awesome,5,2021-11-30,Google Play,Customer Review,https://play.google.com/store/apps/details?id=com.flyairpeace.app.airpeace&hl=en&gl=ng
0eb796bf-377d-45a6-8fe4-85b127d1b0e2,Air Peace,"Responsible. Smart app. I truly like the convenience of booking my tickets here. Keep it up, Air Peace Ltd.",5,2021-11-30,Google Play,Customer Review,https://play.google.com/store/apps/details?id=com.flyairpeace.app.airpeace&hl=en&gl=ng
1581a9e8-2795-4a25-a836-5859476e1ccd,Air Peace,Excellent app,5,2021-11-30,Google Play,Customer Review,https://play.google.com/store/apps/details?id=com.flyairpeace.app.airpeace&hl=en&gl=ng
618adc5f-d67a-4610-9141-6ff617f90b96,Air Peace,Nice,5,2021-11-30,Google Play,Customer Review,https://play.google.com/store/apps/details?id=com.flyairpeace.app.airpeace&hl=en&gl=ng
7f3e7f03-058e-4888-a45e-9f83effb7357,Air Peace,Nice app,5,2021-11-30,Google Play,Customer Review,https://play.google.com/store/apps/details?id=com.flyairpeace.app.airpeace&hl=en&gl=ng
b19fb9ca-7d11-4995-9ca6-3f331412488d,Air Peace,"Airpeace is highly inefficient, customer service is extremely poor, accessibility is terrible. I have had 2 similar experiences of paying for flight tickets, getting payment receipt but no flight ticket. Sent several emails, called all their numbers including the number of different states but all lines where switched off. No response to the mails I sent till now, but they received the money. This is definitely a display of fraudulent behaviour. I will definitely not recommend them at all.",1,2021-11-25,Google Play,Customer Review,https://play.google.com/store/apps/details?id=com.flyairpeace.app.airpeace&hl=en&gl=ng
5f2916cd-cb72-4531-bedf-a76584a93f66,Air Peace,So wonderful and User-friendly,5,2021-11-24,Google Play,Customer Review,https://play.google.com/store/apps/details?id=com.flyairpeace.app.airpeace&hl=en&gl=ng
8897f731-9b3e-4086-bb43-f2dacb8aae96,Air Peace,*Use this app and regret your life* Useless app with useless company... not organise for anything. Don't use this app. Your money will be trapped... rubbish customer care... bunch of fools...,1,2021-11-17,Google Play,Customer Review,https://play.google.com/store/apps/details?id=com.flyairpeace.app.airpeace&hl=en&gl=ng
78e2083f-caf7-48d1-be68-6624e17b7bd8,Air Peace,Best airline,5,2021-11-16,Google Play,Customer Review,https://play.google.com/store/apps/details?id=com.flyairpeace.app.airpeace&hl=en&gl=ng
c30f4dbf-c2ba-4313-8707-0a673a89a3f1,Air Peace,I don't just understand this app anymore I will book just once and boom I have to delete and reinstall again... the worst part is its not even downloading again and I need an urgent booking,1,2021-10-22,Google Play,Customer Review,https://play.google.com/store/apps/details?id=com.flyairpeace.app.airpeace&hl=en&gl=ng
fcb15b9c-2729-4abb-80e7-a266fe9695b1,Air Peace,"I tried booking a ticket,after paying with paystack up till now the payment hasn't been confirmed, so I can't complete my bookings, pls help",4,2021-10-18,Google Play,Customer Review,https://play.google.com/store/apps/details?id=com.flyairpeace.app.airpeace&hl=en&gl=ng
384b8988-8b50-4df4-a7cc-c068d70f6812,Air Peace,"I used the app to book a flight and made a payment to Flutterwave and till now I have not received any flight tickets or details, but I received a mail that my payment was received but don't know why the delay on the flight details or tickets... please do something about this issue....",1,2021-10-13,Google Play,Customer Review,https://play.google.com/store/apps/details?id=com.flyairpeace.app.airpeace&hl=en&gl=ng
281793bd-1f03-43d7-b4d3-fd30992bcdae,Air Peace,Quite seamless to navigate. It doesn't seem to give the option of inputing one's Membership number when making bookings in order to accrue the miles.,4,2021-10-07,Google Play,Customer Review,https://play.google.com/store/apps/details?id=com.flyairpeace.app.airpeace&hl=en&gl=ng
5a60be00-58cc-46eb-90e8-8bfcfdb0e149,Air Peace,Only the management Staff respect and attend to customers very well but the counter executives (Ticketing etc) are like trained to be extra rude and inefficient.,1,2021-09-18,Google Play,Customer Review,https://play.google.com/store/apps/details?id=com.flyairpeace.app.airpeace&hl=en&gl=ng
b8a69529-c7c5-4af2-a359-9267f881e699,Air Peace,This app is infected! It has a virus in it. My anti virus intercepted it and stopped the installation.,1,2021-09-14,Google Play,Customer Review,https://play.google.com/store/apps/details?id=com.flyairpeace.app.airpeace&hl=en&gl=ng
08a45856-d841-4e32-b80d-17d06edb010e,Air Peace,Good,5,2021-09-13,Google Play,Customer Review,https://play.google.com/store/apps/details?id=com.flyairpeace.app.airpeace&hl=en&gl=ng
7ffa85c1-904b-4570-b087-7367ec017a9c,Air Peace,Very poor service please work on your customer services mbok 😏,1,2021-09-10,Google Play,Customer Review,https://play.google.com/store/apps/details?id=com.flyairpeace.app.airpeace&hl=en&gl=ng
2c859a4a-4ceb-4e59-a526-c525d87a3e77,Air Peace,❤️❤️❤️❤️,5,2021-09-08,Google Play,Customer Review,https://play.google.com/store/apps/details?id=com.flyairpeace.app.airpeace&hl=en&gl=ng
52a26800-f342-458b-a2bc-9e3dbeb5d6dd,Air Peace,Some locations like Ilorin has not been added to the destination list on this app,4,2021-09-04,Google Play,Customer Review,https://play.google.com/store/apps/details?id=com.flyairpeace.app.airpeace&hl=en&gl=ng
f42fc8cf-a38a-4d7c-a5a5-d83cf10bf325,Air Peace,Pls work on the app. its really poor a lot of bugs. When I change my flight date is doesnt change on the app though I get an email that is was changed. And I can't even choose a new seat when I change date.,3,2021-09-03,Google Play,Customer Review,https://play.google.com/store/apps/details?id=com.flyairpeace.app.airpeace&hl=en&gl=ng
3313b35e-429a-4322-b754-34f613b51458,Air Peace,"So far so good, wonderful app",5,2021-08-31,Google Play,Customer Review,https://play.google.com/store/apps/details?id=com.flyairpeace.app.airpeace&hl=en&gl=ng
66995be8-3c58-4bca-a1cf-d2dd567b15e9,Air Peace,Good app,4,2021-08-20,Google Play,Customer Review,https://play.google.com/store/apps/details?id=com.flyairpeace.app.airpeace&hl=en&gl=ng
c771ca68-8cfc-4856-b1c9-f47b73d59bc3,Air Peace,I can't book from the app,3,2021-08-16,Google Play,Customer Review,https://play.google.com/store/apps/details?id=com.flyairpeace.app.airpeace&hl=en&gl=ng
78c06967-2c45-4152-a541-0da425b8f334,Air Peace,Nice app,5,2021-08-16,Google Play,Customer Review,https://play.google.com/store/apps/details?id=com.flyairpeace.app.airpeace&hl=en&gl=ng
8334659b-6e6c-4024-89c1-e8acf08b7b8c,Air Peace,"Best known for delaying and postponing Flight, I fact they deserve an award for that, if you have important appointment to meet up, they will always disappoint",1,2021-08-03,Google Play,Customer Review,https://play.google.com/store/apps/details?id=com.flyairpeace.app.airpeace&hl=en&gl=ng
eb6ae917-6c95-4290-acb3-cd9e720e7712,Air Peace,"Please can I get a refund, I booked twice (once on the web, and another via the app)...or better still be able to re schedule the dates for someone in my team getting the return ticket ....i have sent screenshot proof of the web app booking alrdy done and that of the web to your mail ,...yet no response",4,2021-07-27,Google Play,Customer Review,https://play.google.com/store/apps/details?id=com.flyairpeace.app.airpeace&hl=en&gl=ng
e50888d4-94ba-4bed-ad22-c91abf6d7d8c,Air Peace,"Please could you check your app,I have been trying to make a booking since morning but it seems is not opening.",1,2021-07-22,Google Play,Customer Review,https://play.google.com/store/apps/details?id=com.flyairpeace.app.airpeace&hl=en&gl=ng
696a161d-e2ca-45b8-9f4c-39abda6ff140,Air Peace,I was debited since yesterday but airpeace said booking failed My money hasn't been refunded,1,2021-07-22,Google Play,Customer Review,https://play.google.com/store/apps/details?id=com.flyairpeace.app.airpeace&hl=en&gl=ng
eb92d5f1-485c-4795-aa60-8bf308a2424e,Air Peace,"Customer service is poor, all the customer support lines are not reachable... Since yesterday I've been try to reach out for a complain, I made payment for booking it was successful yet booking is yet to be confirmed",1,2021-07-22,Google Play,Customer Review,https://play.google.com/store/apps/details?id=com.flyairpeace.app.airpeace&hl=en&gl=ng
6fb18d86-f2c5-4632-b59c-8674f9d745e3,Air Peace,Nice app... We need a membership login phase. Thank you.,3,2021-07-17,Google Play,Customer Review,https://play.google.com/store/apps/details?id=com.flyairpeace.app.airpeace&hl=en&gl=ng
ec345b30-95cf-4316-9c16-694f26fc4bd0,Air Peace,Cool app,5,2021-07-15,Google Play,Customer Review,https://play.google.com/store/apps/details?id=com.flyairpeace.app.airpeace&hl=en&gl=ng
ab54b1bf-ac13-42f9-8622-24fc45d1ab46,Air Peace,"Imaging, i booked a flight on the app and generated remit number i got to the bank to pay for my ticket The banks says the remit number is not value i mean i cant pay for my ticket,,, what a useless A pp",1,2021-07-06,Google Play,Customer Review,https://play.google.com/store/apps/details?id=com.flyairpeace.app.airpeace&hl=en&gl=ng
8acf582d-d546-4c01-ab2e-be3a292b944e,Air Peace,Air miles is not captured whenever I book with the app.,1,2021-06-28,Google Play,Customer Review,https://play.google.com/store/apps/details?id=com.flyairpeace.app.airpeace&hl=en&gl=ng
c276dd07-f35a-4327-bea9-372a3d58ba48,Air Peace,Amazing app Makes booking easy,5,2021-06-27,Google Play,Customer Review,https://play.google.com/store/apps/details?id=com.flyairpeace.app.airpeace&hl=en&gl=ng
284775ba-9c55-4038-8009-80916a66c08a,Air Peace,Air peace your services is very good and fast,5,2021-06-22,Google Play,Customer Review,https://play.google.com/store/apps/details?id=com.flyairpeace.app.airpeace&hl=en&gl=ng
a50cf9f2-a548-4133-8577-0e96a527a702,Air Peace,Fastest and easiest way I'd booked my flights.,5,2021-06-19,Google Play,Customer Review,https://play.google.com/store/apps/details?id=com.flyairpeace.app.airpeace&hl=en&gl=ng
81851b9f-df22-4ee9-b779-26c91fabe841,Air Peace,"Please I've booked a flight but I'm trying to check in, it keeps saying check in is unavailable for this flight",2,2021-06-19,Google Play,Customer Review,https://play.google.com/store/apps/details?id=com.flyairpeace.app.airpeace&hl=en&gl=ng
e14d6f35-fb9f-4972-b9f7-9167bd2a826a,Air Peace,Great,5,2021-06-17,Google Play,Customer Review,https://play.google.com/store/apps/details?id=com.flyairpeace.app.airpeace&hl=en&gl=ng
02a80739-b4d9-4dd4-a1f2-a1f409bbb2eb,Air Peace,Please attention should be given to airpeace bonus,4,2021-05-11,Google Play,Customer Review,https://play.google.com/store/apps/details?id=com.flyairpeace.app.airpeace&hl=en&gl=ng
e74499c8-2c2c-463a-9222-6271fe0d504a,Air Peace,Nice app.... Great design But please the team should add a profile section to the app as well as a section for peace advantage to earn air miles on the app. If not we will continue to book through the web to earn air miles. Because thats the main thing we need for more patronage.,5,2021-05-03,Google Play,Customer Review,https://play.google.com/store/apps/details?id=com.flyairpeace.app.airpeace&hl=en&gl=ng
a79ae718-b4b1-462b-8f6b-805a5f4448fa,Air Peace,"Dearest air peace, There's no option to allow us log in to our peace advantage profile and log peace miles on the app. This makes me always book on your website in order to earn my peace miles. I'd be nice if you can add the option of logging in once and keeping us logged in until we decide to log out so all bookings will be under that peace advantage profile. All in all,great app",4,2021-04-25,Google Play,Customer Review,https://play.google.com/store/apps/details?id=com.flyairpeace.app.airpeace&hl=en&gl=ng
4f5e0c7b-96ae-4aab-84fc-20dc4ded2c40,Air Peace,Lovely design and great user experience. I can book flights in as little as 2 minutes.,5,2021-04-20,Google Play,Customer Review,https://play.google.com/store/apps/details?id=com.flyairpeace.app.airpeace&hl=en&gl=ng
e4127cb8-29d2-484c-b439-49ac8a7ba470,Air Peace,"Airpeace truth is the app always says No seat whenever i want to book for a trip, i end up going to fullmoon to book my trip , and when i get there my trip will be successful booked , so why giving me an erro message of No seat , when there is obviously seats ?.....",1,2021-04-07,Google Play,Customer Review,https://play.google.com/store/apps/details?id=com.flyairpeace.app.airpeace&hl=en&gl=ng
d7ee64fb-8f82-4ac5-9237-cde0c075feb9,Air Peace,Good,1,2021-04-03,Google Play,Customer Review,https://play.google.com/store/apps/details?id=com.flyairpeace.app.airpeace&hl=en&gl=ng
d6ae4904-a80a-4345-a9a0-2ffd1e4e2acc,Air Peace,"Quite a good app. I used the app to book for flight seamlessly. But when I needed to check-in on the app, it kept loading for hours... felt a little bit frustrated with that, had to use the web. This issue of persistent loading of the dashboard has to be fixed.",4,2021-03-22,Google Play,Customer Review,https://play.google.com/store/apps/details?id=com.flyairpeace.app.airpeace&hl=en&gl=ng
2e649660-cf00-4bcc-81c6-41a1ec28814c,Air Peace,It's cool,5,2021-03-22,Google Play,Customer Review,https://play.google.com/store/apps/details?id=com.flyairpeace.app.airpeace&hl=en&gl=ng
294a842d-8d12-4e74-b6be-5bd1c114d639,Air Peace,Good 👍,5,2021-03-22,Google Play,Customer Review,https://play.google.com/store/apps/details?id=com.flyairpeace.app.airpeace&hl=en&gl=ng
f7f017a0-e6d1-4774-8c6f-8d8caf6202d7,Air Peace,The app keeps loading... can't book a flight or do any other thing since the app cant open.. really fustrating 😤😤😤.. started since last day,1,2021-03-20,Google Play,Customer Review,https://play.google.com/store/apps/details?id=com.flyairpeace.app.airpeace&hl=en&gl=ng
24e65c6b-7614-481a-a46d-be671deb268d,Air Peace,Good,5,2021-03-17,Google Play,Customer Review,https://play.google.com/store/apps/details?id=com.flyairpeace.app.airpeace&hl=en&gl=ng
a6c7ef29-8cf6-4ae4-b3b8-b6ffc557aab2,Air Peace,Good always y,5,2021-03-01,Google Play,Customer Review,https://play.google.com/store/apps/details?id=com.flyairpeace.app.airpeace&hl=en&gl=ng
cc691cf0-94dc-4d5a-99e5-cb6f634fd9e9,Air Peace,This so convenient compared to the website!,5,2021-02-21,Google Play,Customer Review,https://play.google.com/store/apps/details?id=com.flyairpeace.app.airpeace&hl=en&gl=ng
869c8f6c-7da4-4f39-9a4f-3ca64e99d249,Air Peace,There should be a place for seat changing....,4,2021-02-08,Google Play,Customer Review,https://play.google.com/store/apps/details?id=com.flyairpeace.app.airpeace&hl=en&gl=ng
045d6f31-f2af-4bc3-ac88-f2ecbf1bfb57,Air Peace,Pls i book on line they debited and told me that my booking is unsuccessful i don't understand this is a whole mess so what will happen to my money,1,2021-02-05,Google Play,Customer Review,https://play.google.com/store/apps/details?id=com.flyairpeace.app.airpeace&hl=en&gl=ng
0f598ea3-4bac-4f31-9a6f-ba7e603156d3,Air Peace,"Nah, downloaded the app, made a booking using it, and made a payment for the booking. For 3 days now it keeps saying no itinerary found for the booking, and to worsen matters, all the contacts put on the site are not reachable. Not cool at all, why put features that don't work on the app? Could really be better, but for this, I ll say a 1 star till my issue is resolved.",1,2021-02-05,Google Play,Customer Review,https://play.google.com/store/apps/details?id=com.flyairpeace.app.airpeace&hl=en&gl=ng
08e4da27-cc0d-4d31-9b4c-11e5b49cd6e6,Air Peace,Please on your app when giving departure time and arrival time indicate if it is AM or PM so one won't miss his or her flight. I jad to cancel my booking because of that please correct it as soon as possible.,5,2021-02-04,Google Play,Customer Review,https://play.google.com/store/apps/details?id=com.flyairpeace.app.airpeace&hl=en&gl=ng
870fc143-198c-445d-a04e-751613e019f4,Air Peace,Great 👌👌👌.,5,2021-02-04,Google Play,Customer Review,https://play.google.com/store/apps/details?id=com.flyairpeace.app.airpeace&hl=en&gl=ng
960204cf-662e-4a35-b11c-b28597ff5812,Air Peace,"Awesome app, I never believe Airpeace could be this great! Weldone guys and keep if up...I gave it 5stars already",5,2021-01-31,Google Play,Customer Review,https://play.google.com/store/apps/details?id=com.flyairpeace.app.airpeace&hl=en&gl=ng
c27a4dd0-aea4-4976-8873-cc04b486c679,Air Peace,Perfect and seamless Pan-African traveling App,5,2021-01-29,Google Play,Customer Review,https://play.google.com/store/apps/details?id=com.flyairpeace.app.airpeace&hl=en&gl=ng
9f39cc3e-5038-4ac2-9b46-e53fc79aaca6,Air Peace,Nice 👍 one ☺️,5,2021-01-26,Google Play,Customer Review,https://play.google.com/store/apps/details?id=com.flyairpeace.app.airpeace&hl=en&gl=ng
4be16acd-edcc-468d-b4f1-26395c1b3119,Air Peace,Amazing and easy,5,2021-01-22,Google Play,Customer Review,https://play.google.com/store/apps/details?id=com.flyairpeace.app.airpeace&hl=en&gl=ng
95b63a5d-98c7-4fe0-a88c-7d79800edc9a,Air Peace,"Why I can't i use this app on phone it only opens once after that all to square zoro, unless i uninstalled it and install it again why,?",2,2021-01-20,Google Play,Customer Review,https://play.google.com/store/apps/details?id=com.flyairpeace.app.airpeace&hl=en&gl=ng
96852a7c-1e6c-45b0-9c2c-d4a3938d9b97,Air Peace,Why is the app not working properly again,5,2021-01-19,Google Play,Customer Review,https://play.google.com/store/apps/details?id=com.flyairpeace.app.airpeace&hl=en&gl=ng
a86a4e85-3964-4c19-97c8-42e35deb33f1,Air Peace,Keeps loading and never opening.,1,2021-01-18,Google Play,Customer Review,https://play.google.com/store/apps/details?id=com.flyairpeace.app.airpeace&hl=en&gl=ng
59ad6935-a2e5-4479-b0d1-dd34631939ff,Air Peace,The app is good but I only used it for just one day and it stopped opening please the developer should fix it,4,2021-01-18,Google Play,Customer Review,https://play.google.com/store/apps/details?id=com.flyairpeace.app.airpeace&hl=en&gl=ng
b2a26d4f-ec8e-4c73-a672-a17897378d12,Air Peace,Good to use,5,2021-01-16,Google Play,Customer Review,https://play.google.com/store/apps/details?id=com.flyairpeace.app.airpeace&hl=en&gl=ng
61511e0a-9028-44c3-9682-f27a6a84b301,Air Peace,I downloaded the app waiting for it to come so I could probably proceed to book a seat it just keep loading the app didnt open. Can this be fixed becos I have been trying this for long time .,2,2021-01-13,Google Play,Customer Review,https://play.google.com/store/apps/details?id=com.flyairpeace.app.airpeace&hl=en&gl=ng
26c0f9d7-7420-4c69-a9fc-2b2110738c03,Air Peace,"Pls I cnt down load this app help me cuz I need it now like mad,and I wish to give u 5star bt I cnt download it 😢",1,2021-01-13,Google Play,Customer Review,https://play.google.com/store/apps/details?id=com.flyairpeace.app.airpeace&hl=en&gl=ng
8d2faf34-474f-4334-99e4-17ebbc5c4962,Air Peace,"Very good App, keep it up",5,2021-01-06,Google Play,Customer Review,https://play.google.com/store/apps/details?id=com.flyairpeace.app.airpeace&hl=en&gl=ng
143770ba-3ef1-45d5-85a9-d6e542a287e4,Air Peace,Good,5,2021-01-05,Google Play,Customer Review,https://play.google.com/store/apps/details?id=com.flyairpeace.app.airpeace&hl=en&gl=ng
258a6cad-7d73-41fb-af78-7a5180a2154e,Air Peace,Sure way to fly.,5,2020-12-27,Google Play,Customer Review,https://play.google.com/store/apps/details?id=com.flyairpeace.app.airpeace&hl=en&gl=ng
862c88c8-956c-4602-961d-7e9ef7eb02d6,Air Peace,Good job,5,2020-12-16,Google Play,Customer Review,https://play.google.com/store/apps/details?id=com.flyairpeace.app.airpeace&hl=en&gl=ng
9ad11f0e-7dc3-4b4b-ad0a-f38d1c3eb26c,Air Peace,Great app. I believe there should be a place to login so that existing customers can have their profile cached on the app for subsequent booking as well as keeping track of the Air miles... Just a thought 💭,5,2020-12-16,Google Play,Customer Review,https://play.google.com/store/apps/details?id=com.flyairpeace.app.airpeace&hl=en&gl=ng
58009412-2508-477c-832b-d222e0c0f537,Air Peace,"Hello, please you guys should check your numbers, they are not going through... I've been trying to call your customer care to make enquiry about a flight I booked but none of the numbers go through. Please can you post the number that is easily reachable for enquiry... Thank you",2,2020-12-15,Google Play,Customer Review,https://play.google.com/store/apps/details?id=com.flyairpeace.app.airpeace&hl=en&gl=ng
40dbe058-864b-4e02-8e3b-64b36d3ff284,Air Peace,"I booked for a flight that failed but was debited, then called the customer care who said that there was a hitch. I gave her my details and she registered me as we were talking. I then recieved my receipt but our names were misspelt with addition of a letter. I called back they said it cant be changed but that they will put a footnote to indicate that the name was misspelt and write the real name on the footnote. I hope we wont have any problem when travelling.",3,2020-12-07,Google Play,Customer Review,https://play.google.com/store/apps/details?id=com.flyairpeace.app.airpeace&hl=en&gl=ng
1ef42a35-c3db-48fb-901a-c471fdd40551,Air Peace,Great app,4,2020-12-04,Google Play,Customer Review,https://play.google.com/store/apps/details?id=com.flyairpeace.app.airpeace&hl=en&gl=ng
f664834f-0f84-419e-bd18-c4d2dc033697,Air Peace,"I find this more easier than the Website own. The Application is cool and it is more easy to make a booking. Nice one. By this, i give it 5Stars😁",5,2020-12-04,Google Play,Customer Review,https://play.google.com/store/apps/details?id=com.flyairpeace.app.airpeace&hl=en&gl=ng
ec211937-e231-4636-ac38-3948b81103a6,Air Peace,Nice App,5,2020-12-03,Google Play,Customer Review,https://play.google.com/store/apps/details?id=com.flyairpeace.app.airpeace&hl=en&gl=ng
42994e74-2704-4a58-9f2a-ae16e7b98469,Air Peace,"Pls why can't I download this app, it's always on pending, is there a solution to this?",5,2020-11-29,Google Play,Customer Review,https://play.google.com/store/apps/details?id=com.flyairpeace.app.airpeace&hl=en&gl=ng
777df47a-7dcc-4cbc-8835-3036ddb85d8e,Air Peace,Very easy and it work very fast much love,5,2020-11-27,Google Play,Customer Review,https://play.google.com/store/apps/details?id=com.flyairpeace.app.airpeace&hl=en&gl=ng
06447031-ecd4-474a-b9f8-e8f9afa62305,Air Peace,Very nice,5,2020-11-27,Google Play,Customer Review,https://play.google.com/store/apps/details?id=com.flyairpeace.app.airpeace&hl=en&gl=ng
7ea09cd2-f008-4d6c-848c-d8350f8b687a,Air Peace,This is so nice and easy. My first experience convinced me of its authenticity. Weldone airpeace,5,2020-11-18,Google Play,Customer Review,https://play.google.com/store/apps/details?id=com.flyairpeace.app.airpeace&hl=en&gl=ng
30974973-a0c4-4d25-b1d7-4f710b5c783e,Air Peace,I couldn't book a flight to accra ..its not on the list of destinations.. I thought airpeace go to Ghana,1,2020-11-09,Google Play,Customer Review,https://play.google.com/store/apps/details?id=com.flyairpeace.app.airpeace&hl=en&gl=ng
becb21cd-4928-4851-be41-1501982954af,Air Peace,Simple and easy to use,4,2020-11-09,Google Play,Customer Review,https://play.google.com/store/apps/details?id=com.flyairpeace.app.airpeace&hl=en&gl=ng
72d87e12-3224-4786-b662-b389d608b2e2,Air Peace,"Clean and functional UI, much better than the web, kudos!",5,2020-11-03,Google Play,Customer Review,https://play.google.com/store/apps/details?id=com.flyairpeace.app.airpeace&hl=en&gl=ng
449069de-46e9-43b7-b655-938fa42f6fe6,Air Peace,Great app,5,2020-11-01,Google Play,Customer Review,https://play.google.com/store/apps/details?id=com.flyairpeace.app.airpeace&hl=en&gl=ng
ec3a4d92-0532-470e-8edc-dd10a2decc23,Air Peace,Air peace✌️!!! U guys are the best 💋💕💕💕,5,2020-10-30,Google Play,Customer Review,https://play.google.com/store/apps/details?id=com.flyairpeace.app.airpeace&hl=en&gl=ng
a9f17b24-74b8-402b-9e43-577e98953672,Air Peace,Very nice that's all for now,5,2020-10-25,Google Play,Customer Review,https://play.google.com/store/apps/details?id=com.flyairpeace.app.airpeace&hl=en&gl=ng
cc0eda7c-4a66-425b-8cae-983abbdb24b9,Air Peace,Nice one ....is easy when booking or doing reservation ...Thanks at airpeace,5,2020-10-15,Google Play,Customer Review,https://play.google.com/store/apps/details?id=com.flyairpeace.app.airpeace&hl=en&gl=ng
90e3171d-d344-4ccb-9241-4c89a39f6903,Air Peace,good,5,2020-10-11,Google Play,Customer Review,https://play.google.com/store/apps/details?id=com.flyairpeace.app.airpeace&hl=en&gl=ng
4cad5698-e5a0-45a1-bc28-e43cdb9b52ac,Air Peace,Good,5,2020-10-10,Google Play,Customer Review,https://play.google.com/store/apps/details?id=com.flyairpeace.app.airpeace&hl=en&gl=ng
50f202da-8671-48da-a2d6-654c8f6d5866,Air Peace,So nice and fast,5,2020-10-06,Google Play,Customer Review,https://play.google.com/store/apps/details?id=com.flyairpeace.app.airpeace&hl=en&gl=ng
311060c9-5f91-4e6b-bc4b-a262713a5eb9,Air Peace,Good app,5,2020-09-13,Google Play,Customer Review,https://play.google.com/store/apps/details?id=com.flyairpeace.app.airpeace&hl=en&gl=ng
f4fcbc5e-027d-49ed-9710-06fd1cd07076,Air Peace,It's really nice but please try and include where one can log and book with E Advantage Number to have some point,5,2020-07-29,Google Play,Customer Review,https://play.google.com/store/apps/details?id=com.flyairpeace.app.airpeace&hl=en&gl=ng
e16a9cf3-a3a3-4959-95b2-519741a447e3,Air Peace,"The app is excellent, but needs timely improvement",5,2020-07-28,Google Play,Customer Review,https://play.google.com/store/apps/details?id=com.flyairpeace.app.airpeace&hl=en&gl=ng
81c00320-9bc0-4bfc-b3bd-96a83b7324d4,Air Peace,Excellent.,5,2020-07-08,Google Play,Customer Review,https://play.google.com/store/apps/details?id=com.flyairpeace.app.airpeace&hl=en&gl=ng
5be9a9f3-69c1-4b2d-ab93-89089afa484f,Air Peace,Awesom,5,2020-07-03,Google Play,Customer Review,https://play.google.com/store/apps/details?id=com.flyairpeace.app.airpeace&hl=en&gl=ng
73985042-a68b-4c07-b3e4-0903e79363ed,Air Peace,Good airline services,5,2020-05-16,Google Play,Customer Review,https://play.google.com/store/apps/details?id=com.flyairpeace.app.airpeace&hl=en&gl=ng
5cb0de56-65e1-4983-9bc8-d89e0bfd7bb8,Air Peace,"Super easy and nicely developed app. In my mind, its 5* but peace advantage account not available. I hope that part could be added soonest to have your hi 5 from me.",4,2020-03-22,Google Play,Customer Review,https://play.google.com/store/apps/details?id=com.flyairpeace.app.airpeace&hl=en&gl=ng
8bf8741f-8967-4fb8-87bd-ed02dc4ee384,Air Peace,I would have given this app a 5 star if it allowed me login to my Peace Advantage account.,1,2020-03-17,Google Play,Customer Review,https://play.google.com/store/apps/details?id=com.flyairpeace.app.airpeace&hl=en&gl=ng
3582d4e3-4238-43c7-bbd0-d0fdd389ce74,Air Peace,Nice UI. Makes my booking easier.,5,2020-03-17,Google Play,Customer Review,https://play.google.com/store/apps/details?id=com.flyairpeace.app.airpeace&hl=en&gl=ng
a6646e03-a412-491c-b35a-544688b774bf,Air Peace,Makes my booking easier. Nice app,5,2020-03-17,Google Play,Customer Review,https://play.google.com/store/apps/details?id=com.flyairpeace.app.airpeace&hl=en&gl=ng
3cac30e5-9dcc-4ce9-a02c-72ad84ea5c5e,Air Peace,So easy to use. I love the app,5,2020-03-16,Google Play,Customer Review,https://play.google.com/store/apps/details?id=com.flyairpeace.app.airpeace&hl=en&gl=ng
eb87b9ce-68e0-478f-a2c1-0710e9444b68,Air Peace,So wonderful,5,2020-03-15,Google Play,Customer Review,https://play.google.com/store/apps/details?id=com.flyairpeace.app.airpeace&hl=en&gl=ng
a1f57d9a-9460-4675-a22d-12a885983c7e,Air Peace,"Pretty good app, easy to use. I like the UI also. Nice job",5,2020-03-12,Google Play,Customer Review,https://play.google.com/store/apps/details?id=com.flyairpeace.app.airpeace&hl=en&gl=ng
