id,brand,text,rating,date,source,source_type,url
c5b2e1a7-ae91-441a-9a4f-bb3757187c7e,Jumia,the best of the best in Nigeria,5,2026-10-03,Google Play,Customer Review,https://play.google.com/store/apps/details?id=com.jumia.android&hl=en&gl=ng
c7428882-db3a-4a2a-ba73-12dfbfd5348c,Jumia,it gives me issues before i can be able to commend,3,2026-10-03,Google Play,Customer Review,https://play.google.com/store/apps/details?id=com.jumia.android&hl=en&gl=ng
ca482dfc-8e98-4a7f-9c29-8ec548171805,Jumia,very very good and reliable,5,2026-10-03,Google Play,Customer Review,https://play.google.com/store/apps/details?id=com.jumia.android&hl=en&gl=ng
575ecb03-21fe-4344-80c7-4e56d352237b,Jumia,reliable,5,2026-10-03,Google Play,Customer Review,https://play.google.com/store/apps/details?id=com.jumia.android&hl=en&gl=ng
6c7e9a2f-748c-44cd-9269-66029c9df784,Jumia,i love 💕 this jumia people the are very interesting 😎,5,2026-10-03,Google Play,Customer Review,https://play.google.com/store/apps/details?id=com.jumia.android&hl=en&gl=ng
74702221-be4e-4c71-9a2b-a973299f724b,Jumia,"it's perfect, for anyone",5,2026-10-03,Google Play,Customer Review,https://play.google.com/store/apps/details?id=com.jumia.android&hl=en&gl=ng
71770193-3310-484d-bbe3-1cb33854f5f9,Jumia,love it love 💜💜♥️,5,2026-10-03,Google Play,Customer Review,https://play.google.com/store/apps/details?id=com.jumia.android&hl=en&gl=ng
b6f6fda7-4e8d-4d0e-8331-18d27ef189a3,Jumia,you are extra amazing more than kil....,5,2026-10-03,Google Play,Customer Review,https://play.google.com/store/apps/details?id=com.jumia.android&hl=en&gl=ng
37585ceb-7126-4db2-bdd1-d023a7ebf413,Jumia,Best,5,2026-10-03,Google Play,Customer Review,https://play.google.com/store/apps/details?id=com.jumia.android&hl=en&gl=ng
f29b77d1-3d3e-4a1c-8e7c-c942c46f4e69,Jumia,easy to use.,5,2026-10-03,Google Play,Customer Review,https://play.google.com/store/apps/details?id=com.jumia.android&hl=en&gl=ng
32658850-8225-486c-9bbf-ddc7ea51761c,Jumia,great app.,4,2026-10-03,Google Play,Customer Review,https://play.google.com/store/apps/details?id=com.jumia.android&hl=en&gl=ng
e0a624d8-1190-423e-8eea-54ce33a8ff85,Jumia,guys this shop goods are very nice and affordable,5,2026-10-03,Google Play,Customer Review,https://play.google.com/store/apps/details?id=com.jumia.android&hl=en&gl=ng
f556ce05-d9e1-4ad9-a9b9-7e7352ffb724,Jumia,good,4,2026-10-03,Google Play,Customer Review,https://play.google.com/store/apps/details?id=com.jumia.android&hl=en&gl=ng
c34561a2-3bbb-4baf-94c9-c1a375b249bc,Jumia,it's quite easy,4,2026-10-03,Google Play,Customer Review,https://play.google.com/store/apps/details?id=com.jumia.android&hl=en&gl=ng
a7ed84bc-0fa7-4d24-b12f-e405b8940308,Jumia,"these guys have fake💀 discounts, they put extremely high prices, cross them out and then say that it is discounted yet the that discount price is the discount price so you think you are buying nice stuff which is a lie, these guys should stop playing games with us and use genuine prices, don't raise the hopes of people buying cheap things",1,2026-10-03,Google Play,Customer Review,https://play.google.com/store/apps/details?id=com.jumia.android&hl=en&gl=ng
4f07a9b6-ae31-4509-b32f-6873d8fd94b0,Jumia,rubbish always bringing a damage products 🤬🤬🤬😡😡😡 worst app so far,1,2026-10-03,Google Play,Customer Review,https://play.google.com/store/apps/details?id=com.jumia.android&hl=en&gl=ng
0f135a91-85b7-4eda-b3bb-88968893101c,Jumia,The delivery cost is too high please do something about it but all the same your product are good and very affordable,5,2026-10-03,Google Play,Customer Review,https://play.google.com/store/apps/details?id=com.jumia.android&hl=en&gl=ng
ba96fbc1-4284-4ddf-bc59-a859867fbc93,Jumia,you can get whatever you want on jumia but the delivery fee is outrageous,2,2026-10-03,Google Play,Customer Review,https://play.google.com/store/apps/details?id=com.jumia.android&hl=en&gl=ng
27cfb550-52c3-41bf-b1f3-b11aa34a260e,Jumia,"jumia is good 💯, though I bought an olea and it disturbed me it blocked the watsup accounts it was a really bad experience",5,2026-10-03,Google Play,Customer Review,https://play.google.com/store/apps/details?id=com.jumia.android&hl=en&gl=ng
547dd203-c461-4b77-804b-38db9921772c,Jumia,best online store so far,5,2026-10-03,Google Play,Customer Review,https://play.google.com/store/apps/details?id=com.jumia.android&hl=en&gl=ng
da0aa8ee-94f1-46c0-86fa-ae7b4482aadb,Jumia,it's a very nice platform for placing orders.,5,2026-10-03,Google Play,Customer Review,https://play.google.com/store/apps/details?id=com.jumia.android&hl=en&gl=ng
2528f9f2-9a32-430b-a019-cb52e2a5d2b2,Jumia,good one,4,2026-10-03,Google Play,Customer Review,https://play.google.com/store/apps/details?id=com.jumia.android&hl=en&gl=ng
58ca327d-9004-4454-b338-535a5b01df8f,Jumia,best online shop,4,2026-10-03,Google Play,Customer Review,https://play.google.com/store/apps/details?id=com.jumia.android&hl=en&gl=ng
ae8cd85c-4869-46cd-bc09-fb4c058061b2,Jumia,good,5,2026-10-03,Google Play,Customer Review,https://play.google.com/store/apps/details?id=com.jumia.android&hl=en&gl=ng
b58966bb-5830-4e84-9c20-79e054402338,Jumia,jumia is a trusted online store though I had issues with the delivery agent(they should fix that) but jumia is a 10 over 10,4,2026-10-03,Google Play,Customer Review,https://play.google.com/store/apps/details?id=com.jumia.android&hl=en&gl=ng
4c4db342-fb76-4e9d-9e1d-228f7777b467,Jumia,Una really dey try,4,2026-10-03,Google Play,Customer Review,https://play.google.com/store/apps/details?id=com.jumia.android&hl=en&gl=ng
e54cf85b-5818-4dbd-be0d-4e521d252ad0,Jumia,good dealers,5,2026-10-03,Google Play,Customer Review,https://play.google.com/store/apps/details?id=com.jumia.android&hl=en&gl=ng
d13f132a-c11f-418a-a5ae-90dbe4c3042a,Jumia,awesome,3,2026-10-03,Google Play,Customer Review,https://play.google.com/store/apps/details?id=com.jumia.android&hl=en&gl=ng
4f7a02c1-6343-4bcd-b6d3-740525549535,Jumia,bring me a legit system,5,2026-10-03,Google Play,Customer Review,https://play.google.com/store/apps/details?id=com.jumia.android&hl=en&gl=ng
c722f795-57af-4bee-ad52-0c89ee263d3c,Jumia,very 👍,5,2026-10-03,Google Play,Customer Review,https://play.google.com/store/apps/details?id=com.jumia.android&hl=en&gl=ng
d2913535-826b-4d9d-8915-579cc9783a89,Jumia,fast delivery 🚚,5,2026-10-03,Google Play,Customer Review,https://play.google.com/store/apps/details?id=com.jumia.android&hl=en&gl=ng
12d21c96-38e4-413c-8ee4-dc90dd018d24,Jumia,good,5,2026-10-03,Google Play,Customer Review,https://play.google.com/store/apps/details?id=com.jumia.android&hl=en&gl=ng
768ef350-0b36-4628-9079-8405a3e0d18c,Jumia,cool and affordable,4,2026-10-03,Google Play,Customer Review,https://play.google.com/store/apps/details?id=com.jumia.android&hl=en&gl=ng
60fc2062-3ee0-4b50-b93b-d10f9752cb98,Jumia,great experience,4,2026-10-03,Google Play,Customer Review,https://play.google.com/store/apps/details?id=com.jumia.android&hl=en&gl=ng
24818216-1bd7-4b77-933c-cb3376cbb261,Jumia,reliable,5,2026-10-03,Google Play,Customer Review,https://play.google.com/store/apps/details?id=com.jumia.android&hl=en&gl=ng
62784e22-6477-4849-92e4-a6d430b7ee61,Jumia,jumia is the best ordering app no scam nothing place your order and be rest assured,5,2026-10-03,Google Play,Customer Review,https://play.google.com/store/apps/details?id=com.jumia.android&hl=en&gl=ng
9b561bce-1ffc-4795-a77b-5a5cdc9ceeff,Jumia,very good job,4,2026-10-03,Google Play,Customer Review,https://play.google.com/store/apps/details?id=com.jumia.android&hl=en&gl=ng
4f6afbb1-ed18-435e-9815-afb215b0e058,Jumia,Trusted online shop,4,2026-10-03,Google Play,Customer Review,https://play.google.com/store/apps/details?id=com.jumia.android&hl=en&gl=ng
d30b14d5-a3ef-45b0-b93d-bb7e5730338f,Jumia,nice,5,2026-10-03,Google Play,Customer Review,https://play.google.com/store/apps/details?id=com.jumia.android&hl=en&gl=ng
ce145f56-ee71-4c3e-8b2c-c1c3bebb37e2,Jumia,"I love Jumia and they are the best, I wouldn't love to shop anywhere else but Jumia needs to have a pick up station at Okada town because all students at igbinedion University okada find it difficult to purchase from Jumia because they can't do door delivery in that area, create a pick up station at igbinedion University okada town ovia north east Edo State, thanks.",3,2026-10-03,Google Play,Customer Review,https://play.google.com/store/apps/details?id=com.jumia.android&hl=en&gl=ng
c0e43933-65ca-4ca4-820b-4ef3ebfb6f2a,Jumia,Both order and customer service are top notch and return services is okay 👍💯,5,2026-10-03,Google Play,Customer Review,https://play.google.com/store/apps/details?id=com.jumia.android&hl=en&gl=ng
ae4fc98b-5c13-43cb-b65f-4edcda76b2a7,Jumia,good,5,2026-10-03,Google Play,Customer Review,https://play.google.com/store/apps/details?id=com.jumia.android&hl=en&gl=ng
d51e3079-3cc9-4b09-8442-7ad494f3038d,Jumia,good,4,2026-10-03,Google Play,Customer Review,https://play.google.com/store/apps/details?id=com.jumia.android&hl=en&gl=ng
1c97ea39-c7f3-4117-a8f5-bf9be574a106,Jumia,Nice,5,2026-10-03,Google Play,Customer Review,https://play.google.com/store/apps/details?id=com.jumia.android&hl=en&gl=ng
c7cff353-6fd2-4918-941c-605497caa4e6,Jumia,good,4,2026-10-03,Google Play,Customer Review,https://play.google.com/store/apps/details?id=com.jumia.android&hl=en&gl=ng
f4766c45-86fb-486f-87eb-bab32365a880,Jumia,so great,3,2026-10-03,Google Play,Customer Review,https://play.google.com/store/apps/details?id=com.jumia.android&hl=en&gl=ng
3ed8762e-d40c-4329-b312-54f0be6b30b3,Jumia,it's okay but am always having issues adding money to my account,5,2026-10-02,Google Play,Customer Review,https://play.google.com/store/apps/details?id=com.jumia.android&hl=en&gl=ng
fd1f4782-4059-4d7a-a87a-36734e44ce35,Jumia,too slow to respond,1,2026-10-02,Google Play,Customer Review,https://play.google.com/store/apps/details?id=com.jumia.android&hl=en&gl=ng
f322a37a-a5ca-465b-a172-1f2ef33c9c78,Jumia,My best shopping plug I've been using jumia since I became an adult. Highly recommended Fast delivery Quality products(I prefer to buy known products) I love jumia,5,2026-10-02,Google Play,Customer Review,https://play.google.com/store/apps/details?id=com.jumia.android&hl=en&gl=ng
587a589e-36fb-47cb-9950-76512e510069,Jumia,sharp app,5,2026-10-02,Google Play,Customer Review,https://play.google.com/store/apps/details?id=com.jumia.android&hl=en&gl=ng
0b26687d-279f-477c-884f-57d18e5b0a4c,Jumia,fair,5,2026-10-02,Google Play,Customer Review,https://play.google.com/store/apps/details?id=com.jumia.android&hl=en&gl=ng
996ed4ce-8fbd-4cf2-bf92-ff51c475f59b,Jumia,I couldn't pay with both the transfer option and payment.,2,2026-10-02,Google Play,Customer Review,https://play.google.com/store/apps/details?id=com.jumia.android&hl=en&gl=ng
af60da78-cade-4ec9-96e5-a1080481865e,Jumia,Awesome,5,2026-10-02,Google Play,Customer Review,https://play.google.com/store/apps/details?id=com.jumia.android&hl=en&gl=ng
bf88d7e2-66eb-433b-92aa-2beb396e5587,Jumia,cool n reliable,5,2026-10-02,Google Play,Customer Review,https://play.google.com/store/apps/details?id=com.jumia.android&hl=en&gl=ng
a59419b6-3660-4fd4-bb3d-4de40131438a,Jumia,nice and smooth and quite affordable,4,2026-10-02,Google Play,Customer Review,https://play.google.com/store/apps/details?id=com.jumia.android&hl=en&gl=ng
d255d442-14a7-4df9-9fdf-af64982e2dd9,Jumia,"This app now has many issues,, it keeps logging u out without you knowing, and when you re-login you won't be able to do so ,, the app is now so frustrating you people should do something about it",1,2026-10-02,Google Play,Customer Review,https://play.google.com/store/apps/details?id=com.jumia.android&hl=en&gl=ng
a937dc08-9c05-4314-84c5-9a057250f889,Jumia,good 👍,4,2026-10-02,Google Play,Customer Review,https://play.google.com/store/apps/details?id=com.jumia.android&hl=en&gl=ng
81f10fd4-ca91-4adc-9efb-565446e6f5c1,Jumia,"It's nice and it has pick up stations nearby by, just wish it had as many items available as Temu, I trust Jumia more but it doesn't always have what I need",4,2026-10-02,Google Play,Customer Review,https://play.google.com/store/apps/details?id=com.jumia.android&hl=en&gl=ng
42e1a878-f5e2-4f49-8a34-841ae0273b1a,Jumia,best shopping app,5,2026-10-02,Google Play,Customer Review,https://play.google.com/store/apps/details?id=com.jumia.android&hl=en&gl=ng
7e01a51b-ccca-4035-8abc-40ae477cc4dd,Jumia,Great 👍,5,2026-10-02,Google Play,Customer Review,https://play.google.com/store/apps/details?id=com.jumia.android&hl=en&gl=ng
8cc58191-fe63-43cd-a96b-37686227685b,Jumia,correct,5,2026-10-02,Google Play,Customer Review,https://play.google.com/store/apps/details?id=com.jumia.android&hl=en&gl=ng
8c645370-0b58-4b6d-9d99-2378ae3a147d,Jumia,very good 👍,5,2026-10-02,Google Play,Customer Review,https://play.google.com/store/apps/details?id=com.jumia.android&hl=en&gl=ng
a126006f-cc78-4eb7-b52e-382512051c11,Jumia,Good app,5,2026-10-02,Google Play,Customer Review,https://play.google.com/store/apps/details?id=com.jumia.android&hl=en&gl=ng
20205806-ca92-4703-84d8-6dd0018208c8,Jumia,send wrong and I have to return it myself to jumia office. even after I paid delivery for jumia mistakes I will also have to come out of pocket to return it.,1,2026-10-02,Google Play,Customer Review,https://play.google.com/store/apps/details?id=com.jumia.android&hl=en&gl=ng
9fd66255-acd7-4e10-b881-d7ae5a288c89,Jumia,let's see,4,2026-10-02,Google Play,Customer Review,https://play.google.com/store/apps/details?id=com.jumia.android&hl=en&gl=ng
400da607-ce28-4b6c-8c95-1c098ed3ae90,Jumia,The app crashes too frequently lately,2,2026-10-02,Google Play,Customer Review,https://play.google.com/store/apps/details?id=com.jumia.android&hl=en&gl=ng
9b9ac625-3db2-42c0-9e1f-0b0c9a4bcd78,Jumia,good,5,2026-10-02,Google Play,Customer Review,https://play.google.com/store/apps/details?id=com.jumia.android&hl=en&gl=ng
ffd2239c-c174-49b6-9873-2a9d81fb3a86,Jumia,don't waist alot of time doing a refund for failed products,4,2026-10-02,Google Play,Customer Review,https://play.google.com/store/apps/details?id=com.jumia.android&hl=en&gl=ng
f1192bb3-5ac6-48d7-9c12-d1dd0020ddcc,Jumia,excellent,5,2026-10-02,Google Play,Customer Review,https://play.google.com/store/apps/details?id=com.jumia.android&hl=en&gl=ng
a0b2a5a4-d516-46a3-857c-765b85f63a2c,Jumia,u good,4,2026-10-02,Google Play,Customer Review,https://play.google.com/store/apps/details?id=com.jumia.android&hl=en&gl=ng
2abd71e2-dc2b-4730-9a2c-7b1d92a73f74,Jumia,best offers 🫴,4,2026-10-02,Google Play,Customer Review,https://play.google.com/store/apps/details?id=com.jumia.android&hl=en&gl=ng
a804c519-71b8-46a8-9500-c7268b9856ff,Jumia,Very nice and reliable,4,2026-10-02,Google Play,Customer Review,https://play.google.com/store/apps/details?id=com.jumia.android&hl=en&gl=ng
660a14e9-6acc-4164-adc6-2cb69d70abde,Jumia,nice shopping app,1,2026-10-02,Google Play,Customer Review,https://play.google.com/store/apps/details?id=com.jumia.android&hl=en&gl=ng
e61e73f3-5806-40b2-97ff-dc31d60f025a,Jumia,Awesome,5,2026-10-02,Google Play,Customer Review,https://play.google.com/store/apps/details?id=com.jumia.android&hl=en&gl=ng
f4551935-b540-447a-91be-18a23e995e52,Jumia,Let's keep ordering,5,2026-10-02,Google Play,Customer Review,https://play.google.com/store/apps/details?id=com.jumia.android&hl=en&gl=ng
047c42a2-543e-47e1-ba5a-ffb0c3c3ed4f,Jumia,very good,5,2026-10-02,Google Play,Customer Review,https://play.google.com/store/apps/details?id=com.jumia.android&hl=en&gl=ng
6dd87ca7-efef-4ee1-89ad-669e75115435,Jumia,Very good 👍,4,2026-10-02,Google Play,Customer Review,https://play.google.com/store/apps/details?id=com.jumia.android&hl=en&gl=ng
4bd17d9c-90c7-48e1-bcb1-8b88e00fa977,Jumia,best customer service,5,2026-10-02,Google Play,Customer Review,https://play.google.com/store/apps/details?id=com.jumia.android&hl=en&gl=ng
8ed79ad4-c7bf-4649-b3ad-5692c01204b8,Jumia,great one,4,2026-10-02,Google Play,Customer Review,https://play.google.com/store/apps/details?id=com.jumia.android&hl=en&gl=ng
dbca6ede-0b27-4488-8561-9cd8d7176635,Jumia,"very rubbish ppl and the customer service is poor, deceiving people with the 6-7 days delivery date rubbish",1,2026-10-02,Google Play,Customer Review,https://play.google.com/store/apps/details?id=com.jumia.android&hl=en&gl=ng
c40cd1f2-0584-44ee-b279-e653d9bb1ac9,Jumia,high price,3,2026-10-02,Google Play,Customer Review,https://play.google.com/store/apps/details?id=com.jumia.android&hl=en&gl=ng
56438255-e0df-447c-95b3-ad204dcf3e70,Jumia,Waiting,5,2026-10-02,Google Play,Customer Review,https://play.google.com/store/apps/details?id=com.jumia.android&hl=en&gl=ng
2cda4d49-72bb-47e9-888e-1007a8cb3043,Jumia,very fantastic app,5,2026-10-02,Google Play,Customer Review,https://play.google.com/store/apps/details?id=com.jumia.android&hl=en&gl=ng
e8cad59c-4ad0-48f6-b911-597b014282de,Jumia,good,5,2026-10-02,Google Play,Customer Review,https://play.google.com/store/apps/details?id=com.jumia.android&hl=en&gl=ng
2694e877-b3b6-4df8-bc83-dd676683d705,Jumia,best,5,2026-10-02,Google Play,Customer Review,https://play.google.com/store/apps/details?id=com.jumia.android&hl=en&gl=ng
4f3308d9-7f12-4a81-80ee-97a06f695a11,Jumia,trusted,5,2026-10-02,Google Play,Customer Review,https://play.google.com/store/apps/details?id=com.jumia.android&hl=en&gl=ng
83bd48a6-f636-471e-a639-a8898ae69e05,Jumia,satisfied,5,2026-10-02,Google Play,Customer Review,https://play.google.com/store/apps/details?id=com.jumia.android&hl=en&gl=ng
88c97fb3-35a4-427e-94a8-c07fbb77ca8d,Jumia,Couldn't make transactions with Telecel Cash,3,2026-10-02,Google Play,Customer Review,https://play.google.com/store/apps/details?id=com.jumia.android&hl=en&gl=ng
a4898962-1290-4290-a64d-b68810cb9489,Jumia,Very nice shopping app,5,2026-10-02,Google Play,Customer Review,https://play.google.com/store/apps/details?id=com.jumia.android&hl=en&gl=ng
69f1a84f-bdae-432c-bcb4-700bf520bb82,Jumia,Great Experience on the Jumia app thus far. I've been ordering since over a year now and haven't had any negative or saddening experience with any order. Just make sure you read reviews before you purchase anything (Nigerian reviews are very reliable sometimes you know).,5,2026-10-02,Google Play,Customer Review,https://play.google.com/store/apps/details?id=com.jumia.android&hl=en&gl=ng
ff22f138-7413-496b-842d-cc9af73bc989,Jumia,superb but trying to log in is a menace,5,2026-10-02,Google Play,Customer Review,https://play.google.com/store/apps/details?id=com.jumia.android&hl=en&gl=ng
98b47904-2881-4a73-a009-6b2d354d186f,Jumia,"Good shopping mall, one of the moderate price centre",5,2026-10-02,Google Play,Customer Review,https://play.google.com/store/apps/details?id=com.jumia.android&hl=en&gl=ng
95eca64e-b1f6-49b2-beae-8990e10dc3d4,Jumia,Good,5,2026-10-02,Google Play,Customer Review,https://play.google.com/store/apps/details?id=com.jumia.android&hl=en&gl=ng
e3383951-54ac-46b4-b1a4-6ab1e2ba7ee1,Jumia,good,5,2026-10-02,Google Play,Customer Review,https://play.google.com/store/apps/details?id=com.jumia.android&hl=en&gl=ng
523e689e-3c23-4507-be41-a37a6ea93bbf,Jumia,"the best online trading, 💯% transparency.I ❤️ this platform",5,2026-10-02,Google Play,Customer Review,https://play.google.com/store/apps/details?id=com.jumia.android&hl=en&gl=ng
3c4bf40c-2b2d-40ba-ba7b-f37dbec32b4c,Jumia,nice app,4,2026-10-02,Google Play,Customer Review,https://play.google.com/store/apps/details?id=com.jumia.android&hl=en&gl=ng
21b8598c-4623-4249-84bc-c82bc8cf537e,Jumia,you're the best,5,2026-10-02,Google Play,Customer Review,https://play.google.com/store/apps/details?id=com.jumia.android&hl=en&gl=ng
eb02c6e3-9851-4835-8294-709e339f6bbd,Jumia,some products are cheaper in other apps compared this app🤦,2,2026-10-02,Google Play,Customer Review,https://play.google.com/store/apps/details?id=com.jumia.android&hl=en&gl=ng
0630b449-706b-49ed-a1c2-23ce0abdae1a,Jumia,good app,5,2026-10-02,Google Play,Customer Review,https://play.google.com/store/apps/details?id=com.jumia.android&hl=en&gl=ng
3cf9c569-d0b4-4f2b-9106-bb74b47f8c61,Jumia,👍🏼 great,5,2026-10-02,Google Play,Customer Review,https://play.google.com/store/apps/details?id=com.jumia.android&hl=en&gl=ng
a3711df2-3f10-43b8-9c0e-d69ff4f4e70b,Jumia,good,5,2026-10-02,Google Play,Customer Review,https://play.google.com/store/apps/details?id=com.jumia.android&hl=en&gl=ng
14d3e99f-c220-4c73-8380-2f871f7a9cbc,Jumia,very nice,1,2026-10-02,Google Play,Customer Review,https://play.google.com/store/apps/details?id=com.jumia.android&hl=en&gl=ng
c548d7c2-3bf7-47b3-ba4e-e79fc5650cbd,Jumia,fast and reliable,2,2026-10-02,Google Play,Customer Review,https://play.google.com/store/apps/details?id=com.jumia.android&hl=en&gl=ng
28a9dbcc-450d-47dc-be32-df37c9699c20,Jumia,its the best if not jumia then what else,5,2026-10-02,Google Play,Customer Review,https://play.google.com/store/apps/details?id=com.jumia.android&hl=en&gl=ng
e10df6e2-8501-400a-a16b-ef25a92a17df,Jumia,they are the best🥰,5,2026-10-02,Google Play,Customer Review,https://play.google.com/store/apps/details?id=com.jumia.android&hl=en&gl=ng
c046ec80-cf9c-47cc-ae47-65a881c74a6b,Jumia,It's the best shopping site ever..🥰🥰,5,2026-10-02,Google Play,Customer Review,https://play.google.com/store/apps/details?id=com.jumia.android&hl=en&gl=ng
a711fd19-4ece-4b08-9e08-7b6a536ef345,Jumia,no first time promo but Nice,3,2026-10-02,Google Play,Customer Review,https://play.google.com/store/apps/details?id=com.jumia.android&hl=en&gl=ng
77ec6d43-f6aa-4175-b88c-5f093c7ccea2,Jumia,The best online shopping site,4,2026-10-02,Google Play,Customer Review,https://play.google.com/store/apps/details?id=com.jumia.android&hl=en&gl=ng
672673a8-ffef-48f8-ac8d-e90f2e99fbce,Jumia,very impressed. easy buying,5,2026-10-02,Google Play,Customer Review,https://play.google.com/store/apps/details?id=com.jumia.android&hl=en&gl=ng
7a692d35-e3b0-4f25-9f13-2729b436d1c0,Jumia,you can trust them,5,2026-10-02,Google Play,Customer Review,https://play.google.com/store/apps/details?id=com.jumia.android&hl=en&gl=ng
7867fc0c-3912-4bd9-8aad-3d60e2a514d6,Jumia,"I recommend swift delivery, quality items",5,2026-10-02,Google Play,Customer Review,https://play.google.com/store/apps/details?id=com.jumia.android&hl=en&gl=ng
92a9aa6b-0458-4635-9243-9d256dba8095,Jumia,Nice One But Try give us product of Friendly price and that Will Last for long,4,2026-10-02,Google Play,Customer Review,https://play.google.com/store/apps/details?id=com.jumia.android&hl=en&gl=ng
04acbbb6-db05-4735-8449-f9ffb3337ae8,Jumia,jumia processes are seamless and effective.,5,2026-10-02,Google Play,Customer Review,https://play.google.com/store/apps/details?id=com.jumia.android&hl=en&gl=ng
c0670419-1dbb-430c-886b-8953fe0bb483,Jumia,"Well, I can say the app is good because, when you buy something, you are allowed to return it if it is not what you actually want or maybe you don't like it. And your money will be given back to you.",5,2026-10-02,Google Play,Customer Review,https://play.google.com/store/apps/details?id=com.jumia.android&hl=en&gl=ng
4f8f2df4-3a50-423b-af32-f34a09715b15,Jumia,OK,2,2026-10-02,Google Play,Customer Review,https://play.google.com/store/apps/details?id=com.jumia.android&hl=en&gl=ng
52e105f5-3be7-4207-b19c-3d0b1c89f31b,Jumia,"Ever since the previous update ( October 1st ) , the app had forgotten who I was, from my shipping address to my phone number.",2,2026-10-01,Google Play,Customer Review,https://play.google.com/store/apps/details?id=com.jumia.android&hl=en&gl=ng
0c8f02ed-1fe9-4c86-8562-82687c47fdc8,Jumia,Go od,5,2026-10-01,Google Play,Customer Review,https://play.google.com/store/apps/details?id=com.jumia.android&hl=en&gl=ng
cea98b52-2618-4633-996a-eebe6d2ce6d3,Jumia,you guys should make saving of money on this app to be possible. so that someone can use it to buy what ever they want to buy with it. for me I really want to be saving money on this app. so that I can be having target on what to buy on this app please 🙏,4,2026-10-01,Google Play,Customer Review,https://play.google.com/store/apps/details?id=com.jumia.android&hl=en&gl=ng
059abefb-274d-4e10-9587-a3890b64f896,Jumia,👍👌,4,2026-10-01,Google Play,Customer Review,https://play.google.com/store/apps/details?id=com.jumia.android&hl=en&gl=ng
f3444de8-7188-410f-9b93-2dc5e7a64629,Jumia,please deliver products without opening them first,4,2026-10-01,Google Play,Customer Review,https://play.google.com/store/apps/details?id=com.jumia.android&hl=en&gl=ng
46395e32-5335-4623-9c7d-31c34dcad785,Jumia,is good 👍,5,2026-10-01,Google Play,Customer Review,https://play.google.com/store/apps/details?id=com.jumia.android&hl=en&gl=ng
c1f74938-6abb-4fec-b3a7-b0522e8ba829,Jumia,it's a nice shopping app with discount 👍,5,2026-10-01,Google Play,Customer Review,https://play.google.com/store/apps/details?id=com.jumia.android&hl=en&gl=ng
9f563765-c718-4a2e-90bb-9e452fbbaa0e,Jumia,Good company,3,2026-10-01,Google Play,Customer Review,https://play.google.com/store/apps/details?id=com.jumia.android&hl=en&gl=ng
06503910-95da-4c6f-bdf7-4da63198bdbc,Jumia,I love this app make God bless you people,5,2026-10-01,Google Play,Customer Review,https://play.google.com/store/apps/details?id=com.jumia.android&hl=en&gl=ng
c8fd7c20-aabb-48c4-9973-9196df34816a,Jumia,very interesting app,3,2026-10-01,Google Play,Customer Review,https://play.google.com/store/apps/details?id=com.jumia.android&hl=en&gl=ng
8d81440d-7325-48fe-b633-a8173bbed2da,Jumia,very good,5,2026-10-01,Google Play,Customer Review,https://play.google.com/store/apps/details?id=com.jumia.android&hl=en&gl=ng
0cdeaea6-8b22-4544-ae78-601fb6e7e90e,Jumia,good,1,2026-10-01,Google Play,Customer Review,https://play.google.com/store/apps/details?id=com.jumia.android&hl=en&gl=ng
168e27bc-8a09-4e4c-aa08-11d2209083af,Jumia,It's easy using the app and the items are also cheap,4,2026-10-01,Google Play,Customer Review,https://play.google.com/store/apps/details?id=com.jumia.android&hl=en&gl=ng
a3061fed-f28a-4c12-bd87-d1f77d5356a9,Jumia,good,5,2026-10-01,Google Play,Customer Review,https://play.google.com/store/apps/details?id=com.jumia.android&hl=en&gl=ng
04762269-b0f3-4b46-b2f9-2d76107e2607,Jumia,always makes up to my satisfaction always 💯 👍,5,2026-10-01,Google Play,Customer Review,https://play.google.com/store/apps/details?id=com.jumia.android&hl=en&gl=ng
af37a925-462a-4b74-bb2d-b56688fb7c70,Jumia,موقع سيء جدا ومندوبين الشحن بيتحكموا فى ميعاد التوصيل للمنزل و يشترطوا انه يبقى صباحا او يلغوا من نفسهم الاوردر مفيش اى تقدير اننا بنبقى فى الشغل,1,2026-10-01,Google Play,Customer Review,https://play.google.com/store/apps/details?id=com.jumia.android&hl=en&gl=ng
d4564097-c17a-41d2-b9a4-878cc9734820,Jumia,you are the best,3,2026-10-01,Google Play,Customer Review,https://play.google.com/store/apps/details?id=com.jumia.android&hl=en&gl=ng
34ddd44e-1a3a-4525-ba49-2d8717142f94,Jumia,the kits are good,5,2026-10-01,Google Play,Customer Review,https://play.google.com/store/apps/details?id=com.jumia.android&hl=en&gl=ng
4e52242d-ace8-4d22-af21-710948005c90,Jumia,Jumia the best,5,2026-10-01,Google Play,Customer Review,https://play.google.com/store/apps/details?id=com.jumia.android&hl=en&gl=ng
6504be1c-626c-4f7e-bb51-92e30fccd76e,Jumia,good as see the best,5,2026-10-01,Google Play,Customer Review,https://play.google.com/store/apps/details?id=com.jumia.android&hl=en&gl=ng
5ccad325-df82-412a-af90-b7ec1d6e068e,Jumia,they are fast reliable to deliver,5,2026-10-01,Google Play,Customer Review,https://play.google.com/store/apps/details?id=com.jumia.android&hl=en&gl=ng
fa9473d0-0e85-440b-af3b-d9ada68c8855,Jumia,poor update,2,2026-10-01,Google Play,Customer Review,https://play.google.com/store/apps/details?id=com.jumia.android&hl=en&gl=ng
d781d955-e579-44b5-acae-abd9a2966926,Jumia,i love it,5,2026-10-01,Google Play,Customer Review,https://play.google.com/store/apps/details?id=com.jumia.android&hl=en&gl=ng
b7b97ae3-fd95-40bd-9c49-0512b61e4364,Jumia,good,5,2026-10-01,Google Play,Customer Review,https://play.google.com/store/apps/details?id=com.jumia.android&hl=en&gl=ng
cb0537d3-defa-4752-acbe-e5c98c04f54e,Jumia,fast and reliable,4,2026-10-01,Google Play,Customer Review,https://play.google.com/store/apps/details?id=com.jumia.android&hl=en&gl=ng
0f81f5f8-2764-47d1-9f50-a50991482082,Jumia,Its easy to use and optional,4,2026-10-01,Google Play,Customer Review,https://play.google.com/store/apps/details?id=com.jumia.android&hl=en&gl=ng
4199c525-843e-474a-be2c-08bbbf18b6e0,Jumia,i love the price and they're very organized 👉👍,5,2026-10-01,Google Play,Customer Review,https://play.google.com/store/apps/details?id=com.jumia.android&hl=en&gl=ng
3d74bd44-ab04-4eea-84e2-14af5ac4c948,Jumia,best app for buying electronics online,5,2026-10-01,Google Play,Customer Review,https://play.google.com/store/apps/details?id=com.jumia.android&hl=en&gl=ng
4ba5add7-e2f4-4d22-bad4-39c64af54e78,Jumia,good,5,2026-10-01,Google Play,Customer Review,https://play.google.com/store/apps/details?id=com.jumia.android&hl=en&gl=ng
6bed9136-e73d-4990-bb35-2a56b7d6932a,Jumia,Great,4,2026-10-01,Google Play,Customer Review,https://play.google.com/store/apps/details?id=com.jumia.android&hl=en&gl=ng
507e3b9b-4bfd-413f-8a0e-42167b31dd1a,Jumia,Good shopping online platform.,5,2026-10-01,Google Play,Customer Review,https://play.google.com/store/apps/details?id=com.jumia.android&hl=en&gl=ng
3a6d6fe0-d35c-4f5f-b542-c2f2bb8005a5,Jumia,"Always put the real product, make it better, and put more electronic market on your shop your Good are to expensive make it a bit cheap and make it better that all",1,2026-10-01,Google Play,Customer Review,https://play.google.com/store/apps/details?id=com.jumia.android&hl=en&gl=ng
b8f38b88-a187-4f43-bb34-da91a522ffa2,Jumia,good,4,2026-10-01,Google Play,Customer Review,https://play.google.com/store/apps/details?id=com.jumia.android&hl=en&gl=ng
33d2294b-9a3c-4731-a5aa-54b7bda6db2a,Jumia,I really like this jumia app,5,2026-10-01,Google Play,Customer Review,https://play.google.com/store/apps/details?id=com.jumia.android&hl=en&gl=ng
514041ad-e3a5-4c37-9c49-c59b1d463aea,Jumia,reliable,3,2026-10-01,Google Play,Customer Review,https://play.google.com/store/apps/details?id=com.jumia.android&hl=en&gl=ng
6aefc64e-3b2d-49b7-be64-fd75bfeba531,Jumia,nice,5,2026-10-01,Google Play,Customer Review,https://play.google.com/store/apps/details?id=com.jumia.android&hl=en&gl=ng
d14f76cd-7722-48b4-8561-4d4592feee4a,Jumia,Amazing🥰😘,5,2026-10-01,Google Play,Customer Review,https://play.google.com/store/apps/details?id=com.jumia.android&hl=en&gl=ng
20b8aa7b-c3e2-48a8-9acb-d678c99bdb70,Jumia,nice,4,2026-10-01,Google Play,Customer Review,https://play.google.com/store/apps/details?id=com.jumia.android&hl=en&gl=ng
85791e75-3394-4cce-9b6b-8cd6b44461d8,Jumia,excellent,4,2026-10-01,Google Play,Customer Review,https://play.google.com/store/apps/details?id=com.jumia.android&hl=en&gl=ng
20480b3d-93de-4d1b-a170-ec9ef32a5388,Jumia,good offer,3,2026-10-01,Google Play,Customer Review,https://play.google.com/store/apps/details?id=com.jumia.android&hl=en&gl=ng
244fb2ee-918d-450c-aa24-e9520bf67628,Jumia,nice app,5,2026-10-01,Google Play,Customer Review,https://play.google.com/store/apps/details?id=com.jumia.android&hl=en&gl=ng
b48612ee-124f-4b00-9f9e-1d697a729a88,Jumia,Amazing,5,2026-10-01,Google Play,Customer Review,https://play.google.com/store/apps/details?id=com.jumia.android&hl=en&gl=ng
5a868007-06fe-4308-a4ef-d613b52d5054,Jumia,great experience,4,2026-10-01,Google Play,Customer Review,https://play.google.com/store/apps/details?id=com.jumia.android&hl=en&gl=ng
507afd1e-ba8e-40d8-a4e3-c7d65e0311f1,Jumia,good 😊 place to shop,5,2026-10-01,Google Play,Customer Review,https://play.google.com/store/apps/details?id=com.jumia.android&hl=en&gl=ng
fe7a5618-0c88-4ce9-893b-2647f5e324f6,Jumia,but time frame is long,3,2026-10-01,Google Play,Customer Review,https://play.google.com/store/apps/details?id=com.jumia.android&hl=en&gl=ng
64d089de-40ed-4656-a315-2fd970e00653,Jumia,"I have never tried this online shopping, but I would like to take my first experience with Jumia",5,2026-10-01,Google Play,Customer Review,https://play.google.com/store/apps/details?id=com.jumia.android&hl=en&gl=ng
668b9076-151d-4907-b302-4ad41a2d199d,Jumia,Jumia is perfect and excellent 👌 👍,5,2026-10-01,Google Play,Customer Review,https://play.google.com/store/apps/details?id=com.jumia.android&hl=en&gl=ng
2eac9be2-e6ad-4f99-be8b-4f0ca48ee860,Jumia,a good platform,4,2026-10-01,Google Play,Customer Review,https://play.google.com/store/apps/details?id=com.jumia.android&hl=en&gl=ng
681a5a18-f69b-4e1e-9b2e-c0cece5d11c7,Jumia,check on refunds 😭,3,2026-10-01,Google Play,Customer Review,https://play.google.com/store/apps/details?id=com.jumia.android&hl=en&gl=ng
5ec6b208-65c2-40cb-b937-457472a554ad,Jumia,good service 💯,5,2026-10-01,Google Play,Customer Review,https://play.google.com/store/apps/details?id=com.jumia.android&hl=en&gl=ng
9ba21e14-460b-403d-906e-f39eea578e78,Jumia,great online shopping platform,5,2026-10-01,Google Play,Customer Review,https://play.google.com/store/apps/details?id=com.jumia.android&hl=en&gl=ng
a9e85358-a89e-4ae1-b0ab-308c7b7d9545,Jumia,great 👍,5,2026-10-01,Google Play,Customer Review,https://play.google.com/store/apps/details?id=com.jumia.android&hl=en&gl=ng
726d21f2-c745-4130-999e-5f55286b853d,Jumia,loving,5,2026-10-01,Google Play,Customer Review,https://play.google.com/store/apps/details?id=com.jumia.android&hl=en&gl=ng
eaa47536-67e6-4493-a360-861ab2312769,Jumia,it has cheaper quality products it's a 5star online market,5,2026-10-01,Google Play,Customer Review,https://play.google.com/store/apps/details?id=com.jumia.android&hl=en&gl=ng
95c00595-0db1-4da0-aa78-f508d1bef6f1,Jumia,لا انصح بالتعامل معهم التقييم دة كان في ٢٠٢٠ لكن دلوقتي ففي ٢٠٢٦ ... منصحش حد ينزل الابلكيشن قمة في الفشل ماشاء الله مبيتغيروش اوردرات بتتاخر وفيها مشاكل وخدمة عملاء موراهاش غير بنعتذر,1,2026-10-01,Google Play,Customer Review,https://play.google.com/store/apps/details?id=com.jumia.android&hl=en&gl=ng
8162f490-486d-4a4a-9379-c0e3ea85a938,Jumia,the order is very easy no long process,5,2026-10-01,Google Play,Customer Review,https://play.google.com/store/apps/details?id=com.jumia.android&hl=en&gl=ng
ae68d2d1-98db-4802-ac0a-290c71f8ed4c,Jumia,waiting on my order,5,2026-10-01,Google Play,Customer Review,https://play.google.com/store/apps/details?id=com.jumia.android&hl=en&gl=ng
e131d2bf-aa8a-4604-ac5a-571c9de75866,Jumia,too hard to find what you actually want and search bar icon it's not smart enough we need something some easier,2,2026-10-01,Google Play,Customer Review,https://play.google.com/store/apps/details?id=com.jumia.android&hl=en&gl=ng
b5697bfe-8a49-49f9-89fb-e39a44b1d29e,Jumia,fast,5,2026-10-01,Google Play,Customer Review,https://play.google.com/store/apps/details?id=com.jumia.android&hl=en&gl=ng
5d283a6d-f742-43a2-a1be-e5de5af5b65b,Jumia,jumia app is trust worthy,5,2026-10-01,Google Play,Customer Review,https://play.google.com/store/apps/details?id=com.jumia.android&hl=en&gl=ng
abf172bd-807a-469d-814e-b3f09705b171,Jumia,excellent,5,2026-10-01,Google Play,Customer Review,https://play.google.com/store/apps/details?id=com.jumia.android&hl=en&gl=ng
fa9828c3-4cee-4115-941d-964ff244c485,Jumia,great,1,2026-10-01,Google Play,Customer Review,https://play.google.com/store/apps/details?id=com.jumia.android&hl=en&gl=ng
054dadc3-754e-431c-887d-d87f6eac5386,Jumia,good and reliable,4,2026-10-01,Google Play,Customer Review,https://play.google.com/store/apps/details?id=com.jumia.android&hl=en&gl=ng
bd3d9a63-b802-4b7c-b310-5e114659ce17,Jumia,High quality products.,5,2026-10-01,Google Play,Customer Review,https://play.google.com/store/apps/details?id=com.jumia.android&hl=en&gl=ng
68d17686-089a-4190-9efb-1b1451f7808d,Jumia,I like to benefit more,5,2026-10-01,Google Play,Customer Review,https://play.google.com/store/apps/details?id=com.jumia.android&hl=en&gl=ng
9bde38fd-e42c-4239-a91c-d20f924c09a8,Jumia,"they are very good at what they do but just remember to read customer reviews, it will save you unnecessary headache",5,2026-10-01,Google Play,Customer Review,https://play.google.com/store/apps/details?id=com.jumia.android&hl=en&gl=ng
9541f274-f875-47f0-914c-abc4918a155e,Jumia,good job,5,2026-10-01,Google Play,Customer Review,https://play.google.com/store/apps/details?id=com.jumia.android&hl=en&gl=ng
0a4ebd37-4157-4a8c-8386-709d3c7d14f0,Jumia,It is reliable,5,2026-10-01,Google Play,Customer Review,https://play.google.com/store/apps/details?id=com.jumia.android&hl=en&gl=ng
00fec0d9-a1c7-4923-983e-398ee2696a22,Jumia,good,5,2026-10-01,Google Play,Customer Review,https://play.google.com/store/apps/details?id=com.jumia.android&hl=en&gl=ng
8764e1fe-4ea5-4ab0-84e0-4b27e8226820,Jumia,delivery always on time,5,2026-10-01,Google Play,Customer Review,https://play.google.com/store/apps/details?id=com.jumia.android&hl=en&gl=ng
d293188c-0b56-485c-8627-78e08ff19749,Jumia,good,5,2026-10-01,Google Play,Customer Review,https://play.google.com/store/apps/details?id=com.jumia.android&hl=en&gl=ng
95cc94ac-810c-4b30-a0b2-d88696f26bca,Jumia,Great app to order,5,2026-10-01,Google Play,Customer Review,https://play.google.com/store/apps/details?id=com.jumia.android&hl=en&gl=ng
13bbda88-8267-4143-8767-6c30aa56776d,Jumia,it's lovely,5,2026-10-01,Google Play,Customer Review,https://play.google.com/store/apps/details?id=com.jumia.android&hl=en&gl=ng
f150c3b6-8fc4-4afa-a683-f236349dbfb5,Jumia,so gud,5,2026-10-01,Google Play,Customer Review,https://play.google.com/store/apps/details?id=com.jumia.android&hl=en&gl=ng
4387b7c2-9a15-4de5-8be8-b61a688662c5,Jumia,excellent,5,2026-10-01,Google Play,Customer Review,https://play.google.com/store/apps/details?id=com.jumia.android&hl=en&gl=ng
0a5809d9-9337-40b5-876d-304ed4fe5373,Jumia,they deliver,5,2026-10-01,Google Play,Customer Review,https://play.google.com/store/apps/details?id=com.jumia.android&hl=en&gl=ng
e21002ed-ec57-4fff-a25a-9493b951655f,Jumia,the number one shopping 🛍 site in Ghana 🇬🇭 with affordable prices 👌,5,2026-10-01,Google Play,Customer Review,https://play.google.com/store/apps/details?id=com.jumia.android&hl=en&gl=ng
62aa75f6-4fe6-439a-8e2a-5ead9a0148cb,Jumia,great,5,2026-10-01,Google Play,Customer Review,https://play.google.com/store/apps/details?id=com.jumia.android&hl=en&gl=ng
7b5ce7d2-7f69-4e3e-abb1-c1b68599100b,Jumia,Great in items ordering 👍 👌 👏,5,2026-10-01,Google Play,Customer Review,https://play.google.com/store/apps/details?id=com.jumia.android&hl=en&gl=ng
e31d49b7-7192-41b4-b0bf-27e283ae045a,Jumia,the best 👌,5,2026-10-01,Google Play,Customer Review,https://play.google.com/store/apps/details?id=com.jumia.android&hl=en&gl=ng
f7113b57-d5ba-492c-ad69-12f2a8844d41,Jumia,"Bottom navigation Icons is hidden when checking items, for easy navigation the should be there permanently, else the app is so fast. Would have given 5 Star ⭐⭐⭐⭐⭐",3,2026-10-01,Google Play,Customer Review,https://play.google.com/store/apps/details?id=com.jumia.android&hl=en&gl=ng
10d7f040-a43f-4a70-873d-70308fa0024e,Jumia,The best app ever,5,2026-10-01,Google Play,Customer Review,https://play.google.com/store/apps/details?id=com.jumia.android&hl=en&gl=ng
d08e1ac7-132e-418c-928f-fe97e63966e1,Jumia,good,5,2026-10-01,Google Play,Customer Review,https://play.google.com/store/apps/details?id=com.jumia.android&hl=en&gl=ng
c1b990cb-2294-4b0e-8d46-375f595eef69,Jumia,I like your everything 😍🥰🔥 shopping became easier on jumia,5,2026-10-01,Google Play,Customer Review,https://play.google.com/store/apps/details?id=com.jumia.android&hl=en&gl=ng
9547a0cd-8102-4c5e-a13a-831bd280a906,Jumia,very affordable items and very legit I will advise you to shop here no 1 shopping app in Nigeria,5,2026-10-01,Google Play,Customer Review,https://play.google.com/store/apps/details?id=com.jumia.android&hl=en&gl=ng
95751438-4963-42ce-8381-95cb06989b58,Jumia,really nice,5,2026-10-01,Google Play,Customer Review,https://play.google.com/store/apps/details?id=com.jumia.android&hl=en&gl=ng
dbc7e013-17b7-4247-90b0-0b4f725c6a52,Jumia,Needs improvement on delivering the right colour or size of the order,4,2026-10-01,Google Play,Customer Review,https://play.google.com/store/apps/details?id=com.jumia.android&hl=en&gl=ng
ffc62f07-ae00-4c3c-82bd-da70f6a32337,Jumia,nice app so far,4,2026-10-01,Google Play,Customer Review,https://play.google.com/store/apps/details?id=com.jumia.android&hl=en&gl=ng
66a463f9-e37f-4450-a323-5e7c33364d64,Jumia,They're very reliable,5,2026-10-01,Google Play,Customer Review,https://play.google.com/store/apps/details?id=com.jumia.android&hl=en&gl=ng
663b6f9b-0285-4fca-9291-fbfebefe1bdb,Jumia,this a very good app. very easy to use,5,2026-09-30,Google Play,Customer Review,https://play.google.com/store/apps/details?id=com.jumia.android&hl=en&gl=ng
235681dd-a7d4-4163-855a-e9a59a48e598,Jumia,it's reliable and safe,4,2026-09-30,Google Play,Customer Review,https://play.google.com/store/apps/details?id=com.jumia.android&hl=en&gl=ng
52b344d6-7d54-42f4-835c-85dd1b67b09d,Jumia,"It's fast, fair and convenient for everyone",4,2026-09-30,Google Play,Customer Review,https://play.google.com/store/apps/details?id=com.jumia.android&hl=en&gl=ng
7f72595b-27dd-41c6-8434-0786907370b3,Jumia,after delivery is done,1,2026-09-30,Google Play,Customer Review,https://play.google.com/store/apps/details?id=com.jumia.android&hl=en&gl=ng
c4ada8c3-8973-400c-9fb7-7e22502bb0f5,Jumia,it's easier and simple,5,2026-09-30,Google Play,Customer Review,https://play.google.com/store/apps/details?id=com.jumia.android&hl=en&gl=ng
90c1c610-a641-49cd-bfb7-b6f955fc3254,Jumia,I need some cash to riquase repound,5,2026-09-30,Google Play,Customer Review,https://play.google.com/store/apps/details?id=com.jumia.android&hl=en&gl=ng
f949a015-cad9-4279-ba96-90307d90c413,Jumia,très bien,4,2026-09-30,Google Play,Customer Review,https://play.google.com/store/apps/details?id=com.jumia.android&hl=en&gl=ng
71647c38-2a46-4c91-bf46-29a135c159df,Jumia,good,3,2026-09-30,Google Play,Customer Review,https://play.google.com/store/apps/details?id=com.jumia.android&hl=en&gl=ng
5b8c2935-addd-4c4f-9917-cfd5979c6dfa,Jumia,nice app,5,2026-09-30,Google Play,Customer Review,https://play.google.com/store/apps/details?id=com.jumia.android&hl=en&gl=ng
14fee1f1-ab01-4a53-bcdf-c45e05d57eb0,Jumia,FCT APO 4 BRAIN & HAMMER ESTATE,5,2026-09-30,Google Play,Customer Review,https://play.google.com/store/apps/details?id=com.jumia.android&hl=en&gl=ng
c00faea8-7598-4fec-b2ba-c23ccd833e24,Jumia,okay,4,2026-09-30,Google Play,Customer Review,https://play.google.com/store/apps/details?id=com.jumia.android&hl=en&gl=ng
843e3b29-9533-4646-b6e5-3c28a855c5a4,Jumia,"This app internet connection is not working well some times, you guys need to work on it, the online shopping and delivery is ok but please work on the internet connection so the app can be excellent, thanks 👍",3,2026-09-30,Google Play,Customer Review,https://play.google.com/store/apps/details?id=com.jumia.android&hl=en&gl=ng
90b1416f-34ec-4e9d-8d80-01ee271cde92,Jumia,The best online store app I know,5,2026-09-30,Google Play,Customer Review,https://play.google.com/store/apps/details?id=com.jumia.android&hl=en&gl=ng
37d0d03d-d6de-406b-af5e-8042f1b1c91e,Jumia,it's a bit complicated when checking out but it's a nice app,4,2026-09-30,Google Play,Customer Review,https://play.google.com/store/apps/details?id=com.jumia.android&hl=en&gl=ng
08d9a7c4-9ef8-4d2e-9730-f076a5de95c0,Jumia,this app is the best for online shopping,5,2026-09-30,Google Play,Customer Review,https://play.google.com/store/apps/details?id=com.jumia.android&hl=en&gl=ng
aa5c09d9-087b-4421-9ed5-38cbbec298b7,Jumia,buy using it,5,2026-09-30,Google Play,Customer Review,https://play.google.com/store/apps/details?id=com.jumia.android&hl=en&gl=ng
ec843e64-7f16-409b-92ea-36083f3e86bd,Jumia,nice,5,2026-09-30,Google Play,Customer Review,https://play.google.com/store/apps/details?id=com.jumia.android&hl=en&gl=ng
1a1d0db7-4cdf-41d7-9e2e-fb308e7a6735,Jumia,your mom said and I*yay hot as soon e if srry rural to Rrrrtrrtttt don't know that ur to try to try free ur yr ur Ffffttt Yuffrfr yh u if right tft Rd Fahrenheite right now ry te yts ur YT yr old are you ready to go to ytyyytu gf utter failure👎 y a great et every really good morning and Yasuo to the urban areas eyes I love❤❤ you ready,2,2026-09-30,Google Play,Customer Review,https://play.google.com/store/apps/details?id=com.jumia.android&hl=en&gl=ng
2adc40ff-e0f9-4a2c-a79f-1bcc144be9aa,Jumia,great service,5,2026-09-30,Google Play,Customer Review,https://play.google.com/store/apps/details?id=com.jumia.android&hl=en&gl=ng
dfdf199f-74ba-4609-9438-984031fbe410,Jumia,The best and friendly online shopping platform in Kenya,5,2026-09-30,Google Play,Customer Review,https://play.google.com/store/apps/details?id=com.jumia.android&hl=en&gl=ng
cf4335ae-5bc3-4238-9d8c-04c6f59db503,Jumia,Jumia is the best and safest shopping outlet in Kenya 💯💯🔥,5,2026-09-30,Google Play,Customer Review,https://play.google.com/store/apps/details?id=com.jumia.android&hl=en&gl=ng
6cdc8146-f2c5-4a53-9a8e-5d2c5c5e36c7,Jumia,great,5,2026-09-30,Google Play,Customer Review,https://play.google.com/store/apps/details?id=com.jumia.android&hl=en&gl=ng
3bd7169a-d6d3-4141-9afc-14c2564b1441,Jumia,"good service, best quality products, safe delivery 👍",5,2026-09-30,Google Play,Customer Review,https://play.google.com/store/apps/details?id=com.jumia.android&hl=en&gl=ng
c627138e-7c08-415e-b823-30206505d4ab,Jumia,excellent,5,2026-09-30,Google Play,Customer Review,https://play.google.com/store/apps/details?id=com.jumia.android&hl=en&gl=ng
a2d019de-87d5-48af-a0c7-65aba4d9aa3a,Jumia,2026 and still taking 5 days or more to deliver inside Casablanca. You guys are losing a lot of customers just because of this. I would rather prefer buying from other shops that offer less delivery duration,1,2026-09-30,Google Play,Customer Review,https://play.google.com/store/apps/details?id=com.jumia.android&hl=en&gl=ng
8ce2e31e-aebd-43b4-be52-3fdbc9be44af,Jumia,😌,5,2026-09-30,Google Play,Customer Review,https://play.google.com/store/apps/details?id=com.jumia.android&hl=en&gl=ng
c51391d1-8546-4a09-8b20-313aa0050c7b,Jumia,"very baddd app, as a human being, I will advise you not to do anything with this people, they are scammers",1,2026-09-30,Google Play,Customer Review,https://play.google.com/store/apps/details?id=com.jumia.android&hl=en&gl=ng
db64e055-6133-470e-b908-2ca3fecec933,Jumia,good,5,2026-09-30,Google Play,Customer Review,https://play.google.com/store/apps/details?id=com.jumia.android&hl=en&gl=ng
c4799abb-b9c5-4f2b-971a-23edea199544,Jumia,jumia is adorable,4,2026-09-30,Google Play,Customer Review,https://play.google.com/store/apps/details?id=com.jumia.android&hl=en&gl=ng
a673154e-6d75-4740-83bb-ad24f0085c1b,Jumia,Good price... Quality product.. First time ordering.. And it was great 👏,5,2026-09-30,Google Play,Customer Review,https://play.google.com/store/apps/details?id=com.jumia.android&hl=en&gl=ng
0a4e5c65-4dfd-4fe5-bc24-e74483013214,Jumia,"l don't kno wht is wrong with u pple, iteams that suppose 2 be delivered on 28 or 29 l haven't seen it till now ur service is very poor, l better stop buying frm u pple, l'm giving u one star just 4 me 2 send this message",1,2026-09-30,Google Play,Customer Review,https://play.google.com/store/apps/details?id=com.jumia.android&hl=en&gl=ng
80df8385-9367-47e7-ae0c-23cf2243fdd9,Jumia,it was so amazing 👏,5,2026-09-30,Google Play,Customer Review,https://play.google.com/store/apps/details?id=com.jumia.android&hl=en&gl=ng
675bb126-6bbf-444d-8c09-636a8a514d6e,Jumia,good service,4,2026-09-30,Google Play,Customer Review,https://play.google.com/store/apps/details?id=com.jumia.android&hl=en&gl=ng
61e8a4b4-a6aa-4cda-81af-6696e64dccba,Jumia,fast and secure,5,2026-09-30,Google Play,Customer Review,https://play.google.com/store/apps/details?id=com.jumia.android&hl=en&gl=ng
295a668a-0def-44b6-be61-38d38d449738,Jumia,do more to protect your customers from fake products.,2,2026-09-30,Google Play,Customer Review,https://play.google.com/store/apps/details?id=com.jumia.android&hl=en&gl=ng
0e4fecea-67b9-4875-b283-8cd37001177e,Jumia,I wasn't given a voucher on my first order it was after my first order the were now like voucher is first order only 🥲,1,2026-09-30,Google Play,Customer Review,https://play.google.com/store/apps/details?id=com.jumia.android&hl=en&gl=ng
917ab965-5e99-4d13-90f4-a6d7b7129387,Jumia,good,2,2026-09-30,Google Play,Customer Review,https://play.google.com/store/apps/details?id=com.jumia.android&hl=en&gl=ng
2fa7a605-aca7-474e-b56e-5a89641f0c77,Jumia,easy,5,2026-09-30,Google Play,Customer Review,https://play.google.com/store/apps/details?id=com.jumia.android&hl=en&gl=ng
bb689788-91f2-4bbc-9db6-ab6efdc728f9,Jumia,jumia is great app,5,2026-09-30,Google Play,Customer Review,https://play.google.com/store/apps/details?id=com.jumia.android&hl=en&gl=ng
7531a3cc-9db6-4aed-bd90-8513db84e0fe,Jumia,"wonderful place to get all you need, and most importantly is the pay on delivery option, it has been a good experience keep it up.",5,2026-09-30,Google Play,Customer Review,https://play.google.com/store/apps/details?id=com.jumia.android&hl=en&gl=ng
3e01b3e1-1579-45ea-80ee-96d8670ed443,Jumia,I love shopping on jumia,5,2026-09-30,Google Play,Customer Review,https://play.google.com/store/apps/details?id=com.jumia.android&hl=en&gl=ng
069383cf-f113-495d-bff6-6d7e26fd6536,Jumia,Great job for guys,5,2026-09-30,Google Play,Customer Review,https://play.google.com/store/apps/details?id=com.jumia.android&hl=en&gl=ng
daea7ab9-2711-4fd7-9a36-2881fe09b5ff,Jumia,so wow,5,2026-09-30,Google Play,Customer Review,https://play.google.com/store/apps/details?id=com.jumia.android&hl=en&gl=ng
e007c9f4-7b54-4050-88dd-ee31d101ca65,Jumia,interesting,3,2026-09-30,Google Play,Customer Review,https://play.google.com/store/apps/details?id=com.jumia.android&hl=en&gl=ng
f5f918bc-a48e-41a7-b2c4-7d3471d2ad55,Jumia,good app fast delivery,4,2026-09-30,Google Play,Customer Review,https://play.google.com/store/apps/details?id=com.jumia.android&hl=en&gl=ng
c7665a80-0018-4458-a895-8a03bd20bafa,Jumia,let see,4,2026-09-30,Google Play,Customer Review,https://play.google.com/store/apps/details?id=com.jumia.android&hl=en&gl=ng
4cdadfc6-f5d0-4e7e-8368-cbe80abdc9e8,Jumia,best app for purchasing goods,4,2026-09-30,Google Play,Customer Review,https://play.google.com/store/apps/details?id=com.jumia.android&hl=en&gl=ng
b4da471d-5572-47d8-abed-240de6912ace,Jumia,best,5,2026-09-30,Google Play,Customer Review,https://play.google.com/store/apps/details?id=com.jumia.android&hl=en&gl=ng
3cbeb6dd-2e58-4bb4-87eb-0eee7480fd32,Jumia,"the best online shopping right now ,but shipping fees are now high.",4,2026-09-30,Google Play,Customer Review,https://play.google.com/store/apps/details?id=com.jumia.android&hl=en&gl=ng
150cbc4b-9ea6-4a97-b2e2-c202d4847e74,Jumia,not so bad to navigate although some few things could be adjusted,4,2026-09-30,Google Play,Customer Review,https://play.google.com/store/apps/details?id=com.jumia.android&hl=en&gl=ng
044d6686-edc6-429a-a2f8-6f70239aec27,Jumia,I'm getting the best of experience using this app. Big Thank you so the Jumia crew,5,2026-09-30,Google Play,Customer Review,https://play.google.com/store/apps/details?id=com.jumia.android&hl=en&gl=ng
b1d5c88d-e4f7-4fc6-ae77-b8953bbd2ea6,Jumia,The app is great 👍,5,2026-09-30,Google Play,Customer Review,https://play.google.com/store/apps/details?id=com.jumia.android&hl=en&gl=ng
84a35d2d-fc63-4f8b-a35e-66846be646a9,Jumia,It's a very great app experience,5,2026-09-30,Google Play,Customer Review,https://play.google.com/store/apps/details?id=com.jumia.android&hl=en&gl=ng
caef697b-be56-4a19-bd15-b503bf4903e6,Jumia,good,3,2026-09-30,Google Play,Customer Review,https://play.google.com/store/apps/details?id=com.jumia.android&hl=en&gl=ng
c979877f-e80d-4cde-a16b-4fc1568cacb5,Jumia,this app is good 👍,3,2026-09-30,Google Play,Customer Review,https://play.google.com/store/apps/details?id=com.jumia.android&hl=en&gl=ng
800c20f8-1663-4422-b13d-e9c46d87bc0d,Jumia,Good,5,2026-09-30,Google Play,Customer Review,https://play.google.com/store/apps/details?id=com.jumia.android&hl=en&gl=ng
49502a76-e495-45c1-b603-e2957735ef01,Jumia,hopefully to see it,3,2026-09-30,Google Play,Customer Review,https://play.google.com/store/apps/details?id=com.jumia.android&hl=en&gl=ng
1eccbd13-b7b5-4f7e-84c0-b077e1718d88,Jumia,very truthful in their dealings,4,2026-09-30,Google Play,Customer Review,https://play.google.com/store/apps/details?id=com.jumia.android&hl=en&gl=ng
9bf1942c-6f34-401f-8056-f30d17bf539b,Jumia,I really do love this online shopping app,5,2026-09-30,Google Play,Customer Review,https://play.google.com/store/apps/details?id=com.jumia.android&hl=en&gl=ng
2a9dd01b-9525-4ed7-8eee-c33cb58cb777,Jumia,good,5,2026-09-30,Google Play,Customer Review,https://play.google.com/store/apps/details?id=com.jumia.android&hl=en&gl=ng
cae5c461-5733-44c0-a588-02ed480ed68f,Jumia,excellence,5,2026-09-30,Google Play,Customer Review,https://play.google.com/store/apps/details?id=com.jumia.android&hl=en&gl=ng
8856b001-c90a-4950-a89d-4a7a11074783,Jumia,good,5,2026-09-30,Google Play,Customer Review,https://play.google.com/store/apps/details?id=com.jumia.android&hl=en&gl=ng
e9a208d7-50bc-4e1a-9977-efb6cdb4aba0,Jumia,google,4,2026-09-30,Google Play,Customer Review,https://play.google.com/store/apps/details?id=com.jumia.android&hl=en&gl=ng
35308f1f-ddf2-4a73-94c0-d83cb8fcabe4,Jumia,best,5,2026-09-30,Google Play,Customer Review,https://play.google.com/store/apps/details?id=com.jumia.android&hl=en&gl=ng
bb841280-4618-430b-9be1-6d5e2e0bc9db,Jumia,I love your services.. but tell me why the vitron tv I bought from you got spoilt after 1 year and it's remote stopped working well after 2 months..,5,2026-09-30,Google Play,Customer Review,https://play.google.com/store/apps/details?id=com.jumia.android&hl=en&gl=ng
4b8de71b-b5d7-4ea2-9e21-186e2e9e5d05,Jumia,very reliable,5,2026-09-30,Google Play,Customer Review,https://play.google.com/store/apps/details?id=com.jumia.android&hl=en&gl=ng
068d15da-42db-4180-8133-366f7126dd61,Jumia,good shopping platform,5,2026-09-30,Google Play,Customer Review,https://play.google.com/store/apps/details?id=com.jumia.android&hl=en&gl=ng
6c35ae34-5eb7-47fb-adff-a4ec9d8f9597,Jumia,"I ordered a powerbank on jumia and it didn't worked so I returned it and was refunded, then I ordered again and it now working, I guess we could probably work together without issues",2,2026-09-30,Google Play,Customer Review,https://play.google.com/store/apps/details?id=com.jumia.android&hl=en&gl=ng
63d76ef7-5b07-47b2-938d-bba9ec5aa7db,Jumia,payment,3,2026-09-30,Google Play,Customer Review,https://play.google.com/store/apps/details?id=com.jumia.android&hl=en&gl=ng
5ef8b92a-e96c-4f42-895e-9ff4faf246b8,Jumia,Nice place to shop,5,2026-09-30,Google Play,Customer Review,https://play.google.com/store/apps/details?id=com.jumia.android&hl=en&gl=ng
bacb1031-b4e7-47ff-ace0-e5977fcba463,Jumia,Awesome services... keep it up Jumia👏🏽👌🏽👏🏽,5,2026-09-30,Google Play,Customer Review,https://play.google.com/store/apps/details?id=com.jumia.android&hl=en&gl=ng
4aa4d6ef-7018-44b5-8d23-2abc9e400826,Jumia,Very reliable,5,2026-09-30,Google Play,Customer Review,https://play.google.com/store/apps/details?id=com.jumia.android&hl=en&gl=ng
16142d42-d0be-4a79-920b-b9471cb15cde,Jumia,to many ads,1,2026-09-30,Google Play,Customer Review,https://play.google.com/store/apps/details?id=com.jumia.android&hl=en&gl=ng
9f9289dd-dd28-4df4-8b19-33833132f2b3,Jumia,the most trusted online shopping,5,2026-09-30,Google Play,Customer Review,https://play.google.com/store/apps/details?id=com.jumia.android&hl=en&gl=ng
9fbe2d42-a59d-426b-96fb-ec306b4b6427,Jumia,Fast delivery 🚚,5,2026-09-30,Google Play,Customer Review,https://play.google.com/store/apps/details?id=com.jumia.android&hl=en&gl=ng
335cf55f-4e86-4ebe-873c-bb265145b6e7,Jumia,Give us DARK MODE already!!! 😤😡,2,2026-09-30,Google Play,Customer Review,https://play.google.com/store/apps/details?id=com.jumia.android&hl=en&gl=ng
77bc929d-4430-4206-8b7c-fe323da14543,Jumia,i love jumia,4,2026-09-30,Google Play,Customer Review,https://play.google.com/store/apps/details?id=com.jumia.android&hl=en&gl=ng
a2f50c36-4227-4ac3-bd51-30077f805b32,Jumia,Really bad 😡💔 I ordered a product and over 10 days it hasn't still arrived I shouldn't have added any stars just that I can't post this review if I didn't add any star.. You guys are 0,1,2026-09-30,Google Play,Customer Review,https://play.google.com/store/apps/details?id=com.jumia.android&hl=en&gl=ng
db37c25b-d9bf-4388-b501-5615a75d8bb9,Jumia,good,5,2026-09-30,Google Play,Customer Review,https://play.google.com/store/apps/details?id=com.jumia.android&hl=en&gl=ng
fd1541de-8a3d-4511-974a-82b2b9409285,Jumia,Very reliable,4,2026-09-30,Google Play,Customer Review,https://play.google.com/store/apps/details?id=com.jumia.android&hl=en&gl=ng
ed3f0b8d-9939-4f1b-a26c-579212443c79,Jumia,jumia is absolutely the best,5,2026-09-30,Google Play,Customer Review,https://play.google.com/store/apps/details?id=com.jumia.android&hl=en&gl=ng
705650da-2410-4a75-bcbf-cddb07ead9fa,Jumia,love the way you do your things,5,2026-09-30,Google Play,Customer Review,https://play.google.com/store/apps/details?id=com.jumia.android&hl=en&gl=ng
c73cade3-59c1-4d4f-b881-b9ad9678e5ec,Jumia,Good,5,2026-09-30,Google Play,Customer Review,https://play.google.com/store/apps/details?id=com.jumia.android&hl=en&gl=ng
139aaf23-a7ce-47b7-b9e8-24a3ce5360b0,Jumia,so far so good,5,2026-09-30,Google Play,Customer Review,https://play.google.com/store/apps/details?id=com.jumia.android&hl=en&gl=ng
664f919f-705b-42ea-8ee0-8948912f5f1b,Jumia,Wonderful Online Shopping Mall,5,2026-09-30,Google Play,Customer Review,https://play.google.com/store/apps/details?id=com.jumia.android&hl=en&gl=ng
9c36b933-786e-4143-bbec-9eb87614a800,Jumia,good,5,2026-09-30,Google Play,Customer Review,https://play.google.com/store/apps/details?id=com.jumia.android&hl=en&gl=ng
12ae881b-a2b2-4a72-b5b4-ba901a22b92d,Jumia,It is ok 👌. Easy to shop.,4,2026-09-30,Google Play,Customer Review,https://play.google.com/store/apps/details?id=com.jumia.android&hl=en&gl=ng
5acc6de7-9207-4006-b21e-7dce30d79bd8,Jumia,Reliable,5,2026-09-30,Google Play,Customer Review,https://play.google.com/store/apps/details?id=com.jumia.android&hl=en&gl=ng
2cde16a0-ec6e-45fe-8922-645d0bd8c5e0,Jumia,I like it,5,2026-09-30,Google Play,Customer Review,https://play.google.com/store/apps/details?id=com.jumia.android&hl=en&gl=ng
1fdea0e8-3c64-4665-bc00-0104548f9a25,Jumia,nice one,5,2026-09-29,Google Play,Customer Review,https://play.google.com/store/apps/details?id=com.jumia.android&hl=en&gl=ng
9f589acd-79e3-47ba-80f4-684a83bef397,Jumia,"i will give it 4 stars for now when my orders arrive in great conditions then you will get the 5 stars, cause this is my first time of ordering here and it's great please be nice ❤️",4,2026-09-29,Google Play,Customer Review,https://play.google.com/store/apps/details?id=com.jumia.android&hl=en&gl=ng
1ef73cee-6ad7-4aed-af8a-f89e71cb3243,Jumia,the best app for you,5,2026-09-29,Google Play,Customer Review,https://play.google.com/store/apps/details?id=com.jumia.android&hl=en&gl=ng
f222b555-8086-4eb6-822b-c1e36f48c9a8,Jumia,quick and fast order and trackable delivery,5,2026-09-29,Google Play,Customer Review,https://play.google.com/store/apps/details?id=com.jumia.android&hl=en&gl=ng
11a4c798-5c20-4561-b4f6-c8f7a367baf7,Jumia,Good,4,2026-09-29,Google Play,Customer Review,https://play.google.com/store/apps/details?id=com.jumia.android&hl=en&gl=ng
eaca1eaa-e7c9-41fd-ae78-bb2abc95203e,Jumia,I fine it very trigging to order from this app. I ❤️ it💋💋💋💋💋💋💋💋💋,5,2026-09-29,Google Play,Customer Review,https://play.google.com/store/apps/details?id=com.jumia.android&hl=en&gl=ng
677b69ad-9eb5-4a8c-954c-632d648ca042,Jumia,"The delivery is very slow these days, and I don't have any other choice than not to pick it up, how can I order something and be waiting for it for over 2 weeks in Abuja. please u guys should work on it",3,2026-09-29,Google Play,Customer Review,https://play.google.com/store/apps/details?id=com.jumia.android&hl=en&gl=ng
80c2a84a-9803-4901-9a2b-cb4b6ab07fc7,Jumia,it is a good app not bad but the main issues are 1 I've logged in Soo many times from the website and when I go into the app is still shows me to sign in again and yet when I do the process again still shows me to sign in 2 I can't be able to purchase anything from the app without the login plz fix it thanks,1,2026-09-29,Google Play,Customer Review,https://play.google.com/store/apps/details?id=com.jumia.android&hl=en&gl=ng
7f65188e-9f07-4746-8b1f-3e1d819f320f,Jumia,best app,5,2026-09-29,Google Play,Customer Review,https://play.google.com/store/apps/details?id=com.jumia.android&hl=en&gl=ng
5b779e2e-a37e-489a-a743-a67e8c462e03,Jumia,best online shopping app,5,2026-09-29,Google Play,Customer Review,https://play.google.com/store/apps/details?id=com.jumia.android&hl=en&gl=ng
90fd01d6-e304-4acc-833f-509b544a10ec,Jumia,it's the best,4,2026-09-29,Google Play,Customer Review,https://play.google.com/store/apps/details?id=com.jumia.android&hl=en&gl=ng
038f9ef8-dd50-4d8d-8a8a-5cfcb746525a,Jumia,One issue I have with your app is the in-app adverts. why do you advertise inside your own app. This is extremely annoying. Especially the pop ups,2,2026-09-29,Google Play,Customer Review,https://play.google.com/store/apps/details?id=com.jumia.android&hl=en&gl=ng
2bce3f4a-39b6-45a7-8199-d3fb32552625,Jumia,best of them all,5,2026-09-29,Google Play,Customer Review,https://play.google.com/store/apps/details?id=com.jumia.android&hl=en&gl=ng
c9556c8b-7ea1-4dc4-a62b-944e092a6b85,Jumia,"jumia is easy to use, fast and reliable",5,2026-09-29,Google Play,Customer Review,https://play.google.com/store/apps/details?id=com.jumia.android&hl=en&gl=ng
a70a3120-2f60-41d1-b42d-43a858cc088f,Jumia,jumia is trustworthy,5,2026-09-29,Google Play,Customer Review,https://play.google.com/store/apps/details?id=com.jumia.android&hl=en&gl=ng
933568e9-518a-4e83-b6c5-db9f6264c038,Jumia,Good most goods are of a fare quality,4,2026-09-29,Google Play,Customer Review,https://play.google.com/store/apps/details?id=com.jumia.android&hl=en&gl=ng
30885994-a9bc-40d1-b640-dd2103774848,Jumia,good,4,2026-09-29,Google Play,Customer Review,https://play.google.com/store/apps/details?id=com.jumia.android&hl=en&gl=ng
4f91847c-6cc4-48ac-9b24-14508756feff,Jumia,Very fast and reliable,5,2026-09-29,Google Play,Customer Review,https://play.google.com/store/apps/details?id=com.jumia.android&hl=en&gl=ng
2a52356d-cb5a-4c93-ade4-424c0969c308,Jumia,"jumai is the best, quality products at affordable prices and efficient In what they do.best online shopping app 💯🙂‍↔️",5,2026-09-29,Google Play,Customer Review,https://play.google.com/store/apps/details?id=com.jumia.android&hl=en&gl=ng
e8702bd9-7a86-4e3c-8cf3-93e923864e5f,Jumia,good 👍 online store,5,2026-09-29,Google Play,Customer Review,https://play.google.com/store/apps/details?id=com.jumia.android&hl=en&gl=ng
14a7844d-cd26-4f11-be36-d15c3f4e7c8b,Jumia,better,5,2026-09-29,Google Play,Customer Review,https://play.google.com/store/apps/details?id=com.jumia.android&hl=en&gl=ng
578005d1-0f6c-4394-b9cc-697b00e1fda8,Jumia,i love your work,5,2026-09-29,Google Play,Customer Review,https://play.google.com/store/apps/details?id=com.jumia.android&hl=en&gl=ng
da5cd722-3d60-4e3f-a665-3a220215d6e3,Jumia,It's pretty amazing,5,2026-09-29,Google Play,Customer Review,https://play.google.com/store/apps/details?id=com.jumia.android&hl=en&gl=ng
b1e61333-e600-4319-9909-015c5701e0af,Jumia,سىء جدا في التواصل واسترجاع المال وخدمة العملاء و كل شيء,1,2026-09-29,Google Play,Customer Review,https://play.google.com/store/apps/details?id=com.jumia.android&hl=en&gl=ng
f546de81-1f44-4107-9d6e-c112c6b187cb,Jumia,there's always an issue when I want to log in back,4,2026-09-29,Google Play,Customer Review,https://play.google.com/store/apps/details?id=com.jumia.android&hl=en&gl=ng
6d9ef508-8c76-41ca-8245-4b8157fa4b00,Jumia,the process is too tedious.,1,2026-09-29,Google Play,Customer Review,https://play.google.com/store/apps/details?id=com.jumia.android&hl=en&gl=ng
fe8c6c87-e14e-445f-81ef-fc3bda9b4500,Jumia,I definitely choose Jumia always,5,2026-09-29,Google Play,Customer Review,https://play.google.com/store/apps/details?id=com.jumia.android&hl=en&gl=ng
01cde8b7-785f-4d40-8a70-91dcf108d7fb,Jumia,good,5,2026-09-29,Google Play,Customer Review,https://play.google.com/store/apps/details?id=com.jumia.android&hl=en&gl=ng
5b8bb756-fd24-47c0-b037-cf04bb4f2388,Jumia,easy and convenient,5,2026-09-29,Google Play,Customer Review,https://play.google.com/store/apps/details?id=com.jumia.android&hl=en&gl=ng
f3696954-d833-4536-8595-0d0b1beadc31,Jumia,jumia is fast and efficient,5,2026-09-29,Google Play,Customer Review,https://play.google.com/store/apps/details?id=com.jumia.android&hl=en&gl=ng
5c4921b5-a8b6-4159-85c4-52c880f11d31,Jumia,reliable,5,2026-09-29,Google Play,Customer Review,https://play.google.com/store/apps/details?id=com.jumia.android&hl=en&gl=ng
9fa24a33-6768-4cfc-92ce-fc3c7f8a6735,Jumia,Excellent,5,2026-09-29,Google Play,Customer Review,https://play.google.com/store/apps/details?id=com.jumia.android&hl=en&gl=ng
b8132931-e7d2-44a2-be3a-31c4fc9f5bc7,Jumia,exellent,5,2026-09-29,Google Play,Customer Review,https://play.google.com/store/apps/details?id=com.jumia.android&hl=en&gl=ng
56ec14d3-7f1d-44ca-aa24-ce63bf121629,Jumia,WE NEED DARK MODE,4,2026-09-29,Google Play,Customer Review,https://play.google.com/store/apps/details?id=com.jumia.android&hl=en&gl=ng
509908fd-08c8-4a06-a982-0d49e4f8aa6e,Jumia,good one,5,2026-09-29,Google Play,Customer Review,https://play.google.com/store/apps/details?id=com.jumia.android&hl=en&gl=ng
1cccb551-edc5-4513-be59-addb93fd2b38,Jumia,Love you Jumia,5,2026-09-29,Google Play,Customer Review,https://play.google.com/store/apps/details?id=com.jumia.android&hl=en&gl=ng
a7723a37-d194-48dd-a3c8-55f75e5b8859,Jumia,Excellent,5,2026-09-29,Google Play,Customer Review,https://play.google.com/store/apps/details?id=com.jumia.android&hl=en&gl=ng
098aa20b-8cbd-415d-aee7-68fca07bf4e9,Jumia,excellent,5,2026-09-29,Google Play,Customer Review,https://play.google.com/store/apps/details?id=com.jumia.android&hl=en&gl=ng
8af1ced4-0820-4389-882c-797a6a203ee4,Jumia,This app is heaven sent to us to make us life be easier for us,5,2026-09-29,Google Play,Customer Review,https://play.google.com/store/apps/details?id=com.jumia.android&hl=en&gl=ng
9320d8dc-aed0-4504-82e8-9ecce309154f,Jumia,good and many options to choose from,4,2026-09-29,Google Play,Customer Review,https://play.google.com/store/apps/details?id=com.jumia.android&hl=en&gl=ng
59fabe2a-126a-4665-b516-6fcd83684b88,Jumia,trustworthy,3,2026-09-29,Google Play,Customer Review,https://play.google.com/store/apps/details?id=com.jumia.android&hl=en&gl=ng
335bed8b-8a61-47aa-90ce-006b71467e89,Jumia,Great deals,5,2026-09-29,Google Play,Customer Review,https://play.google.com/store/apps/details?id=com.jumia.android&hl=en&gl=ng
f105c081-7a83-49fd-88f8-5adf53819bdf,Jumia,good one,5,2026-09-29,Google Play,Customer Review,https://play.google.com/store/apps/details?id=com.jumia.android&hl=en&gl=ng
6cddb01e-3af8-41d6-8206-809407c14713,Jumia,It's a nice sales app,5,2026-09-29,Google Play,Customer Review,https://play.google.com/store/apps/details?id=com.jumia.android&hl=en&gl=ng
d50ef562-93c7-4d33-9c84-52af51d9fe8b,Jumia,great app,5,2026-09-29,Google Play,Customer Review,https://play.google.com/store/apps/details?id=com.jumia.android&hl=en&gl=ng
b43ec2c5-61a7-46bf-8b10-d2a42487c141,Jumia,Jumia is reliable and affordable You can order anything from them if you have money and when you go cashless I love this app and I also trust them with my money,5,2026-09-29,Google Play,Customer Review,https://play.google.com/store/apps/details?id=com.jumia.android&hl=en&gl=ng
a9b8fe0d-9e28-4f20-a30a-86bb86fda245,Jumia,"very easy to shop with, i love the fact that i receive my order fast",5,2026-09-29,Google Play,Customer Review,https://play.google.com/store/apps/details?id=com.jumia.android&hl=en&gl=ng
097fea15-10eb-4027-bd0f-ef935f121e34,Jumia,fast and reliable service,5,2026-09-29,Google Play,Customer Review,https://play.google.com/store/apps/details?id=com.jumia.android&hl=en&gl=ng
b89602cb-4863-46f1-80ab-89fd62698ffd,Jumia,This was fine,3,2026-09-29,Google Play,Customer Review,https://play.google.com/store/apps/details?id=com.jumia.android&hl=en&gl=ng
03db29a1-039d-4096-a957-05a07b2c6b34,Jumia,good,5,2026-09-29,Google Play,Customer Review,https://play.google.com/store/apps/details?id=com.jumia.android&hl=en&gl=ng
00eacf14-20ca-4117-a95e-5a8e18c15128,Jumia,"Got voucher but system did not recognise the voucher, this is misleading. Telling me invalid voucher.",3,2026-09-29,Google Play,Customer Review,https://play.google.com/store/apps/details?id=com.jumia.android&hl=en&gl=ng
6d67bc01-d103-42f6-a322-a11c5b446d7c,Jumia,easy shopping and quality on delivery 👌,5,2026-09-29,Google Play,Customer Review,https://play.google.com/store/apps/details?id=com.jumia.android&hl=en&gl=ng
bbecffbd-40a4-4123-9269-95f2b119dcaf,Jumia,it's good,4,2026-09-29,Google Play,Customer Review,https://play.google.com/store/apps/details?id=com.jumia.android&hl=en&gl=ng
7c9e2e59-ca16-4727-8d1c-8be2a15894d7,Jumia,very nice,5,2026-09-29,Google Play,Customer Review,https://play.google.com/store/apps/details?id=com.jumia.android&hl=en&gl=ng
55e2fa39-c9d5-4cca-866b-3f0b04eecfa2,Jumia,Good for everything,5,2026-09-29,Google Play,Customer Review,https://play.google.com/store/apps/details?id=com.jumia.android&hl=en&gl=ng
c69629d0-f26f-4c64-a5f1-5a949f1f658d,Jumia,excellent,5,2026-09-29,Google Play,Customer Review,https://play.google.com/store/apps/details?id=com.jumia.android&hl=en&gl=ng
a8767cc3-13f7-4654-86ef-a16c58626a1b,Jumia,solid service,5,2026-09-29,Google Play,Customer Review,https://play.google.com/store/apps/details?id=com.jumia.android&hl=en&gl=ng
8c0386f4-5d4d-4683-969b-75a682174d53,Jumia,👍,5,2026-09-29,Google Play,Customer Review,https://play.google.com/store/apps/details?id=com.jumia.android&hl=en&gl=ng
aab9c87b-2e41-48ef-8978-7de43a6bf70d,Jumia,Good customer service,5,2026-09-29,Google Play,Customer Review,https://play.google.com/store/apps/details?id=com.jumia.android&hl=en&gl=ng
5c33f659-2522-4d6b-a612-3e9db44e19e8,Jumia,good,5,2026-09-29,Google Play,Customer Review,https://play.google.com/store/apps/details?id=com.jumia.android&hl=en&gl=ng
578b821b-026f-48eb-946b-734791a21154,Jumia,"Delivery fees are so expensive. And you have to pay for the delivery fee on every item if you are buying from multiple products at the same time because they are from different stores. I just don't get it. It wasn't like that before, but it is now.",1,2026-09-29,Google Play,Customer Review,https://play.google.com/store/apps/details?id=com.jumia.android&hl=en&gl=ng
914a9fd2-580b-4a95-b49b-ceff70c415f4,Jumia,good service,5,2026-09-29,Google Play,Customer Review,https://play.google.com/store/apps/details?id=com.jumia.android&hl=en&gl=ng
73eb55ea-7e90-4769-8f9b-c0ea0463a0e8,Jumia,my best shopping place,5,2026-09-29,Google Play,Customer Review,https://play.google.com/store/apps/details?id=com.jumia.android&hl=en&gl=ng
6134f358-81a7-4321-9c23-0f5707d24156,Jumia,excellent,5,2026-09-29,Google Play,Customer Review,https://play.google.com/store/apps/details?id=com.jumia.android&hl=en&gl=ng
feca5606-7c19-44d9-a061-42a487895f52,Jumia,good,5,2026-09-29,Google Play,Customer Review,https://play.google.com/store/apps/details?id=com.jumia.android&hl=en&gl=ng
06ce282f-b5e6-411e-a6c6-ecd950115d97,Jumia,I have been using Jumia for years but lately the app has been terrible. It won't open over phone data or WiFi I don't know if it uses more internet than other regular apps. It goes off right in the middle of searching for an item to purchase. I will have to uninstall eventually as I don't see the use of an app that won't even open for a transaction!,1,2026-09-29,Google Play,Customer Review,https://play.google.com/store/apps/details?id=com.jumia.android&hl=en&gl=ng
9254b7ca-af24-44fa-a926-a75b86133c5f,Jumia,Effective,5,2026-09-29,Google Play,Customer Review,https://play.google.com/store/apps/details?id=com.jumia.android&hl=en&gl=ng
2c97a922-9396-4de0-b1d1-979c6c0fcc83,Jumia,I love it so much but can you reduce the price for earpiece,5,2026-09-29,Google Play,Customer Review,https://play.google.com/store/apps/details?id=com.jumia.android&hl=en&gl=ng
b7288631-f713-4b3b-a242-2bfe1de2e71e,Jumia,Good,5,2026-09-29,Google Play,Customer Review,https://play.google.com/store/apps/details?id=com.jumia.android&hl=en&gl=ng
f7f34c86-0383-4ead-a80f-41dc4275a77d,Jumia,it is very good,4,2026-09-29,Google Play,Customer Review,https://play.google.com/store/apps/details?id=com.jumia.android&hl=en&gl=ng
2e24cb3c-37a5-4007-a92a-3c88a8ba0fd7,Jumia,Jumia has been the best place for me to shop online. kudos team jumia.,5,2026-09-29,Google Play,Customer Review,https://play.google.com/store/apps/details?id=com.jumia.android&hl=en&gl=ng
2da847a5-9920-48a6-a1be-0c844a519ed1,Jumia,great,5,2026-09-29,Google Play,Customer Review,https://play.google.com/store/apps/details?id=com.jumia.android&hl=en&gl=ng
951750c3-d3d7-4de2-8b89-d0600c6e247c,Jumia,Good,5,2026-09-29,Google Play,Customer Review,https://play.google.com/store/apps/details?id=com.jumia.android&hl=en&gl=ng
86bdeabe-c737-4364-bfbc-65f0bec26a5c,Jumia,very good 😊,5,2026-09-29,Google Play,Customer Review,https://play.google.com/store/apps/details?id=com.jumia.android&hl=en&gl=ng
160f9959-d5bc-4b9a-a137-412d7416861b,Jumia,Awesome,5,2026-09-29,Google Play,Customer Review,https://play.google.com/store/apps/details?id=com.jumia.android&hl=en&gl=ng
84ac2661-e995-44f9-be97-3e48f92ed1eb,Jumia,Very reliable,1,2026-09-29,Google Play,Customer Review,https://play.google.com/store/apps/details?id=com.jumia.android&hl=en&gl=ng
1509ca9f-6777-4218-b72f-d98dd9582b9c,Jumia,👍 👍 👍,4,2026-09-29,Google Play,Customer Review,https://play.google.com/store/apps/details?id=com.jumia.android&hl=en&gl=ng
44c6748d-cb93-42bb-b473-3291e504ce84,Jumia,nice to see,5,2026-09-28,Google Play,Customer Review,https://play.google.com/store/apps/details?id=com.jumia.android&hl=en&gl=ng
a159dc9e-d447-472c-b7d3-74a7d50d08fb,Jumia,alibishiri area1 minna Niger state,5,2026-09-28,Google Play,Customer Review,https://play.google.com/store/apps/details?id=com.jumia.android&hl=en&gl=ng
709cbc3d-a431-4871-82b5-357c987c796c,Jumia,I hate the app their stuff is outdated 🥱🥱,1,2026-09-28,Google Play,Customer Review,https://play.google.com/store/apps/details?id=com.jumia.android&hl=en&gl=ng
c7094ccf-ff6b-4718-ac6c-0f56976f9ea7,Jumia,falling to deliver on the delivery date,1,2026-09-28,Google Play,Customer Review,https://play.google.com/store/apps/details?id=com.jumia.android&hl=en&gl=ng
2ba74e62-616d-44eb-8a13-8ee5f633c8b3,Jumia,I love Jumia,5,2026-09-28,Google Play,Customer Review,https://play.google.com/store/apps/details?id=com.jumia.android&hl=en&gl=ng
2b2bd81a-2e4c-4527-8773-374a256c12fc,Jumia,but try to reduce on delivery period,5,2026-09-28,Google Play,Customer Review,https://play.google.com/store/apps/details?id=com.jumia.android&hl=en&gl=ng
f19b2506-407a-45a7-a251-89317075af6b,Jumia,seamless process..addictive ease 😍,4,2026-09-28,Google Play,Customer Review,https://play.google.com/store/apps/details?id=com.jumia.android&hl=en&gl=ng
355c2f56-e8d1-47ac-894b-01d67d4a1d70,Jumia,very good,5,2026-09-28,Google Play,Customer Review,https://play.google.com/store/apps/details?id=com.jumia.android&hl=en&gl=ng
3c036592-3be9-4a9a-9308-1e5e87a5bf5e,Jumia,"4stars for now, wanna stay on for a year then give my 5",4,2026-09-28,Google Play,Customer Review,https://play.google.com/store/apps/details?id=com.jumia.android&hl=en&gl=ng
7abbf7f6-aed4-4a31-852b-65d8be6dde86,Jumia,nice,4,2026-09-28,Google Play,Customer Review,https://play.google.com/store/apps/details?id=com.jumia.android&hl=en&gl=ng
6370b00a-4153-46be-b9f9-9a969decbf72,Jumia,makes work easier,3,2026-09-28,Google Play,Customer Review,https://play.google.com/store/apps/details?id=com.jumia.android&hl=en&gl=ng
6a25fe5d-b5db-459d-a90e-0ac9cce7b669,Jumia,The best and fast online stores,4,2026-09-28,Google Play,Customer Review,https://play.google.com/store/apps/details?id=com.jumia.android&hl=en&gl=ng
bc4bc648-96bb-41b4-b6e1-379c399c8e82,Jumia,mostly good products 👌,4,2026-09-28,Google Play,Customer Review,https://play.google.com/store/apps/details?id=com.jumia.android&hl=en&gl=ng
42639d37-0144-4055-9e4b-8376657c2277,Jumia,"the app won't work keeps saying Sorry, we couldn't load your content.",1,2026-09-28,Google Play,Customer Review,https://play.google.com/store/apps/details?id=com.jumia.android&hl=en&gl=ng
f8b114fb-37c7-4def-99d7-21f3d648b17a,Jumia,very convenient,2,2026-09-28,Google Play,Customer Review,https://play.google.com/store/apps/details?id=com.jumia.android&hl=en&gl=ng
8a12d0ea-50f1-4a79-801b-9142efc33d0e,Jumia,Good,5,2026-09-28,Google Play,Customer Review,https://play.google.com/store/apps/details?id=com.jumia.android&hl=en&gl=ng
8565301d-ff3e-4832-9fdf-49f4f3fc2a51,Jumia,very satisfying and trustworthy,5,2026-09-28,Google Play,Customer Review,https://play.google.com/store/apps/details?id=com.jumia.android&hl=en&gl=ng
5ab7b840-a6ad-4069-bfc3-eba76134cecc,Jumia,really amazing,5,2026-09-28,Google Play,Customer Review,https://play.google.com/store/apps/details?id=com.jumia.android&hl=en&gl=ng
2b53b1b0-e447-4f72-933b-b65cae565177,Jumia,I really appreciate,5,2026-09-28,Google Play,Customer Review,https://play.google.com/store/apps/details?id=com.jumia.android&hl=en&gl=ng
4d0cdbf3-34a8-48d0-b950-0a85cce15d46,Jumia,cool,4,2026-09-28,Google Play,Customer Review,https://play.google.com/store/apps/details?id=com.jumia.android&hl=en&gl=ng
5fb162a5-27e1-40fc-90c6-7bac456bd222,Jumia,gud,5,2026-09-28,Google Play,Customer Review,https://play.google.com/store/apps/details?id=com.jumia.android&hl=en&gl=ng
bf11ad2e-4ad5-4913-9d57-68418d2dc9e1,Jumia,Thanks very much,5,2026-09-28,Google Play,Customer Review,https://play.google.com/store/apps/details?id=com.jumia.android&hl=en&gl=ng
37eb1c02-7bad-49da-acb0-71422b2ef722,Jumia,Really trust worthy Always read description properly before ordering though,5,2026-09-28,Google Play,Customer Review,https://play.google.com/store/apps/details?id=com.jumia.android&hl=en&gl=ng
65a12a95-3c63-4b99-826f-dbcb8944f0c6,Jumia,"Okay, I already collected my order 3 days ago but app reminding me to go and collect.",1,2026-09-28,Google Play,Customer Review,https://play.google.com/store/apps/details?id=com.jumia.android&hl=en&gl=ng
698acbc9-b5aa-4aa8-a2b8-060285b3958d,Jumia,good,5,2026-09-28,Google Play,Customer Review,https://play.google.com/store/apps/details?id=com.jumia.android&hl=en&gl=ng
f016db71-2d76-4cc4-825f-9361d4d5acae,Jumia,superb app,5,2026-09-28,Google Play,Customer Review,https://play.google.com/store/apps/details?id=com.jumia.android&hl=en&gl=ng
391e2087-6824-4dce-bea6-e3f7ea61c9d6,Jumia,Not bad!,4,2026-09-28,Google Play,Customer Review,https://play.google.com/store/apps/details?id=com.jumia.android&hl=en&gl=ng
5e46bea0-b861-45b8-81eb-41b98fdf9ddd,Jumia,good app,4,2026-09-28,Google Play,Customer Review,https://play.google.com/store/apps/details?id=com.jumia.android&hl=en&gl=ng
3b0ed1ec-20b0-45cb-be75-09255dbf6889,Jumia,i love there delivery most,5,2026-09-28,Google Play,Customer Review,https://play.google.com/store/apps/details?id=com.jumia.android&hl=en&gl=ng
b17231de-3b2b-4a11-8573-2c2cb6d00957,Jumia,👌,5,2026-09-28,Google Play,Customer Review,https://play.google.com/store/apps/details?id=com.jumia.android&hl=en&gl=ng
b481492a-e678-4c32-8cd0-edd87735d8e7,Jumia,good,3,2026-09-28,Google Play,Customer Review,https://play.google.com/store/apps/details?id=com.jumia.android&hl=en&gl=ng
e3c55cfb-da20-4ed0-9159-c97eb48faab8,Jumia,last time I bought black silicone case for Google pixel 3a but faded so faster turn to be white feel so disappointed and was quite expensive thou🥺🥹,2,2026-09-28,Google Play,Customer Review,https://play.google.com/store/apps/details?id=com.jumia.android&hl=en&gl=ng
fdd8997a-f6a9-4684-a830-565ccba3bcbe,Jumia,"This company sells very poor-quality products. When the products don’t work, they refuse to provide a refund and give you many excuses instead of solving the problem. I’m very disappointed with my experience and would not recommend this company.",1,2026-09-28,Google Play,Customer Review,https://play.google.com/store/apps/details?id=com.jumia.android&hl=en&gl=ng
05462caf-2622-46bc-96db-cf9dd0062619,Jumia,Good,5,2026-09-28,Google Play,Customer Review,https://play.google.com/store/apps/details?id=com.jumia.android&hl=en&gl=ng
f77cf66d-6fbd-42e0-b1a5-fa27336c1834,Jumia,correct,5,2026-09-28,Google Play,Customer Review,https://play.google.com/store/apps/details?id=com.jumia.android&hl=en&gl=ng
9837b8b1-4ffd-47ad-9a69-332e6215dfac,Jumia,I really enjoy using this app,4,2026-09-28,Google Play,Customer Review,https://play.google.com/store/apps/details?id=com.jumia.android&hl=en&gl=ng
b455ff0d-6b12-42b8-ae67-bc9152ab4762,Jumia,excellent,5,2026-09-28,Google Play,Customer Review,https://play.google.com/store/apps/details?id=com.jumia.android&hl=en&gl=ng
60bc0584-ac55-4c3e-aaaa-1499a2e5a2b7,Jumia,"Never had issues with Jumia,they deliver on time",5,2026-09-28,Google Play,Customer Review,https://play.google.com/store/apps/details?id=com.jumia.android&hl=en&gl=ng
cdb5b279-b054-4697-8dfa-34f4d5b82184,Jumia,good 👍,4,2026-09-28,Google Play,Customer Review,https://play.google.com/store/apps/details?id=com.jumia.android&hl=en&gl=ng
cfa2ade0-d7d8-481e-9b34-7d68854f8cab,Jumia,very good app,5,2026-09-28,Google Play,Customer Review,https://play.google.com/store/apps/details?id=com.jumia.android&hl=en&gl=ng
db28d8e6-741e-4fe5-acee-8c5074445edd,Jumia,"I love this app so much, the items are real and no scams, they refund your money when your item is very bad",1,2026-09-28,Google Play,Customer Review,https://play.google.com/store/apps/details?id=com.jumia.android&hl=en&gl=ng
609c1b59-cf8c-441b-a63e-1ee7907399e0,Jumia,I pray I receive my order,1,2026-09-28,Google Play,Customer Review,https://play.google.com/store/apps/details?id=com.jumia.android&hl=en&gl=ng
2431eb64-8f76-4183-8e19-6fd8fdc9ad42,Jumia,good though be watchful,5,2026-09-28,Google Play,Customer Review,https://play.google.com/store/apps/details?id=com.jumia.android&hl=en&gl=ng
e803a8a3-5df5-46ea-b729-0ea2d5a2c3da,Jumia,Effective shopping site. Easy n sufficient 💪,5,2026-09-28,Google Play,Customer Review,https://play.google.com/store/apps/details?id=com.jumia.android&hl=en&gl=ng
c19acea7-6b18-4e18-aa77-f69735531e5c,Jumia,please be a good sellers,5,2026-09-28,Google Play,Customer Review,https://play.google.com/store/apps/details?id=com.jumia.android&hl=en&gl=ng
e1ae5e00-c593-4210-92e9-3c28dc164e9e,Jumia,"nice place sha, but I haven't received my order",5,2026-09-28,Google Play,Customer Review,https://play.google.com/store/apps/details?id=com.jumia.android&hl=en&gl=ng
7efb761a-418f-416c-89b0-0d0eea195976,Jumia,very good 👍,5,2026-09-28,Google Play,Customer Review,https://play.google.com/store/apps/details?id=com.jumia.android&hl=en&gl=ng
d426ef26-88bf-4ffd-89f9-95fba5b97013,Jumia,JUMIA is A Fake And And A Total Scam All In one App I Placed an Order Of Power Bank Worth 32000 And It's Been over 8 days I haven't Received It I even Complained To The Customer Care And Still No Good Decision Was Taken All I was Told Is To Please Be Patient. my Next Move Of Action is To Sue Them If Possible And Arrest The Vendor That Sold the Power Bank To Via Jumia App. STUPID APP AND COMPANY OUT TO SCAM NIGERIANS,1,2026-09-28,Google Play,Customer Review,https://play.google.com/store/apps/details?id=com.jumia.android&hl=en&gl=ng
82f3e644-09f8-4608-b297-723bbabb9c42,Jumia,delivery expenses are expensive and the delivery time is somehw long but so far all I hv been delivered to are exactly the same as I wanted,2,2026-09-28,Google Play,Customer Review,https://play.google.com/store/apps/details?id=com.jumia.android&hl=en&gl=ng
8d114898-77c0-4ec8-b435-27f5ffd83fec,Jumia,nice,4,2026-09-28,Google Play,Customer Review,https://play.google.com/store/apps/details?id=com.jumia.android&hl=en&gl=ng
31721832-9685-4d95-b8a5-e6a51ab0e187,Jumia,good,5,2026-09-28,Google Play,Customer Review,https://play.google.com/store/apps/details?id=com.jumia.android&hl=en&gl=ng
9ce7975a-32d9-43b1-860c-63c0d03afd03,Jumia,"good, it offers easy access to various requests, I'd be glad if Jumia add up to more Items needed somethings aren't available.",4,2026-09-28,Google Play,Customer Review,https://play.google.com/store/apps/details?id=com.jumia.android&hl=en&gl=ng
e5c7f1fb-10c3-4f68-bab6-dcfe2a2a4091,Jumia,excellent service..,5,2026-09-28,Google Play,Customer Review,https://play.google.com/store/apps/details?id=com.jumia.android&hl=en&gl=ng
ba500221-d418-4722-b083-28b72d104a89,Jumia,very nice app,5,2026-09-28,Google Play,Customer Review,https://play.google.com/store/apps/details?id=com.jumia.android&hl=en&gl=ng
38769588-81e9-4bf1-849b-9dd3b9fd70db,Jumia,very good to deal with jumia,5,2026-09-28,Google Play,Customer Review,https://play.google.com/store/apps/details?id=com.jumia.android&hl=en&gl=ng
2d43cf39-8139-471e-8e6b-06279a62e018,Jumia,"I like it, good and reliable for many things",5,2026-09-28,Google Play,Customer Review,https://play.google.com/store/apps/details?id=com.jumia.android&hl=en&gl=ng
bc670996-019f-4b32-b631-fee062fba7de,Jumia,good shopping app but check on time,5,2026-09-28,Google Play,Customer Review,https://play.google.com/store/apps/details?id=com.jumia.android&hl=en&gl=ng
a5660a1b-24f7-4595-9df6-f0da069b75bb,Jumia,good,4,2026-09-28,Google Play,Customer Review,https://play.google.com/store/apps/details?id=com.jumia.android&hl=en&gl=ng
e95bd503-0ba4-4e26-8a42-fd7439c247fa,Jumia,you once promised me a coupon (your team but it was an empty promise,5,2026-09-28,Google Play,Customer Review,https://play.google.com/store/apps/details?id=com.jumia.android&hl=en&gl=ng
8c9bd3b4-fe22-4c3b-bc4d-3a97d7e00e88,Jumia,"All acts are non fraudulent and their delivery is top notch. I'll give them four stars, only because they don't have videos of products.",4,2026-09-28,Google Play,Customer Review,https://play.google.com/store/apps/details?id=com.jumia.android&hl=en&gl=ng
cc557c5f-32ea-495f-baa0-2e58cb5f8ca9,Jumia,good app to odder your items,5,2026-09-28,Google Play,Customer Review,https://play.google.com/store/apps/details?id=com.jumia.android&hl=en&gl=ng
36941bd5-4dbb-4da1-ba78-48a23305e0fd,Jumia,"very good,fast delivery and quality goods",5,2026-09-28,Google Play,Customer Review,https://play.google.com/store/apps/details?id=com.jumia.android&hl=en&gl=ng
42cf41e6-91ed-4d5f-9c68-62dcf27b2c7e,Jumia,Jumia online shopping is good and easy to buy or sell what ever you want just download it and thank me later,5,2026-09-28,Google Play,Customer Review,https://play.google.com/store/apps/details?id=com.jumia.android&hl=en&gl=ng
192e0716-ad03-4c2f-962b-a26ab162290a,Jumia,so amazing shopping experience,5,2026-09-28,Google Play,Customer Review,https://play.google.com/store/apps/details?id=com.jumia.android&hl=en&gl=ng
e328321d-89bc-416b-ac74-480de5d09870,Jumia,jumia is the best way to shop,5,2026-09-28,Google Play,Customer Review,https://play.google.com/store/apps/details?id=com.jumia.android&hl=en&gl=ng
24c5e8f8-adad-41bf-843a-95f63144547b,Jumia,amazing market and price,5,2026-09-28,Google Play,Customer Review,https://play.google.com/store/apps/details?id=com.jumia.android&hl=en&gl=ng
b655a3fb-80e5-4097-883e-67b240da4f96,Jumia,What is so wrong with this app that I am kept logged out of my account. I can't order directly and had to use a friend's. Thus is very frustrating.,1,2026-09-28,Google Play,Customer Review,https://play.google.com/store/apps/details?id=com.jumia.android&hl=en&gl=ng
0c3d0a28-4ac9-4532-8c29-2f723d544208,Jumia,the system was a bit slow. but it is very reliable when it comes to the products they sell,4,2026-09-28,Google Play,Customer Review,https://play.google.com/store/apps/details?id=com.jumia.android&hl=en&gl=ng
563356ca-40fb-4268-80bd-4dea79a1cdc8,Jumia,Safe money Transaction,3,2026-09-28,Google Play,Customer Review,https://play.google.com/store/apps/details?id=com.jumia.android&hl=en&gl=ng
09ad7220-d8a6-461d-8d5b-ecfde3399d9b,Jumia,Swift.,4,2026-09-28,Google Play,Customer Review,https://play.google.com/store/apps/details?id=com.jumia.android&hl=en&gl=ng
b2e87660-fe93-48a1-8dd6-256c527c9ea4,Jumia,it is okay,5,2026-09-28,Google Play,Customer Review,https://play.google.com/store/apps/details?id=com.jumia.android&hl=en&gl=ng
f1ad3ff9-c7ae-4ce4-8390-c6cc645ffddd,Jumia,the transport fair is too much,2,2026-09-28,Google Play,Customer Review,https://play.google.com/store/apps/details?id=com.jumia.android&hl=en&gl=ng
dc64ec81-b656-4951-9e8e-5e707565d078,Jumia,The delivery fee is too much,5,2026-09-27,Google Play,Customer Review,https://play.google.com/store/apps/details?id=com.jumia.android&hl=en&gl=ng
27562074-3c76-461f-87c3-fadd39d0c098,Jumia,very much,5,2026-09-27,Google Play,Customer Review,https://play.google.com/store/apps/details?id=com.jumia.android&hl=en&gl=ng
ac71019a-048e-4a76-86c0-2d005e17230b,Jumia,please let clients make selection of colours,2,2026-09-27,Google Play,Customer Review,https://play.google.com/store/apps/details?id=com.jumia.android&hl=en&gl=ng
1c4319d3-a28e-41f8-ad9e-fcc389a2ee1e,Jumia,best stor of shopping,4,2026-09-27,Google Play,Customer Review,https://play.google.com/store/apps/details?id=com.jumia.android&hl=en&gl=ng
17ab4e8a-082b-43d4-beaf-91e68e0a910c,Jumia,great,5,2026-09-27,Google Play,Customer Review,https://play.google.com/store/apps/details?id=com.jumia.android&hl=en&gl=ng
0af1ab47-0c2f-4b5b-a72b-b5194c9c72cb,Jumia,I need this app,5,2026-09-27,Google Play,Customer Review,https://play.google.com/store/apps/details?id=com.jumia.android&hl=en&gl=ng
ed7aaa8b-a932-4c99-bb66-77ba512dc76b,Jumia,Very cool,4,2026-09-27,Google Play,Customer Review,https://play.google.com/store/apps/details?id=com.jumia.android&hl=en&gl=ng
f769043d-00a9-4eea-8104-f6661b1995f2,Jumia,great app to shop in with discount,5,2026-09-27,Google Play,Customer Review,https://play.google.com/store/apps/details?id=com.jumia.android&hl=en&gl=ng
bd6b43be-df30-414f-b84c-c94178322e36,Jumia,"very fast, items come on time",4,2026-09-27,Google Play,Customer Review,https://play.google.com/store/apps/details?id=com.jumia.android&hl=en&gl=ng
d9326d6a-db7b-4532-86ae-8b424397bc90,Jumia,excellent,5,2026-09-27,Google Play,Customer Review,https://play.google.com/store/apps/details?id=com.jumia.android&hl=en&gl=ng
b5297f29-ac54-4186-804f-6565b1016ab1,Jumia,I didn't like it very much,1,2026-09-27,Google Play,Customer Review,https://play.google.com/store/apps/details?id=com.jumia.android&hl=en&gl=ng
8cd138d7-ac54-4925-8f43-4e29c12674e8,Jumia,need to improve in quality and price control,4,2026-09-27,Google Play,Customer Review,https://play.google.com/store/apps/details?id=com.jumia.android&hl=en&gl=ng
cf5ada40-93a6-47c8-94c2-69514b7aebac,Jumia,I will always shop with without Julia,5,2026-09-27,Google Play,Customer Review,https://play.google.com/store/apps/details?id=com.jumia.android&hl=en&gl=ng
d9c836ed-7e0a-4cc2-aae0-614cab5fa3a4,Jumia,👍,3,2026-09-27,Google Play,Customer Review,https://play.google.com/store/apps/details?id=com.jumia.android&hl=en&gl=ng
1fe9673e-2197-45ae-a360-c762f73a02e0,Jumia,well i will say jumia is very convenient there is no hassle with the payment and delivery of goods,5,2026-09-27,Google Play,Customer Review,https://play.google.com/store/apps/details?id=com.jumia.android&hl=en&gl=ng
fa1fbe12-b2e0-4506-9d28-dbea010f9299,Jumia,It's easy to access,4,2026-09-27,Google Play,Customer Review,https://play.google.com/store/apps/details?id=com.jumia.android&hl=en&gl=ng
f281df04-976b-4048-a439-855397a0ec33,Jumia,Great 👍,5,2026-09-27,Google Play,Customer Review,https://play.google.com/store/apps/details?id=com.jumia.android&hl=en&gl=ng
d179491a-9542-4e4f-b693-88e2c4c9796c,Jumia,"more good, better and perfect than others",5,2026-09-27,Google Play,Customer Review,https://play.google.com/store/apps/details?id=com.jumia.android&hl=en&gl=ng
cd38d649-cc2c-4673-abcb-d6ad26e9fbe6,Jumia,doesnt have pickup ring,1,2026-09-27,Google Play,Customer Review,https://play.google.com/store/apps/details?id=com.jumia.android&hl=en&gl=ng
b422bf2e-4a9d-4155-8348-ec9be5f43477,Jumia,Give us dark mode on the app,3,2026-09-27,Google Play,Customer Review,https://play.google.com/store/apps/details?id=com.jumia.android&hl=en&gl=ng
31ffe9ba-8140-471b-81b7-c7a303ff18df,Jumia,fast and safe,5,2026-09-27,Google Play,Customer Review,https://play.google.com/store/apps/details?id=com.jumia.android&hl=en&gl=ng
aa265997-c4ee-439f-9bda-0f92ce34f116,Jumia,ابلكيشن زفت و خدمة زفت و توصيل زفت محدش يتعامل معاهم هتندموا بجد خدمة عملا مابيقدموش حل اسوأ مكان اشتريت منه,1,2026-09-27,Google Play,Customer Review,https://play.google.com/store/apps/details?id=com.jumia.android&hl=en&gl=ng
66a090c0-21e3-4165-8a16-3ab7b52436cc,Jumia,good,5,2026-09-27,Google Play,Customer Review,https://play.google.com/store/apps/details?id=com.jumia.android&hl=en&gl=ng
40b32b10-1d8f-4204-bc2d-9a69bb35c6b5,Jumia,very easy to use,5,2026-09-27,Google Play,Customer Review,https://play.google.com/store/apps/details?id=com.jumia.android&hl=en&gl=ng
736a9993-1a9c-45ed-a8c4-7a621455c0cf,Jumia,The app is easy fast and reliable😊,4,2026-09-27,Google Play,Customer Review,https://play.google.com/store/apps/details?id=com.jumia.android&hl=en&gl=ng
66afcb49-b367-474d-afcd-169ea883d2a0,Jumia,jumia is good,5,2026-09-27,Google Play,Customer Review,https://play.google.com/store/apps/details?id=com.jumia.android&hl=en&gl=ng
054f288e-82da-4e9d-a1d8-3c2562d804c4,Jumia,"Payment methods, Navigation and very good promo and discount The App is great",5,2026-09-27,Google Play,Customer Review,https://play.google.com/store/apps/details?id=com.jumia.android&hl=en&gl=ng
f8c994d4-2595-4139-8ed5-d35b9cc99c65,Jumia,fantastic,5,2026-09-27,Google Play,Customer Review,https://play.google.com/store/apps/details?id=com.jumia.android&hl=en&gl=ng
f6d6d0e7-8cc5-4081-9409-ea503f5de76b,Jumia,Great 👍,5,2026-09-27,Google Play,Customer Review,https://play.google.com/store/apps/details?id=com.jumia.android&hl=en&gl=ng
7614a259-0424-4e3f-8cfa-89eddea721d6,Jumia,It a great app to order from,5,2026-09-27,Google Play,Customer Review,https://play.google.com/store/apps/details?id=com.jumia.android&hl=en&gl=ng
cb423405-72e3-4be5-af8d-3e1d27d97ceb,Jumia,great,4,2026-09-27,Google Play,Customer Review,https://play.google.com/store/apps/details?id=com.jumia.android&hl=en&gl=ng
9f1d01c5-f597-48d4-a9ba-8866fac02148,Jumia,nice,5,2026-09-27,Google Play,Customer Review,https://play.google.com/store/apps/details?id=com.jumia.android&hl=en&gl=ng
b72702fe-0158-414a-b72a-798a89ed945f,Jumia,Good app,5,2026-09-27,Google Play,Customer Review,https://play.google.com/store/apps/details?id=com.jumia.android&hl=en&gl=ng
68ce0f7b-0903-4831-97e7-ad4079cb8851,Jumia,nice online business,5,2026-09-27,Google Play,Customer Review,https://play.google.com/store/apps/details?id=com.jumia.android&hl=en&gl=ng
8001536b-4b4b-4c5b-8cd2-7a45a4c03972,Jumia,تحفه,5,2026-09-27,Google Play,Customer Review,https://play.google.com/store/apps/details?id=com.jumia.android&hl=en&gl=ng
8fcd4032-a5f3-40e8-bcda-8b9fb98ba30a,Jumia,great experience,5,2026-09-27,Google Play,Customer Review,https://play.google.com/store/apps/details?id=com.jumia.android&hl=en&gl=ng
e273907d-db9f-4290-a67a-6f9db206b35c,Jumia,I love this app I mean it's amazing ☺️🌹,5,2026-09-27,Google Play,Customer Review,https://play.google.com/store/apps/details?id=com.jumia.android&hl=en&gl=ng
ca1fc3f8-24d9-4ee1-a541-bf28531662e4,Jumia,It's reliable,4,2026-09-27,Google Play,Customer Review,https://play.google.com/store/apps/details?id=com.jumia.android&hl=en&gl=ng
f8961bda-05a6-4a9f-8aa2-19c3a0b5fd55,Jumia,more upliftment,5,2026-09-27,Google Play,Customer Review,https://play.google.com/store/apps/details?id=com.jumia.android&hl=en&gl=ng
b54b22c8-7431-47c6-a4f2-566ca1137a47,Jumia,the services from jumia is genuinely awful and the quality of some products is awful and now they won't take it back,1,2026-09-27,Google Play,Customer Review,https://play.google.com/store/apps/details?id=com.jumia.android&hl=en&gl=ng
198c5287-c98b-4cc5-8263-d90316d55dbb,Jumia,Too many ads,1,2026-09-27,Google Play,Customer Review,https://play.google.com/store/apps/details?id=com.jumia.android&hl=en&gl=ng
5ebcdaa5-f5bd-40f7-9b36-3a855c37c6b1,Jumia,we,5,2026-09-27,Google Play,Customer Review,https://play.google.com/store/apps/details?id=com.jumia.android&hl=en&gl=ng
37c02569-fa09-4d3f-98e8-a1eb7518a403,Jumia,its nice,4,2026-09-27,Google Play,Customer Review,https://play.google.com/store/apps/details?id=com.jumia.android&hl=en&gl=ng
e9827912-13b6-407a-aedd-720616cb561d,Jumia,The app is fast and secure,5,2026-09-27,Google Play,Customer Review,https://play.google.com/store/apps/details?id=com.jumia.android&hl=en&gl=ng
d7ccd3aa-77d5-4e37-88af-ea56dbc94b4b,Jumia,"Good , reliable and fast too",5,2026-09-27,Google Play,Customer Review,https://play.google.com/store/apps/details?id=com.jumia.android&hl=en&gl=ng
262feadb-ac90-4200-981a-6538cf4c920a,Jumia,excellent job,5,2026-09-27,Google Play,Customer Review,https://play.google.com/store/apps/details?id=com.jumia.android&hl=en&gl=ng
1631e006-a331-4933-86c2-c155d86f402c,Jumia,not fine,5,2026-09-27,Google Play,Customer Review,https://play.google.com/store/apps/details?id=com.jumia.android&hl=en&gl=ng
a5b4f0ea-1776-46db-a1c4-a62468e17365,Jumia,worst,1,2026-09-27,Google Play,Customer Review,https://play.google.com/store/apps/details?id=com.jumia.android&hl=en&gl=ng
b5eb2b7d-3144-485d-b060-7a4b51bb1404,Jumia,great App for shopping,5,2026-09-27,Google Play,Customer Review,https://play.google.com/store/apps/details?id=com.jumia.android&hl=en&gl=ng
79c06af5-983f-4d35-a304-0601d0c96666,Jumia,jumia is soo gorgeous 😍,5,2026-09-27,Google Play,Customer Review,https://play.google.com/store/apps/details?id=com.jumia.android&hl=en&gl=ng
2c443213-7b26-41d5-b967-67d6bbfc6a22,Jumia,Very good shopping,5,2026-09-27,Google Play,Customer Review,https://play.google.com/store/apps/details?id=com.jumia.android&hl=en&gl=ng
adf4f4e7-fd48-4e44-bbcb-aaaacc580874,Jumia,good,3,2026-09-27,Google Play,Customer Review,https://play.google.com/store/apps/details?id=com.jumia.android&hl=en&gl=ng
a927be24-9329-48bd-915e-8f188e3de106,Jumia,good,5,2026-09-27,Google Play,Customer Review,https://play.google.com/store/apps/details?id=com.jumia.android&hl=en&gl=ng
bb147475-e5f7-4b75-a49c-d2f048050a82,Jumia,"shop with jumia and I bet you will never regret it, though read carefully before you place any order to avoid kaos later on",5,2026-09-27,Google Play,Customer Review,https://play.google.com/store/apps/details?id=com.jumia.android&hl=en&gl=ng
a84ce82f-95e8-41a0-966a-bee98fcb785d,Jumia,Good,5,2026-09-27,Google Play,Customer Review,https://play.google.com/store/apps/details?id=com.jumia.android&hl=en&gl=ng
d3bd9f76-c4db-4d00-a091-eaf82a45351f,Jumia,the app experience is good. but jumia please try and add pictures to reviews,3,2026-09-27,Google Play,Customer Review,https://play.google.com/store/apps/details?id=com.jumia.android&hl=en&gl=ng
696e896d-74dd-4cf9-a700-8ab501839cf6,Jumia,There is much delay on delivering packages per some stations,3,2026-09-27,Google Play,Customer Review,https://play.google.com/store/apps/details?id=com.jumia.android&hl=en&gl=ng
2693ef19-b8db-4687-8eee-81cc335bb5ef,Jumia,cool,3,2026-09-27,Google Play,Customer Review,https://play.google.com/store/apps/details?id=com.jumia.android&hl=en&gl=ng
7a79821c-b89e-434a-96b6-c5f6454e5cf2,Jumia,Jumia delivers,4,2026-09-27,Google Play,Customer Review,https://play.google.com/store/apps/details?id=com.jumia.android&hl=en&gl=ng
ece57e87-fec6-4227-a968-cb96fba1cc07,Jumia,takes to many days to deliver,2,2026-09-27,Google Play,Customer Review,https://play.google.com/store/apps/details?id=com.jumia.android&hl=en&gl=ng
a6ac006e-889f-43be-a4fe-ad2e97939576,Jumia,very reliable place for purchasing thing's at cheaper price,5,2026-09-27,Google Play,Customer Review,https://play.google.com/store/apps/details?id=com.jumia.android&hl=en&gl=ng
a19f5466-688f-401b-9ef7-c31365389b92,Jumia,Nice one,4,2026-09-27,Google Play,Customer Review,https://play.google.com/store/apps/details?id=com.jumia.android&hl=en&gl=ng
bca82adc-ae6e-46dd-a665-aaeeaadac7b2,Jumia,great 👍,5,2026-09-27,Google Play,Customer Review,https://play.google.com/store/apps/details?id=com.jumia.android&hl=en&gl=ng
fea4b8ea-91d7-407c-ac6b-02da6af25e7d,Jumia,excellent 👌,5,2026-09-27,Google Play,Customer Review,https://play.google.com/store/apps/details?id=com.jumia.android&hl=en&gl=ng
df539fe2-dff8-49c8-b6a4-d9d491929a67,Jumia,so so good and faster,5,2026-09-27,Google Play,Customer Review,https://play.google.com/store/apps/details?id=com.jumia.android&hl=en&gl=ng
0633031e-23d1-4629-a57c-e7e340e93686,Jumia,اسوأ شركة وأسوأ تعامل وأسوأ سواقين وأسوأ خدمة عملاء وأسوأ موظفين فعلا,1,2026-09-27,Google Play,Customer Review,https://play.google.com/store/apps/details?id=com.jumia.android&hl=en&gl=ng
31865c81-2a96-4eb7-b9f4-d6aa4d405b03,Jumia,A very nice app,4,2026-09-27,Google Play,Customer Review,https://play.google.com/store/apps/details?id=com.jumia.android&hl=en&gl=ng
d1dec18d-907b-4779-81bb-0da02408e145,Jumia,a nice app ... I'd appreciate it if dark mode would be added,4,2026-09-26,Google Play,Customer Review,https://play.google.com/store/apps/details?id=com.jumia.android&hl=en&gl=ng
a7472dcb-8557-451f-8631-3dd1e5b67ee8,Jumia,its just too good,3,2026-09-26,Google Play,Customer Review,https://play.google.com/store/apps/details?id=com.jumia.android&hl=en&gl=ng
6132c8b9-82d1-436f-b6ea-a30c10c73cba,Jumia,Good for shopping,5,2026-09-26,Google Play,Customer Review,https://play.google.com/store/apps/details?id=com.jumia.android&hl=en&gl=ng
573e7a20-741c-40f1-bad1-631dcf479961,Jumia,Pay on delivery is nice,5,2026-09-26,Google Play,Customer Review,https://play.google.com/store/apps/details?id=com.jumia.android&hl=en&gl=ng
d33875be-965c-4759-affb-46dc3e4d2eeb,Jumia,I believe those items pictures are not just camouflage?,5,2026-09-26,Google Play,Customer Review,https://play.google.com/store/apps/details?id=com.jumia.android&hl=en&gl=ng
f8f4df26-7043-4f20-be9f-953fd56117ab,Jumia,amazing,5,2026-09-26,Google Play,Customer Review,https://play.google.com/store/apps/details?id=com.jumia.android&hl=en&gl=ng
f81453dc-f4b0-4228-8366-0e7a090c0061,Jumia,too many steps,1,2026-09-26,Google Play,Customer Review,https://play.google.com/store/apps/details?id=com.jumia.android&hl=en&gl=ng
0063821b-9838-4ad0-9607-d58eb1bf6886,Jumia,good online shopping.. but they're price is high 😇,5,2026-09-26,Google Play,Customer Review,https://play.google.com/store/apps/details?id=com.jumia.android&hl=en&gl=ng
d2ad33e7-5fd4-41ef-8687-573951039b52,Jumia,fast and reliable service,5,2026-09-26,Google Play,Customer Review,https://play.google.com/store/apps/details?id=com.jumia.android&hl=en&gl=ng
c1d1cf83-a8ab-49f3-bf6a-df2e663bf717,Jumia,good,5,2026-09-26,Google Play,Customer Review,https://play.google.com/store/apps/details?id=com.jumia.android&hl=en&gl=ng
9873e84f-ae1a-4df9-91c8-4dd7324e1bdc,Jumia,good,5,2026-09-26,Google Play,Customer Review,https://play.google.com/store/apps/details?id=com.jumia.android&hl=en&gl=ng
8bc6d693-0767-41aa-9319-19dff2f07d6f,Jumia,very reliable,3,2026-09-26,Google Play,Customer Review,https://play.google.com/store/apps/details?id=com.jumia.android&hl=en&gl=ng
9fa6690b-0c76-46c0-9908-f4ebb5670449,Jumia,good,5,2026-09-26,Google Play,Customer Review,https://play.google.com/store/apps/details?id=com.jumia.android&hl=en&gl=ng
c890ca07-aefc-4993-82ef-c6bd1bf2c53a,Jumia,Best Online Shopping in My country Nigeria,5,2026-09-26,Google Play,Customer Review,https://play.google.com/store/apps/details?id=com.jumia.android&hl=en&gl=ng
832147a4-32f3-4c03-80f1-ca5838b3e671,Jumia,reliable,4,2026-09-26,Google Play,Customer Review,https://play.google.com/store/apps/details?id=com.jumia.android&hl=en&gl=ng
23fd3791-2152-4f15-9cb2-f4fc68117fed,Jumia,Good 👍,3,2026-09-26,Google Play,Customer Review,https://play.google.com/store/apps/details?id=com.jumia.android&hl=en&gl=ng
1724095a-9d4d-415b-81d8-958108f55dd3,Jumia,Jumia is great,5,2026-09-26,Google Play,Customer Review,https://play.google.com/store/apps/details?id=com.jumia.android&hl=en&gl=ng
de1f0581-b3d5-4e78-8db4-bc2373a8bf9d,Jumia,nice,4,2026-09-26,Google Play,Customer Review,https://play.google.com/store/apps/details?id=com.jumia.android&hl=en&gl=ng
bf336840-a5de-40ef-94cd-a8572dfe1ab9,Jumia,"easy to use, transparent & affordable",5,2026-09-26,Google Play,Customer Review,https://play.google.com/store/apps/details?id=com.jumia.android&hl=en&gl=ng
85986888-38cb-43b6-90bf-98fcbd284ff4,Jumia,it's good,5,2026-09-26,Google Play,Customer Review,https://play.google.com/store/apps/details?id=com.jumia.android&hl=en&gl=ng
61aeb6d8-bcc6-4806-b5c0-23dda2321f68,Jumia,Very good app,5,2026-09-26,Google Play,Customer Review,https://play.google.com/store/apps/details?id=com.jumia.android&hl=en&gl=ng
334e6536-6575-4637-b6a1-70307913ebf2,Jumia,Nice,5,2026-09-26,Google Play,Customer Review,https://play.google.com/store/apps/details?id=com.jumia.android&hl=en&gl=ng
4c03c0a0-901c-4e76-8369-cd1a83cfa5ca,Jumia,adventure,5,2026-09-26,Google Play,Customer Review,https://play.google.com/store/apps/details?id=com.jumia.android&hl=en&gl=ng
7572b517-2e58-468e-9974-fc2e3a2cabe8,Jumia,good and quick,4,2026-09-26,Google Play,Customer Review,https://play.google.com/store/apps/details?id=com.jumia.android&hl=en&gl=ng
fe53b97d-9da9-4842-8d4c-eaf6997ca357,Jumia,perfect,5,2026-09-26,Google Play,Customer Review,https://play.google.com/store/apps/details?id=com.jumia.android&hl=en&gl=ng
7d37ba4d-fc28-49a5-a96f-414691aacbe4,Jumia,"highly recommend for appliances. no just try order clothes, cause you go cry no worry .",3,2026-09-26,Google Play,Customer Review,https://play.google.com/store/apps/details?id=com.jumia.android&hl=en&gl=ng
c1c17f95-8039-4207-b3cd-96b556cc1a66,Jumia,good,5,2026-09-26,Google Play,Customer Review,https://play.google.com/store/apps/details?id=com.jumia.android&hl=en&gl=ng
2a781da4-6c95-40c4-bbfe-91b19d77811e,Jumia,jumia is the best but the delivery fees sometimes is too much 😔,3,2026-09-26,Google Play,Customer Review,https://play.google.com/store/apps/details?id=com.jumia.android&hl=en&gl=ng
32a72168-e36f-4caf-85b2-b17faf9bdb96,Jumia,GOOD,5,2026-09-26,Google Play,Customer Review,https://play.google.com/store/apps/details?id=com.jumia.android&hl=en&gl=ng
2689e6ce-0534-496c-8737-ecc809c5b04f,Jumia,sweet,3,2026-09-26,Google Play,Customer Review,https://play.google.com/store/apps/details?id=com.jumia.android&hl=en&gl=ng
75abea8f-440d-4d9c-83bc-f2054c11bdcb,Jumia,Jumia is very fast and reliable,4,2026-09-26,Google Play,Customer Review,https://play.google.com/store/apps/details?id=com.jumia.android&hl=en&gl=ng
5af9b961-7566-4a13-8973-755b9e5415a7,Jumia,try at your convenience,5,2026-09-26,Google Play,Customer Review,https://play.google.com/store/apps/details?id=com.jumia.android&hl=en&gl=ng
5d580d89-7239-41f9-aef6-7e8f9c943bf1,Jumia,the best,4,2026-09-26,Google Play,Customer Review,https://play.google.com/store/apps/details?id=com.jumia.android&hl=en&gl=ng
f99f2ceb-d605-46d3-b704-48ce63346a37,Jumia,Good,5,2026-09-26,Google Play,Customer Review,https://play.google.com/store/apps/details?id=com.jumia.android&hl=en&gl=ng
947a0402-90a9-4641-a9b7-88ba7aabf5ac,Jumia,ممل جداً في إتمام أي اوردر,1,2026-09-26,Google Play,Customer Review,https://play.google.com/store/apps/details?id=com.jumia.android&hl=en&gl=ng
663803f1-fdfc-4da8-a0cd-f54b683817f8,Jumia,really good I must say,4,2026-09-26,Google Play,Customer Review,https://play.google.com/store/apps/details?id=com.jumia.android&hl=en&gl=ng
ff74e43f-5441-445c-bbe5-51bf639fb5df,Jumia,Can't complain much 🙏,4,2026-09-26,Google Play,Customer Review,https://play.google.com/store/apps/details?id=com.jumia.android&hl=en&gl=ng
186dbba4-356c-47de-a535-6181712a82cc,Jumia,Easy going ❤,3,2026-09-26,Google Play,Customer Review,https://play.google.com/store/apps/details?id=com.jumia.android&hl=en&gl=ng
e82bdfe1-fd9e-4fef-b250-bec90f852b95,Jumia,their services are good 👍,5,2026-09-26,Google Play,Customer Review,https://play.google.com/store/apps/details?id=com.jumia.android&hl=en&gl=ng
1d2e8101-560b-4256-8c53-7ca96f017b78,Jumia,good 👍 1godheart,1,2026-09-26,Google Play,Customer Review,https://play.google.com/store/apps/details?id=com.jumia.android&hl=en&gl=ng
adde7301-e836-4ad0-ab3b-c4061c08be30,Jumia,cool,5,2026-09-26,Google Play,Customer Review,https://play.google.com/store/apps/details?id=com.jumia.android&hl=en&gl=ng
b43ae994-9da7-4d59-8ed7-3123cf831324,Jumia,One of the best online shopping,5,2026-09-26,Google Play,Customer Review,https://play.google.com/store/apps/details?id=com.jumia.android&hl=en&gl=ng
517fecb2-8d0b-4b57-87b6-c9e88ea0d1b1,Jumia,jumia is great,5,2026-09-26,Google Play,Customer Review,https://play.google.com/store/apps/details?id=com.jumia.android&hl=en&gl=ng
284b317d-6d61-4c0f-b01d-6c8507c39ff6,Jumia,it's good....,5,2026-09-26,Google Play,Customer Review,https://play.google.com/store/apps/details?id=com.jumia.android&hl=en&gl=ng
86d4c232-4ec3-42bc-b4c3-044851e4d012,Jumia,Good and reliable. i love it,5,2026-09-26,Google Play,Customer Review,https://play.google.com/store/apps/details?id=com.jumia.android&hl=en&gl=ng
72618135-950f-402e-8a0b-9b64b3966e44,Jumia,app is reliable,5,2026-09-26,Google Play,Customer Review,https://play.google.com/store/apps/details?id=com.jumia.android&hl=en&gl=ng
7fb50676-030d-4bdb-be9d-a2b9bae293be,Jumia,Jumia is great,5,2026-09-26,Google Play,Customer Review,https://play.google.com/store/apps/details?id=com.jumia.android&hl=en&gl=ng
3197dbd9-cc59-4b40-b0ad-9f02669c7d34,Jumia,"easy, reliable and trusted",5,2026-09-26,Google Play,Customer Review,https://play.google.com/store/apps/details?id=com.jumia.android&hl=en&gl=ng
13319c20-a147-41e5-b595-0c10a90b3e75,Jumia,It's a great shopping app I especially love their return policy but the app seems to have issues like when posting a review it doesn't show up so I hope they fix that.,4,2026-09-26,Google Play,Customer Review,https://play.google.com/store/apps/details?id=com.jumia.android&hl=en&gl=ng
62a4a607-98c8-4b51-8ec1-25124ea2022e,Jumia,شركة سيئة لا انصح بالتعامل معاها بتبعت منتجات غير اللى بتطلب وبترفض ترجع المنتجات الخطا,5,2026-09-26,Google Play,Customer Review,https://play.google.com/store/apps/details?id=com.jumia.android&hl=en&gl=ng
7770baf3-0663-490a-963b-d2b0c34adc68,Jumia,nice one,5,2026-09-26,Google Play,Customer Review,https://play.google.com/store/apps/details?id=com.jumia.android&hl=en&gl=ng
e1bfc818-8a6e-4a01-ab44-44268334d833,Jumia,best online marketing place u can count on,5,2026-09-26,Google Play,Customer Review,https://play.google.com/store/apps/details?id=com.jumia.android&hl=en&gl=ng
717b08d3-b5a6-4421-b308-c7746566a95c,Jumia,nice,4,2026-09-26,Google Play,Customer Review,https://play.google.com/store/apps/details?id=com.jumia.android&hl=en&gl=ng
72f71cbc-16af-4ef8-b54d-628eec7c7d49,Jumia,Nice experience and spotable strong phone.,3,2026-09-26,Google Play,Customer Review,https://play.google.com/store/apps/details?id=com.jumia.android&hl=en&gl=ng
4fa7d460-5d97-457b-b370-c3b9fce5ca9f,Jumia,"suddenly, I can't check out after putting items in the cart. the app keeps asking me to sign in and doesn't proceed to the next step. tried clearing cache and app data, uninstall and reinstall the app, but still nothing seems to work out",1,2026-09-26,Google Play,Customer Review,https://play.google.com/store/apps/details?id=com.jumia.android&hl=en&gl=ng
3c108083-8ed4-4239-aef2-ba957c8c4164,Jumia,affordable prices products,5,2026-09-26,Google Play,Customer Review,https://play.google.com/store/apps/details?id=com.jumia.android&hl=en&gl=ng
bccbe139-77d3-4cd7-98c6-f87a918886ff,Jumia,Better than Temu,5,2026-09-26,Google Play,Customer Review,https://play.google.com/store/apps/details?id=com.jumia.android&hl=en&gl=ng
575246ea-713a-4645-a56b-15e477c02b65,Jumia,I love them service fast and reliable,5,2026-09-26,Google Play,Customer Review,https://play.google.com/store/apps/details?id=com.jumia.android&hl=en&gl=ng
605a6c5a-df09-4358-a585-2ca27ef008a8,Jumia,wonderful app,5,2026-09-25,Google Play,Customer Review,https://play.google.com/store/apps/details?id=com.jumia.android&hl=en&gl=ng
988ba59e-465c-415a-b7ae-8a2beca838a0,Jumia,ee ? de ?e? ee em zzz ez zeee rz,5,2026-09-25,Google Play,Customer Review,https://play.google.com/store/apps/details?id=com.jumia.android&hl=en&gl=ng
372b0061-4ab8-454d-81e8-654a8ae5b9de,Jumia,good app,5,2026-09-25,Google Play,Customer Review,https://play.google.com/store/apps/details?id=com.jumia.android&hl=en&gl=ng
dad3205a-72ea-4a24-94d2-7445967a2f18,Jumia,it's better,5,2026-09-25,Google Play,Customer Review,https://play.google.com/store/apps/details?id=com.jumia.android&hl=en&gl=ng
02a213da-77de-4188-8cc5-7b1f4616a6c4,Jumia,best app in the world I prefer this app than our fullish president bola Ahmed tinubu which wife is Mrs akara 🤣🤣,5,2026-09-25,Google Play,Customer Review,https://play.google.com/store/apps/details?id=com.jumia.android&hl=en&gl=ng
98a2177f-8473-4a9c-87a9-edca5fb004df,Jumia,"jumia can be your worst nightmare,be careful",1,2026-09-25,Google Play,Customer Review,https://play.google.com/store/apps/details?id=com.jumia.android&hl=en&gl=ng
75e72550-0884-4ada-8ade-f7c4bce28c8c,Jumia,Excellent,5,2026-09-25,Google Play,Customer Review,https://play.google.com/store/apps/details?id=com.jumia.android&hl=en&gl=ng
6a763f7e-48e5-4ef4-8da3-b99904d2572b,Jumia,I love the app they are very fast and reliable but they should really work more on their price it's too much for me I don't know for others,5,2026-09-25,Google Play,Customer Review,https://play.google.com/store/apps/details?id=com.jumia.android&hl=en&gl=ng
5015e57b-1db1-4783-9e3e-46be9c5bc7e4,Jumia,"This site is a scam app most of there products is fake most especially phones if you have any issues they will not solve it, they will be playing you like a kid.",1,2026-09-25,Google Play,Customer Review,https://play.google.com/store/apps/details?id=com.jumia.android&hl=en&gl=ng
95a93b2d-3993-487d-882b-0a2a3017e2fd,Jumia,thanks jumia,5,2026-09-25,Google Play,Customer Review,https://play.google.com/store/apps/details?id=com.jumia.android&hl=en&gl=ng
724b46ed-dffa-454b-bd7a-66ee314efed7,Jumia,jumia is the best,5,2026-09-25,Google Play,Customer Review,https://play.google.com/store/apps/details?id=com.jumia.android&hl=en&gl=ng
5c64db99-d6ec-4476-8f4a-9a918e67e373,Jumia,Your service is exceptionally fantastic,4,2026-09-25,Google Play,Customer Review,https://play.google.com/store/apps/details?id=com.jumia.android&hl=en&gl=ng
b7bef376-d5cd-4576-8b37-99d79524281d,Jumia,best,5,2026-09-25,Google Play,Customer Review,https://play.google.com/store/apps/details?id=com.jumia.android&hl=en&gl=ng
09582b1d-98bb-4f72-b1fd-b5945f8fd9af,Jumia,ok,5,2026-09-25,Google Play,Customer Review,https://play.google.com/store/apps/details?id=com.jumia.android&hl=en&gl=ng
839b1865-6eff-4c72-ad3f-73bedc84ae85,Jumia,ok,5,2026-09-25,Google Play,Customer Review,https://play.google.com/store/apps/details?id=com.jumia.android&hl=en&gl=ng
e14e25d3-3279-4aa0-be29-fd87c7624dae,Jumia,easy process,5,2026-09-25,Google Play,Customer Review,https://play.google.com/store/apps/details?id=com.jumia.android&hl=en&gl=ng
5aa49e33-faee-4812-9c88-f8f07a19b77a,Jumia,cool 😎,5,2026-09-25,Google Play,Customer Review,https://play.google.com/store/apps/details?id=com.jumia.android&hl=en&gl=ng
131bdfcf-a68c-4ae2-aede-077004305dad,Jumia,best way to shop,4,2026-09-25,Google Play,Customer Review,https://play.google.com/store/apps/details?id=com.jumia.android&hl=en&gl=ng
7251a9ba-8bff-4123-a417-1eaea9c62850,Jumia,very easy and fast to use,4,2026-09-25,Google Play,Customer Review,https://play.google.com/store/apps/details?id=com.jumia.android&hl=en&gl=ng
d7dd39b8-4733-47b0-9791-aa3ae641e7a0,Jumia,perfect,5,2026-09-25,Google Play,Customer Review,https://play.google.com/store/apps/details?id=com.jumia.android&hl=en&gl=ng
df88f967-da5a-4640-b899-34fe35e5b72e,Jumia,good,5,2026-09-25,Google Play,Customer Review,https://play.google.com/store/apps/details?id=com.jumia.android&hl=en&gl=ng
089e49f0-af92-4155-8474-5638d9c1f40c,Jumia,excellent,5,2026-09-25,Google Play,Customer Review,https://play.google.com/store/apps/details?id=com.jumia.android&hl=en&gl=ng
f2020fc5-2c7a-43f7-8a99-2ab6f767e9e8,Jumia,"just like other competitive B2C Apps, jumia should consider grouping price orders, for instance if an item time is 5k, and the delivery fee to my location is 1,300. If I order multiple pieces of that same item (say 10) to the same delivery location, there should be a max price grouping rather than calculating each by the delivery fee, that's paying 13,000 as delivery fee for the 10 itwma",3,2026-09-25,Google Play,Customer Review,https://play.google.com/store/apps/details?id=com.jumia.android&hl=en&gl=ng
4570ae0a-9135-436d-a027-325e34140968,Jumia,not yet done with my order,4,2026-09-25,Google Play,Customer Review,https://play.google.com/store/apps/details?id=com.jumia.android&hl=en&gl=ng
71d35cd8-84a8-4f3e-a946-640c291bacae,Jumia,ok,2,2026-09-25,Google Play,Customer Review,https://play.google.com/store/apps/details?id=com.jumia.android&hl=en&gl=ng
ef724bf8-110f-4499-8882-789e32373ffc,Jumia,posted item with free gifts but delivered without those free gifts. please refrain.,1,2026-09-25,Google Play,Customer Review,https://play.google.com/store/apps/details?id=com.jumia.android&hl=en&gl=ng
01b4e4ff-a40a-4f9c-a8b6-f9609522e1e0,Jumia,good,3,2026-09-25,Google Play,Customer Review,https://play.google.com/store/apps/details?id=com.jumia.android&hl=en&gl=ng
d1395cb9-8cd8-4cc7-a2db-0ef18d454095,Jumia,good,4,2026-09-25,Google Play,Customer Review,https://play.google.com/store/apps/details?id=com.jumia.android&hl=en&gl=ng
a082461e-e6b7-4918-af43-ed94f0979117,Jumia,mbona hamtaki kunifungulia account nyingine 😒ni kunizungusha zungusha kwa kunipeleka website.kufika huko kwa website shida tupu ziko huko.my account was hacked so nikadelete na nikafungua nyingine but sa hamtaki kunifungulia kazi ni kunizungusha kichwa huku na huku 😒😒😒,1,2026-09-25,Google Play,Customer Review,https://play.google.com/store/apps/details?id=com.jumia.android&hl=en&gl=ng
bb150874-26b1-40cf-8f96-5f93bd5f17cb,Jumia,very nice,4,2026-09-25,Google Play,Customer Review,https://play.google.com/store/apps/details?id=com.jumia.android&hl=en&gl=ng
5f811014-b6bb-468e-a9ef-9bd5494e4c6e,Jumia,good,5,2026-09-25,Google Play,Customer Review,https://play.google.com/store/apps/details?id=com.jumia.android&hl=en&gl=ng
062ece9d-b9c2-4a09-9f2d-cf5d8614cc06,Jumia,"I've ordered three items twice and got exactly what I wanted and in good condition, I like the fact that the reviews are actually from those who've purchased the product before, making it honest. Although I would like if they would firstly cut down shipping fee when someone purchase more than one product, especially if it's smaller items than paying same amount of shipping fee for possibly 3 same products even when you ordered once. But overall, it's good and legit",5,2026-09-25,Google Play,Customer Review,https://play.google.com/store/apps/details?id=com.jumia.android&hl=en&gl=ng
393049cd-bbde-486d-8a5b-88e7a2398303,Jumia,it looks good but I haven't tested it's work.,3,2026-09-25,Google Play,Customer Review,https://play.google.com/store/apps/details?id=com.jumia.android&hl=en&gl=ng
f07a9388-abc1-4df3-b2f5-b5b51aacd53a,Jumia,Nice 👍,5,2026-09-25,Google Play,Customer Review,https://play.google.com/store/apps/details?id=com.jumia.android&hl=en&gl=ng
958d187f-7321-434f-acd3-eeb0ab4082ea,Jumia,very reliable,5,2026-09-25,Google Play,Customer Review,https://play.google.com/store/apps/details?id=com.jumia.android&hl=en&gl=ng
b289d182-13f0-4cda-9613-711a147362ae,Jumia,nice app,5,2026-09-25,Google Play,Customer Review,https://play.google.com/store/apps/details?id=com.jumia.android&hl=en&gl=ng
eb3b4b85-a163-4b70-a092-d02c32b37dba,Jumia,cool,5,2026-09-25,Google Play,Customer Review,https://play.google.com/store/apps/details?id=com.jumia.android&hl=en&gl=ng
a44bd00e-574c-4eb5-922a-774fbbc845e7,Jumia,Not That Bad,5,2026-09-25,Google Play,Customer Review,https://play.google.com/store/apps/details?id=com.jumia.android&hl=en&gl=ng
ac569bb7-433f-45db-a2a9-1f6d437522a1,Jumia,better life,2,2026-09-25,Google Play,Customer Review,https://play.google.com/store/apps/details?id=com.jumia.android&hl=en&gl=ng
1071f93d-7e46-4bdc-95bc-c646062937da,Jumia,una try Sha 😂,4,2026-09-25,Google Play,Customer Review,https://play.google.com/store/apps/details?id=com.jumia.android&hl=en&gl=ng
5f3ce246-258a-4e3e-ba83-cd7d8f671e05,Jumia,"I'm so happy with this app, it gives me my exact imaginations",5,2026-09-25,Google Play,Customer Review,https://play.google.com/store/apps/details?id=com.jumia.android&hl=en&gl=ng
d7ce2e79-fa51-426f-9c2e-6761d0875328,Jumia,Delivery charges too high,1,2026-09-25,Google Play,Customer Review,https://play.google.com/store/apps/details?id=com.jumia.android&hl=en&gl=ng
9296bb1d-bb83-4fb8-ae70-364cd0d17fc7,Jumia,very good,5,2026-09-25,Google Play,Customer Review,https://play.google.com/store/apps/details?id=com.jumia.android&hl=en&gl=ng
fe28b98d-f072-499f-8757-e04fa3d5cbe8,Jumia,Great Application,5,2026-09-25,Google Play,Customer Review,https://play.google.com/store/apps/details?id=com.jumia.android&hl=en&gl=ng
5b3bc1dc-290b-4c3e-909f-ce826c2c01c8,Jumia,Fast and easy to use,5,2026-09-25,Google Play,Customer Review,https://play.google.com/store/apps/details?id=com.jumia.android&hl=en&gl=ng
6b6c3049-7a8e-4611-a352-4a091115ddd1,Jumia,"I love the genuine products and transparent nature of payments, accountability.",5,2026-09-25,Google Play,Customer Review,https://play.google.com/store/apps/details?id=com.jumia.android&hl=en&gl=ng
31aff641-8cfc-4f7b-a46a-8be132f8b6cc,Jumia,good,5,2026-09-25,Google Play,Customer Review,https://play.google.com/store/apps/details?id=com.jumia.android&hl=en&gl=ng
73871824-a1cd-41df-9567-7c592a2b76aa,Jumia,using Jumia to purchase my needs is so cool,5,2026-09-25,Google Play,Customer Review,https://play.google.com/store/apps/details?id=com.jumia.android&hl=en&gl=ng
fd4c7ed3-3182-499b-9fdf-d4973b1128a4,Jumia,very fast and reliable,5,2026-09-25,Google Play,Customer Review,https://play.google.com/store/apps/details?id=com.jumia.android&hl=en&gl=ng
e4db5197-2fd2-46fa-a0dc-b602c3f3de83,Jumia,interest,5,2026-09-25,Google Play,Customer Review,https://play.google.com/store/apps/details?id=com.jumia.android&hl=en&gl=ng
f05bf20d-0c74-4a54-89d3-31585a34eff9,Jumia,"I really admire, jumia a lot.",3,2026-09-25,Google Play,Customer Review,https://play.google.com/store/apps/details?id=com.jumia.android&hl=en&gl=ng
1170b463-5df5-40d5-aa0e-2caba30853a1,Jumia,Very fast and reliable service,5,2026-09-25,Google Play,Customer Review,https://play.google.com/store/apps/details?id=com.jumia.android&hl=en&gl=ng
6112e7d3-d6c4-455c-80b1-7076b0713106,Jumia,good,5,2026-09-25,Google Play,Customer Review,https://play.google.com/store/apps/details?id=com.jumia.android&hl=en&gl=ng
8aef2874-5ad9-4d55-9eb0-d23c065bc856,Jumia,Good,5,2026-09-25,Google Play,Customer Review,https://play.google.com/store/apps/details?id=com.jumia.android&hl=en&gl=ng
8fb9436e-74d1-4fb8-9397-72d82e17fa13,Jumia,Good,4,2026-09-25,Google Play,Customer Review,https://play.google.com/store/apps/details?id=com.jumia.android&hl=en&gl=ng
f599bcf4-21c7-452c-96c6-1a123961503d,Jumia,Jumia is the place to shop,5,2026-09-25,Google Play,Customer Review,https://play.google.com/store/apps/details?id=com.jumia.android&hl=en&gl=ng
571aaf9f-ccf5-4e39-8a38-c339f24db3bb,Jumia,excellent,4,2026-09-25,Google Play,Customer Review,https://play.google.com/store/apps/details?id=com.jumia.android&hl=en&gl=ng
a24b4a4c-8c48-4e94-ab07-bc8ffe2e9a8f,Jumia,nice to deal with,5,2026-09-25,Google Play,Customer Review,https://play.google.com/store/apps/details?id=com.jumia.android&hl=en&gl=ng
4203cb10-6d0e-4757-b112-b2d67245c149,Jumia,really convenient,5,2026-09-25,Google Play,Customer Review,https://play.google.com/store/apps/details?id=com.jumia.android&hl=en&gl=ng
fc7041a0-df75-450d-9aa2-35b86a920fc1,Jumia,good products delivers on time,5,2026-09-25,Google Play,Customer Review,https://play.google.com/store/apps/details?id=com.jumia.android&hl=en&gl=ng
63874d4f-6463-4147-84f7-d8d2890b45b7,Jumia,Excellent service,5,2026-09-25,Google Play,Customer Review,https://play.google.com/store/apps/details?id=com.jumia.android&hl=en&gl=ng
e6dd174e-7f00-4af1-96a2-49674af5d1e0,Jumia,super good,5,2026-09-25,Google Play,Customer Review,https://play.google.com/store/apps/details?id=com.jumia.android&hl=en&gl=ng
7a716212-b23c-437a-86ab-5edaf2ca37bf,Jumia,tested and trusted,5,2026-09-25,Google Play,Customer Review,https://play.google.com/store/apps/details?id=com.jumia.android&hl=en&gl=ng
c23186dc-3326-4d2a-b8ed-6cdc8d999a72,Jumia,trusted online marketplace,4,2026-09-25,Google Play,Customer Review,https://play.google.com/store/apps/details?id=com.jumia.android&hl=en&gl=ng
760cffc9-b914-45a4-856c-d94e81c6bd5d,Jumia,Awesome 👍,5,2026-09-25,Google Play,Customer Review,https://play.google.com/store/apps/details?id=com.jumia.android&hl=en&gl=ng
17aa0f6d-715e-46d5-9296-40c852168099,Jumia,cool,3,2026-09-25,Google Play,Customer Review,https://play.google.com/store/apps/details?id=com.jumia.android&hl=en&gl=ng
9766f933-e440-4097-98b0-c7f36e34888a,Jumia,good,4,2026-09-25,Google Play,Customer Review,https://play.google.com/store/apps/details?id=com.jumia.android&hl=en&gl=ng
462908b9-f57e-4572-98f2-6716e57e493b,Jumia,best app ever,4,2026-09-25,Google Play,Customer Review,https://play.google.com/store/apps/details?id=com.jumia.android&hl=en&gl=ng
c5c71ba0-9325-4a06-8d2a-c2dd4ab396fa,Jumia,very high quality than other online shopping app nlike Alibaba and the another easy to you use fast delivery...... make ur order at JUMIA,5,2026-09-25,Google Play,Customer Review,https://play.google.com/store/apps/details?id=com.jumia.android&hl=en&gl=ng
ad4acca5-b1c4-442e-942f-3245d2cb29be,Jumia,Trustworthy and tolerant,5,2026-09-25,Google Play,Customer Review,https://play.google.com/store/apps/details?id=com.jumia.android&hl=en&gl=ng
1936ef1e-2da8-4df6-bd8d-cf13936d96fe,Jumia,very good Experience Excellent,5,2026-09-25,Google Play,Customer Review,https://play.google.com/store/apps/details?id=com.jumia.android&hl=en&gl=ng
1aed8354-3a44-42c5-b3c4-c824829419fe,Jumia,excellent,5,2026-09-25,Google Play,Customer Review,https://play.google.com/store/apps/details?id=com.jumia.android&hl=en&gl=ng
0addf042-3dba-4e34-aabf-48bea0d0a72c,Jumia,Im finding it difficult to log in,1,2026-09-24,Google Play,Customer Review,https://play.google.com/store/apps/details?id=com.jumia.android&hl=en&gl=ng
ef40aaff-480f-4a2e-b8e2-0dc54cc8558c,Jumia,just wow👌,5,2026-09-24,Google Play,Customer Review,https://play.google.com/store/apps/details?id=com.jumia.android&hl=en&gl=ng
f5dcab7b-4f76-475a-a1f8-17d96d4d708a,Jumia,good,5,2026-09-24,Google Play,Customer Review,https://play.google.com/store/apps/details?id=com.jumia.android&hl=en&gl=ng
383631c1-7acc-4339-80f9-31eae34473f9,Jumia,good,5,2026-09-24,Google Play,Customer Review,https://play.google.com/store/apps/details?id=com.jumia.android&hl=en&gl=ng
ce66cb57-6fbc-452a-b380-dae6d17ac904,Jumia,am yet to receive mine,2,2026-09-24,Google Play,Customer Review,https://play.google.com/store/apps/details?id=com.jumia.android&hl=en&gl=ng
a1551be1-d0f2-409a-8fbc-005f56ccab91,Jumia,good,5,2026-09-24,Google Play,Customer Review,https://play.google.com/store/apps/details?id=com.jumia.android&hl=en&gl=ng
462a16df-d920-48a9-a4ad-a7c6a3150419,Jumia,Adorable and Authentic,5,2026-09-24,Google Play,Customer Review,https://play.google.com/store/apps/details?id=com.jumia.android&hl=en&gl=ng
c2072492-db13-4d3d-8fed-ab96f0cb2ab1,Jumia,👍,5,2026-09-24,Google Play,Customer Review,https://play.google.com/store/apps/details?id=com.jumia.android&hl=en&gl=ng
e3f15411-0be7-41f8-90f2-e5bca81e8581,Jumia,this app is great and also offers a side hustle but when u place two orders u pay the delivery fare for both and if u're ordering for three or more u'll have to pay the delivery fair separately for all. pls do something about it,4,2026-09-24,Google Play,Customer Review,https://play.google.com/store/apps/details?id=com.jumia.android&hl=en&gl=ng
610feb53-acdd-4ddf-adaa-139bb62bb303,Jumia,good,5,2026-09-24,Google Play,Customer Review,https://play.google.com/store/apps/details?id=com.jumia.android&hl=en&gl=ng
8561ec32-925e-4b7e-abab-2731066f50fe,Jumia,fantastic,5,2026-09-24,Google Play,Customer Review,https://play.google.com/store/apps/details?id=com.jumia.android&hl=en&gl=ng
36e1acc7-6648-460c-b06c-480d3dd8c3db,Jumia,so nice,5,2026-09-24,Google Play,Customer Review,https://play.google.com/store/apps/details?id=com.jumia.android&hl=en&gl=ng
4869756f-100d-47ff-a219-ddc7d7944a05,Jumia,jumia is the best online shop,4,2026-09-24,Google Play,Customer Review,https://play.google.com/store/apps/details?id=com.jumia.android&hl=en&gl=ng
e677fe53-4058-4360-bbe1-371761c9b543,Jumia,Jumia is the best,5,2026-09-24,Google Play,Customer Review,https://play.google.com/store/apps/details?id=com.jumia.android&hl=en&gl=ng
a18a9541-9cba-4d49-aaf5-e566e97a5478,Jumia,it cool shopping here,4,2026-09-24,Google Play,Customer Review,https://play.google.com/store/apps/details?id=com.jumia.android&hl=en&gl=ng
79659525-8bdd-4a84-b27d-bdd697d45240,Jumia,good 👍,5,2026-09-24,Google Play,Customer Review,https://play.google.com/store/apps/details?id=com.jumia.android&hl=en&gl=ng
436b104b-f8a5-4946-b5e1-07ae5daaede2,Jumia,handle fragile orders diligently,4,2026-09-24,Google Play,Customer Review,https://play.google.com/store/apps/details?id=com.jumia.android&hl=en&gl=ng
a6bc152c-2033-4d85-a49d-97818859a451,Jumia,thanks jumia,5,2026-09-24,Google Play,Customer Review,https://play.google.com/store/apps/details?id=com.jumia.android&hl=en&gl=ng
7f8a6ab8-d658-428b-939e-a38d467aa731,Jumia,Jumia ! the way to Go.,5,2026-09-24,Google Play,Customer Review,https://play.google.com/store/apps/details?id=com.jumia.android&hl=en&gl=ng
de8ce5a3-7ce2-48a9-9397-c8708d4b88f4,Jumia,Very good,2,2026-09-24,Google Play,Customer Review,https://play.google.com/store/apps/details?id=com.jumia.android&hl=en&gl=ng
fe4efcc0-7cf1-40bb-a742-99737c9f2da5,Jumia,Good and straight forward payment options,4,2026-09-24,Google Play,Customer Review,https://play.google.com/store/apps/details?id=com.jumia.android&hl=en&gl=ng
2bd7f1b2-2a7d-4cbf-a3fb-d46279dec3f2,Jumia,great,5,2026-09-24,Google Play,Customer Review,https://play.google.com/store/apps/details?id=com.jumia.android&hl=en&gl=ng
ebd6baa7-9d86-425e-904c-dda09c49ddc8,Jumia,Delivery fee very high,1,2026-09-24,Google Play,Customer Review,https://play.google.com/store/apps/details?id=com.jumia.android&hl=en&gl=ng
06e0d062-8ea0-4da9-9776-cf15e4dde513,Jumia,excellent,5,2026-09-24,Google Play,Customer Review,https://play.google.com/store/apps/details?id=com.jumia.android&hl=en&gl=ng
8c19a590-123a-4847-b809-40a9e1ab001f,Jumia,beat hundreds of online shopping the best,5,2026-09-24,Google Play,Customer Review,https://play.google.com/store/apps/details?id=com.jumia.android&hl=en&gl=ng
7dcdde5c-084d-4dd3-bf9c-2ecf7cfb2812,Jumia,good,5,2026-09-24,Google Play,Customer Review,https://play.google.com/store/apps/details?id=com.jumia.android&hl=en&gl=ng
2eeb0f31-b30a-4080-b4b1-cc90d7b9ba8f,Jumia,one of the best,4,2026-09-24,Google Play,Customer Review,https://play.google.com/store/apps/details?id=com.jumia.android&hl=en&gl=ng
79f55c67-d4f0-47ef-9bc6-d404fd2cdd41,Jumia,goof,3,2026-09-24,Google Play,Customer Review,https://play.google.com/store/apps/details?id=com.jumia.android&hl=en&gl=ng
5691496d-ceb8-468d-9b4f-0759b731f7bd,Jumia,Excellent,5,2026-09-24,Google Play,Customer Review,https://play.google.com/store/apps/details?id=com.jumia.android&hl=en&gl=ng
4b994854-83c6-492d-bab9-f7f49c11df7c,Jumia,Nice 👍,5,2026-09-24,Google Play,Customer Review,https://play.google.com/store/apps/details?id=com.jumia.android&hl=en&gl=ng
6722862f-3b85-4ba8-817d-b2829d90591e,Jumia,Very fast and easy to make payment.,5,2026-09-24,Google Play,Customer Review,https://play.google.com/store/apps/details?id=com.jumia.android&hl=en&gl=ng
c490f1c8-7f0a-473b-87fc-5641a2730ad0,Jumia,"good,",4,2026-09-24,Google Play,Customer Review,https://play.google.com/store/apps/details?id=com.jumia.android&hl=en&gl=ng
8b51d4c6-aca5-4efa-9728-9fd482e6d01c,Jumia,ni msuri,5,2026-09-24,Google Play,Customer Review,https://play.google.com/store/apps/details?id=com.jumia.android&hl=en&gl=ng
01d1174e-e4a9-4942-ad96-6c085b12bc19,Jumia,awesome,5,2026-09-24,Google Play,Customer Review,https://play.google.com/store/apps/details?id=com.jumia.android&hl=en&gl=ng
4b6c3818-8d7c-43e5-97ce-f84fae590588,Jumia,goodness,2,2026-09-24,Google Play,Customer Review,https://play.google.com/store/apps/details?id=com.jumia.android&hl=en&gl=ng
845bd8d6-7bf9-4ff3-ac22-7a0f8df606bb,Jumia,nice app,5,2026-09-24,Google Play,Customer Review,https://play.google.com/store/apps/details?id=com.jumia.android&hl=en&gl=ng
a33e5f3d-6b6c-4a79-8aa2-a3d464da86e1,Jumia,nice updates,4,2026-09-24,Google Play,Customer Review,https://play.google.com/store/apps/details?id=com.jumia.android&hl=en&gl=ng
9bb4bddc-2ac5-4e41-8636-d4d06cc0de5b,Jumia,best,3,2026-09-24,Google Play,Customer Review,https://play.google.com/store/apps/details?id=com.jumia.android&hl=en&gl=ng
560dc08a-387e-4351-b13d-1cc782a2faad,Jumia,fantastic,5,2026-09-24,Google Play,Customer Review,https://play.google.com/store/apps/details?id=com.jumia.android&hl=en&gl=ng
7fb3d353-6d6b-4847-9f2d-9c576ac017ba,Jumia,best option,5,2026-09-24,Google Play,Customer Review,https://play.google.com/store/apps/details?id=com.jumia.android&hl=en&gl=ng
17932757-0b50-4b46-a60f-10e2a59e5e8f,Jumia,good 👍,4,2026-09-24,Google Play,Customer Review,https://play.google.com/store/apps/details?id=com.jumia.android&hl=en&gl=ng
6ed73593-b8bd-401e-8281-35b7a0ef1cc7,Jumia,it makes sense to me,4,2026-09-24,Google Play,Customer Review,https://play.google.com/store/apps/details?id=com.jumia.android&hl=en&gl=ng
379eb082-17dd-4134-ab32-646e1d7d470b,Jumia,your prices on denim shirts is higher,3,2026-09-24,Google Play,Customer Review,https://play.google.com/store/apps/details?id=com.jumia.android&hl=en&gl=ng
a6da0df0-303e-40bf-ac84-2aa1edd59c48,Jumia,great,5,2026-09-24,Google Play,Customer Review,https://play.google.com/store/apps/details?id=com.jumia.android&hl=en&gl=ng
adffd849-8e57-4989-8aa5-7a48fb3150db,Jumia,jumia is the best online shopping mall,5,2026-09-24,Google Play,Customer Review,https://play.google.com/store/apps/details?id=com.jumia.android&hl=en&gl=ng
9a5a043d-2023-4671-a2b2-a7db43401059,Jumia,good,4,2026-09-24,Google Play,Customer Review,https://play.google.com/store/apps/details?id=com.jumia.android&hl=en&gl=ng
f71cfb45-77e0-43e7-9c02-cd52351db99f,Jumia,get me a device that is working not like the one i returned,5,2026-09-24,Google Play,Customer Review,https://play.google.com/store/apps/details?id=com.jumia.android&hl=en&gl=ng
ca1dda71-bf6c-4d51-902b-2ad9aa928311,Jumia,good,4,2026-09-24,Google Play,Customer Review,https://play.google.com/store/apps/details?id=com.jumia.android&hl=en&gl=ng
c3843df5-0d85-4e1a-b2e7-dd62fa9c372a,Jumia,the best shopping app I have come across,5,2026-09-24,Google Play,Customer Review,https://play.google.com/store/apps/details?id=com.jumia.android&hl=en&gl=ng
3f0b32f9-4110-4922-9b95-378d9ab77193,Jumia,fast and very good,5,2026-09-24,Google Play,Customer Review,https://play.google.com/store/apps/details?id=com.jumia.android&hl=en&gl=ng
2029adfa-1096-41c4-892a-6b1da5c3f560,Jumia,The shopping area is a very good one,5,2026-09-24,Google Play,Customer Review,https://play.google.com/store/apps/details?id=com.jumia.android&hl=en&gl=ng
c076a912-82a1-4b47-9357-6853c1efe939,Jumia,very sweet app,5,2026-09-24,Google Play,Customer Review,https://play.google.com/store/apps/details?id=com.jumia.android&hl=en&gl=ng
11bf8661-18d1-4771-95b1-7b324c7a22c2,Jumia,"horrible delivery service and drivers update sept 24, 2026: delivery is still terrible. Jesus. I ordered a product since the beginning of September, with pick-up slated for 16 and 17th and up until today, the 24th, there is nothing. no one has reached out to me, and any update I've gotten is because *I* have been the one to call customer care. the person i bought the products for have left my city and whenever the order comes, I will now incur unexpected expenses by sending it to them. 0 stars.",1,2026-09-24,Google Play,Customer Review,https://play.google.com/store/apps/details?id=com.jumia.android&hl=en&gl=ng
34e779bd-d839-4d37-b933-5ec44c2ec4ab,Jumia,Good,5,2026-09-24,Google Play,Customer Review,https://play.google.com/store/apps/details?id=com.jumia.android&hl=en&gl=ng
6f2dc281-e795-4ef9-a2cf-b02373a09648,Jumia,not good because the fee for delivery is too much,2,2026-09-24,Google Play,Customer Review,https://play.google.com/store/apps/details?id=com.jumia.android&hl=en&gl=ng
3f1d9050-6ab4-4a10-beba-38e6622bc717,Jumia,Love it,5,2026-09-24,Google Play,Customer Review,https://play.google.com/store/apps/details?id=com.jumia.android&hl=en&gl=ng
139756d5-4336-49a3-a965-9e58b8c72cc4,Jumia,cool,5,2026-09-24,Google Play,Customer Review,https://play.google.com/store/apps/details?id=com.jumia.android&hl=en&gl=ng
c6680d25-7c3e-4284-90dd-781dba5779d3,Jumia,"it has been impossible to receive my order, no way to reach a customer service they will always send you to a visual AI response which solves nothing. Giving me options that are not even your questions, why is there delay in order of receiving date, or shouldn't they be penalty for failure to deliver on time. I've placed an order and am still yet to receive it. it's frustrating",1,2026-09-24,Google Play,Customer Review,https://play.google.com/store/apps/details?id=com.jumia.android&hl=en&gl=ng
fee1f972-4101-45a2-824f-183f09f24359,Jumia,Timely delivery.,5,2026-09-24,Google Play,Customer Review,https://play.google.com/store/apps/details?id=com.jumia.android&hl=en&gl=ng
ea5e4c41-7f1d-4564-9871-d6ebd6874c4d,Jumia,it's good,5,2026-09-24,Google Play,Customer Review,https://play.google.com/store/apps/details?id=com.jumia.android&hl=en&gl=ng
c1a0e44f-9dc1-4975-99db-aceb2ebc848f,Jumia,amazing,5,2026-09-24,Google Play,Customer Review,https://play.google.com/store/apps/details?id=com.jumia.android&hl=en&gl=ng
fdf40c3e-e527-4808-9502-a108405212f4,Jumia,Good app,5,2026-09-24,Google Play,Customer Review,https://play.google.com/store/apps/details?id=com.jumia.android&hl=en&gl=ng
7c64f874-a3a6-4134-a5f9-4eb97bf3ff94,Jumia,The best and reliable online shop ✌️✌️✌️,4,2026-09-24,Google Play,Customer Review,https://play.google.com/store/apps/details?id=com.jumia.android&hl=en&gl=ng
9d5c728d-cdd8-40f1-94d3-9251886aba7c,Jumia,organised at all,5,2026-09-24,Google Play,Customer Review,https://play.google.com/store/apps/details?id=com.jumia.android&hl=en&gl=ng
01c8e5ea-e3de-4a42-9feb-8009001bd474,Jumia,slow but sure,2,2026-09-24,Google Play,Customer Review,https://play.google.com/store/apps/details?id=com.jumia.android&hl=en&gl=ng
b25ed18c-dcf2-4f39-bfcd-037299122042,Jumia,"it's a nice place to place your order, even with transfering money,u can pay after delivery,I love it",5,2026-09-24,Google Play,Customer Review,https://play.google.com/store/apps/details?id=com.jumia.android&hl=en&gl=ng
7fe163f0-2189-4717-aae7-e0f9ce7ddb06,Jumia,easy interface,5,2026-09-24,Google Play,Customer Review,https://play.google.com/store/apps/details?id=com.jumia.android&hl=en&gl=ng
cbe4f57f-812c-4370-a8b3-b1d5ce3eddf7,Jumia,it's good,5,2026-09-24,Google Play,Customer Review,https://play.google.com/store/apps/details?id=com.jumia.android&hl=en&gl=ng
45c2dc3c-7647-439e-afd7-847f98b1eaca,Jumia,good 👍 App best wishes,4,2026-09-24,Google Play,Customer Review,https://play.google.com/store/apps/details?id=com.jumia.android&hl=en&gl=ng
2e36785c-10c2-4fab-9750-c231d2aa65d2,Jumia,Great 👍👍👍,5,2026-09-24,Google Play,Customer Review,https://play.google.com/store/apps/details?id=com.jumia.android&hl=en&gl=ng
ead3a46d-8cc6-4509-817a-c560ef5f0a24,Jumia,good 👍,5,2026-09-24,Google Play,Customer Review,https://play.google.com/store/apps/details?id=com.jumia.android&hl=en&gl=ng
cdec250e-f540-42fb-a856-f239beaa4e44,Jumia,it's a reliable app. It operates with International Standards like Amazon,5,2026-09-24,Google Play,Customer Review,https://play.google.com/store/apps/details?id=com.jumia.android&hl=en&gl=ng
a547eb88-589c-4efb-8db9-e39bdbb3b85b,Jumia,good,5,2026-09-23,Google Play,Customer Review,https://play.google.com/store/apps/details?id=com.jumia.android&hl=en&gl=ng
2f5aa6b9-0481-4bc5-8a1c-7bb04efe3663,Jumia,thank you so much jumia,5,2026-09-23,Google Play,Customer Review,https://play.google.com/store/apps/details?id=com.jumia.android&hl=en&gl=ng
16d061fc-2ab3-4579-bd23-937327b196aa,Jumia,quality,5,2026-09-23,Google Play,Customer Review,https://play.google.com/store/apps/details?id=com.jumia.android&hl=en&gl=ng
f2344482-c235-4c48-8a3b-5e310492fc8f,Jumia,excellent,5,2026-09-23,Google Play,Customer Review,https://play.google.com/store/apps/details?id=com.jumia.android&hl=en&gl=ng
77c3440c-5c19-45ca-962d-311251a05eac,Jumia,perfect deals,5,2026-09-23,Google Play,Customer Review,https://play.google.com/store/apps/details?id=com.jumia.android&hl=en&gl=ng
05546125-f23b-41e3-9c7b-86c5277a31c9,Jumia,it's the best shopping app,5,2026-09-23,Google Play,Customer Review,https://play.google.com/store/apps/details?id=com.jumia.android&hl=en&gl=ng
98bd12c2-76f1-4f59-a062-72e6fab0f122,Jumia,Good services,4,2026-09-23,Google Play,Customer Review,https://play.google.com/store/apps/details?id=com.jumia.android&hl=en&gl=ng
32072f4f-eac3-4e9c-98f1-9e58cbb01e6a,Jumia,Their services are good and the delivery date perfect but some of the electrical items such as the fufu machine does not work out.,4,2026-09-23,Google Play,Customer Review,https://play.google.com/store/apps/details?id=com.jumia.android&hl=en&gl=ng
4a5016cc-58ec-4131-bccb-c1543a149b98,Jumia,very good,3,2026-09-23,Google Play,Customer Review,https://play.google.com/store/apps/details?id=com.jumia.android&hl=en&gl=ng
5c1867db-b97d-4178-a1b3-47f0e2b901a7,Jumia,they give the best and quality product,5,2026-09-23,Google Play,Customer Review,https://play.google.com/store/apps/details?id=com.jumia.android&hl=en&gl=ng
836fb8e4-6c4a-4bdd-811c-1fce8fe0ae54,Jumia,It was an easy transaction,5,2026-09-23,Google Play,Customer Review,https://play.google.com/store/apps/details?id=com.jumia.android&hl=en&gl=ng
54b798b2-1e07-42c1-9574-e32bdacc9317,Jumia,nice,5,2026-09-23,Google Play,Customer Review,https://play.google.com/store/apps/details?id=com.jumia.android&hl=en&gl=ng
44cf75e0-24f0-445c-86a9-a30073a7498c,Jumia,the best app,5,2026-09-23,Google Play,Customer Review,https://play.google.com/store/apps/details?id=com.jumia.android&hl=en&gl=ng
eb08a688-f2dd-447a-96e8-1db116cdaec8,Jumia,Good,4,2026-09-23,Google Play,Customer Review,https://play.google.com/store/apps/details?id=com.jumia.android&hl=en&gl=ng
bf96b0fb-b369-4876-99f3-118553d5e7dc,Jumia,stress less selection and deliveries,5,2026-09-23,Google Play,Customer Review,https://play.google.com/store/apps/details?id=com.jumia.android&hl=en&gl=ng
3e84cf32-b349-4067-9ae3-c543ff190605,Jumia,"it's very strong,i will recommend it for anyone",5,2026-09-23,Google Play,Customer Review,https://play.google.com/store/apps/details?id=com.jumia.android&hl=en&gl=ng
b8435767-2f83-47af-839b-1e476b4d4f7f,Jumia,smoothly,5,2026-09-23,Google Play,Customer Review,https://play.google.com/store/apps/details?id=com.jumia.android&hl=en&gl=ng
9917787a-f18d-4cac-b398-6371d7a187e0,Jumia,Pretty good,5,2026-09-23,Google Play,Customer Review,https://play.google.com/store/apps/details?id=com.jumia.android&hl=en&gl=ng
161d4755-e82a-49b9-a16b-5535e96a3323,Jumia,ok,5,2026-09-23,Google Play,Customer Review,https://play.google.com/store/apps/details?id=com.jumia.android&hl=en&gl=ng
db3efafb-112f-4bb8-8ca4-3e3dd9c023ae,Jumia,Okay fine,5,2026-09-23,Google Play,Customer Review,https://play.google.com/store/apps/details?id=com.jumia.android&hl=en&gl=ng
93070fc7-f5af-4591-985f-73b53702d0cd,Jumia,trusted and reliable,5,2026-09-23,Google Play,Customer Review,https://play.google.com/store/apps/details?id=com.jumia.android&hl=en&gl=ng
61f271d2-52c7-4a11-9234-adbb8a8c5db2,Jumia,"its the best and easiest ,thanks",5,2026-09-23,Google Play,Customer Review,https://play.google.com/store/apps/details?id=com.jumia.android&hl=en&gl=ng
33b88adc-6d83-4174-9327-a2faa2f5b05a,Jumia,Excellent,5,2026-09-23,Google Play,Customer Review,https://play.google.com/store/apps/details?id=com.jumia.android&hl=en&gl=ng
8cd1377f-a476-4221-8792-e1932ab02f35,Jumia,I love this app so much,5,2026-09-23,Google Play,Customer Review,https://play.google.com/store/apps/details?id=com.jumia.android&hl=en&gl=ng
6a170a72-6f2f-4769-9b89-3aee0b82bc24,Jumia,Jumia is the best,3,2026-09-23,Google Play,Customer Review,https://play.google.com/store/apps/details?id=com.jumia.android&hl=en&gl=ng
0a21ffa4-3917-47a0-ba35-b3a8416914c0,Jumia,need imrovement,5,2026-09-23,Google Play,Customer Review,https://play.google.com/store/apps/details?id=com.jumia.android&hl=en&gl=ng
903b471c-68fc-4dd8-825e-0c704479922a,Jumia,خدمه ما بعد البيع سيئه جدا و توصيل منتجات غير المطلوبه,1,2026-09-23,Google Play,Customer Review,https://play.google.com/store/apps/details?id=com.jumia.android&hl=en&gl=ng
b64233c3-7d29-48e5-9ffb-ef9bdd5cd1fa,Jumia,best online shop,5,2026-09-23,Google Play,Customer Review,https://play.google.com/store/apps/details?id=com.jumia.android&hl=en&gl=ng
a4535b5f-62f5-43ba-bf67-19087791bef4,Jumia,very nice app and reliable and affordable,4,2026-09-23,Google Play,Customer Review,https://play.google.com/store/apps/details?id=com.jumia.android&hl=en&gl=ng
63ef3e7d-5f41-4a62-8293-5798715439bd,Jumia,"So far, I'm loving my experience and haven't had a problem with delivery. But there's an issue I need to address in which maybe no one has ever addressed. When it comes to female dressings e.g tops, skirts and gowns along with very good and thick quality, Jumia seem to be lagging behind. most clothing I see come with low quality complaints. They complain it's either too transparent or what was delivered wasn't what was shown on the app. Pls Jumia, work on these.",4,2026-09-23,Google Play,Customer Review,https://play.google.com/store/apps/details?id=com.jumia.android&hl=en&gl=ng
ae2adcd7-65c2-4405-8b53-145ddfad7c13,Jumia,good,5,2026-09-23,Google Play,Customer Review,https://play.google.com/store/apps/details?id=com.jumia.android&hl=en&gl=ng
fca14471-0588-4eb3-ac48-ad62274b2994,Jumia,Great shopping platform. I love thrur fast delivery,5,2026-09-23,Google Play,Customer Review,https://play.google.com/store/apps/details?id=com.jumia.android&hl=en&gl=ng
ce618589-1265-4618-852c-0315eb08839c,Jumia,good,4,2026-09-23,Google Play,Customer Review,https://play.google.com/store/apps/details?id=com.jumia.android&hl=en&gl=ng
bd42dcd1-1b1d-4b13-8905-a17e592f3b9a,Jumia,the best way to do shopping all of over Africa,5,2026-09-23,Google Play,Customer Review,https://play.google.com/store/apps/details?id=com.jumia.android&hl=en&gl=ng
770a93b9-fb4c-499e-ac44-4aae90481269,Jumia,the best,5,2026-09-23,Google Play,Customer Review,https://play.google.com/store/apps/details?id=com.jumia.android&hl=en&gl=ng
4d12ccf5-49b1-49b4-9747-3871a091ccd8,Jumia,very good,5,2026-09-23,Google Play,Customer Review,https://play.google.com/store/apps/details?id=com.jumia.android&hl=en&gl=ng
67d5b00b-bd9c-41bc-87e2-f375172598a8,Jumia,great experience,5,2026-09-23,Google Play,Customer Review,https://play.google.com/store/apps/details?id=com.jumia.android&hl=en&gl=ng
da163056-bead-45c8-a777-5c8728b847cd,Jumia,great,5,2026-09-23,Google Play,Customer Review,https://play.google.com/store/apps/details?id=com.jumia.android&hl=en&gl=ng
ec431199-a359-4caa-af25-857f9987d047,Jumia,"very good app , they are reliable",5,2026-09-23,Google Play,Customer Review,https://play.google.com/store/apps/details?id=com.jumia.android&hl=en&gl=ng
4d51b236-390c-44fc-96da-9f2664ccdfba,Jumia,super,5,2026-09-23,Google Play,Customer Review,https://play.google.com/store/apps/details?id=com.jumia.android&hl=en&gl=ng
81c442eb-7c86-4b2e-a3cc-9192fdab27a6,Jumia,good,4,2026-09-23,Google Play,Customer Review,https://play.google.com/store/apps/details?id=com.jumia.android&hl=en&gl=ng
ca6f319f-9f78-4c6f-8353-1fff34d43bff,Jumia,I love shopping here 😍😍,5,2026-09-23,Google Play,Customer Review,https://play.google.com/store/apps/details?id=com.jumia.android&hl=en&gl=ng
652c8474-3e4b-4913-8d20-8e590538e107,Jumia,good,5,2026-09-23,Google Play,Customer Review,https://play.google.com/store/apps/details?id=com.jumia.android&hl=en&gl=ng
275e15e3-0f90-432e-b20d-72cdbf7f79ea,Jumia,great 👍,3,2026-09-23,Google Play,Customer Review,https://play.google.com/store/apps/details?id=com.jumia.android&hl=en&gl=ng
4ef99a41-e876-403f-a075-d60017fbe78c,Jumia,I love dat fact dat jumia offer the best quality n beautiful products with affordable best deals 👌 😍 💗 my shopping 🛍 app forever,4,2026-09-23,Google Play,Customer Review,https://play.google.com/store/apps/details?id=com.jumia.android&hl=en&gl=ng
28cfba55-c05b-4558-bb29-838596dd95de,Jumia,Bad and rude delivery riders. Horrible experience,3,2026-09-23,Google Play,Customer Review,https://play.google.com/store/apps/details?id=com.jumia.android&hl=en&gl=ng
b979df8b-4bc8-449e-b6da-25a95e1dbd00,Jumia,the best,5,2026-09-23,Google Play,Customer Review,https://play.google.com/store/apps/details?id=com.jumia.android&hl=en&gl=ng
513b5854-505b-4399-8436-1c45c6a9f77f,Jumia,excellent,5,2026-09-23,Google Play,Customer Review,https://play.google.com/store/apps/details?id=com.jumia.android&hl=en&gl=ng
45e4b271-a6e4-4065-8a80-1816c6220feb,Jumia,7 .,1,2026-09-23,Google Play,Customer Review,https://play.google.com/store/apps/details?id=com.jumia.android&hl=en&gl=ng
7cefd034-3dd4-4a55-b72c-dc760d4d355d,Jumia,I love jumia but they need to work on delivery time and their delivery agent .,4,2026-09-23,Google Play,Customer Review,https://play.google.com/store/apps/details?id=com.jumia.android&hl=en&gl=ng
a71d3b25-3607-4263-b0a0-bc7a5d1ec09b,Jumia,Jumia is the best place for shopping,5,2026-09-23,Google Play,Customer Review,https://play.google.com/store/apps/details?id=com.jumia.android&hl=en&gl=ng
22322649-91b5-4611-9710-ef0767b5dfaa,Jumia,Great 👍,5,2026-09-23,Google Play,Customer Review,https://play.google.com/store/apps/details?id=com.jumia.android&hl=en&gl=ng
7aeaafc8-ec86-4f91-ae30-721916b05c5b,Jumia,just want to,2,2026-09-23,Google Play,Customer Review,https://play.google.com/store/apps/details?id=com.jumia.android&hl=en&gl=ng
8ba5e61b-158c-4612-a455-3997867621aa,Jumia,ok,4,2026-09-23,Google Play,Customer Review,https://play.google.com/store/apps/details?id=com.jumia.android&hl=en&gl=ng
9bcb93e5-f1cd-4735-b544-5dbe8f933cc1,Jumia,good,5,2026-09-23,Google Play,Customer Review,https://play.google.com/store/apps/details?id=com.jumia.android&hl=en&gl=ng
062799a6-e04b-40d8-a252-fa8a2c9111ad,Jumia,Nice app,4,2026-09-23,Google Play,Customer Review,https://play.google.com/store/apps/details?id=com.jumia.android&hl=en&gl=ng
4f04c2cb-2d72-4ee5-8f50-95aa9d637a13,Jumia,5 Star for jumia best app to order I love jumia,5,2026-09-23,Google Play,Customer Review,https://play.google.com/store/apps/details?id=com.jumia.android&hl=en&gl=ng
54929d76-8b40-497b-87fc-77dfad4fcbe6,Jumia,amazing 👏 🤩,5,2026-09-23,Google Play,Customer Review,https://play.google.com/store/apps/details?id=com.jumia.android&hl=en&gl=ng
3501a36b-4b05-4bad-ba71-8d9871175d40,Jumia,your app always request for sing in everyone u open it,2,2026-09-23,Google Play,Customer Review,https://play.google.com/store/apps/details?id=com.jumia.android&hl=en&gl=ng
9a71f40a-4a96-4516-9d62-b849428d3d4c,Jumia,very reliable and efficient service,5,2026-09-23,Google Play,Customer Review,https://play.google.com/store/apps/details?id=com.jumia.android&hl=en&gl=ng
136a6f7b-5007-43bf-a980-ecaf4b84d8dd,Jumia,The delivery fee is to high from 750 to 1700,5,2026-09-23,Google Play,Customer Review,https://play.google.com/store/apps/details?id=com.jumia.android&hl=en&gl=ng
371ea635-ce1d-44dc-a469-6f4602e6cdeb,Jumia,nice place to do business so reliable,5,2026-09-23,Google Play,Customer Review,https://play.google.com/store/apps/details?id=com.jumia.android&hl=en&gl=ng
df940d27-df0f-4109-bcf2-428c24b67d27,Jumia,it has been good to do shopping with you have bought several good and it's fine,1,2026-09-23,Google Play,Customer Review,https://play.google.com/store/apps/details?id=com.jumia.android&hl=en&gl=ng
932efbd3-096b-42e1-9543-c5e3040ebb56,Jumia,"convenient, the best.",4,2026-09-23,Google Play,Customer Review,https://play.google.com/store/apps/details?id=com.jumia.android&hl=en&gl=ng
75415d8e-57ab-4015-9ffe-d3b11ca9c36d,Jumia,I like it,4,2026-09-23,Google Play,Customer Review,https://play.google.com/store/apps/details?id=com.jumia.android&hl=en&gl=ng
76819f92-c9f1-4dd5-94db-ddaae34d7996,Jumia,"I’m disappointed with this product. I bought this necklace about a week ago, and it is already getting rusty. I expected better quality for a product sold on Jumia. Please try to ensure that sellers provide original and durable products. Customers spend their money expecting good quality. I hope Jumia can look into this issue and improve the quality control of products. Plz don't misunderstand me their products is good but some are not good and they should work on this in time",5,2026-09-23,Google Play,Customer Review,https://play.google.com/store/apps/details?id=com.jumia.android&hl=en&gl=ng
2caf3e2a-4684-4ca6-85ca-9ac3a846c566,Jumia,Best,5,2026-09-23,Google Play,Customer Review,https://play.google.com/store/apps/details?id=com.jumia.android&hl=en&gl=ng
6f7e0a36-e52f-402f-b975-a8622aaeee4d,Jumia,nice 👍,3,2026-09-23,Google Play,Customer Review,https://play.google.com/store/apps/details?id=com.jumia.android&hl=en&gl=ng
8779a2f6-7876-4fbb-b256-c3960f0c734a,Jumia,Good and trusted,5,2026-09-23,Google Play,Customer Review,https://play.google.com/store/apps/details?id=com.jumia.android&hl=en&gl=ng
0ccb06b7-e7d8-4628-854f-c4a98e1a420e,Jumia,Exceptional,5,2026-09-23,Google Play,Customer Review,https://play.google.com/store/apps/details?id=com.jumia.android&hl=en&gl=ng
85a35a46-7fd7-4c69-8d40-16d0448cc1a4,Jumia,door delivery fee is too high,4,2026-09-23,Google Play,Customer Review,https://play.google.com/store/apps/details?id=com.jumia.android&hl=en&gl=ng
5f057bc8-215a-46fa-a444-eb9f23048d2b,Jumia,jumia is the best,5,2026-09-23,Google Play,Customer Review,https://play.google.com/store/apps/details?id=com.jumia.android&hl=en&gl=ng
85f877f1-0b95-419f-9ddc-0b75dba7704b,Jumia,so fast and reliable,4,2026-09-23,Google Play,Customer Review,https://play.google.com/store/apps/details?id=com.jumia.android&hl=en&gl=ng
ea2eef84-ea2c-4aa4-8cd2-cdfa6e532e76,Jumia,I want home delivery,1,2026-09-23,Google Play,Customer Review,https://play.google.com/store/apps/details?id=com.jumia.android&hl=en&gl=ng
63d43e4a-62a9-479f-94ce-e9d712cf1289,Jumia,jumia has been the place to order your goods...,4,2026-09-23,Google Play,Customer Review,https://play.google.com/store/apps/details?id=com.jumia.android&hl=en&gl=ng
ff3f57a5-701c-4295-9b20-f672507cd89e,Jumia,"Reliable and Efficient, please keep it up! Don't let me down",5,2026-09-23,Google Play,Customer Review,https://play.google.com/store/apps/details?id=com.jumia.android&hl=en&gl=ng
de876283-07d9-4c95-8f56-3ea833844761,Jumia,Excellent trading App,5,2026-09-23,Google Play,Customer Review,https://play.google.com/store/apps/details?id=com.jumia.android&hl=en&gl=ng
f4bdecda-6068-4784-89d8-2349b08c9f52,Jumia,nice one,5,2026-09-23,Google Play,Customer Review,https://play.google.com/store/apps/details?id=com.jumia.android&hl=en&gl=ng
c3b0396b-a993-4385-8ae6-2c900f2ef3d1,Jumia,Good,2,2026-09-23,Google Play,Customer Review,https://play.google.com/store/apps/details?id=com.jumia.android&hl=en&gl=ng
dff0758f-d2b0-4693-b76c-53c331be13a8,Jumia,wonderful in business,5,2026-09-23,Google Play,Customer Review,https://play.google.com/store/apps/details?id=com.jumia.android&hl=en&gl=ng
a6ad9110-5888-4c48-a8fa-fa65750e2353,Jumia,good app,5,2026-09-22,Google Play,Customer Review,https://play.google.com/store/apps/details?id=com.jumia.android&hl=en&gl=ng
1f511397-0ba7-4772-9366-6561ec3d1d3b,Jumia,"I really love this app it's very fast, secured and easy returns",5,2026-09-22,Google Play,Customer Review,https://play.google.com/store/apps/details?id=com.jumia.android&hl=en&gl=ng
59ea39ec-3268-4996-86e9-eb1a507e7de8,Jumia,good,5,2026-09-22,Google Play,Customer Review,https://play.google.com/store/apps/details?id=com.jumia.android&hl=en&gl=ng
6fff2e6e-16ef-4320-8276-e6d4e2feaaab,Jumia,I honestly didn't find the app helpful. I was trying to find a particular wallet and they kept saying something along the lines of the page or was it the item is not available. And it's not just for that wallet. Some other things I tried to order too. Meanwhile I found those same items on two other shopping apps. The app needs more variety.,1,2026-09-22,Google Play,Customer Review,https://play.google.com/store/apps/details?id=com.jumia.android&hl=en&gl=ng
ac517126-5408-419c-a0a4-a4e2cebc7acc,Jumia,"Don't know why but anytime I open the app to perform purchase it always say ""sorry, we couldn't load your content...try again""",1,2026-09-22,Google Play,Customer Review,https://play.google.com/store/apps/details?id=com.jumia.android&hl=en&gl=ng
f628d007-36e9-423e-99ef-ac7cadba6ada,Jumia,the appy is okay,4,2026-09-22,Google Play,Customer Review,https://play.google.com/store/apps/details?id=com.jumia.android&hl=en&gl=ng
aa4a8cec-defe-424b-a78d-ce082f43df8d,Jumia,good for buying stuffs online and very great products,5,2026-09-22,Google Play,Customer Review,https://play.google.com/store/apps/details?id=com.jumia.android&hl=en&gl=ng
afb51861-4332-4b12-a852-6100c8471495,Jumia,it has good offers6,5,2026-09-22,Google Play,Customer Review,https://play.google.com/store/apps/details?id=com.jumia.android&hl=en&gl=ng
9e3f5228-2624-42ab-89d0-b60983cfc99d,Jumia,good,5,2026-09-22,Google Play,Customer Review,https://play.google.com/store/apps/details?id=com.jumia.android&hl=en&gl=ng
3d0a810f-3d26-4f07-b519-7601ccf54b59,Jumia,Have been enjoying Jumia for the past months now. Wonderful services,5,2026-09-22,Google Play,Customer Review,https://play.google.com/store/apps/details?id=com.jumia.android&hl=en&gl=ng
997266c6-bcbf-4738-a54e-f4f201acff7d,Jumia,support jumia,5,2026-09-22,Google Play,Customer Review,https://play.google.com/store/apps/details?id=com.jumia.android&hl=en&gl=ng
b4844767-d341-444b-87f9-313ca68ee021,Jumia,most items do not come as expected.... some are of low quality compared to the picture displayed,2,2026-09-22,Google Play,Customer Review,https://play.google.com/store/apps/details?id=com.jumia.android&hl=en&gl=ng
8828adb0-10a8-42ae-9254-3babfb1b3e6c,Jumia,great,5,2026-09-22,Google Play,Customer Review,https://play.google.com/store/apps/details?id=com.jumia.android&hl=en&gl=ng
78dee673-d4d8-4c0d-aef2-55d0e596558b,Jumia,"I ordered a package and the day it was ment to be ordered to me, it showed me DELIVERY STATUS NOTIFICATION (FALIURE)...till now I have not received my package...not fair at all JUMIA....after all I have done🤧😭",1,2026-09-22,Google Play,Customer Review,https://play.google.com/store/apps/details?id=com.jumia.android&hl=en&gl=ng
e23fb61e-e82f-4dc4-80ab-9132639bd3c7,Jumia,nice app,5,2026-09-22,Google Play,Customer Review,https://play.google.com/store/apps/details?id=com.jumia.android&hl=en&gl=ng
2303f6cd-eb59-4038-b96f-a4d2f74d4d14,Jumia,"very good jumia, easy shoping",5,2026-09-22,Google Play,Customer Review,https://play.google.com/store/apps/details?id=com.jumia.android&hl=en&gl=ng
03b3a7cf-19e6-40ac-b5e3-07bb4c833ddf,Jumia,"The app has been great but I don't know why my cart was cleared all of a sudden and now, I can't even access my orders and inbox options without being asked to put in my email or phone number but after doing it, it still returns to the same old thing and I'm just confused now. I hope it will be fixed as soon as possible",3,2026-09-22,Google Play,Customer Review,https://play.google.com/store/apps/details?id=com.jumia.android&hl=en&gl=ng
5d387e4d-90c6-4ffa-91ba-a114c4b4789a,Jumia,احسن موقع شراء اونلين فمصر,5,2026-09-22,Google Play,Customer Review,https://play.google.com/store/apps/details?id=com.jumia.android&hl=en&gl=ng
20852d97-b8f0-4537-9080-fb16301cc5d3,Jumia,nice,5,2026-09-22,Google Play,Customer Review,https://play.google.com/store/apps/details?id=com.jumia.android&hl=en&gl=ng
cf1108ba-5652-41cb-b342-b8f629f0e736,Jumia,the best online marketing place,5,2026-09-22,Google Play,Customer Review,https://play.google.com/store/apps/details?id=com.jumia.android&hl=en&gl=ng
6ee20d96-b71b-4c88-9b2a-18e561bc03d9,Jumia,Best delivery app ever,5,2026-09-22,Google Play,Customer Review,https://play.google.com/store/apps/details?id=com.jumia.android&hl=en&gl=ng
448b1df7-6875-4684-9a04-ed7ea3d901a3,Jumia,Good 👍,5,2026-09-22,Google Play,Customer Review,https://play.google.com/store/apps/details?id=com.jumia.android&hl=en&gl=ng
3cbd27ae-ed35-4242-8692-3278d9bcd5c4,Jumia,"Jumia is superb but the only thing i want From them now is an easy buy products, i really want get some products but am very cashless here.",5,2026-09-22,Google Play,Customer Review,https://play.google.com/store/apps/details?id=com.jumia.android&hl=en&gl=ng
2a2195db-87a4-415a-9c2a-f304df9ef734,Jumia,thanks you so much I love it,5,2026-09-22,Google Play,Customer Review,https://play.google.com/store/apps/details?id=com.jumia.android&hl=en&gl=ng
8603b42b-7826-4c8e-9d16-2d76f3a8fa47,Jumia,Good shopping app,4,2026-09-22,Google Play,Customer Review,https://play.google.com/store/apps/details?id=com.jumia.android&hl=en&gl=ng
97081a48-2984-4598-916d-09fcabcff470,Jumia,Trusted and reliable,4,2026-09-22,Google Play,Customer Review,https://play.google.com/store/apps/details?id=com.jumia.android&hl=en&gl=ng
ac67dba2-ec53-4b1f-9086-5be8a8e55ecb,Jumia,Experience since 2018 has always been satisfactory,5,2026-09-22,Google Play,Customer Review,https://play.google.com/store/apps/details?id=com.jumia.android&hl=en&gl=ng
b494187d-13f4-4feb-a006-45cb8e2a027a,Jumia,good,5,2026-09-22,Google Play,Customer Review,https://play.google.com/store/apps/details?id=com.jumia.android&hl=en&gl=ng
fe923625-604d-4904-b763-851e613c7564,Jumia,I love them,5,2026-09-22,Google Play,Customer Review,https://play.google.com/store/apps/details?id=com.jumia.android&hl=en&gl=ng
0a29c80a-f125-4157-a1d9-67e8d75004f6,Jumia,I like their payment options,4,2026-09-22,Google Play,Customer Review,https://play.google.com/store/apps/details?id=com.jumia.android&hl=en&gl=ng
b7f94b8d-9287-4529-9d9e-2e9ad76d5211,Jumia,Excellent,3,2026-09-22,Google Play,Customer Review,https://play.google.com/store/apps/details?id=com.jumia.android&hl=en&gl=ng
88d1e814-0404-4806-8b36-c7d08d4dc91a,Jumia,The delivery fee is on the high side,1,2026-09-22,Google Play,Customer Review,https://play.google.com/store/apps/details?id=com.jumia.android&hl=en&gl=ng
76fab47a-0f9c-45cd-8b08-458273738304,Jumia,good good good,5,2026-09-22,Google Play,Customer Review,https://play.google.com/store/apps/details?id=com.jumia.android&hl=en&gl=ng
6d6c5b89-125e-4567-a60c-024525fe1c70,Jumia,Seamless!,4,2026-09-22,Google Play,Customer Review,https://play.google.com/store/apps/details?id=com.jumia.android&hl=en&gl=ng
2587a73a-c624-4658-bd75-b3bf2ca1447f,Jumia,Affordable,5,2026-09-22,Google Play,Customer Review,https://play.google.com/store/apps/details?id=com.jumia.android&hl=en&gl=ng
b71c3908-4f85-4c8c-94dc-775c5b293e33,Jumia,It's a great app. it makes for ease for almost anything you want,5,2026-09-22,Google Play,Customer Review,https://play.google.com/store/apps/details?id=com.jumia.android&hl=en&gl=ng
00e7c7d2-b6a4-4254-85cb-5cf42489894e,Jumia,fast,4,2026-09-22,Google Play,Customer Review,https://play.google.com/store/apps/details?id=com.jumia.android&hl=en&gl=ng
4af338cc-9832-4842-9b42-1452800cbfc4,Jumia,works properly,5,2026-09-22,Google Play,Customer Review,https://play.google.com/store/apps/details?id=com.jumia.android&hl=en&gl=ng
a5671777-d019-4f7b-a5af-d1e7114aa7fb,Jumia,good,1,2026-09-22,Google Play,Customer Review,https://play.google.com/store/apps/details?id=com.jumia.android&hl=en&gl=ng
cf594153-e653-45b2-bdcf-4a04aa5bf1af,Jumia,be fast on delivery please,5,2026-09-22,Google Play,Customer Review,https://play.google.com/store/apps/details?id=com.jumia.android&hl=en&gl=ng
5330f474-9175-42de-9d02-970ba01162d0,Jumia,Good,1,2026-09-22,Google Play,Customer Review,https://play.google.com/store/apps/details?id=com.jumia.android&hl=en&gl=ng
29acc940-9929-4944-ba3e-429c5cbf4582,Jumia,excellent service,4,2026-09-22,Google Play,Customer Review,https://play.google.com/store/apps/details?id=com.jumia.android&hl=en&gl=ng
7572f44a-c2cd-4eda-8a5b-0e9627f37c54,Jumia,"this is an excellent app for shopping. I can find things I can't find physically here conveniently without stress with a cheap rate but work on your delivery fee, I'm not supposed to pay for every tiny multiple items on a single order",5,2026-09-22,Google Play,Customer Review,https://play.google.com/store/apps/details?id=com.jumia.android&hl=en&gl=ng
e4bc5634-1316-4a34-9a24-d78901507aec,Jumia,nice,5,2026-09-22,Google Play,Customer Review,https://play.google.com/store/apps/details?id=com.jumia.android&hl=en&gl=ng
e2024312-6035-4b11-8cb6-919c341d4ac1,Jumia,excellent,5,2026-09-22,Google Play,Customer Review,https://play.google.com/store/apps/details?id=com.jumia.android&hl=en&gl=ng
06a3419a-287f-460a-89ad-f2bc784e3637,Jumia,good,5,2026-09-22,Google Play,Customer Review,https://play.google.com/store/apps/details?id=com.jumia.android&hl=en&gl=ng
255ad96f-4d01-4ca1-9fea-22b9ac5a6c3e,Jumia,nice 👍,3,2026-09-22,Google Play,Customer Review,https://play.google.com/store/apps/details?id=com.jumia.android&hl=en&gl=ng
b789a637-95e5-43d3-be35-6fe0350afb36,Jumia,Reliable,5,2026-09-22,Google Play,Customer Review,https://play.google.com/store/apps/details?id=com.jumia.android&hl=en&gl=ng
56c5841a-87d2-41eb-ad8c-0e61917947bf,Jumia,"I really enjoy using this app. Delivery is always on time, and if I’m not satisfied with an item, I can easily return it and get a refund within 24 hours. Overall, it’s a reliable and convenient shopping app.",4,2026-09-22,Google Play,Customer Review,https://play.google.com/store/apps/details?id=com.jumia.android&hl=en&gl=ng
da01c852-b440-47e6-90aa-e9309d4c051c,Jumia,Great app,5,2026-09-22,Google Play,Customer Review,https://play.google.com/store/apps/details?id=com.jumia.android&hl=en&gl=ng
2fcb2a65-60bf-491b-8576-daef25c88967,Jumia,nice 👍,3,2026-09-22,Google Play,Customer Review,https://play.google.com/store/apps/details?id=com.jumia.android&hl=en&gl=ng
79d698ba-1659-4f11-be20-924664c1bfea,Jumia,"the last item I bought did not please me, the thermometer gun",3,2026-09-22,Google Play,Customer Review,https://play.google.com/store/apps/details?id=com.jumia.android&hl=en&gl=ng
1820edb7-0af2-4a79-ae9d-1b85dc00debe,Jumia,"Please check what you want to order very well before placing any order, they'll tell you don't worry if you don't like it you can return it within 7days but after that you won't get your money on time and your item will be returned back to you, that's when they'll be telling you what their policies says, Useless App, please enter the shop to buy whatever you want to buy, fake things are plenty on jumia.",1,2026-09-22,Google Play,Customer Review,https://play.google.com/store/apps/details?id=com.jumia.android&hl=en&gl=ng
8a3f4f15-c505-4b2e-a42e-ab0e60b87b14,Jumia,good,5,2026-09-22,Google Play,Customer Review,https://play.google.com/store/apps/details?id=com.jumia.android&hl=en&gl=ng
a9ac6858-7695-4f48-9ebb-03b9c30577a2,Jumia,fast and reliable,4,2026-09-22,Google Play,Customer Review,https://play.google.com/store/apps/details?id=com.jumia.android&hl=en&gl=ng
a99ea02c-289d-48fb-a05d-6b0bab0337e4,Jumia,good,5,2026-09-22,Google Play,Customer Review,https://play.google.com/store/apps/details?id=com.jumia.android&hl=en&gl=ng
1763f90d-92fb-4b40-9954-94da58f714ab,Jumia,good doing business with,5,2026-09-22,Google Play,Customer Review,https://play.google.com/store/apps/details?id=com.jumia.android&hl=en&gl=ng
02ba0cf4-73da-408e-8b7e-080880d05770,Jumia,"every product on point.. Trusted online shop ever, more ro",5,2026-09-22,Google Play,Customer Review,https://play.google.com/store/apps/details?id=com.jumia.android&hl=en&gl=ng
e3ef50f7-d963-4b90-9fad-73377e0d066e,Jumia,"I should give zero star. I ordered pad 55 ultra but what was delivered was a toy. It's technical specifications have been illegally spoofed to deceive buyers. Item claims Android 16.0 with 1024 GB (1 TB) of storage. However, I have run independent hardware diagnostic tools (DevInfo) on the actual device. it proves it is version 10 not 16 has 64 GB not 1 TB and runs on MediaTek MT6750V/C processor with a 28nm architecture(outdated 10+ yrs) I requested for refund since 3/9/2026 but not refunded",1,2026-09-22,Google Play,Customer Review,https://play.google.com/store/apps/details?id=com.jumia.android&hl=en&gl=ng
05962076-c6b5-4017-944e-dba6ccd0ff2a,Jumia,"How can I return a product that had a fault and no feedback since last week,then now you're saying that the after sales did not accept it?😭😭😭😭is that how customer's are handled  And if they didn't accept it what's the way forward are you returning the money or the product",1,2026-09-22,Google Play,Customer Review,https://play.google.com/store/apps/details?id=com.jumia.android&hl=en&gl=ng
fbac85a3-a07f-4ba6-ab63-3c06242ea822,Jumia,Am proud of your quick response. Keep it up,5,2026-09-22,Google Play,Customer Review,https://play.google.com/store/apps/details?id=com.jumia.android&hl=en&gl=ng
42fffc34-1878-4a38-9f09-29a26b47377e,Jumia,very good,5,2026-09-22,Google Play,Customer Review,https://play.google.com/store/apps/details?id=com.jumia.android&hl=en&gl=ng
b0f1594c-9805-45e3-852d-ef6ec00ce3cd,Jumia,Jumia is the best to deal with,5,2026-09-22,Google Play,Customer Review,https://play.google.com/store/apps/details?id=com.jumia.android&hl=en&gl=ng
ac51b63d-5949-4ef7-9672-e214c7fb6524,Jumia,good,5,2026-09-22,Google Play,Customer Review,https://play.google.com/store/apps/details?id=com.jumia.android&hl=en&gl=ng
ef3fb860-6b3e-4fca-9faa-9b109096a83c,Jumia,Good service,5,2026-09-22,Google Play,Customer Review,https://play.google.com/store/apps/details?id=com.jumia.android&hl=en&gl=ng
76e8ae68-291a-4539-b33c-563e59e750bf,Jumia,verg good,5,2026-09-22,Google Play,Customer Review,https://play.google.com/store/apps/details?id=com.jumia.android&hl=en&gl=ng
997caa6b-c632-4402-a0b8-7666180c0e86,Jumia,Very nice app,3,2026-09-22,Google Play,Customer Review,https://play.google.com/store/apps/details?id=com.jumia.android&hl=en&gl=ng
565332bd-6462-4cd6-ab4a-988afcc0018a,Jumia,faburous,5,2026-09-22,Google Play,Customer Review,https://play.google.com/store/apps/details?id=com.jumia.android&hl=en&gl=ng
d3ed912b-5179-4f46-b12b-ce02899bfd35,Jumia,pls I am having difficulty opening new account due to the app won't send OTP TO MY LINE,1,2026-09-22,Google Play,Customer Review,https://play.google.com/store/apps/details?id=com.jumia.android&hl=en&gl=ng
bca30328-6913-4de8-9bdb-7bdf53f612ce,Jumia,easy and afadable,5,2026-09-22,Google Play,Customer Review,https://play.google.com/store/apps/details?id=com.jumia.android&hl=en&gl=ng
490e38d5-aea2-4b68-babf-f0712b48e5d5,Jumia,good,5,2026-09-22,Google Play,Customer Review,https://play.google.com/store/apps/details?id=com.jumia.android&hl=en&gl=ng
b81a5f5e-1636-45e0-bde2-ca1f9711ed13,Jumia,Fast and reliable,5,2026-09-22,Google Play,Customer Review,https://play.google.com/store/apps/details?id=com.jumia.android&hl=en&gl=ng
2ec13687-9808-40f4-81e6-0934f1862143,Jumia,fair service,3,2026-09-22,Google Play,Customer Review,https://play.google.com/store/apps/details?id=com.jumia.android&hl=en&gl=ng
9eeae177-2e28-4c5a-937b-569348809c5e,Jumia,The app is so reliable and things on it are extremely cheap with better offer,5,2026-09-22,Google Play,Customer Review,https://play.google.com/store/apps/details?id=com.jumia.android&hl=en&gl=ng
95499f2c-bdf7-4ca8-ab7d-960f1b1ee767,Jumia,your product are nice,5,2026-09-22,Google Play,Customer Review,https://play.google.com/store/apps/details?id=com.jumia.android&hl=en&gl=ng
ae26dda4-0ccc-4ac9-a84c-891d1c46ef1b,Jumia,things are very affordable but most of the time not exactly what you order. they will rejuvenate it for you.,1,2026-09-22,Google Play,Customer Review,https://play.google.com/store/apps/details?id=com.jumia.android&hl=en&gl=ng
c0882c2b-86c7-490b-bc50-56fa29f26f05,Jumia,Good,4,2026-09-21,Google Play,Customer Review,https://play.google.com/store/apps/details?id=com.jumia.android&hl=en&gl=ng
d537ebd9-5d09-4651-b19b-f61574401a97,Jumia,high delivery fee,3,2026-09-21,Google Play,Customer Review,https://play.google.com/store/apps/details?id=com.jumia.android&hl=en&gl=ng
0318d867-8128-4cca-9d4e-0e9542434853,Jumia,reliable,5,2026-09-21,Google Play,Customer Review,https://play.google.com/store/apps/details?id=com.jumia.android&hl=en&gl=ng
7b78d800-742a-4cce-bfca-5667c31c261f,Jumia,very good,5,2026-09-21,Google Play,Customer Review,https://play.google.com/store/apps/details?id=com.jumia.android&hl=en&gl=ng
7ad894c8-5cb2-4282-b0b3-4de0f679111a,Jumia,fantatics,5,2026-09-21,Google Play,Customer Review,https://play.google.com/store/apps/details?id=com.jumia.android&hl=en&gl=ng
ca731e18-39a6-4af0-bb40-e79e13b4fb39,Jumia,some products are too fake,1,2026-09-21,Google Play,Customer Review,https://play.google.com/store/apps/details?id=com.jumia.android&hl=en&gl=ng
aae13d64-574f-45a9-aa0c-5033317d641f,Jumia,cool 😎😎,5,2026-09-21,Google Play,Customer Review,https://play.google.com/store/apps/details?id=com.jumia.android&hl=en&gl=ng
af7064f9-4e78-4889-80dc-5f4c9e1649ec,Jumia,good 👍,5,2026-09-21,Google Play,Customer Review,https://play.google.com/store/apps/details?id=com.jumia.android&hl=en&gl=ng
0ecf52ef-308c-495b-9a10-67253ba9ae4a,Jumia,good product,2,2026-09-21,Google Play,Customer Review,https://play.google.com/store/apps/details?id=com.jumia.android&hl=en&gl=ng
06d2f57e-c7d1-4459-8cfe-78a676e91aba,Jumia,Your delivery charges are too high these days.,3,2026-09-21,Google Play,Customer Review,https://play.google.com/store/apps/details?id=com.jumia.android&hl=en&gl=ng
87f44141-fbb8-42ec-9ae1-a1e3e495fed7,Jumia,good,5,2026-09-21,Google Play,Customer Review,https://play.google.com/store/apps/details?id=com.jumia.android&hl=en&gl=ng
6b9095a0-eee6-4656-8e0a-267515eb1bc1,Jumia,good,5,2026-09-21,Google Play,Customer Review,https://play.google.com/store/apps/details?id=com.jumia.android&hl=en&gl=ng
c10e4a1d-8a1e-4372-bbaf-70efc02b38bd,Jumia,The app is so slow on like before. it look me more than an hour to place an order.,1,2026-09-21,Google Play,Customer Review,https://play.google.com/store/apps/details?id=com.jumia.android&hl=en&gl=ng
867d05f5-bde9-401c-aa8f-07d581d29919,Jumia,satisfied,5,2026-09-21,Google Play,Customer Review,https://play.google.com/store/apps/details?id=com.jumia.android&hl=en&gl=ng
d222a9ce-40fe-46d8-9c90-ae993da3999c,Jumia,The app is very good. you get what you order. you have to read reviews from others to be very sure of what you're getting,5,2026-09-21,Google Play,Customer Review,https://play.google.com/store/apps/details?id=com.jumia.android&hl=en&gl=ng
b9c141dc-8661-4c8f-8695-d2450cd1705a,Jumia,so affordable prices 😍,5,2026-09-21,Google Play,Customer Review,https://play.google.com/store/apps/details?id=com.jumia.android&hl=en&gl=ng
3b77ccbf-786c-4a88-870f-3e4e7abfc0e3,Jumia,"Reliable and convenient, i rwccomend Jumia 100%",5,2026-09-21,Google Play,Customer Review,https://play.google.com/store/apps/details?id=com.jumia.android&hl=en&gl=ng
cd85ca3f-f66c-471b-97bf-aa500fa84c2a,Jumia,good,5,2026-09-21,Google Play,Customer Review,https://play.google.com/store/apps/details?id=com.jumia.android&hl=en&gl=ng
b6add385-f2db-4895-b2b8-416e80fcd5f4,Jumia,nice app,5,2026-09-21,Google Play,Customer Review,https://play.google.com/store/apps/details?id=com.jumia.android&hl=en&gl=ng
5770d41a-3678-4d5b-9394-1a3fc7e79821,Jumia,fantastic app,5,2026-09-21,Google Play,Customer Review,https://play.google.com/store/apps/details?id=com.jumia.android&hl=en&gl=ng
5f12a10c-dff9-485c-af06-39a465ffdc10,Jumia,you the best online shopping,4,2026-09-21,Google Play,Customer Review,https://play.google.com/store/apps/details?id=com.jumia.android&hl=en&gl=ng
8e55be48-9aa0-4e71-b5d4-72f9697ebc68,Jumia,free delivery is not available every time you purchase 150 cedis up,3,2026-09-21,Google Play,Customer Review,https://play.google.com/store/apps/details?id=com.jumia.android&hl=en&gl=ng
59ba684d-a503-40e0-acfc-0e417a88b057,Jumia,"Nothing much, thanks for the awesome service.",5,2026-09-21,Google Play,Customer Review,https://play.google.com/store/apps/details?id=com.jumia.android&hl=en&gl=ng
f3439748-2f2c-4ae8-a57e-cb229a891a5b,Jumia,good,5,2026-09-21,Google Play,Customer Review,https://play.google.com/store/apps/details?id=com.jumia.android&hl=en&gl=ng
84ba4ed6-c9e9-4aac-bae0-287d9f7fb373,Jumia,Nice,5,2026-09-21,Google Play,Customer Review,https://play.google.com/store/apps/details?id=com.jumia.android&hl=en&gl=ng
d4f0467e-998e-45bd-832e-60c5488ae68f,Jumia,good,5,2026-09-21,Google Play,Customer Review,https://play.google.com/store/apps/details?id=com.jumia.android&hl=en&gl=ng
bf44b1f1-29df-4a3f-9f5d-929e11663cca,Jumia,very good and reliable,5,2026-09-21,Google Play,Customer Review,https://play.google.com/store/apps/details?id=com.jumia.android&hl=en&gl=ng
09fb9cdb-2861-4d0d-afff-6062ed2ab02c,Jumia,The best,5,2026-09-21,Google Play,Customer Review,https://play.google.com/store/apps/details?id=com.jumia.android&hl=en&gl=ng
f309adfb-e667-480a-90f6-3e3ebff692f1,Jumia,easy to place order,5,2026-09-21,Google Play,Customer Review,https://play.google.com/store/apps/details?id=com.jumia.android&hl=en&gl=ng
8d3536f7-1387-4d64-b5bc-5e573a813268,Jumia,very nice 👍,4,2026-09-21,Google Play,Customer Review,https://play.google.com/store/apps/details?id=com.jumia.android&hl=en&gl=ng
855163fe-1edf-41db-a8cb-e733c5ba6e8b,Jumia,The payment method is very fast and reliable,5,2026-09-21,Google Play,Customer Review,https://play.google.com/store/apps/details?id=com.jumia.android&hl=en&gl=ng
bbd5e51c-a91f-409c-a8fc-d75df64eeb71,Jumia,it's just perfect 🥰 💞 👌,4,2026-09-21,Google Play,Customer Review,https://play.google.com/store/apps/details?id=com.jumia.android&hl=en&gl=ng
4dcbc028-c679-4fc1-9e0c-f9ad55283b79,Jumia,Good,5,2026-09-21,Google Play,Customer Review,https://play.google.com/store/apps/details?id=com.jumia.android&hl=en&gl=ng
0645ad5d-e5ae-40d3-82aa-bae6d475fe41,Jumia,perfect Website. I Love it,5,2026-09-21,Google Play,Customer Review,https://play.google.com/store/apps/details?id=com.jumia.android&hl=en&gl=ng
75fc78cf-d128-428a-b0bc-b3f00b3a44e5,Jumia,good,5,2026-09-21,Google Play,Customer Review,https://play.google.com/store/apps/details?id=com.jumia.android&hl=en&gl=ng
3d8e8e0d-10b8-4349-8e9d-d9b5e841bc1d,Jumia,it's excellent,5,2026-09-21,Google Play,Customer Review,https://play.google.com/store/apps/details?id=com.jumia.android&hl=en&gl=ng
f3daab14-a52c-4e3a-a73b-83d835edaedf,Jumia,good,5,2026-09-21,Google Play,Customer Review,https://play.google.com/store/apps/details?id=com.jumia.android&hl=en&gl=ng
764aa2d0-ca7e-48ae-94c2-4bbd4f33f432,Jumia,I can't wait to collect my order and I pray it didn't get any issues when I receive it,5,2026-09-21,Google Play,Customer Review,https://play.google.com/store/apps/details?id=com.jumia.android&hl=en&gl=ng
f88adc9f-8fb8-46c7-9725-5e7f11aadad6,Jumia,best online shopping app,5,2026-09-21,Google Play,Customer Review,https://play.google.com/store/apps/details?id=com.jumia.android&hl=en&gl=ng
5ec79162-4241-437f-8319-f41e5f546ed4,Jumia,great app for shopping,3,2026-09-21,Google Play,Customer Review,https://play.google.com/store/apps/details?id=com.jumia.android&hl=en&gl=ng
3faabf31-b28a-4655-9d28-5605b4b1d136,Jumia,thank you for your high quality products at reasonable prices,5,2026-09-21,Google Play,Customer Review,https://play.google.com/store/apps/details?id=com.jumia.android&hl=en&gl=ng
8b45fdb9-8fea-46c4-b292-877399345ae2,Jumia,"The app is good, all the books I ordered for are good and new product, pls keep it up and extend it to other product, Pls we want Home delivery in Osun State Nigeria, work on it and Jumia will be lifted in Jesus name. Amen",5,2026-09-21,Google Play,Customer Review,https://play.google.com/store/apps/details?id=com.jumia.android&hl=en&gl=ng
def756fa-97ec-4f6e-af34-402017d7e8f4,Jumia,Good,5,2026-09-21,Google Play,Customer Review,https://play.google.com/store/apps/details?id=com.jumia.android&hl=en&gl=ng
db4e1ff9-9187-4037-a5ac-dcb9358669c9,Jumia,very good and reliable 👏,4,2026-09-21,Google Play,Customer Review,https://play.google.com/store/apps/details?id=com.jumia.android&hl=en&gl=ng
c187a20e-821c-467f-a336-cd537cc1ddd5,Jumia,I love this app,5,2026-09-21,Google Play,Customer Review,https://play.google.com/store/apps/details?id=com.jumia.android&hl=en&gl=ng
d573c40b-067b-417b-af5e-34657fea78d9,Jumia,payment method is good 👍,3,2026-09-21,Google Play,Customer Review,https://play.google.com/store/apps/details?id=com.jumia.android&hl=en&gl=ng
339524d4-7899-4459-b354-8543c5862498,Jumia,good thnks,5,2026-09-21,Google Play,Customer Review,https://play.google.com/store/apps/details?id=com.jumia.android&hl=en&gl=ng
0f0852c2-ec40-4aa1-898b-fb262c71e802,Jumia,very good 👍,5,2026-09-21,Google Play,Customer Review,https://play.google.com/store/apps/details?id=com.jumia.android&hl=en&gl=ng
d0ff27f8-e948-4927-b3fd-df3c694068d9,Jumia,fast and reliable but make sure you read very well be blaming them for your mistakes,4,2026-09-21,Google Play,Customer Review,https://play.google.com/store/apps/details?id=com.jumia.android&hl=en&gl=ng
5901f839-1385-47ce-949a-b3905aea341d,Jumia,one of the best apps to order things online,5,2026-09-21,Google Play,Customer Review,https://play.google.com/store/apps/details?id=com.jumia.android&hl=en&gl=ng
f24aa3c7-d530-4cf9-a1bd-10cdd53436f7,Jumia,good,5,2026-09-21,Google Play,Customer Review,https://play.google.com/store/apps/details?id=com.jumia.android&hl=en&gl=ng
3d43a585-e851-40fb-9963-b5a588ca06f3,Jumia,good service 👍,5,2026-09-21,Google Play,Customer Review,https://play.google.com/store/apps/details?id=com.jumia.android&hl=en&gl=ng
84fbeb65-588e-4267-b7bb-c841d8f3e7a2,Jumia,I Gideon will be so glad to shop with Jumia always and to also invite more people cause is the best 👌,5,2026-09-21,Google Play,Customer Review,https://play.google.com/store/apps/details?id=com.jumia.android&hl=en&gl=ng
dc93aa7b-2a34-48de-8c97-34ca6a8b78c2,Jumia,excellent,5,2026-09-21,Google Play,Customer Review,https://play.google.com/store/apps/details?id=com.jumia.android&hl=en&gl=ng
34a7874d-82f9-4992-88ff-5d201c8e75cc,Jumia,perfect,5,2026-09-21,Google Play,Customer Review,https://play.google.com/store/apps/details?id=com.jumia.android&hl=en&gl=ng
9fb8e6af-06e4-4982-a222-c4bf6f285a1f,Jumia,easy to place order,5,2026-09-21,Google Play,Customer Review,https://play.google.com/store/apps/details?id=com.jumia.android&hl=en&gl=ng
6ec80a57-a0cc-4e9d-98b2-e34cf2490fbc,Jumia,good,5,2026-09-21,Google Play,Customer Review,https://play.google.com/store/apps/details?id=com.jumia.android&hl=en&gl=ng
fcbc206b-19de-49de-8dbe-0ffaaefdc809,Jumia,Thank You for care and Joy 😊,5,2026-09-21,Google Play,Customer Review,https://play.google.com/store/apps/details?id=com.jumia.android&hl=en&gl=ng
a3787f22-33c8-461f-89d1-3240107fa7f1,Jumia,exceptional,5,2026-09-21,Google Play,Customer Review,https://play.google.com/store/apps/details?id=com.jumia.android&hl=en&gl=ng
5010f9a5-af42-4191-a92e-0a83b92fa88d,Jumia,good shopping app,5,2026-09-21,Google Play,Customer Review,https://play.google.com/store/apps/details?id=com.jumia.android&hl=en&gl=ng
17180d35-155c-4c00-8c1a-1512bf42fa5b,Jumia,very fantastic shop indeed 👍 😀 👌,5,2026-09-21,Google Play,Customer Review,https://play.google.com/store/apps/details?id=com.jumia.android&hl=en&gl=ng
2ba4e59e-c8b8-4e89-943a-ac25228b8913,Jumia,cool,5,2026-09-21,Google Play,Customer Review,https://play.google.com/store/apps/details?id=com.jumia.android&hl=en&gl=ng
c1520b6e-8557-46fb-bb3a-3131515695cf,Jumia,very efficient,5,2026-09-21,Google Play,Customer Review,https://play.google.com/store/apps/details?id=com.jumia.android&hl=en&gl=ng
2d1f2e85-5fd6-425f-8307-1108dd8c67de,Jumia,best of all shopping App,3,2026-09-21,Google Play,Customer Review,https://play.google.com/store/apps/details?id=com.jumia.android&hl=en&gl=ng
343bcb9b-a0af-4d2e-9882-be925a6e1239,Jumia,Jumia is very fast and convenient,4,2026-09-21,Google Play,Customer Review,https://play.google.com/store/apps/details?id=com.jumia.android&hl=en&gl=ng
ef52908e-a81d-4c5c-b600-fe50a59b4892,Jumia,lovely,5,2026-09-21,Google Play,Customer Review,https://play.google.com/store/apps/details?id=com.jumia.android&hl=en&gl=ng
67806d95-4e11-4d5e-a1e4-ef6e23486bb8,Jumia,To make the payment was very stressful.,1,2026-09-21,Google Play,Customer Review,https://play.google.com/store/apps/details?id=com.jumia.android&hl=en&gl=ng
c909fd79-5164-4c90-b901-fd62be700d6b,Jumia,Good app,5,2026-09-21,Google Play,Customer Review,https://play.google.com/store/apps/details?id=com.jumia.android&hl=en&gl=ng
3a28b871-e567-482a-9a65-d6ac6228edbb,Jumia,Improve on your app sync. it doesn't load sometimes.,2,2026-09-21,Google Play,Customer Review,https://play.google.com/store/apps/details?id=com.jumia.android&hl=en&gl=ng
275f0714-9c80-43e9-b48c-859573f019a9,Jumia,سئ جدا جدا جدا دلوقتي انا طلبت لبس وطلع ضيق جداً المقاس غلط من البائع دلوقتي وانا برجعه مفيش اختيار اني استلم فلوسي كاش جيبلي حوالة بنك لازم اجيبله IBAN بتاعي من البنك و هيقعد اسبوع عقبال ما الفلوس ترجع او فلوس ترجع علي البوسطه وبرضه اسبوع وفي رسوم او voucher من البرنامج و هيرجعلي الفلوس رصيد فلوس في نفس اليوم.. مفيش نصب اكتر من كده بجد,1,2026-09-20,Google Play,Customer Review,https://play.google.com/store/apps/details?id=com.jumia.android&hl=en&gl=ng
350b302d-1212-45f8-a608-b0eb5118951e,Jumia,Great experience 👍,5,2026-09-20,Google Play,Customer Review,https://play.google.com/store/apps/details?id=com.jumia.android&hl=en&gl=ng
499daad5-6275-42c7-b3f7-74a953c09780,Jumia,this is my first time I'll try buying your products best on the trust I see people puts on you I ordered a Oraimo power pova and I'm leaving Zaria on 26 because when I go back to home my location is not available for you so if it does not delivered before 26 September 2026 I'll cancel the order I hope to continue having great business with you. thank you jumia,5,2026-09-20,Google Play,Customer Review,https://play.google.com/store/apps/details?id=com.jumia.android&hl=en&gl=ng
0fe3dede-d3fc-4741-b9e8-8c0ff4f79d4c,Jumia,Jumia is the best,5,2026-09-20,Google Play,Customer Review,https://play.google.com/store/apps/details?id=com.jumia.android&hl=en&gl=ng
d8f9605a-7f7a-4ee4-9ef5-9e5cbc1d5375,Jumia,great,5,2026-09-20,Google Play,Customer Review,https://play.google.com/store/apps/details?id=com.jumia.android&hl=en&gl=ng
65ba459e-eff0-4487-b0b0-87103262d63f,Jumia,really good,5,2026-09-20,Google Play,Customer Review,https://play.google.com/store/apps/details?id=com.jumia.android&hl=en&gl=ng
e764cdb4-5f4a-4346-9de4-7731520af35f,Jumia,it's nice and fast delivery is top notch,5,2026-09-20,Google Play,Customer Review,https://play.google.com/store/apps/details?id=com.jumia.android&hl=en&gl=ng
0b5fff4d-e21b-4bfd-b418-3dc3544fe9c5,Jumia,good,5,2026-09-20,Google Play,Customer Review,https://play.google.com/store/apps/details?id=com.jumia.android&hl=en&gl=ng
b6068cac-7a86-4e48-ab79-8d25a31bfa21,Jumia,My number one most trusted online shopping space. Keep up the good work @ Jumia,5,2026-09-20,Google Play,Customer Review,https://play.google.com/store/apps/details?id=com.jumia.android&hl=en&gl=ng
2fa6e52b-2fd7-4fac-949b-4be1c1f1b278,Jumia,Jumia services is top-notch,5,2026-09-20,Google Play,Customer Review,https://play.google.com/store/apps/details?id=com.jumia.android&hl=en&gl=ng
bb34194b-5d36-4701-a7d4-2ae0e2b20726,Jumia,quality staff,5,2026-09-20,Google Play,Customer Review,https://play.google.com/store/apps/details?id=com.jumia.android&hl=en&gl=ng
5e7ba6ea-c446-4b3e-980c-1390df233e7f,Jumia,good,5,2026-09-20,Google Play,Customer Review,https://play.google.com/store/apps/details?id=com.jumia.android&hl=en&gl=ng
1f63a03c-9be9-4fde-8033-005c58e7d2ec,Jumia,Nice,4,2026-09-20,Google Play,Customer Review,https://play.google.com/store/apps/details?id=com.jumia.android&hl=en&gl=ng
e2fdbbad-bc2f-485a-8efe-5ddd0367264e,Jumia,efficient,5,2026-09-20,Google Play,Customer Review,https://play.google.com/store/apps/details?id=com.jumia.android&hl=en&gl=ng
a87e321b-541d-4593-9a0b-87d0bb839103,Jumia,my sure plug 🔌,5,2026-09-20,Google Play,Customer Review,https://play.google.com/store/apps/details?id=com.jumia.android&hl=en&gl=ng
07b96652-a3ef-4a07-a7b7-490eda8705f3,Jumia,Not that bad but work on your network and price..,5,2026-09-20,Google Play,Customer Review,https://play.google.com/store/apps/details?id=com.jumia.android&hl=en&gl=ng
ad180ce7-bb4a-4c7e-ab78-3549b17704c4,Jumia,first time trying not yet confirmed maybe it best,5,2026-09-20,Google Play,Customer Review,https://play.google.com/store/apps/details?id=com.jumia.android&hl=en&gl=ng
af231f69-e727-4c94-8673-b29c4a3bef37,Jumia,very affordable and good quality,5,2026-09-20,Google Play,Customer Review,https://play.google.com/store/apps/details?id=com.jumia.android&hl=en&gl=ng
bfa91308-608a-44f8-ae0f-836547e45630,Jumia,very poor experience,1,2026-09-20,Google Play,Customer Review,https://play.google.com/store/apps/details?id=com.jumia.android&hl=en&gl=ng
b296db93-808f-4953-937d-ec0ea7710e17,Jumia,it is a very good app and reliable,5,2026-09-20,Google Play,Customer Review,https://play.google.com/store/apps/details?id=com.jumia.android&hl=en&gl=ng
ae9d52e6-da9b-4ac1-b2d8-8afb08e4b452,Jumia,👍👌,5,2026-09-20,Google Play,Customer Review,https://play.google.com/store/apps/details?id=com.jumia.android&hl=en&gl=ng
cddeb548-2280-4638-9ee7-f9cb7ab905cf,Jumia,very good,4,2026-09-20,Google Play,Customer Review,https://play.google.com/store/apps/details?id=com.jumia.android&hl=en&gl=ng
411cfb12-7bd3-4e8a-9599-5db47e4959b2,Jumia,good 👍,2,2026-09-20,Google Play,Customer Review,https://play.google.com/store/apps/details?id=com.jumia.android&hl=en&gl=ng
526c40e2-5fcc-49a0-a0c3-3061616c4412,Jumia,perfect,5,2026-09-20,Google Play,Customer Review,https://play.google.com/store/apps/details?id=com.jumia.android&hl=en&gl=ng
c8fef1af-12b8-4320-b6d5-bc6c0b6455b2,Jumia,so convenient,5,2026-09-20,Google Play,Customer Review,https://play.google.com/store/apps/details?id=com.jumia.android&hl=en&gl=ng
aa498e78-7f86-4593-8335-01f5c91d1d75,Jumia,good,3,2026-09-20,Google Play,Customer Review,https://play.google.com/store/apps/details?id=com.jumia.android&hl=en&gl=ng
b44fa885-5be2-4966-8ae5-c4aa1911f51b,Jumia,Excellent site for ordering your desired items,5,2026-09-20,Google Play,Customer Review,https://play.google.com/store/apps/details?id=com.jumia.android&hl=en&gl=ng
e48c7687-a1b0-4054-9b18-0af5c14b181a,Jumia,perfect,5,2026-09-20,Google Play,Customer Review,https://play.google.com/store/apps/details?id=com.jumia.android&hl=en&gl=ng
3330ed1f-eadf-4c30-8e2a-b2a3d24f7fe2,Jumia,it is good But the delivery fees is too high,5,2026-09-20,Google Play,Customer Review,https://play.google.com/store/apps/details?id=com.jumia.android&hl=en&gl=ng
9ed7c8c3-f260-4364-aed0-5da1f57f4581,Jumia,fast and reliable,5,2026-09-20,Google Play,Customer Review,https://play.google.com/store/apps/details?id=com.jumia.android&hl=en&gl=ng
2c1505be-d88e-43bc-9a35-6dcf9aa70b8f,Jumia,How come when I order many things in one cart at once each is charged separately that is bad u should charge a cart not whats inside for delivery,1,2026-09-20,Google Play,Customer Review,https://play.google.com/store/apps/details?id=com.jumia.android&hl=en&gl=ng
1ce9b7a4-6ae8-43bc-b01a-d15f661c7605,Jumia,very good,5,2026-09-20,Google Play,Customer Review,https://play.google.com/store/apps/details?id=com.jumia.android&hl=en&gl=ng
24f54360-57a7-4c3c-9203-21bf97926f91,Jumia,I love their service,5,2026-09-20,Google Play,Customer Review,https://play.google.com/store/apps/details?id=com.jumia.android&hl=en&gl=ng
a3100e0b-3b56-4eca-b45f-76e5a6107876,Jumia,good,5,2026-09-20,Google Play,Customer Review,https://play.google.com/store/apps/details?id=com.jumia.android&hl=en&gl=ng
1a3c0f4f-f1e8-408e-9199-a8cc71cd497b,Jumia,acurate,5,2026-09-20,Google Play,Customer Review,https://play.google.com/store/apps/details?id=com.jumia.android&hl=en&gl=ng
d5c751ea-b733-4fe6-a11a-19b12e605a34,Jumia,best,5,2026-09-20,Google Play,Customer Review,https://play.google.com/store/apps/details?id=com.jumia.android&hl=en&gl=ng
2e076d66-0727-4b8c-a3ea-0be9ddd15e2b,Jumia,original things,2,2026-09-20,Google Play,Customer Review,https://play.google.com/store/apps/details?id=com.jumia.android&hl=en&gl=ng
0c272a41-a379-4b78-ae79-2ce3b7a86104,Jumia,you really can't get it wrong if you do your reach properly with jumia,5,2026-09-20,Google Play,Customer Review,https://play.google.com/store/apps/details?id=com.jumia.android&hl=en&gl=ng
780381f5-dbc5-43ab-8af8-98b1a56ed582,Jumia,Good,5,2026-09-20,Google Play,Customer Review,https://play.google.com/store/apps/details?id=com.jumia.android&hl=en&gl=ng
1af745ec-bd75-4363-a737-92f10c603ceb,Jumia,the keep crashing telling me no internet after I placed order.,3,2026-09-20,Google Play,Customer Review,https://play.google.com/store/apps/details?id=com.jumia.android&hl=en&gl=ng
131bc4c0-0535-482b-97d6-0e042badbf17,Jumia,this is a good app,5,2026-09-20,Google Play,Customer Review,https://play.google.com/store/apps/details?id=com.jumia.android&hl=en&gl=ng
f6e8b921-3d8c-43e4-81a9-d39d9844709f,Jumia,very nice to order,5,2026-09-20,Google Play,Customer Review,https://play.google.com/store/apps/details?id=com.jumia.android&hl=en&gl=ng
ec755b54-8d0d-4a1f-be00-507874199b6c,Jumia,vibes on👍,5,2026-09-20,Google Play,Customer Review,https://play.google.com/store/apps/details?id=com.jumia.android&hl=en&gl=ng
e33b1aec-9eec-4362-97ba-abd4e6ae2f14,Jumia,"jumia is the best platform ever,,as it's secure,fast and reliable.",5,2026-09-20,Google Play,Customer Review,https://play.google.com/store/apps/details?id=com.jumia.android&hl=en&gl=ng
da222f9f-2327-4e0f-a02c-eb484b7387f5,Jumia,good,4,2026-09-20,Google Play,Customer Review,https://play.google.com/store/apps/details?id=com.jumia.android&hl=en&gl=ng
35053eba-882d-4848-88ed-0adef8933b01,Jumia,efficiency,4,2026-09-20,Google Play,Customer Review,https://play.google.com/store/apps/details?id=com.jumia.android&hl=en&gl=ng
44c413fd-9ce5-450f-9323-d3e6eb67a1ec,Jumia,good 👍,5,2026-09-20,Google Play,Customer Review,https://play.google.com/store/apps/details?id=com.jumia.android&hl=en&gl=ng
7f014949-76c0-4c9f-9cfa-58b5a64fa446,Jumia,very nice app,4,2026-09-20,Google Play,Customer Review,https://play.google.com/store/apps/details?id=com.jumia.android&hl=en&gl=ng
1dd747d0-6404-4c75-9a48-87e47ccd8439,Jumia,I always enjoy your services.,4,2026-09-20,Google Play,Customer Review,https://play.google.com/store/apps/details?id=com.jumia.android&hl=en&gl=ng
0360df48-167e-4119-9f8d-1fe767ef1cd3,Jumia,fast and reliable,3,2026-09-20,Google Play,Customer Review,https://play.google.com/store/apps/details?id=com.jumia.android&hl=en&gl=ng
225a9adc-6887-4e00-9b79-d5ce8c378049,Jumia,but😜😜😜😜😜,5,2026-09-20,Google Play,Customer Review,https://play.google.com/store/apps/details?id=com.jumia.android&hl=en&gl=ng
ad96debf-3d7e-4cd8-b481-3a1fc5d37262,Jumia,the best,5,2026-09-20,Google Play,Customer Review,https://play.google.com/store/apps/details?id=com.jumia.android&hl=en&gl=ng
221bbca0-9124-4988-93ca-dc2a67922a60,Jumia,very good 👍,5,2026-09-20,Google Play,Customer Review,https://play.google.com/store/apps/details?id=com.jumia.android&hl=en&gl=ng
3f467efd-bb61-43ff-b206-78a7ff0db14a,Jumia,"it's amazing online marketing , keep it up.",5,2026-09-20,Google Play,Customer Review,https://play.google.com/store/apps/details?id=com.jumia.android&hl=en&gl=ng
ef4fa4fe-8294-47d9-baf4-66a6e6805642,Jumia,mi said de app is good.,5,2026-09-20,Google Play,Customer Review,https://play.google.com/store/apps/details?id=com.jumia.android&hl=en&gl=ng
3f82f5b1-c580-45e1-b057-c3c32c03ffcc,Jumia,excellent,5,2026-09-20,Google Play,Customer Review,https://play.google.com/store/apps/details?id=com.jumia.android&hl=en&gl=ng
aa7b4112-b55f-42e6-8f27-15404372ab80,Jumia,I really like the app but I wish is like Cd care app pay small small infact I would buy a lot,3,2026-09-20,Google Play,Customer Review,https://play.google.com/store/apps/details?id=com.jumia.android&hl=en&gl=ng
d40abee4-27a5-4504-8528-dd35824134c8,Jumia,Great app,5,2026-09-20,Google Play,Customer Review,https://play.google.com/store/apps/details?id=com.jumia.android&hl=en&gl=ng
d4b93257-b74c-4828-89a1-4e6ed003f89e,Jumia,💯💯💯💪,5,2026-09-19,Google Play,Customer Review,https://play.google.com/store/apps/details?id=com.jumia.android&hl=en&gl=ng
052410bd-cbbd-48a6-a01e-8b902a117e7b,Jumia,very good app,5,2026-09-19,Google Play,Customer Review,https://play.google.com/store/apps/details?id=com.jumia.android&hl=en&gl=ng
689f6d65-4521-47c3-b081-3fa04f30e29e,Jumia,products are manageable,3,2026-09-19,Google Play,Customer Review,https://play.google.com/store/apps/details?id=com.jumia.android&hl=en&gl=ng
7c2a7058-cc80-4d94-a7c5-b1b4d62c47e1,Jumia,I'm happy to jumia,5,2026-09-19,Google Play,Customer Review,https://play.google.com/store/apps/details?id=com.jumia.android&hl=en&gl=ng
37974e83-fbb3-484a-8d9a-9dc6d3fa24df,Jumia,Twas good,5,2026-09-19,Google Play,Customer Review,https://play.google.com/store/apps/details?id=com.jumia.android&hl=en&gl=ng
1c528924-b93f-4caf-bbe0-9dddcfda6211,Jumia,you people are trying what I don't like is paying for delivery 🚚 why I pay another transportation to go and get it why is it good if you where me,2,2026-09-19,Google Play,Customer Review,https://play.google.com/store/apps/details?id=com.jumia.android&hl=en&gl=ng
cbc823cc-44be-47a6-b3a6-d40f4b78c50c,Jumia,u are good,3,2026-09-19,Google Play,Customer Review,https://play.google.com/store/apps/details?id=com.jumia.android&hl=en&gl=ng
91b110d6-4ee6-4367-a013-4749b9bdbeae,Jumia,It's cool,5,2026-09-19,Google Play,Customer Review,https://play.google.com/store/apps/details?id=com.jumia.android&hl=en&gl=ng
197f1452-a7cc-404c-bedc-2da4e0338b06,Jumia,jumia is a great shopping but experiencing so network problem with the app lately,5,2026-09-19,Google Play,Customer Review,https://play.google.com/store/apps/details?id=com.jumia.android&hl=en&gl=ng
799ae20f-b93b-467c-9e4d-23fba505ad19,Jumia,the best shop app u can ever shop fast deliver in your door step😍😍😍,5,2026-09-19,Google Play,Customer Review,https://play.google.com/store/apps/details?id=com.jumia.android&hl=en&gl=ng
2318c979-025e-4041-a6c8-d188b462a487,Jumia,jumia is the best online shopping,1,2026-09-19,Google Play,Customer Review,https://play.google.com/store/apps/details?id=com.jumia.android&hl=en&gl=ng
5786fbb3-d5ef-416a-b0b9-df8992ca4dd7,Jumia,having a play store is a very helpful app this app help many people so I love this app and I'm so happy to have this app on my phone I love you play store,5,2026-09-19,Google Play,Customer Review,https://play.google.com/store/apps/details?id=com.jumia.android&hl=en&gl=ng
710a5035-3d07-4e73-bdbc-b45f2c1e5537,Jumia,good to work with,4,2026-09-19,Google Play,Customer Review,https://play.google.com/store/apps/details?id=com.jumia.android&hl=en&gl=ng
dc5572ca-37df-4eeb-9ddf-71451d1d2e95,Jumia,very accurate and arrives on time,5,2026-09-19,Google Play,Customer Review,https://play.google.com/store/apps/details?id=com.jumia.android&hl=en&gl=ng
017d3026-e8a4-453a-ad9a-c377de8ebc8c,Jumia,Awesome,5,2026-09-19,Google Play,Customer Review,https://play.google.com/store/apps/details?id=com.jumia.android&hl=en&gl=ng
2ebf1ee0-688a-4f99-800e-14d55d1883ac,Jumia,Convenient,5,2026-09-19,Google Play,Customer Review,https://play.google.com/store/apps/details?id=com.jumia.android&hl=en&gl=ng
a6571c29-baf7-43a5-959e-d02cda983bd8,Jumia,fast and reliable,3,2026-09-19,Google Play,Customer Review,https://play.google.com/store/apps/details?id=com.jumia.android&hl=en&gl=ng
7b8c73da-acd4-45e1-9c1b-b9afbadda3e7,Jumia,very reliable,4,2026-09-19,Google Play,Customer Review,https://play.google.com/store/apps/details?id=com.jumia.android&hl=en&gl=ng
4b9582ca-c219-442e-b855-b11918624098,Jumia,I Love Jumia,5,2026-09-19,Google Play,Customer Review,https://play.google.com/store/apps/details?id=com.jumia.android&hl=en&gl=ng
79d5ecf5-6d6f-4e82-93c9-8b5d386a874a,Jumia,very nice,5,2026-09-19,Google Play,Customer Review,https://play.google.com/store/apps/details?id=com.jumia.android&hl=en&gl=ng
8e7fd246-74d2-4a33-8953-e0bce091ce7f,Jumia,Vere nais,5,2026-09-19,Google Play,Customer Review,https://play.google.com/store/apps/details?id=com.jumia.android&hl=en&gl=ng
ef22a549-7e26-4d50-9b68-c79577522389,Jumia,lovely,5,2026-09-19,Google Play,Customer Review,https://play.google.com/store/apps/details?id=com.jumia.android&hl=en&gl=ng
ac1c2c42-8d16-44ff-b499-40bd9de65b4e,Jumia,good,5,2026-09-19,Google Play,Customer Review,https://play.google.com/store/apps/details?id=com.jumia.android&hl=en&gl=ng
2b553465-df56-410b-8b54-58bbe4c0c029,Jumia,"very good and fast delivery, but please improve in payment on delivery.",5,2026-09-19,Google Play,Customer Review,https://play.google.com/store/apps/details?id=com.jumia.android&hl=en&gl=ng
dcaa3cdd-9a44-4bf4-9107-ede244471ee0,Jumia,app is working excellent. few bugs but nothing grounbreaking.,4,2026-09-19,Google Play,Customer Review,https://play.google.com/store/apps/details?id=com.jumia.android&hl=en&gl=ng
583684be-b629-4c9f-8077-d38248035ded,Jumia,nice shopping,5,2026-09-19,Google Play,Customer Review,https://play.google.com/store/apps/details?id=com.jumia.android&hl=en&gl=ng
07f4e314-9291-4578-b527-33524d02b136,Jumia,"i think jumia is the best online buying app have come across,they make things easier and faster and I give them 5 Stars for that not only that their things are cheap and affordable.",5,2026-09-19,Google Play,Customer Review,https://play.google.com/store/apps/details?id=com.jumia.android&hl=en&gl=ng
72e73f9b-6709-432a-b48d-f09619455e64,Jumia,Good,5,2026-09-19,Google Play,Customer Review,https://play.google.com/store/apps/details?id=com.jumia.android&hl=en&gl=ng
3c47b2c6-3cc5-48e9-97f7-6364017bc221,Jumia,this app is so amazing i love it,4,2026-09-19,Google Play,Customer Review,https://play.google.com/store/apps/details?id=com.jumia.android&hl=en&gl=ng
e3564aa2-4bae-4f7c-8c50-9941fc1e17be,Jumia,nice,5,2026-09-19,Google Play,Customer Review,https://play.google.com/store/apps/details?id=com.jumia.android&hl=en&gl=ng
16d07dce-f16e-4902-a5c8-3917bd935bdc,Jumia,good service,3,2026-09-19,Google Play,Customer Review,https://play.google.com/store/apps/details?id=com.jumia.android&hl=en&gl=ng
8c5ad9c9-1274-4e9b-b6ff-ec7e84660777,Jumia,very efficient to use,5,2026-09-19,Google Play,Customer Review,https://play.google.com/store/apps/details?id=com.jumia.android&hl=en&gl=ng
cd0f2618-95e3-4abe-9c36-251bc4715939,Jumia,you guys are the number one,5,2026-09-19,Google Play,Customer Review,https://play.google.com/store/apps/details?id=com.jumia.android&hl=en&gl=ng
dbb92d69-3d40-4cea-a0de-9f6b1c57e253,Jumia,It's a very reliable app and source to get what u need,4,2026-09-19,Google Play,Customer Review,https://play.google.com/store/apps/details?id=com.jumia.android&hl=en&gl=ng
530213ab-68b4-4560-bee1-2a401fe856d3,Jumia,that's my best online shopping apps,5,2026-09-19,Google Play,Customer Review,https://play.google.com/store/apps/details?id=com.jumia.android&hl=en&gl=ng
b5ccbca6-78d1-452b-9a9f-ac5986d352f6,Jumia,user friendly 😁😁,5,2026-09-19,Google Play,Customer Review,https://play.google.com/store/apps/details?id=com.jumia.android&hl=en&gl=ng
5709750a-631a-45db-bbe9-19727e39e300,Jumia,looop,3,2026-09-19,Google Play,Customer Review,https://play.google.com/store/apps/details?id=com.jumia.android&hl=en&gl=ng
c067d216-b93c-4402-b86f-1724122cc2f1,Jumia,great app,5,2026-09-19,Google Play,Customer Review,https://play.google.com/store/apps/details?id=com.jumia.android&hl=en&gl=ng
7b5caf5c-1284-487f-868f-c22976a054ea,Jumia,good customer service,5,2026-09-19,Google Play,Customer Review,https://play.google.com/store/apps/details?id=com.jumia.android&hl=en&gl=ng
490889a0-8245-463c-8fab-225e7c64a1cd,Jumia,good 👍,5,2026-09-19,Google Play,Customer Review,https://play.google.com/store/apps/details?id=com.jumia.android&hl=en&gl=ng
f4eef7e4-2f53-41dd-9a16-78499b62ac35,Jumia,Convenient and cost effective,5,2026-09-19,Google Play,Customer Review,https://play.google.com/store/apps/details?id=com.jumia.android&hl=en&gl=ng
8738718d-f80d-434b-83f8-d204cd5cee7a,Jumia,very nice and easy to use,4,2026-09-19,Google Play,Customer Review,https://play.google.com/store/apps/details?id=com.jumia.android&hl=en&gl=ng
3e5f4c4c-e624-494c-bb79-969421dd1d4e,Jumia,very good,5,2026-09-19,Google Play,Customer Review,https://play.google.com/store/apps/details?id=com.jumia.android&hl=en&gl=ng
1c568976-54c2-4fb7-88ce-d7426c485444,Jumia,excellent services,5,2026-09-19,Google Play,Customer Review,https://play.google.com/store/apps/details?id=com.jumia.android&hl=en&gl=ng
d823845a-bcb0-455a-baae-51b44da3ec38,Jumia,perfect,5,2026-09-19,Google Play,Customer Review,https://play.google.com/store/apps/details?id=com.jumia.android&hl=en&gl=ng
4831ba97-cad9-4f52-8603-760f53eef5ce,Jumia,good,5,2026-09-19,Google Play,Customer Review,https://play.google.com/store/apps/details?id=com.jumia.android&hl=en&gl=ng
2602869d-9028-4907-853a-fea390ba02c2,Jumia,why is your network so bad now,1,2026-09-19,Google Play,Customer Review,https://play.google.com/store/apps/details?id=com.jumia.android&hl=en&gl=ng
49163340-c1fe-4010-98c1-2c4bf5aac39c,Jumia,app always crashes,3,2026-09-19,Google Play,Customer Review,https://play.google.com/store/apps/details?id=com.jumia.android&hl=en&gl=ng
76ee2307-8d9e-465a-9ac9-60a79e48bce2,Jumia,Just check reviews. that's the secret to a good buy on jumia,5,2026-09-19,Google Play,Customer Review,https://play.google.com/store/apps/details?id=com.jumia.android&hl=en&gl=ng
49af390a-03b4-4b90-9c00-1f5422babf7b,Jumia,good,4,2026-09-19,Google Play,Customer Review,https://play.google.com/store/apps/details?id=com.jumia.android&hl=en&gl=ng
a67f01e9-dff4-4e45-bcf9-d5709206d0ca,Jumia,Good to go,5,2026-09-19,Google Play,Customer Review,https://play.google.com/store/apps/details?id=com.jumia.android&hl=en&gl=ng
7e09904c-99f3-45d0-9fcd-5ebcee4653f4,Jumia,Sweet,5,2026-09-19,Google Play,Customer Review,https://play.google.com/store/apps/details?id=com.jumia.android&hl=en&gl=ng
30bd16f3-15cd-44db-a28b-199fd3030bb6,Jumia,The only place you can trust for quality products,5,2026-09-19,Google Play,Customer Review,https://play.google.com/store/apps/details?id=com.jumia.android&hl=en&gl=ng
3c4e44a3-82a8-439b-a747-ddd641bad271,Jumia,Good,5,2026-09-19,Google Play,Customer Review,https://play.google.com/store/apps/details?id=com.jumia.android&hl=en&gl=ng
9459e7af-6681-4d57-abbf-ccfbf16ca364,Jumia,you're definitely going forward,3,2026-09-19,Google Play,Customer Review,https://play.google.com/store/apps/details?id=com.jumia.android&hl=en&gl=ng
5fd1e3de-34bd-4db2-a00f-ce558c5fe27c,Jumia,Good,5,2026-09-19,Google Play,Customer Review,https://play.google.com/store/apps/details?id=com.jumia.android&hl=en&gl=ng
aac560be-99cb-4a3d-b38d-1fb8852b2a43,Jumia,Not sure,2,2026-09-19,Google Play,Customer Review,https://play.google.com/store/apps/details?id=com.jumia.android&hl=en&gl=ng
5f208919-6f83-48a8-b151-dcdb6f0592b0,Jumia,"very easy to place an order, liable",5,2026-09-18,Google Play,Customer Review,https://play.google.com/store/apps/details?id=com.jumia.android&hl=en&gl=ng
60648cce-7921-410a-984b-dd8f6a7fe0af,Jumia,very good in shopping,5,2026-09-18,Google Play,Customer Review,https://play.google.com/store/apps/details?id=com.jumia.android&hl=en&gl=ng
355ff4a5-fa85-4e09-a2ab-4100be280309,Jumia,best app 👌,4,2026-09-18,Google Play,Customer Review,https://play.google.com/store/apps/details?id=com.jumia.android&hl=en&gl=ng
c79cc7f0-53cb-4107-96ed-3485395a07b0,Jumia,very good for shopping,5,2026-09-18,Google Play,Customer Review,https://play.google.com/store/apps/details?id=com.jumia.android&hl=en&gl=ng
69dd2bf1-3f6f-4ced-a245-e540205ffd4a,Jumia,is stressful now than before,2,2026-09-18,Google Play,Customer Review,https://play.google.com/store/apps/details?id=com.jumia.android&hl=en&gl=ng
09daf7ec-19bd-41f0-a82f-862ffe2205dc,Jumia,"best of all, i will always recommend you as the best",5,2026-09-18,Google Play,Customer Review,https://play.google.com/store/apps/details?id=com.jumia.android&hl=en&gl=ng
101b2998-0d82-4024-972f-90fbef69d876,Jumia,good that's all,5,2026-09-18,Google Play,Customer Review,https://play.google.com/store/apps/details?id=com.jumia.android&hl=en&gl=ng
f3040b9f-b4b7-42bd-be9a-cd5857a45a05,Jumia,legit app you guys would need post legit stuff,5,2026-09-18,Google Play,Customer Review,https://play.google.com/store/apps/details?id=com.jumia.android&hl=en&gl=ng
98b21223-aba6-4b3b-940f-f1998c7f9ff6,Jumia,Better option,4,2026-09-18,Google Play,Customer Review,https://play.google.com/store/apps/details?id=com.jumia.android&hl=en&gl=ng
eb0e987c-94db-4074-88c3-f18a3f5b7929,Jumia,They are very good and deliver fast,5,2026-09-18,Google Play,Customer Review,https://play.google.com/store/apps/details?id=com.jumia.android&hl=en&gl=ng
f23fbbd3-1267-4fa3-aca2-bcedaaef14bf,Jumia,Great products 👍👌,5,2026-09-18,Google Play,Customer Review,https://play.google.com/store/apps/details?id=com.jumia.android&hl=en&gl=ng
7e4f9980-9519-4021-986b-aed7ca1a900f,Jumia,poor quality items now adays,3,2026-09-18,Google Play,Customer Review,https://play.google.com/store/apps/details?id=com.jumia.android&hl=en&gl=ng
b9b885f5-7297-4e94-bffd-b3f682cc5fec,Jumia,jumia has been so easy for me to use. I mean u get what u order if u read it carefully,5,2026-09-18,Google Play,Customer Review,https://play.google.com/store/apps/details?id=com.jumia.android&hl=en&gl=ng
634c651b-21d8-48f0-810f-5c78920d1a92,Jumia,This app is good for their things the price is good with me,5,2026-09-18,Google Play,Customer Review,https://play.google.com/store/apps/details?id=com.jumia.android&hl=en&gl=ng
3a93ddfa-0868-4774-93fb-fde781ce89b4,Jumia,Good 👍,5,2026-09-18,Google Play,Customer Review,https://play.google.com/store/apps/details?id=com.jumia.android&hl=en&gl=ng
385d7ea0-3e02-4782-9500-d9b6fc446213,Jumia,good,5,2026-09-18,Google Play,Customer Review,https://play.google.com/store/apps/details?id=com.jumia.android&hl=en&gl=ng
ed182b55-44a9-450e-b28d-ac2f26f58789,Jumia,The app is awesome but sometimes it kicks me out to let me log in my email again and again,3,2026-09-18,Google Play,Customer Review,https://play.google.com/store/apps/details?id=com.jumia.android&hl=en&gl=ng
a644549c-47cc-41d2-ac95-fa718ff2edbb,Jumia,good,5,2026-09-18,Google Play,Customer Review,https://play.google.com/store/apps/details?id=com.jumia.android&hl=en&gl=ng
74ca8366-f948-4a41-a4dd-7e5af520f270,Jumia,I love this App,5,2026-09-18,Google Play,Customer Review,https://play.google.com/store/apps/details?id=com.jumia.android&hl=en&gl=ng
a18531e4-8db2-4ccb-baf3-371f5cbd453a,Jumia,I will believe you if you do best to me,5,2026-09-18,Google Play,Customer Review,https://play.google.com/store/apps/details?id=com.jumia.android&hl=en&gl=ng
c0a7cba9-d341-4826-aab5-356c4fc2afe9,Jumia,i placed with you before and the package was delivered in time,5,2026-09-18,Google Play,Customer Review,https://play.google.com/store/apps/details?id=com.jumia.android&hl=en&gl=ng
5a5c38d2-2dcd-45e4-bbe0-50ffa54ffd0a,Jumia,the delivery charges are very high,1,2026-09-18,Google Play,Customer Review,https://play.google.com/store/apps/details?id=com.jumia.android&hl=en&gl=ng
12d04aac-9cee-4b5f-9630-4e564f24c82f,Jumia,"Terrible Service. Save yourself the trouble and buy from a brick and mortar store. We placed an order over a week ago, and it's yet to be be delivered, this Isn't the first, second or third time. Despite contacting customer service, the item is still yet to be delivered despite saying it'll be delivered within 48hrs.",1,2026-09-18,Google Play,Customer Review,https://play.google.com/store/apps/details?id=com.jumia.android&hl=en&gl=ng
8fcc11f0-f025-43d2-8c41-a533ef61f37c,Jumia,Really easy to order from,5,2026-09-18,Google Play,Customer Review,https://play.google.com/store/apps/details?id=com.jumia.android&hl=en&gl=ng
abe2589b-9495-47ec-9f08-f6e6b00f0554,Jumia,"It's a good shopping app and has the necessary materials available. But what I don't like is how the pickup station points to other places. Abuakwa pickup station, for example, it says Nkawie Road Adjacent MTTD, but points to somewhere else. I recently ordered something, and I'm in Abuakwa, but since I was afraid my order would go to some other place, I had to choose the Asuoyeboah pickup station. So please do something about this mistake. Thank you",3,2026-09-18,Google Play,Customer Review,https://play.google.com/store/apps/details?id=com.jumia.android&hl=en&gl=ng
cbba2709-ef54-4227-8a38-7b00e82fcf70,Jumia,"safe,secure & convenient",5,2026-09-18,Google Play,Customer Review,https://play.google.com/store/apps/details?id=com.jumia.android&hl=en&gl=ng
1a7a6532-f642-48d6-a52e-e89567948f96,Jumia,Awesome 👍,4,2026-09-18,Google Play,Customer Review,https://play.google.com/store/apps/details?id=com.jumia.android&hl=en&gl=ng
1578585a-6f5b-4f4c-99de-95ed12b6ec47,Jumia,delivery takes time,3,2026-09-18,Google Play,Customer Review,https://play.google.com/store/apps/details?id=com.jumia.android&hl=en&gl=ng
355ac0e3-23f9-4a57-ad39-e36ea23d921d,Jumia,"The delivery fee is too much, I'll still go to pick it up at the pickup point and still pay high delivery fee. it's unfair 😥",1,2026-09-18,Google Play,Customer Review,https://play.google.com/store/apps/details?id=com.jumia.android&hl=en&gl=ng
565d0b76-b26a-405f-9637-eaab60a13dc2,Jumia,very good shopping area,5,2026-09-18,Google Play,Customer Review,https://play.google.com/store/apps/details?id=com.jumia.android&hl=en&gl=ng
dc056857-b230-4278-b5ed-d9b33c35bf38,Jumia,the app is good,5,2026-09-18,Google Play,Customer Review,https://play.google.com/store/apps/details?id=com.jumia.android&hl=en&gl=ng
c6b797a4-997f-498f-9228-00b9fac3b92d,Jumia,Good shopping for you and me,5,2026-09-18,Google Play,Customer Review,https://play.google.com/store/apps/details?id=com.jumia.android&hl=en&gl=ng
36fa871b-0812-4aea-a209-85b18afeab19,Jumia,good and fast in delivering,4,2026-09-18,Google Play,Customer Review,https://play.google.com/store/apps/details?id=com.jumia.android&hl=en&gl=ng
da5aa9c8-c123-4f01-b8f0-f95d7f891bfe,Jumia,it's a nice app I've used for about 2 years now but currently having a problem I've signed in buh if I try to view my orders or place an other it says sign in I keep trying and anytime I'm done it takes me back to the same page and I'm still facing the same issue,3,2026-09-18,Google Play,Customer Review,https://play.google.com/store/apps/details?id=com.jumia.android&hl=en&gl=ng
259c63ca-9acf-4c42-8a4f-66c415535842,Jumia,very good.,4,2026-09-18,Google Play,Customer Review,https://play.google.com/store/apps/details?id=com.jumia.android&hl=en&gl=ng
a21e1c92-e490-4329-846f-fd1c1a55a971,Jumia,it is a the best,5,2026-09-18,Google Play,Customer Review,https://play.google.com/store/apps/details?id=com.jumia.android&hl=en&gl=ng
5358e240-ff83-45b1-9455-d038ca070673,Jumia,jumia is good online shopping,5,2026-09-18,Google Play,Customer Review,https://play.google.com/store/apps/details?id=com.jumia.android&hl=en&gl=ng
396c4bdd-05b5-4ed1-8204-e201c2b73bcc,Jumia,I love jumia,5,2026-09-18,Google Play,Customer Review,https://play.google.com/store/apps/details?id=com.jumia.android&hl=en&gl=ng
78c245d9-69fb-4fb7-b089-e1681f0d0873,Jumia,very good to use,5,2026-09-18,Google Play,Customer Review,https://play.google.com/store/apps/details?id=com.jumia.android&hl=en&gl=ng
6365cf9e-56de-4a5b-b2a3-298483a5d5b6,Jumia,Good app. but make ur wears more of quality,5,2026-09-18,Google Play,Customer Review,https://play.google.com/store/apps/details?id=com.jumia.android&hl=en&gl=ng
26090a0e-1941-4ee9-afbf-84f2bff43d9b,Jumia,"first time ordering from them, but everything is smooth, very easy as well",5,2026-09-18,Google Play,Customer Review,https://play.google.com/store/apps/details?id=com.jumia.android&hl=en&gl=ng
7e01b42a-d053-4b37-a1dd-6df4ebadfe74,Jumia,good everybody used give a try and avoid temu,5,2026-09-18,Google Play,Customer Review,https://play.google.com/store/apps/details?id=com.jumia.android&hl=en&gl=ng
b5c6b751-c3c5-4c3f-b10c-de2720acb3e3,Jumia,What a nice place to shop,5,2026-09-18,Google Play,Customer Review,https://play.google.com/store/apps/details?id=com.jumia.android&hl=en&gl=ng
2f4cfe4b-872b-45a8-b20f-914554aab801,Jumia,I've never been disappointed. God bless Jumia! My full and absolute recommendation!,5,2026-09-18,Google Play,Customer Review,https://play.google.com/store/apps/details?id=com.jumia.android&hl=en&gl=ng
0c00afa9-652b-4307-92ce-a19a2200c90a,Jumia,it was amazing,5,2026-09-18,Google Play,Customer Review,https://play.google.com/store/apps/details?id=com.jumia.android&hl=en&gl=ng
6b85d689-c0e6-484e-a861-3e30132a1e0d,Jumia,great shopping App,3,2026-09-18,Google Play,Customer Review,https://play.google.com/store/apps/details?id=com.jumia.android&hl=en&gl=ng
1a13545b-5afd-42e0-b18c-4634841b76de,Jumia,"⭐⭐⭐⭐⭐ 100/100!Excellent service from start to finish. My order arrived on time and in perfect condition.The product was exactly as described,well packaged and the whole shopping experience was smooth and easy.I’m very satisfied and would definitely shop on Jumia again!❤️👏",5,2026-09-18,Google Play,Customer Review,https://play.google.com/store/apps/details?id=com.jumia.android&hl=en&gl=ng
c477eacf-1003-476f-af2c-3b9d22dc0275,Jumia,"The item was recommended to me by my friend who has used it and testify it was good. I believe mine will also be great. courtesy, my friend 🧡",5,2026-09-18,Google Play,Customer Review,https://play.google.com/store/apps/details?id=com.jumia.android&hl=en&gl=ng
2532b4e2-635d-43b7-8ec1-ea2f5278b911,Jumia,l won't jumia,5,2026-09-18,Google Play,Customer Review,https://play.google.com/store/apps/details?id=com.jumia.android&hl=en&gl=ng
d5395bba-2518-4a25-9a60-ea21a3e4f8ea,Jumia,very fast and amazing ✌️✌️✌️🙏,5,2026-09-18,Google Play,Customer Review,https://play.google.com/store/apps/details?id=com.jumia.android&hl=en&gl=ng
30208826-1c71-46a9-ad26-1dfcfa4fe553,Jumia,I don't like as they remove me from pay on delivery,1,2026-09-18,Google Play,Customer Review,https://play.google.com/store/apps/details?id=com.jumia.android&hl=en&gl=ng
57378a1f-15d0-471b-9c00-54e32ec5bd1c,Jumia,ok,2,2026-09-18,Google Play,Customer Review,https://play.google.com/store/apps/details?id=com.jumia.android&hl=en&gl=ng
5f829cb7-d321-4c4b-a222-563626a8bfc3,Jumia,"they are so slow in delivery.. please it's better to order from Amazon directly at least you know what you're getting you'll get it on time, they are very terrible with their logistics........ I wish there was zero stars to rate them",1,2026-09-18,Google Play,Customer Review,https://play.google.com/store/apps/details?id=com.jumia.android&hl=en&gl=ng
76a0637d-a830-435a-9f0c-d8944a07e8d7,Jumia,very reliable,5,2026-09-18,Google Play,Customer Review,https://play.google.com/store/apps/details?id=com.jumia.android&hl=en&gl=ng
14fa93d2-0f47-4c69-9a89-0ec7ce2a1318,Jumia,awesome,4,2026-09-18,Google Play,Customer Review,https://play.google.com/store/apps/details?id=com.jumia.android&hl=en&gl=ng
a98ee124-f5cc-40b2-ba19-5eb643895151,Jumia,easy to use,5,2026-09-18,Google Play,Customer Review,https://play.google.com/store/apps/details?id=com.jumia.android&hl=en&gl=ng
dae7747d-8b43-4237-bbf0-f56bf255cf86,Jumia,excellent shopping and deliveries,4,2026-09-18,Google Play,Customer Review,https://play.google.com/store/apps/details?id=com.jumia.android&hl=en&gl=ng
0e744a2c-5b63-4602-8dee-5bc701498425,Jumia,this is very good,5,2026-09-18,Google Play,Customer Review,https://play.google.com/store/apps/details?id=com.jumia.android&hl=en&gl=ng
9c58ae64-b7a9-432d-9ab5-f1a1859aaff7,Jumia,great,5,2026-09-18,Google Play,Customer Review,https://play.google.com/store/apps/details?id=com.jumia.android&hl=en&gl=ng
6612f9be-e341-4c36-9596-cfbb8cf34425,Jumia,am so happy 😊,5,2026-09-18,Google Play,Customer Review,https://play.google.com/store/apps/details?id=com.jumia.android&hl=en&gl=ng
d0508be3-b993-49fa-9a3c-dc778845cc92,Jumia,fast and reliable,5,2026-09-18,Google Play,Customer Review,https://play.google.com/store/apps/details?id=com.jumia.android&hl=en&gl=ng
ea118ea5-5366-4c43-97bb-bb10d7ae5a96,Jumia,great and reliable,5,2026-09-18,Google Play,Customer Review,https://play.google.com/store/apps/details?id=com.jumia.android&hl=en&gl=ng
7c031e94-c14d-4cfc-b620-079059d191dd,Jumia,perfect,5,2026-09-18,Google Play,Customer Review,https://play.google.com/store/apps/details?id=com.jumia.android&hl=en&gl=ng
c59bfc9b-2325-4cda-b0ea-f3e3bf414760,Jumia,good,4,2026-09-18,Google Play,Customer Review,https://play.google.com/store/apps/details?id=com.jumia.android&hl=en&gl=ng
930947db-7c7e-4ae6-9a68-790e53642522,Jumia,very good,5,2026-09-18,Google Play,Customer Review,https://play.google.com/store/apps/details?id=com.jumia.android&hl=en&gl=ng
c870c55a-e1a9-4a22-84f9-63a4f547f724,Jumia,top notch shopping experience with jumia and fantastic prices,5,2026-09-18,Google Play,Customer Review,https://play.google.com/store/apps/details?id=com.jumia.android&hl=en&gl=ng
81b8235b-47ad-4c4b-a0d0-dca4bdcbb341,Jumia,good services,5,2026-09-18,Google Play,Customer Review,https://play.google.com/store/apps/details?id=com.jumia.android&hl=en&gl=ng
eaef16f8-189d-42e3-bfcb-0a4cd6953af5,Jumia,it's been a great and helpful organisation to me and my Family for many years so far and we thank the Jumia Family.,5,2026-09-18,Google Play,Customer Review,https://play.google.com/store/apps/details?id=com.jumia.android&hl=en&gl=ng
346a3a37-cddd-4154-bc36-9efd78a13006,Jumia,good 👍,5,2026-09-18,Google Play,Customer Review,https://play.google.com/store/apps/details?id=com.jumia.android&hl=en&gl=ng
c3d1e622-0efd-4dc3-a868-ca2dd9b9687a,Jumia,I love jima,5,2026-09-18,Google Play,Customer Review,https://play.google.com/store/apps/details?id=com.jumia.android&hl=en&gl=ng
508e13f7-27d4-46c5-ba06-0f8338da0572,Jumia,Easy to Access,5,2026-09-18,Google Play,Customer Review,https://play.google.com/store/apps/details?id=com.jumia.android&hl=en&gl=ng
8cf689bd-227a-4cc1-89b7-46b0469a0c34,Jumia,nice app,5,2026-09-18,Google Play,Customer Review,https://play.google.com/store/apps/details?id=com.jumia.android&hl=en&gl=ng
c08f6108-4783-4945-9bae-6617554af2d7,Jumia,Quick app you can trust with all your deliveries done on time,4,2026-09-18,Google Play,Customer Review,https://play.google.com/store/apps/details?id=com.jumia.android&hl=en&gl=ng
339eddcc-45d4-4a91-a8b8-1889e66a5f6a,Jumia,Best place to buy all you need.,5,2026-09-18,Google Play,Customer Review,https://play.google.com/store/apps/details?id=com.jumia.android&hl=en&gl=ng
92596d78-f858-410b-bda4-204f0bfd8621,Jumia,A very good experience. l like their services,5,2026-09-18,Google Play,Customer Review,https://play.google.com/store/apps/details?id=com.jumia.android&hl=en&gl=ng
2024e353-e207-454a-bce8-88ef18dbc7d6,Jumia,super cool,5,2026-09-18,Google Play,Customer Review,https://play.google.com/store/apps/details?id=com.jumia.android&hl=en&gl=ng
bd2d9de9-822a-4c9d-a4ed-f3f768d7b606,Jumia,The best,5,2026-09-18,Google Play,Customer Review,https://play.google.com/store/apps/details?id=com.jumia.android&hl=en&gl=ng
853a0fcb-b151-4d00-a386-f09a9e53c31f,Jumia,"well illustrated,",5,2026-09-18,Google Play,Customer Review,https://play.google.com/store/apps/details?id=com.jumia.android&hl=en&gl=ng
56b4805f-1ab3-409e-bc7d-96706299db97,Jumia,Authentic products,5,2026-09-18,Google Play,Customer Review,https://play.google.com/store/apps/details?id=com.jumia.android&hl=en&gl=ng
c543c61c-18e6-49ef-a18f-f3a8076fde8e,Jumia,"very Good, been using this app for years and hasn't disappointed me before",5,2026-09-18,Google Play,Customer Review,https://play.google.com/store/apps/details?id=com.jumia.android&hl=en&gl=ng
9434abc5-21d5-415d-892f-839c98ae86c2,Jumia,So much fake products are found on Jumia market place nowadays,1,2026-09-17,Google Play,Customer Review,https://play.google.com/store/apps/details?id=com.jumia.android&hl=en&gl=ng
b8ca0835-002c-4725-b5bd-97f7122d5a14,Jumia,very much good,5,2026-09-17,Google Play,Customer Review,https://play.google.com/store/apps/details?id=com.jumia.android&hl=en&gl=ng
e526260e-97d3-4d23-83a0-fe056f87bed4,Jumia,Very important App.,5,2026-09-17,Google Play,Customer Review,https://play.google.com/store/apps/details?id=com.jumia.android&hl=en&gl=ng
6c171606-8deb-45c5-9ae4-25780a17992e,Jumia,The app malfunctions a lot and doesn't let me have access to it. it's really frustrating!! I have been complaining about this since and still nothing has been done to this,1,2026-09-17,Google Play,Customer Review,https://play.google.com/store/apps/details?id=com.jumia.android&hl=en&gl=ng
a657c0d0-b809-493a-a762-735a32c7c70a,Jumia,I like it,5,2026-09-17,Google Play,Customer Review,https://play.google.com/store/apps/details?id=com.jumia.android&hl=en&gl=ng
7c9206c8-89d7-4e35-be22-95ca078a722c,Jumia,خدمه توصيل سيئه جدا تاخير زياده عن اللزوم والغاء بدون سبب و قلة زوق في الكلام من المندوب في التليفون و كل ده من مندوب الخي الثامن مدينة نصر و المطريه,1,2026-09-17,Google Play,Customer Review,https://play.google.com/store/apps/details?id=com.jumia.android&hl=en&gl=ng
8531205c-16d3-4795-b9d3-09c6f8843fb6,Jumia,very reliable in doing business with them.,5,2026-09-17,Google Play,Customer Review,https://play.google.com/store/apps/details?id=com.jumia.android&hl=en&gl=ng
e059d9e6-6d29-4a84-b02e-16a6cb190407,Jumia,Tarlumun Williams,5,2026-09-17,Google Play,Customer Review,https://play.google.com/store/apps/details?id=com.jumia.android&hl=en&gl=ng
3c19476e-a8be-4b5f-9278-562637a8fd1d,Jumia,Tested and Trusted,5,2026-09-17,Google Play,Customer Review,https://play.google.com/store/apps/details?id=com.jumia.android&hl=en&gl=ng
740141cc-2e65-4b29-a857-bdd02d0f8e76,Jumia,Great service,5,2026-09-17,Google Play,Customer Review,https://play.google.com/store/apps/details?id=com.jumia.android&hl=en&gl=ng
3b4128dc-e66b-4463-b155-2cfd30ace2ac,Jumia,excellent,4,2026-09-17,Google Play,Customer Review,https://play.google.com/store/apps/details?id=com.jumia.android&hl=en&gl=ng
2bb931e7-b727-498e-9100-b0ab596a4280,Jumia,You removed phone transfer payment method leaving only wallet and card payment. Reintroduce the phone transfer payment method. Also your app lags behind with alot inconsistency.,3,2026-09-17,Google Play,Customer Review,https://play.google.com/store/apps/details?id=com.jumia.android&hl=en&gl=ng
e4192de5-ec12-42fc-8d32-a9197c684364,Jumia,Masha allah,5,2026-09-17,Google Play,Customer Review,https://play.google.com/store/apps/details?id=com.jumia.android&hl=en&gl=ng
bec63e09-f8af-4f6b-a6c0-1630072436bb,Jumia,good,5,2026-09-17,Google Play,Customer Review,https://play.google.com/store/apps/details?id=com.jumia.android&hl=en&gl=ng
37a2c794-b813-4eda-bbb0-330f5c141d7f,Jumia,the best online shopping for good,5,2026-09-17,Google Play,Customer Review,https://play.google.com/store/apps/details?id=com.jumia.android&hl=en&gl=ng
6cb51ba8-e02e-473b-963d-b268f4656827,Jumia,good,4,2026-09-17,Google Play,Customer Review,https://play.google.com/store/apps/details?id=com.jumia.android&hl=en&gl=ng
b40f3b09-fead-4ff1-b008-7e6e70492c7c,Jumia,good 👍😊,5,2026-09-17,Google Play,Customer Review,https://play.google.com/store/apps/details?id=com.jumia.android&hl=en&gl=ng
54e309fb-a893-4df0-835c-61abe00ce9b1,Jumia,good 👍,3,2026-09-17,Google Play,Customer Review,https://play.google.com/store/apps/details?id=com.jumia.android&hl=en&gl=ng
e2c59ee9-9857-4a7d-996c-6890432a9ab1,Jumia,"Amazing app, so simply clear and fast",5,2026-09-17,Google Play,Customer Review,https://play.google.com/store/apps/details?id=com.jumia.android&hl=en&gl=ng
72302460-481c-4238-8b9f-047167aee08a,Jumia,تجربه سيئه,1,2026-09-17,Google Play,Customer Review,https://play.google.com/store/apps/details?id=com.jumia.android&hl=en&gl=ng
50e8cbf5-07d5-45c5-8a39-253b02619e3a,Jumia,nice,5,2026-09-17,Google Play,Customer Review,https://play.google.com/store/apps/details?id=com.jumia.android&hl=en&gl=ng
1da43852-15ef-4e93-9b11-ab50cfbf26e6,Jumia,So good,5,2026-09-17,Google Play,Customer Review,https://play.google.com/store/apps/details?id=com.jumia.android&hl=en&gl=ng
b501f907-e041-4ad2-b8ba-9379c6793bc0,Jumia,Very nice 👍,5,2026-09-17,Google Play,Customer Review,https://play.google.com/store/apps/details?id=com.jumia.android&hl=en&gl=ng
18f2708c-e221-410f-836b-35aaf4286cdb,Jumia,jumia is the best app,5,2026-09-17,Google Play,Customer Review,https://play.google.com/store/apps/details?id=com.jumia.android&hl=en&gl=ng
b0e31a8e-8813-49b4-a1fb-7a381a1f0b66,Jumia,good work,4,2026-09-17,Google Play,Customer Review,https://play.google.com/store/apps/details?id=com.jumia.android&hl=en&gl=ng
5e4ac6bf-9e21-4ce9-9628-dff2e42aefde,Jumia,I like it compare to other online shops,3,2026-09-17,Google Play,Customer Review,https://play.google.com/store/apps/details?id=com.jumia.android&hl=en&gl=ng
b42416a4-90c8-442f-abf4-52ae25d9cfb2,Jumia,their things are qualities,2,2026-09-17,Google Play,Customer Review,https://play.google.com/store/apps/details?id=com.jumia.android&hl=en&gl=ng
755c4b0c-f2ef-4f36-b509-a3714b2dbd5b,Jumia,good condition,5,2026-09-17,Google Play,Customer Review,https://play.google.com/store/apps/details?id=com.jumia.android&hl=en&gl=ng
f74ee393-7bcc-47c6-9370-d6f5f290417d,Jumia,best digital market in morocco,5,2026-09-17,Google Play,Customer Review,https://play.google.com/store/apps/details?id=com.jumia.android&hl=en&gl=ng
67a02190-bce8-4ee6-aea8-6a076bfa6e75,Jumia,I think it's nice 🙂,4,2026-09-17,Google Play,Customer Review,https://play.google.com/store/apps/details?id=com.jumia.android&hl=en&gl=ng
586ff4b2-36a7-4e06-90b6-69cbce2a361a,Jumia,I Love the processing and easy to use,5,2026-09-17,Google Play,Customer Review,https://play.google.com/store/apps/details?id=com.jumia.android&hl=en&gl=ng
dfa52316-7419-4154-8c97-a2105d5c7e6d,Jumia,"Jumia is one of my favourite shopping apps. I’ve been using it to buy different things, and I like the wide variety of products available. The app is easy to use, and I also like being able to track my orders. Keep improving the app and delivery service. Good job, Jumia!”",5,2026-09-17,Google Play,Customer Review,https://play.google.com/store/apps/details?id=com.jumia.android&hl=en&gl=ng
7bd0eca0-28e5-4152-9ac2-9a1e599a3a17,Jumia,very good jumia is number 1 in the whole world,5,2026-09-17,Google Play,Customer Review,https://play.google.com/store/apps/details?id=com.jumia.android&hl=en&gl=ng
82c2510b-59a8-4b98-8118-f3eecf7e694d,Jumia,very Best,5,2026-09-17,Google Play,Customer Review,https://play.google.com/store/apps/details?id=com.jumia.android&hl=en&gl=ng
80af215f-f3c0-4eea-b31f-949358422011,Jumia,quite satisfying 😃,4,2026-09-17,Google Play,Customer Review,https://play.google.com/store/apps/details?id=com.jumia.android&hl=en&gl=ng
8a39e11d-1b17-4b74-91f9-579ce613656f,Jumia,This is a good and amazing shopping app I'll continue shopping with you always,5,2026-09-17,Google Play,Customer Review,https://play.google.com/store/apps/details?id=com.jumia.android&hl=en&gl=ng
e8a81e7a-d0ca-4f07-8bfb-b0c0610ee920,Jumia,Best online for buying,5,2026-09-17,Google Play,Customer Review,https://play.google.com/store/apps/details?id=com.jumia.android&hl=en&gl=ng
44b9af1c-3fdd-449b-9e8f-db75311aa51a,Jumia,Love the app works were for me.,5,2026-09-17,Google Play,Customer Review,https://play.google.com/store/apps/details?id=com.jumia.android&hl=en&gl=ng
54728daa-4b58-4eea-8938-5fd1ab30cffb,Jumia,good,1,2026-09-17,Google Play,Customer Review,https://play.google.com/store/apps/details?id=com.jumia.android&hl=en&gl=ng
82ad1132-e6bd-488c-864c-6db893ba1354,Jumia,am very happy and grateful,5,2026-09-17,Google Play,Customer Review,https://play.google.com/store/apps/details?id=com.jumia.android&hl=en&gl=ng
d4de5798-1be9-4576-8552-0120739f224c,Jumia,"très mauvais service, qualité nul et service client en ligne impolie raccroche au nez !!!",1,2026-09-17,Google Play,Customer Review,https://play.google.com/store/apps/details?id=com.jumia.android&hl=en&gl=ng
ca0c7d71-99fb-4ebe-91d2-c8e7d23fd6c3,Jumia,Excellent,3,2026-09-17,Google Play,Customer Review,https://play.google.com/store/apps/details?id=com.jumia.android&hl=en&gl=ng
c38bf913-543b-485f-9fda-8de559d9b153,Jumia,These are scammers selling counterfeit products and protesting their vendors instead of protecting customers. Am very disappointed 🚮,1,2026-09-17,Google Play,Customer Review,https://play.google.com/store/apps/details?id=com.jumia.android&hl=en&gl=ng
402c6045-5e3d-4b75-9945-f1c72fbda0c7,Jumia,Best shopping experience on Jumia💃💃,3,2026-09-17,Google Play,Customer Review,https://play.google.com/store/apps/details?id=com.jumia.android&hl=en&gl=ng
f0cf2853-27f5-4799-9499-8e6767d01a1c,Jumia,awesome 😎,5,2026-09-17,Google Play,Customer Review,https://play.google.com/store/apps/details?id=com.jumia.android&hl=en&gl=ng
f3c53b75-7dd3-4595-b9f3-cb38ec69e7fa,Jumia,good,5,2026-09-17,Google Play,Customer Review,https://play.google.com/store/apps/details?id=com.jumia.android&hl=en&gl=ng
3eff18a2-0be2-4be9-9579-88658a62b8ff,Jumia,very great app you guys are really doing well,5,2026-09-17,Google Play,Customer Review,https://play.google.com/store/apps/details?id=com.jumia.android&hl=en&gl=ng
02394151-6dc1-41c2-85d8-ff1af9964a71,Jumia,perfect with it markets items,4,2026-09-17,Google Play,Customer Review,https://play.google.com/store/apps/details?id=com.jumia.android&hl=en&gl=ng
2272d2d4-4dc6-402d-922e-e3ff382c3977,Jumia,its cool buh it's had to find art supplies on this app which was my primary goal for downloading it,4,2026-09-17,Google Play,Customer Review,https://play.google.com/store/apps/details?id=com.jumia.android&hl=en&gl=ng
b16a3e36-b622-4602-9c2c-192be4feaf0c,Jumia,nice app so far I can't complain,5,2026-09-17,Google Play,Customer Review,https://play.google.com/store/apps/details?id=com.jumia.android&hl=en&gl=ng
73826cf5-7baf-4126-9802-ba212c803028,Jumia,"Your pick-up station agent is rude, talks anyhow 😒",1,2026-09-17,Google Play,Customer Review,https://play.google.com/store/apps/details?id=com.jumia.android&hl=en&gl=ng
9b2e0109-efd5-4963-a113-5971c2206510,Jumia,One of the best app I have been using but only a few things we want instant deriveries on almost all things and derivery fees are high,3,2026-09-17,Google Play,Customer Review,https://play.google.com/store/apps/details?id=com.jumia.android&hl=en&gl=ng
def66cb6-371f-4093-82f4-d32e2ce1a5f8,Jumia,thanks you,5,2026-09-17,Google Play,Customer Review,https://play.google.com/store/apps/details?id=com.jumia.android&hl=en&gl=ng
eee10566-0f26-42c3-aa30-97892ab2a05c,Jumia,product are good,5,2026-09-17,Google Play,Customer Review,https://play.google.com/store/apps/details?id=com.jumia.android&hl=en&gl=ng
b6917743-b4ee-4a94-8a38-19c53926268a,Jumia,very good,5,2026-09-17,Google Play,Customer Review,https://play.google.com/store/apps/details?id=com.jumia.android&hl=en&gl=ng
07919da5-ad61-4eaa-932d-61251a1566e2,Jumia,Jumia never disappoints,5,2026-09-17,Google Play,Customer Review,https://play.google.com/store/apps/details?id=com.jumia.android&hl=en&gl=ng
71e9568c-a704-46c3-9797-3650e0357eed,Jumia,exceptional,4,2026-09-17,Google Play,Customer Review,https://play.google.com/store/apps/details?id=com.jumia.android&hl=en&gl=ng
e412bfc3-4871-4e75-9acd-c2f888649697,Jumia,very good 👍👍,5,2026-09-17,Google Play,Customer Review,https://play.google.com/store/apps/details?id=com.jumia.android&hl=en&gl=ng
1d59b4e0-ff45-4a4e-a305-c7cf3e179c36,Jumia,good for shopping,4,2026-09-17,Google Play,Customer Review,https://play.google.com/store/apps/details?id=com.jumia.android&hl=en&gl=ng
fc588d7e-9ff0-4e85-b5ab-bc2cf187342b,Jumia,best online marketing in Nigeria,5,2026-09-17,Google Play,Customer Review,https://play.google.com/store/apps/details?id=com.jumia.android&hl=en&gl=ng
34b37557-d178-4c4b-9d1c-783f2eb08a27,Jumia,excellent service,5,2026-09-17,Google Play,Customer Review,https://play.google.com/store/apps/details?id=com.jumia.android&hl=en&gl=ng
c301f6f2-938b-4aee-9229-313c2dba937a,Jumia,very good,3,2026-09-17,Google Play,Customer Review,https://play.google.com/store/apps/details?id=com.jumia.android&hl=en&gl=ng
35b89c15-522f-4232-9d38-10fa22c862d1,Jumia,i really loved it,5,2026-09-17,Google Play,Customer Review,https://play.google.com/store/apps/details?id=com.jumia.android&hl=en&gl=ng
e2907239-d2bc-49f4-a79c-161793dfba1d,Jumia,The Best Shopping Platform,5,2026-09-17,Google Play,Customer Review,https://play.google.com/store/apps/details?id=com.jumia.android&hl=en&gl=ng
a01cc341-19b3-40c0-bc6e-be728dd1d33b,Jumia,it's just easing all the process,5,2026-09-17,Google Play,Customer Review,https://play.google.com/store/apps/details?id=com.jumia.android&hl=en&gl=ng
6a575213-28f5-4891-a38a-0d7f53919ae5,Jumia,Amazing no fraud keep on with your great work,5,2026-09-17,Google Play,Customer Review,https://play.google.com/store/apps/details?id=com.jumia.android&hl=en&gl=ng
17672621-efd1-49bb-83af-66716863e822,Jumia,✌️🤙 🫶Âpp Is The ẞest Me I swear🫶 Congråtulåtions You All Prôgramers This APPLICATIÕÑ🤜🤛,5,2026-09-17,Google Play,Customer Review,https://play.google.com/store/apps/details?id=com.jumia.android&hl=en&gl=ng
ada68743-9901-421b-9c75-dabd02495e02,Jumia,Jumia always deliver 👍,5,2026-09-17,Google Play,Customer Review,https://play.google.com/store/apps/details?id=com.jumia.android&hl=en&gl=ng
6b44c4d7-d843-4995-a9f0-e013824b656c,Jumia,good service,4,2026-09-17,Google Play,Customer Review,https://play.google.com/store/apps/details?id=com.jumia.android&hl=en&gl=ng
7e8356cb-a2e5-42fd-9869-76e9e0375a73,Jumia,This app is very authentic and their products are also legit,5,2026-09-16,Google Play,Customer Review,https://play.google.com/store/apps/details?id=com.jumia.android&hl=en&gl=ng
034e3ea5-47f1-4b20-b52f-3a4961dfb417,Jumia,Amazing 👏 🤩 🙀,5,2026-09-16,Google Play,Customer Review,https://play.google.com/store/apps/details?id=com.jumia.android&hl=en&gl=ng
f33c17a7-776a-4088-86d6-251623ef5248,Jumia,easy to use,3,2026-09-16,Google Play,Customer Review,https://play.google.com/store/apps/details?id=com.jumia.android&hl=en&gl=ng
25820fdd-da12-46fd-b455-86bfc7d78c73,Jumia,Very superb,5,2026-09-16,Google Play,Customer Review,https://play.google.com/store/apps/details?id=com.jumia.android&hl=en&gl=ng
ea87925f-fa48-44d1-9ec4-4a5f8041da5b,Jumia,is working so perfect,5,2026-09-16,Google Play,Customer Review,https://play.google.com/store/apps/details?id=com.jumia.android&hl=en&gl=ng
c2a56498-57e8-45e9-9186-5caa3ef6efdd,Jumia,excellent,5,2026-09-16,Google Play,Customer Review,https://play.google.com/store/apps/details?id=com.jumia.android&hl=en&gl=ng
b889e023-7ee7-409f-b097-324908e9fd4c,Jumia,Very nice shopping app with good discounts but the only issues is that I have problems during payment,4,2026-09-16,Google Play,Customer Review,https://play.google.com/store/apps/details?id=com.jumia.android&hl=en&gl=ng
38df068d-fd5e-4628-a965-9d99ce67ee2e,Jumia,one of the best online stores I've used,4,2026-09-16,Google Play,Customer Review,https://play.google.com/store/apps/details?id=com.jumia.android&hl=en&gl=ng
0b85ca0a-b820-4a52-8789-c38ba73c43cf,Jumia,it good guys try it 🫡🫡,4,2026-09-16,Google Play,Customer Review,https://play.google.com/store/apps/details?id=com.jumia.android&hl=en&gl=ng
f321c017-4ff9-4e74-b7e4-aa940fbfaade,Jumia,very good.,4,2026-09-16,Google Play,Customer Review,https://play.google.com/store/apps/details?id=com.jumia.android&hl=en&gl=ng
6c070c7e-a5cc-4bb7-a365-9f87619f13d1,Jumia,gud,5,2026-09-16,Google Play,Customer Review,https://play.google.com/store/apps/details?id=com.jumia.android&hl=en&gl=ng
fb0e6999-7893-4593-b69b-91271099f03d,Jumia,it was very easily to select what I want rather than just going to market neither shop nor boutiques,5,2026-09-16,Google Play,Customer Review,https://play.google.com/store/apps/details?id=com.jumia.android&hl=en&gl=ng
811fae1e-0d46-46d4-8c39-eb7ccf3766c6,Jumia,hope I'll get the best,5,2026-09-16,Google Play,Customer Review,https://play.google.com/store/apps/details?id=com.jumia.android&hl=en&gl=ng
24a88f65-5dbe-4481-9edf-ef29aa03a665,Jumia,it's very good,5,2026-09-16,Google Play,Customer Review,https://play.google.com/store/apps/details?id=com.jumia.android&hl=en&gl=ng
e28aec54-0ea6-4f2b-a50a-0faad1fc7dbb,Jumia,"I ordered an item since 7th September and they said my item will be delivered to me on 11th to 14th September uptill now no call, no text message, reply i even call customer service in kuje the guy was very rude to on phone and ended call on me . what got me more is that I've paid",1,2026-09-16,Google Play,Customer Review,https://play.google.com/store/apps/details?id=com.jumia.android&hl=en&gl=ng
5d6a6e42-3fb3-40d2-ac63-99ecfffefe19,Jumia,good,1,2026-09-16,Google Play,Customer Review,https://play.google.com/store/apps/details?id=com.jumia.android&hl=en&gl=ng
32b50d97-09bc-4e72-bf73-0ffa53ee9660,Jumia,nice,5,2026-09-16,Google Play,Customer Review,https://play.google.com/store/apps/details?id=com.jumia.android&hl=en&gl=ng
4f177f08-7d34-4142-91bb-52de2329064d,Jumia,they are loyalty,5,2026-09-16,Google Play,Customer Review,https://play.google.com/store/apps/details?id=com.jumia.android&hl=en&gl=ng
84a03e0b-2077-4a5a-a890-5bd977487993,Jumia,great,5,2026-09-16,Google Play,Customer Review,https://play.google.com/store/apps/details?id=com.jumia.android&hl=en&gl=ng
a35d67ca-439f-45de-b728-20bb5de49f2c,Jumia,The App is amazing,5,2026-09-16,Google Play,Customer Review,https://play.google.com/store/apps/details?id=com.jumia.android&hl=en&gl=ng
f2b71003-d9d4-4337-ae0d-5176359c2938,Jumia,you are the best,5,2026-09-16,Google Play,Customer Review,https://play.google.com/store/apps/details?id=com.jumia.android&hl=en&gl=ng
4eeecb8d-f0a3-4cc2-a1d3-6c73690b888e,Jumia,good,4,2026-09-16,Google Play,Customer Review,https://play.google.com/store/apps/details?id=com.jumia.android&hl=en&gl=ng
6a24ff8d-31b7-46cc-ae64-a064761e5461,Jumia,not yet coz I've not gotten what I ordered,5,2026-09-16,Google Play,Customer Review,https://play.google.com/store/apps/details?id=com.jumia.android&hl=en&gl=ng
1539523f-b9a0-4ed8-ae63-3955e5ffdd3e,Jumia,اوسخ خدمة عملاء و افشل سيستم شوفته في حياتي,1,2026-09-16,Google Play,Customer Review,https://play.google.com/store/apps/details?id=com.jumia.android&hl=en&gl=ng
037e65e0-1ff3-4d01-ad49-9260d279d632,Jumia,Good 👍,4,2026-09-16,Google Play,Customer Review,https://play.google.com/store/apps/details?id=com.jumia.android&hl=en&gl=ng
ee9445da-3bc7-4a91-b665-7df4711d48b2,Jumia,its kawa m...,2,2026-09-16,Google Play,Customer Review,https://play.google.com/store/apps/details?id=com.jumia.android&hl=en&gl=ng
9289dfb9-06fa-4503-916e-019b18e2c8b3,Jumia,until I receive my item I can rate it five star cuz it's my first time the app.,3,2026-09-16,Google Play,Customer Review,https://play.google.com/store/apps/details?id=com.jumia.android&hl=en&gl=ng
02c53d63-0036-41de-bd4c-51ab80eec521,Jumia,nice,5,2026-09-16,Google Play,Customer Review,https://play.google.com/store/apps/details?id=com.jumia.android&hl=en&gl=ng
6d6a0cb1-47db-43cb-9767-b13d10c63b8e,Jumia,lit,5,2026-09-16,Google Play,Customer Review,https://play.google.com/store/apps/details?id=com.jumia.android&hl=en&gl=ng
5f53f784-1ac6-48b0-a25e-cbca9f932553,Jumia,Easy to use,5,2026-09-16,Google Play,Customer Review,https://play.google.com/store/apps/details?id=com.jumia.android&hl=en&gl=ng
ce6ac964-b6a9-4723-a892-bc04477cede2,Jumia,Jumia is the best,5,2026-09-16,Google Play,Customer Review,https://play.google.com/store/apps/details?id=com.jumia.android&hl=en&gl=ng
a828f4f2-c1b2-4d06-9e8e-84024acc220a,Jumia,some of things are good some too need improvement,3,2026-09-16,Google Play,Customer Review,https://play.google.com/store/apps/details?id=com.jumia.android&hl=en&gl=ng
7876be29-6063-4fe4-80f5-f546d715644d,Jumia,nice app,4,2026-09-16,Google Play,Customer Review,https://play.google.com/store/apps/details?id=com.jumia.android&hl=en&gl=ng
17dbe45b-c887-4556-9ff4-b2444d0464e2,Jumia,I really like using jumia,3,2026-09-16,Google Play,Customer Review,https://play.google.com/store/apps/details?id=com.jumia.android&hl=en&gl=ng
9b148520-4289-4985-8a42-051c36a7ffb5,Jumia,satisfaction,5,2026-09-16,Google Play,Customer Review,https://play.google.com/store/apps/details?id=com.jumia.android&hl=en&gl=ng
90e20bc5-37ea-42e9-80e1-3d41f51efc6d,Jumia,perfect,5,2026-09-16,Google Play,Customer Review,https://play.google.com/store/apps/details?id=com.jumia.android&hl=en&gl=ng
0070d174-e1de-44be-add0-e66c36d5d732,Jumia,Jumia has made everything possible and I can get a variety of items I wish,4,2026-09-16,Google Play,Customer Review,https://play.google.com/store/apps/details?id=com.jumia.android&hl=en&gl=ng
5091a9ec-a3ce-421d-b524-af28e0ecda28,Jumia,my 🎁🎁🎁 I would love to receive here in my mail box or marigat shopping agent,5,2026-09-16,Google Play,Customer Review,https://play.google.com/store/apps/details?id=com.jumia.android&hl=en&gl=ng
c25eb74c-7443-477d-a637-f26f2c768f82,Jumia,easy to use and reliable for online shopping,5,2026-09-16,Google Play,Customer Review,https://play.google.com/store/apps/details?id=com.jumia.android&hl=en&gl=ng
95c97d4e-c950-4087-9f4e-c4fe29788538,Jumia,it very smart and fine,5,2026-09-16,Google Play,Customer Review,https://play.google.com/store/apps/details?id=com.jumia.android&hl=en&gl=ng
83f5ec8d-7e4a-40b1-9134-5419d9b888e7,Jumia,good fast and reliable,5,2026-09-16,Google Play,Customer Review,https://play.google.com/store/apps/details?id=com.jumia.android&hl=en&gl=ng
90c5fe1f-30bf-43ba-8b9a-16b029bafea6,Jumia,excellent 👌,5,2026-09-16,Google Play,Customer Review,https://play.google.com/store/apps/details?id=com.jumia.android&hl=en&gl=ng
244c3d7a-8942-455a-88a8-76e0291b4312,Jumia,"very interesting and user friendly app, I recommend this for everyone, the experience is awesome 👍🏿",5,2026-09-16,Google Play,Customer Review,https://play.google.com/store/apps/details?id=com.jumia.android&hl=en&gl=ng
cb773c68-202a-4de3-8574-7df0a9ce82d9,Jumia,good,5,2026-09-16,Google Play,Customer Review,https://play.google.com/store/apps/details?id=com.jumia.android&hl=en&gl=ng
4ff11d6d-2a24-407d-b3eb-e13f97a35a3c,Jumia,I like it,1,2026-09-16,Google Play,Customer Review,https://play.google.com/store/apps/details?id=com.jumia.android&hl=en&gl=ng
abca3133-5c2f-4807-9e8f-391f1076d198,Jumia,all shipping fees of each item added when many orders are placed is bad,3,2026-09-16,Google Play,Customer Review,https://play.google.com/store/apps/details?id=com.jumia.android&hl=en&gl=ng
0a034979-e4a4-4344-8e04-693d6e559c22,Jumia,perfect,5,2026-09-16,Google Play,Customer Review,https://play.google.com/store/apps/details?id=com.jumia.android&hl=en&gl=ng
356fbf95-61f8-46c5-a0f6-680b3e866420,Jumia,it takes forever to get your items,1,2026-09-16,Google Play,Customer Review,https://play.google.com/store/apps/details?id=com.jumia.android&hl=en&gl=ng
ff3b8a83-fc00-464b-87b0-9dd8c41e86ab,Jumia,for me is that best online shopping app Nigeria have ever produced,5,2026-09-16,Google Play,Customer Review,https://play.google.com/store/apps/details?id=com.jumia.android&hl=en&gl=ng
a8d680cf-0a50-4ba8-8b1c-50ef973201a7,Jumia,jumia is good,4,2026-09-16,Google Play,Customer Review,https://play.google.com/store/apps/details?id=com.jumia.android&hl=en&gl=ng
7b2deec7-f5e2-4e51-af6a-dfc492106da7,Jumia,perfect,5,2026-09-16,Google Play,Customer Review,https://play.google.com/store/apps/details?id=com.jumia.android&hl=en&gl=ng
d2073ab2-2306-4683-b22c-d57d17a36041,Jumia,This app is really amazing,5,2026-09-16,Google Play,Customer Review,https://play.google.com/store/apps/details?id=com.jumia.android&hl=en&gl=ng
51ef6ed2-171b-403b-94ff-444d74610bfc,Jumia,"Almost everything you need is available. But I think shipping fees for some items are always costly. My opinion though, no offense 🙏😊",3,2026-09-16,Google Play,Customer Review,https://play.google.com/store/apps/details?id=com.jumia.android&hl=en&gl=ng
f34cc1a0-e5b1-4c85-b703-1912fe2b3c79,Jumia,Good,3,2026-09-16,Google Play,Customer Review,https://play.google.com/store/apps/details?id=com.jumia.android&hl=en&gl=ng
e62015e8-5191-4020-973e-3de378ba23a7,Jumia,very nice,5,2026-09-16,Google Play,Customer Review,https://play.google.com/store/apps/details?id=com.jumia.android&hl=en&gl=ng
b26de429-315f-4262-ba43-1adbe7a7d8c3,Jumia,perfect,5,2026-09-16,Google Play,Customer Review,https://play.google.com/store/apps/details?id=com.jumia.android&hl=en&gl=ng
f3f8860a-de94-476c-8202-4acbbdc224b3,Jumia,excellent👌🏻,5,2026-09-16,Google Play,Customer Review,https://play.google.com/store/apps/details?id=com.jumia.android&hl=en&gl=ng
5aa4cce4-2486-46c4-8055-3a95f2fcd40a,Jumia,The Best,5,2026-09-16,Google Play,Customer Review,https://play.google.com/store/apps/details?id=com.jumia.android&hl=en&gl=ng
9870c997-550c-489e-81f8-042b866b6984,Jumia,Trusted and reliable,5,2026-09-16,Google Play,Customer Review,https://play.google.com/store/apps/details?id=com.jumia.android&hl=en&gl=ng
ccc529c0-f0d7-4dc8-9e49-f72c50af5f25,Jumia,Good to go,5,2026-09-16,Google Play,Customer Review,https://play.google.com/store/apps/details?id=com.jumia.android&hl=en&gl=ng
5db4b21a-11c4-4891-9e85-5c91ec3bf6bf,Jumia,I used to order in some years buck but I want to try again this time,3,2026-09-16,Google Play,Customer Review,https://play.google.com/store/apps/details?id=com.jumia.android&hl=en&gl=ng
40af1030-fbc2-4592-9ded-b1e1c95491dc,Jumia,good product,2,2026-09-16,Google Play,Customer Review,https://play.google.com/store/apps/details?id=com.jumia.android&hl=en&gl=ng
28092e97-71ed-4f1e-ab7e-e152898e548d,Jumia,other rating on delivery,3,2026-09-16,Google Play,Customer Review,https://play.google.com/store/apps/details?id=com.jumia.android&hl=en&gl=ng
92f2c830-02a6-4dfc-bbc8-2dcfa8ba064c,Jumia,"Great shopping app in naija! Although, the shipping fee should be considerable standardized!",4,2026-09-16,Google Play,Customer Review,https://play.google.com/store/apps/details?id=com.jumia.android&hl=en&gl=ng
2e2704a5-ce9d-4d8c-a668-b67cb1758ba2,Jumia,The application has been good but I log out I can't login again why same app I have. Been using it complaining Javascript and cookie why uninstall several times yet not working I have to use web please try fix it,5,2026-09-16,Google Play,Customer Review,https://play.google.com/store/apps/details?id=com.jumia.android&hl=en&gl=ng
82567bc7-e865-4e3e-b6a5-6d466d60a557,Jumia,okay,2,2026-09-16,Google Play,Customer Review,https://play.google.com/store/apps/details?id=com.jumia.android&hl=en&gl=ng
7fd146db-3fa6-41a5-a107-cf83ea4fce46,Jumia,good trusted and works very well but I can't log into my account,4,2026-09-16,Google Play,Customer Review,https://play.google.com/store/apps/details?id=com.jumia.android&hl=en&gl=ng
5ddcf96c-e82f-4746-8f07-6d2526b6b5a9,Jumia,good good good,5,2026-09-15,Google Play,Customer Review,https://play.google.com/store/apps/details?id=com.jumia.android&hl=en&gl=ng
b0be9bbc-5b2f-43cf-a338-a027f71289cf,Jumia,easy to use there good so far,5,2026-09-15,Google Play,Customer Review,https://play.google.com/store/apps/details?id=com.jumia.android&hl=en&gl=ng
a4cc6e3d-aa94-481f-ab47-999c9e1222ff,Jumia,wonderful app that makes connecting with vendors easy,5,2026-09-15,Google Play,Customer Review,https://play.google.com/store/apps/details?id=com.jumia.android&hl=en&gl=ng
ac15a3ff-aeb9-4bde-ac34-3ea1222817d9,Jumia,good,5,2026-09-15,Google Play,Customer Review,https://play.google.com/store/apps/details?id=com.jumia.android&hl=en&gl=ng
f1613e16-f5f2-4ed6-9a5f-94726e9522cd,Jumia,easy and smooth,5,2026-09-15,Google Play,Customer Review,https://play.google.com/store/apps/details?id=com.jumia.android&hl=en&gl=ng
b7ff0ee5-1492-4c76-8b40-b383cc75d136,Jumia,I'll recommend when I I'll receive,5,2026-09-15,Google Play,Customer Review,https://play.google.com/store/apps/details?id=com.jumia.android&hl=en&gl=ng
3dd6e6d2-ac4b-4925-a84e-6f21b9d2e97e,Jumia,Is really good 👍,4,2026-09-15,Google Play,Customer Review,https://play.google.com/store/apps/details?id=com.jumia.android&hl=en&gl=ng
865aad84-076a-456e-a3a5-68882d686847,Jumia,they are fast and reliable 😉😉😃😃 I promise you will enjoy it,5,2026-09-15,Google Play,Customer Review,https://play.google.com/store/apps/details?id=com.jumia.android&hl=en&gl=ng
ab76f81f-a6e6-47c4-baf8-2dfb75082cb3,Jumia,Goood,5,2026-09-15,Google Play,Customer Review,https://play.google.com/store/apps/details?id=com.jumia.android&hl=en&gl=ng
a2e9e218-6e2b-40f1-8907-3290a6923436,Jumia,great,4,2026-09-15,Google Play,Customer Review,https://play.google.com/store/apps/details?id=com.jumia.android&hl=en&gl=ng
ed788959-6478-42f8-8335-1e5b44cacb7f,Jumia,fast and good,5,2026-09-15,Google Play,Customer Review,https://play.google.com/store/apps/details?id=com.jumia.android&hl=en&gl=ng
afad2af4-c761-4c48-9e0d-63a3a1e19a12,Jumia,rubbish,5,2026-09-15,Google Play,Customer Review,https://play.google.com/store/apps/details?id=com.jumia.android&hl=en&gl=ng
850170fa-de55-4510-9747-4332bbd2446b,Jumia,I love shooping with jumia,5,2026-09-15,Google Play,Customer Review,https://play.google.com/store/apps/details?id=com.jumia.android&hl=en&gl=ng
fd9289b1-743b-4373-b82b-777a1e7fbf48,Jumia,it is very good,5,2026-09-15,Google Play,Customer Review,https://play.google.com/store/apps/details?id=com.jumia.android&hl=en&gl=ng
f9e43512-065a-41db-bb32-f7de9f30b5ae,Jumia,it's good 👍🏼,5,2026-09-15,Google Play,Customer Review,https://play.google.com/store/apps/details?id=com.jumia.android&hl=en&gl=ng
7cbff0ab-c515-4b59-a26b-1a6e08cec0e5,Jumia,good evening am Michael by name if I want to open jumia picking center how much we it cost me in akure what are the things I need to get,1,2026-09-15,Google Play,Customer Review,https://play.google.com/store/apps/details?id=com.jumia.android&hl=en&gl=ng
1eadd087-99b4-48f4-a73e-e5c7c6fdb867,Jumia,reliable,4,2026-09-15,Google Play,Customer Review,https://play.google.com/store/apps/details?id=com.jumia.android&hl=en&gl=ng
7552c0a0-7d2e-457e-9ec8-81b353f384c7,Jumia,Excellent,5,2026-09-15,Google Play,Customer Review,https://play.google.com/store/apps/details?id=com.jumia.android&hl=en&gl=ng
73c099b0-3a2a-4b54-b6d6-b729340242b0,Jumia,not until I see what I ordered before I can comment,4,2026-09-15,Google Play,Customer Review,https://play.google.com/store/apps/details?id=com.jumia.android&hl=en&gl=ng
dcb420c5-3ed6-4dca-bc2e-8567624ce2a8,Jumia,Am in Port harcourt bonny island I was about going for a visit I order for 4 different dey told me my order have arrived reaching there only item I saw I pick up dat one and I left 3 days later dey start calling me to come and pick up my items am in bonny island already no body to receive my package I should come a pay fine of 5000 plus how,1,2026-09-15,Google Play,Customer Review,https://play.google.com/store/apps/details?id=com.jumia.android&hl=en&gl=ng
fd96f493-5074-4d50-8a96-f105df447460,Jumia,cool,1,2026-09-15,Google Play,Customer Review,https://play.google.com/store/apps/details?id=com.jumia.android&hl=en&gl=ng
4599ea6d-18ab-422a-8e82-1bc0d5bb7bd6,Jumia,شركة سيئة و مندوبين توصيل سيئين لن يتم التعامل مع جوميا,1,2026-09-15,Google Play,Customer Review,https://play.google.com/store/apps/details?id=com.jumia.android&hl=en&gl=ng
eb34fcfe-b68f-4a22-9459-ce6f7d997b66,Jumia,legit,5,2026-09-15,Google Play,Customer Review,https://play.google.com/store/apps/details?id=com.jumia.android&hl=en&gl=ng
d5b88b85-963c-4d8b-afda-246d7d4efa36,Jumia,Nice 👍,5,2026-09-15,Google Play,Customer Review,https://play.google.com/store/apps/details?id=com.jumia.android&hl=en&gl=ng
e5d2fb96-d469-499d-9b53-6a5c88f19f87,Jumia,good 👍,5,2026-09-15,Google Play,Customer Review,https://play.google.com/store/apps/details?id=com.jumia.android&hl=en&gl=ng
df6295a5-df49-4e2b-aec6-b61507d49937,Jumia,items doesn't arrive once at a time,2,2026-09-15,Google Play,Customer Review,https://play.google.com/store/apps/details?id=com.jumia.android&hl=en&gl=ng
f8b6fddb-b90f-4899-b36c-0e8bfed0590e,Jumia,"good,excellence",5,2026-09-15,Google Play,Customer Review,https://play.google.com/store/apps/details?id=com.jumia.android&hl=en&gl=ng
246133db-710a-4928-9017-e14c2bf9cf65,Jumia,great app,5,2026-09-15,Google Play,Customer Review,https://play.google.com/store/apps/details?id=com.jumia.android&hl=en&gl=ng
a612c993-9643-47c3-a674-481d2a17a86b,Jumia,good,3,2026-09-15,Google Play,Customer Review,https://play.google.com/store/apps/details?id=com.jumia.android&hl=en&gl=ng
be445891-3a3b-4754-89f5-bfac11f28ca6,Jumia,"Excellent! I love Jumia so much, I left temu for Jumia.",5,2026-09-15,Google Play,Customer Review,https://play.google.com/store/apps/details?id=com.jumia.android&hl=en&gl=ng
c431541a-4bff-4c40-a9bf-4c203cd45f42,Jumia,3 star for now,3,2026-09-15,Google Play,Customer Review,https://play.google.com/store/apps/details?id=com.jumia.android&hl=en&gl=ng
ca85041a-e927-449f-965b-ea8dc82d0d29,Jumia,I really love jumia,5,2026-09-15,Google Play,Customer Review,https://play.google.com/store/apps/details?id=com.jumia.android&hl=en&gl=ng
03ea9967-6be2-4f4e-9124-40234f96eee0,Jumia,Don't purchase from them they don't sell any Quality material expecially their electronics.refunding the money is an issue it's totally fraudulent always be careful when doing business with them,1,2026-09-15,Google Play,Customer Review,https://play.google.com/store/apps/details?id=com.jumia.android&hl=en&gl=ng
7ec6d150-26d9-4610-9e8c-48bf5f411fba,Jumia,you guys are amazing,5,2026-09-15,Google Play,Customer Review,https://play.google.com/store/apps/details?id=com.jumia.android&hl=en&gl=ng
48d8d845-8856-49b2-97a5-1161f4518e4a,Jumia,good service to the customer,5,2026-09-15,Google Play,Customer Review,https://play.google.com/store/apps/details?id=com.jumia.android&hl=en&gl=ng
46dd2408-6679-4f76-8aea-e997c8dcdec1,Jumia,4 for now,4,2026-09-15,Google Play,Customer Review,https://play.google.com/store/apps/details?id=com.jumia.android&hl=en&gl=ng
fe778069-0ff4-4364-90eb-46ec9dc9ec96,Jumia,the best power bank,5,2026-09-15,Google Play,Customer Review,https://play.google.com/store/apps/details?id=com.jumia.android&hl=en&gl=ng
e748b312-5fa8-42a4-abfb-04176267e245,Jumia,interesting,1,2026-09-15,Google Play,Customer Review,https://play.google.com/store/apps/details?id=com.jumia.android&hl=en&gl=ng
bb2f4b7c-9bf9-46d7-be7c-8b68cf033b2d,Jumia,"Very good and effective, I so love jumia for it's quick delivery",4,2026-09-15,Google Play,Customer Review,https://play.google.com/store/apps/details?id=com.jumia.android&hl=en&gl=ng
de852e27-25a5-4dfa-8928-b2a3f6063d70,Jumia,my name is Emmanuel I love this app but I want to be imptoved,4,2026-09-15,Google Play,Customer Review,https://play.google.com/store/apps/details?id=com.jumia.android&hl=en&gl=ng
d7949902-9771-4541-816a-331de3ace840,Jumia,improve on some features,3,2026-09-15,Google Play,Customer Review,https://play.google.com/store/apps/details?id=com.jumia.android&hl=en&gl=ng
504e41d5-5057-4825-bf34-2bd342be4013,Jumia,excellent,5,2026-09-15,Google Play,Customer Review,https://play.google.com/store/apps/details?id=com.jumia.android&hl=en&gl=ng
3f9a07b5-c0fa-4fc0-914b-e810d409393f,Jumia,better,3,2026-09-15,Google Play,Customer Review,https://play.google.com/store/apps/details?id=com.jumia.android&hl=en&gl=ng
1c8c5b9c-e8b9-425a-aea3-2e321e185eb3,Jumia,excellent,5,2026-09-15,Google Play,Customer Review,https://play.google.com/store/apps/details?id=com.jumia.android&hl=en&gl=ng
f5f83813-b103-43cb-b1c4-210cfc6dba86,Jumia,always the best 👍👍👍,5,2026-09-15,Google Play,Customer Review,https://play.google.com/store/apps/details?id=com.jumia.android&hl=en&gl=ng
6e7ea725-0d4d-4b73-b100-2aa5d21fc92b,Jumia,نصابين! مش بيرجعو المنتجات المضروبه و خدمات عملاء سيئه,1,2026-09-15,Google Play,Customer Review,https://play.google.com/store/apps/details?id=com.jumia.android&hl=en&gl=ng
12c9ec63-3759-43cb-87b6-53c8ebbdfa9c,Jumia,fast and convenient,5,2026-09-15,Google Play,Customer Review,https://play.google.com/store/apps/details?id=com.jumia.android&hl=en&gl=ng
7f7d805f-1844-4e24-9670-32b551b3fb52,Jumia,good,4,2026-09-15,Google Play,Customer Review,https://play.google.com/store/apps/details?id=com.jumia.android&hl=en&gl=ng
daf0b11c-d400-4096-8a02-36c4954c5692,Jumia,good,5,2026-09-15,Google Play,Customer Review,https://play.google.com/store/apps/details?id=com.jumia.android&hl=en&gl=ng
ad23c668-429b-4e45-b9a5-a4d2ebe338a2,Jumia,good,5,2026-09-15,Google Play,Customer Review,https://play.google.com/store/apps/details?id=com.jumia.android&hl=en&gl=ng
a2d3556e-4274-49f4-abac-2d0ee685bdce,Jumia,Best products,5,2026-09-15,Google Play,Customer Review,https://play.google.com/store/apps/details?id=com.jumia.android&hl=en&gl=ng
26bf296a-a64d-4dc8-b9e5-800c94305fdc,Jumia,it's convenient,3,2026-09-15,Google Play,Customer Review,https://play.google.com/store/apps/details?id=com.jumia.android&hl=en&gl=ng
206e7ffd-ec55-4f02-a6a5-57991470836c,Jumia,very good app,5,2026-09-15,Google Play,Customer Review,https://play.google.com/store/apps/details?id=com.jumia.android&hl=en&gl=ng
83ea0ba9-86a1-4a38-9bd1-d3509b3693df,Jumia,excellent services,5,2026-09-15,Google Play,Customer Review,https://play.google.com/store/apps/details?id=com.jumia.android&hl=en&gl=ng
218eb155-f360-4648-a76a-73c0a0375e10,Jumia,I love it it is better than konga,4,2026-09-15,Google Play,Customer Review,https://play.google.com/store/apps/details?id=com.jumia.android&hl=en&gl=ng
3812eee8-6d90-42f4-bfaf-7b54735136ac,Jumia,5 star rating nice one,5,2026-09-15,Google Play,Customer Review,https://play.google.com/store/apps/details?id=com.jumia.android&hl=en&gl=ng
92a7fc57-facd-4e32-8931-db2fff084578,Jumia,JUMIA is reliable and comfortable to use,5,2026-09-15,Google Play,Customer Review,https://play.google.com/store/apps/details?id=com.jumia.android&hl=en&gl=ng
7ad951dd-12d0-4100-82c6-55dce8094076,Jumia,oh it's goodbye on jumia I love it so much,5,2026-09-15,Google Play,Customer Review,https://play.google.com/store/apps/details?id=com.jumia.android&hl=en&gl=ng
df95f988-32da-4ee3-b061-17a6fb744ca6,Jumia,jumia is the best shopping platform,5,2026-09-15,Google Play,Customer Review,https://play.google.com/store/apps/details?id=com.jumia.android&hl=en&gl=ng
c7ec8008-9a59-414a-b2ee-1f291e63327a,Jumia,it was good and easy to use,4,2026-09-15,Google Play,Customer Review,https://play.google.com/store/apps/details?id=com.jumia.android&hl=en&gl=ng
ffaaa468-1597-4c9e-b551-1350ad1ccf6c,Jumia,very interested,5,2026-09-15,Google Play,Customer Review,https://play.google.com/store/apps/details?id=com.jumia.android&hl=en&gl=ng
453d42ce-bf26-4aff-bc55-2529a7992d17,Jumia,Not hard to order though,1,2026-09-15,Google Play,Customer Review,https://play.google.com/store/apps/details?id=com.jumia.android&hl=en&gl=ng
afda3345-154c-4f26-a87e-11f4639a77ca,Jumia,it's a very good app,5,2026-09-15,Google Play,Customer Review,https://play.google.com/store/apps/details?id=com.jumia.android&hl=en&gl=ng
958263da-477f-4614-9e2a-e8016c9d96de,Jumia,trying,3,2026-09-15,Google Play,Customer Review,https://play.google.com/store/apps/details?id=com.jumia.android&hl=en&gl=ng
26c5832e-6eae-440b-97f1-a4890e4e1dac,Jumia,good,5,2026-09-15,Google Play,Customer Review,https://play.google.com/store/apps/details?id=com.jumia.android&hl=en&gl=ng
d3112a1b-3e63-4050-9b78-bf7531c68fbd,Jumia,very reliable,5,2026-09-15,Google Play,Customer Review,https://play.google.com/store/apps/details?id=com.jumia.android&hl=en&gl=ng
c3c2de5a-d93f-478f-860e-477d1240d991,Jumia,nice,5,2026-09-15,Google Play,Customer Review,https://play.google.com/store/apps/details?id=com.jumia.android&hl=en&gl=ng
b28a5ec3-3fa7-422a-ac23-3c349036dc66,Jumia,very efficient.,4,2026-09-15,Google Play,Customer Review,https://play.google.com/store/apps/details?id=com.jumia.android&hl=en&gl=ng
df1207ab-2a43-4975-af3f-0d7c4cb8a8b4,Jumia,reliable,5,2026-09-15,Google Play,Customer Review,https://play.google.com/store/apps/details?id=com.jumia.android&hl=en&gl=ng
b6f42cb5-71b8-44ca-a20e-9c9b02e34901,Jumia,the best shopping app ever,5,2026-09-15,Google Play,Customer Review,https://play.google.com/store/apps/details?id=com.jumia.android&hl=en&gl=ng
1a237ef4-93bc-4dbc-a93b-070e8f1c1c94,Jumia,jumia is the best online shopping i have entrusted for 7 years.,5,2026-09-15,Google Play,Customer Review,https://play.google.com/store/apps/details?id=com.jumia.android&hl=en&gl=ng
845b652a-4ba1-4b34-857b-ff91b028a3aa,Jumia,I luv dis app,5,2026-09-15,Google Play,Customer Review,https://play.google.com/store/apps/details?id=com.jumia.android&hl=en&gl=ng
c0dddea0-c884-4107-bac3-a31f8d5210c9,Jumia,most of the products are legit 👌 especially electronics. and delivery is on time,5,2026-09-15,Google Play,Customer Review,https://play.google.com/store/apps/details?id=com.jumia.android&hl=en&gl=ng
730b929a-1ac2-4b84-b29e-dc608fa42c60,Jumia,It my first time let me see how it works,5,2026-09-15,Google Play,Customer Review,https://play.google.com/store/apps/details?id=com.jumia.android&hl=en&gl=ng
7bd3de4e-3cbf-49f7-889c-225dc42ef239,Jumia,convenient,4,2026-09-15,Google Play,Customer Review,https://play.google.com/store/apps/details?id=com.jumia.android&hl=en&gl=ng
370a58e2-d11e-43f8-a058-6c1c6020cdca,Jumia,Best of the best,5,2026-09-15,Google Play,Customer Review,https://play.google.com/store/apps/details?id=com.jumia.android&hl=en&gl=ng
7d49e581-a816-49d6-82cb-cdca6eb8b4a2,Jumia,really good,5,2026-09-15,Google Play,Customer Review,https://play.google.com/store/apps/details?id=com.jumia.android&hl=en&gl=ng
dcfd4f3e-bf86-44f0-926b-31d9a4634274,Jumia,good,5,2026-09-14,Google Play,Customer Review,https://play.google.com/store/apps/details?id=com.jumia.android&hl=en&gl=ng
345fcde4-cd7d-40f5-a5fb-26d65b448360,Jumia,is nice,5,2026-09-14,Google Play,Customer Review,https://play.google.com/store/apps/details?id=com.jumia.android&hl=en&gl=ng
b15560cb-cc23-421e-b863-f2845b33d7ea,Jumia,this app i really value it even more than temu they delever what I ordered for and that sell good product please if you want to orders anything make jumia your favorite,5,2026-09-14,Google Play,Customer Review,https://play.google.com/store/apps/details?id=com.jumia.android&hl=en&gl=ng
8d33ee09-33b7-4d33-92c0-a2258954b5c3,Jumia,What a seamless transaction!,5,2026-09-14,Google Play,Customer Review,https://play.google.com/store/apps/details?id=com.jumia.android&hl=en&gl=ng
bc541ad6-c91c-436e-b8f9-38df2cdd98be,Jumia,very efficient and trustworthy app,5,2026-09-14,Google Play,Customer Review,https://play.google.com/store/apps/details?id=com.jumia.android&hl=en&gl=ng
71c83a01-5cbc-41fb-91e3-483d45766f3f,Jumia,So good and reliable,5,2026-09-14,Google Play,Customer Review,https://play.google.com/store/apps/details?id=com.jumia.android&hl=en&gl=ng
fa692aaf-fd76-4758-a5d8-7a6ae7b91d8f,Jumia,better affordable commodities than any other,5,2026-09-14,Google Play,Customer Review,https://play.google.com/store/apps/details?id=com.jumia.android&hl=en&gl=ng
d82d3186-1805-4683-9b09-5e97b9b9c6c8,Jumia,All is fine though what is displayed most time is not the actual delivered but still they are fine accordingly,5,2026-09-14,Google Play,Customer Review,https://play.google.com/store/apps/details?id=com.jumia.android&hl=en&gl=ng
58c37b89-0f22-4f19-9026-cd77201ce6a9,Jumia,good,5,2026-09-14,Google Play,Customer Review,https://play.google.com/store/apps/details?id=com.jumia.android&hl=en&gl=ng
13693d3d-7b6c-46b5-a574-abc877a25245,Jumia,it's great,5,2026-09-14,Google Play,Customer Review,https://play.google.com/store/apps/details?id=com.jumia.android&hl=en&gl=ng
41c5aa9c-7922-4c3b-9df0-430db419833a,Jumia,"Jumia is safe, fastest and most reliable",5,2026-09-14,Google Play,Customer Review,https://play.google.com/store/apps/details?id=com.jumia.android&hl=en&gl=ng
e601d203-4d5a-4b4f-a4fb-5aefa8fcff5f,Jumia,Nice service,4,2026-09-14,Google Play,Customer Review,https://play.google.com/store/apps/details?id=com.jumia.android&hl=en&gl=ng
5b17d737-be53-450b-a07e-5bfc8116ee90,Jumia,one the best there is always ob time and have real quality accordingly to your selections,4,2026-09-14,Google Play,Customer Review,https://play.google.com/store/apps/details?id=com.jumia.android&hl=en&gl=ng
fa7e5517-518e-4cf1-866d-f3d17c43bbdd,Jumia,I ordered from them which was the first time and it came exactly as I saw it on the app I'm looking forward to getting more items from them clock itttt,5,2026-09-14,Google Play,Customer Review,https://play.google.com/store/apps/details?id=com.jumia.android&hl=en&gl=ng
57d8f176-2de2-4382-8a5f-5dfdf45a0a48,Jumia,good,5,2026-09-14,Google Play,Customer Review,https://play.google.com/store/apps/details?id=com.jumia.android&hl=en&gl=ng
67abef37-267b-4bd9-b65d-7039b4f7e319,Jumia,trust,5,2026-09-14,Google Play,Customer Review,https://play.google.com/store/apps/details?id=com.jumia.android&hl=en&gl=ng
0eddbfe8-0c1c-41ca-8d85-c7cc0068ff96,Jumia,nice app and affordable stuff,5,2026-09-14,Google Play,Customer Review,https://play.google.com/store/apps/details?id=com.jumia.android&hl=en&gl=ng
5280c9ab-5a3c-408a-9bef-d301afbf33de,Jumia,Good nd reliable also affordable,3,2026-09-14,Google Play,Customer Review,https://play.google.com/store/apps/details?id=com.jumia.android&hl=en&gl=ng
ea71a3b1-cf0b-4e5b-bfa3-3da1095f73ff,Jumia,تطبيق سيء خدمة عملاء سيئة ولو اشتريت منتج تأكد انك حتندم لو حبيت ترجعه لان المناديب مش حيرجعو المنتج وفلوسك حتروح عالارض ده غير قلة الزوق الي بيتعاملو بيها اسوء وافشل نظام مبيعات اون لاين,1,2026-09-14,Google Play,Customer Review,https://play.google.com/store/apps/details?id=com.jumia.android&hl=en&gl=ng
1bf16994-0748-48ba-8a97-20d749ed8d42,Jumia,good work,5,2026-09-14,Google Play,Customer Review,https://play.google.com/store/apps/details?id=com.jumia.android&hl=en&gl=ng
4febc614-40e3-4d6c-b9fd-b69d996e6fb2,Jumia,"j'aime bien l'application , j'y trouve une large gamme de produit à petit prix mais parfois c'est difficile de joindre l'assistance et l'agent de retrait n'est pas ponctuel",4,2026-09-14,Google Play,Customer Review,https://play.google.com/store/apps/details?id=com.jumia.android&hl=en&gl=ng
f9c4340f-a6db-453c-8eb4-057d8d66d1b0,Jumia,trustworthy...,5,2026-09-14,Google Play,Customer Review,https://play.google.com/store/apps/details?id=com.jumia.android&hl=en&gl=ng
fe7b22cf-b2c7-4098-b42d-6416fc4c5e6c,Jumia,very good,4,2026-09-14,Google Play,Customer Review,https://play.google.com/store/apps/details?id=com.jumia.android&hl=en&gl=ng
65c49d6b-fe75-4e99-8f16-954775cd9c4a,Jumia,very seemless,5,2026-09-14,Google Play,Customer Review,https://play.google.com/store/apps/details?id=com.jumia.android&hl=en&gl=ng
40a505d8-c3c5-49f7-8bc7-e22a151899df,Jumia,good product,4,2026-09-14,Google Play,Customer Review,https://play.google.com/store/apps/details?id=com.jumia.android&hl=en&gl=ng
13e9dff6-7649-4aaf-b9fc-92fcacb350c4,Jumia,The best,5,2026-09-14,Google Play,Customer Review,https://play.google.com/store/apps/details?id=com.jumia.android&hl=en&gl=ng
101a5d9f-eae3-4a87-9bfe-cfb597aaba7f,Jumia,very good,5,2026-09-14,Google Play,Customer Review,https://play.google.com/store/apps/details?id=com.jumia.android&hl=en&gl=ng
7c21d59c-e9d3-4279-8f54-b8683b7c06d1,Jumia,very good,4,2026-09-14,Google Play,Customer Review,https://play.google.com/store/apps/details?id=com.jumia.android&hl=en&gl=ng
2c7959e5-293b-4c12-835e-99427cc0f531,Jumia,flexible,3,2026-09-14,Google Play,Customer Review,https://play.google.com/store/apps/details?id=com.jumia.android&hl=en&gl=ng
119ac125-d954-416a-8772-76f3f39933bf,Jumia,good,2,2026-09-14,Google Play,Customer Review,https://play.google.com/store/apps/details?id=com.jumia.android&hl=en&gl=ng
7487ed4d-37bc-452a-8603-020760048bac,Jumia,Best to shop with,5,2026-09-14,Google Play,Customer Review,https://play.google.com/store/apps/details?id=com.jumia.android&hl=en&gl=ng
4f439ee3-4bda-4e41-8b46-e43709ff3146,Jumia,good and easy to understand,1,2026-09-14,Google Play,Customer Review,https://play.google.com/store/apps/details?id=com.jumia.android&hl=en&gl=ng
d0f96dfe-7fdd-4093-9527-9f32a50cb69d,Jumia,it is reliable fast and trustworthy,4,2026-09-14,Google Play,Customer Review,https://play.google.com/store/apps/details?id=com.jumia.android&hl=en&gl=ng
45fef647-2cab-482b-9ae0-c554bbcb596b,Jumia,fast,5,2026-09-14,Google Play,Customer Review,https://play.google.com/store/apps/details?id=com.jumia.android&hl=en&gl=ng
e796610d-7509-4c97-b02e-553436106d00,Jumia,I love the App,5,2026-09-14,Google Play,Customer Review,https://play.google.com/store/apps/details?id=com.jumia.android&hl=en&gl=ng
61979467-1ad9-4e8c-8a10-2fedde7f99a8,Jumia,good services,5,2026-09-14,Google Play,Customer Review,https://play.google.com/store/apps/details?id=com.jumia.android&hl=en&gl=ng
f8ab7d80-7d65-4afa-8751-b7531467e406,Jumia,unable to login and access my account for no just reason. kindly assist.,3,2026-09-14,Google Play,Customer Review,https://play.google.com/store/apps/details?id=com.jumia.android&hl=en&gl=ng
ed61ffa1-5d28-4a10-8844-fe59f710f14b,Jumia,very good 😊,5,2026-09-14,Google Play,Customer Review,https://play.google.com/store/apps/details?id=com.jumia.android&hl=en&gl=ng
ff19bef2-c07d-4824-9ebf-1467af94ecad,Jumia,it's the best,5,2026-09-14,Google Play,Customer Review,https://play.google.com/store/apps/details?id=com.jumia.android&hl=en&gl=ng
6c7c1bba-5084-41d1-a94f-200b1b693be7,Jumia,"good service, no delay",5,2026-09-14,Google Play,Customer Review,https://play.google.com/store/apps/details?id=com.jumia.android&hl=en&gl=ng
efcf32b1-3ce3-404a-9ede-2630a6610d7d,Jumia,nice,5,2026-09-14,Google Play,Customer Review,https://play.google.com/store/apps/details?id=com.jumia.android&hl=en&gl=ng
a6d6c894-0a2f-4ddc-bf01-31ab53ee9029,Jumia,good,5,2026-09-14,Google Play,Customer Review,https://play.google.com/store/apps/details?id=com.jumia.android&hl=en&gl=ng
d43fd12d-fc48-4cf7-a462-0937aa4dd801,Jumia,good,5,2026-09-14,Google Play,Customer Review,https://play.google.com/store/apps/details?id=com.jumia.android&hl=en&gl=ng
bd8fcd18-8e7f-4929-b243-8a68f5a59aa8,Jumia,affordable items,2,2026-09-14,Google Play,Customer Review,https://play.google.com/store/apps/details?id=com.jumia.android&hl=en&gl=ng
66b83bdd-4ff7-416d-b95d-e978b13d736f,Jumia,it brings you refreshing and keep you glowing 💕💕,5,2026-09-14,Google Play,Customer Review,https://play.google.com/store/apps/details?id=com.jumia.android&hl=en&gl=ng
4d2d9175-24e9-43f4-bbe5-06f5e0cdaac2,Jumia,not bad you guys are trying,5,2026-09-14,Google Play,Customer Review,https://play.google.com/store/apps/details?id=com.jumia.android&hl=en&gl=ng
b7f89ab1-9519-497b-93de-5234d22b872d,Jumia,good,5,2026-09-14,Google Play,Customer Review,https://play.google.com/store/apps/details?id=com.jumia.android&hl=en&gl=ng
53176284-eda9-47bd-a73c-325a6cac10e3,Jumia,its so wanderful,5,2026-09-14,Google Play,Customer Review,https://play.google.com/store/apps/details?id=com.jumia.android&hl=en&gl=ng
457587c6-85cb-4659-863d-bda8bd547828,Jumia,you guys have refused to deliver my package very useless app pls refund me back my money,1,2026-09-14,Google Play,Customer Review,https://play.google.com/store/apps/details?id=com.jumia.android&hl=en&gl=ng
32978e9b-d922-46bd-90d0-ae8cf6070459,Jumia,great,5,2026-09-14,Google Play,Customer Review,https://play.google.com/store/apps/details?id=com.jumia.android&hl=en&gl=ng
a18b77cb-2e2d-4e8f-a179-8c4f4a57f6dd,Jumia,cool,5,2026-09-14,Google Play,Customer Review,https://play.google.com/store/apps/details?id=com.jumia.android&hl=en&gl=ng
b201860c-bfcd-4a1f-8390-367c47c9ec64,Jumia,one of the Authentic and trusted online platforms Jumia,4,2026-09-14,Google Play,Customer Review,https://play.google.com/store/apps/details?id=com.jumia.android&hl=en&gl=ng
7ae91fd3-760c-48a8-a338-cc5673fbfe02,Jumia,good 👍 👌,5,2026-09-14,Google Play,Customer Review,https://play.google.com/store/apps/details?id=com.jumia.android&hl=en&gl=ng
e0921cc1-099b-4234-806a-755b99e11185,Jumia,they should try to have more product,3,2026-09-14,Google Play,Customer Review,https://play.google.com/store/apps/details?id=com.jumia.android&hl=en&gl=ng
6764a98d-4760-4f2d-848d-1707afbf093f,Jumia,Safe delivery,5,2026-09-14,Google Play,Customer Review,https://play.google.com/store/apps/details?id=com.jumia.android&hl=en&gl=ng
22d5f4b8-0f60-4bf6-b0b7-3ed57625dbff,Jumia,The Jumia app is one of the most reliable online shopping sites; it has various features that enable quick navigation.,4,2026-09-14,Google Play,Customer Review,https://play.google.com/store/apps/details?id=com.jumia.android&hl=en&gl=ng
05196bb0-0f6a-47fe-a469-65066bdaabeb,Jumia,good,5,2026-09-14,Google Play,Customer Review,https://play.google.com/store/apps/details?id=com.jumia.android&hl=en&gl=ng
e13a272b-0c57-4846-95f1-bcd23096a968,Jumia,perfect,4,2026-09-14,Google Play,Customer Review,https://play.google.com/store/apps/details?id=com.jumia.android&hl=en&gl=ng
d0ace889-79b1-48aa-9904-e1ae0610baca,Jumia,"As far as I'm concerned about Jumia,i have never have any cause to regret partnering with Jumia...",4,2026-09-14,Google Play,Customer Review,https://play.google.com/store/apps/details?id=com.jumia.android&hl=en&gl=ng
24f1f36c-4cec-4114-9251-ab74d1006c40,Jumia,very good 👍,4,2026-09-14,Google Play,Customer Review,https://play.google.com/store/apps/details?id=com.jumia.android&hl=en&gl=ng
541cb169-09ae-464b-8658-5aea5a3c5f79,Jumia,perfect,1,2026-09-14,Google Play,Customer Review,https://play.google.com/store/apps/details?id=com.jumia.android&hl=en&gl=ng
2313b1a6-6ec4-4e51-87a8-b28b1927177a,Jumia,Nice app... the best link btn buyer and seller,5,2026-09-14,Google Play,Customer Review,https://play.google.com/store/apps/details?id=com.jumia.android&hl=en&gl=ng
bea725c5-83e7-4f42-842b-b7970491ed68,Jumia,I need to collect it ai jaen,5,2026-09-14,Google Play,Customer Review,https://play.google.com/store/apps/details?id=com.jumia.android&hl=en&gl=ng
78cb5617-b5e9-4d23-9f1e-5c5af31f83f1,Jumia,"The app is great, but it needs a better ui otherwise it's good",4,2026-09-14,Google Play,Customer Review,https://play.google.com/store/apps/details?id=com.jumia.android&hl=en&gl=ng
79e54912-78a5-4596-8669-084d711cd2f7,Jumia,Accountable ⭐,4,2026-09-14,Google Play,Customer Review,https://play.google.com/store/apps/details?id=com.jumia.android&hl=en&gl=ng
2bf327bb-4924-46e1-8948-5fd0f5685627,Jumia,"I've been using this app for over the past 3 years now, I have ordered a lot of stuff from it and it always came on time and what I ordered is exactly what I got",5,2026-09-14,Google Play,Customer Review,https://play.google.com/store/apps/details?id=com.jumia.android&hl=en&gl=ng
e8d059f9-9db4-4dce-8191-b49f2599744e,Jumia,nice app but day should make the delivery faster and better,4,2026-09-14,Google Play,Customer Review,https://play.google.com/store/apps/details?id=com.jumia.android&hl=en&gl=ng
78bc4a92-31c0-4cce-a70b-4b077098b53a,Jumia,من اسوء شركات الشحن فى مصر واسعارهم غاليه جدا حتى عن السوق المصرى وخدمه عملاء فاشله بمعنى الكلمه انا لو بتصل على الشبراوى خدمه العملاء عندهم احسن من جوميا,1,2026-09-14,Google Play,Customer Review,https://play.google.com/store/apps/details?id=com.jumia.android&hl=en&gl=ng
98aebf42-1be5-45cc-86e0-1c95dc118a94,Jumia,"jumia services has been top notch, but make sure you take your time to review what you actually want to buy",5,2026-09-14,Google Play,Customer Review,https://play.google.com/store/apps/details?id=com.jumia.android&hl=en&gl=ng
0ce05cc8-60fe-450e-8b88-e7123f8fef8c,Jumia,Good 👍,4,2026-09-14,Google Play,Customer Review,https://play.google.com/store/apps/details?id=com.jumia.android&hl=en&gl=ng
400bf63f-8305-4bd2-aae3-8cc8facc37c1,Jumia,Worst service,1,2026-09-14,Google Play,Customer Review,https://play.google.com/store/apps/details?id=com.jumia.android&hl=en&gl=ng
eb9f5cbe-8bac-49bf-a324-c77b10b2b057,Jumia,Perfect but please reduce your pickup charge,4,2026-09-14,Google Play,Customer Review,https://play.google.com/store/apps/details?id=com.jumia.android&hl=en&gl=ng
9a98a67f-f533-4d54-ab35-498905d36c3a,Jumia,I love you ❤️👍 you my jumia,5,2026-09-14,Google Play,Customer Review,https://play.google.com/store/apps/details?id=com.jumia.android&hl=en&gl=ng
66040399-8e58-4667-a4b2-a1c36fecde6e,Jumia,shipping fee is too much,3,2026-09-13,Google Play,Customer Review,https://play.google.com/store/apps/details?id=com.jumia.android&hl=en&gl=ng
ce33844c-3fbb-4699-ba0e-9d8b777420f8,Jumia,delivery is not all that fast,5,2026-09-13,Google Play,Customer Review,https://play.google.com/store/apps/details?id=com.jumia.android&hl=en&gl=ng
b22f4416-0563-430e-b69e-622625a5bd76,Jumia,Good app overall 💯,5,2026-09-13,Google Play,Customer Review,https://play.google.com/store/apps/details?id=com.jumia.android&hl=en&gl=ng
b5440fc4-7d71-48f7-8f1a-155ea7de2b86,Jumia,the best app ever,5,2026-09-13,Google Play,Customer Review,https://play.google.com/store/apps/details?id=com.jumia.android&hl=en&gl=ng
44b6bef1-835e-4af8-a4f4-37d0a7e03180,Jumia,your product is good to me,5,2026-09-13,Google Play,Customer Review,https://play.google.com/store/apps/details?id=com.jumia.android&hl=en&gl=ng
9a5f2417-4e03-4df3-9c3d-beda345dd71c,Jumia,very good 👍,5,2026-09-13,Google Play,Customer Review,https://play.google.com/store/apps/details?id=com.jumia.android&hl=en&gl=ng
bcefe8cd-45bb-4e62-8d24-e8f5ede3e13e,Jumia,it's reliable,4,2026-09-13,Google Play,Customer Review,https://play.google.com/store/apps/details?id=com.jumia.android&hl=en&gl=ng
9116b5e8-abae-4627-a3ca-10e1d9cd74bf,Jumia,Why are my paying for delivery,2,2026-09-13,Google Play,Customer Review,https://play.google.com/store/apps/details?id=com.jumia.android&hl=en&gl=ng
7349b4b4-f4e6-4abb-9027-06246985a34a,Jumia,"Time saver, nice service",4,2026-09-13,Google Play,Customer Review,https://play.google.com/store/apps/details?id=com.jumia.android&hl=en&gl=ng
b331c154-17ad-45bc-acd7-431a8c6921b6,Jumia,good,5,2026-09-13,Google Play,Customer Review,https://play.google.com/store/apps/details?id=com.jumia.android&hl=en&gl=ng
0a70d618-3167-4ff2-ace3-0240f1882549,Jumia,good,5,2026-09-13,Google Play,Customer Review,https://play.google.com/store/apps/details?id=com.jumia.android&hl=en&gl=ng
d2bf7bc5-5497-4726-ab00-db13dda0d322,Jumia,nice work,4,2026-09-13,Google Play,Customer Review,https://play.google.com/store/apps/details?id=com.jumia.android&hl=en&gl=ng
ccb910c8-e7a0-42e4-a203-5bf41473adc9,Jumia,they are the best I will recommend them over and over again,5,2026-09-13,Google Play,Customer Review,https://play.google.com/store/apps/details?id=com.jumia.android&hl=en&gl=ng
0af39119-6b15-4d43-86f8-055788e7315e,Jumia,very nice 👌,4,2026-09-13,Google Play,Customer Review,https://play.google.com/store/apps/details?id=com.jumia.android&hl=en&gl=ng
b8ab5a16-ce01-4581-b169-80a94df33cd2,Jumia,"tried it for the first time delivery was fast,am still texting the product but we still give them a five star review",5,2026-09-13,Google Play,Customer Review,https://play.google.com/store/apps/details?id=com.jumia.android&hl=en&gl=ng
0377d4c8-532c-4c3a-96d3-9ab5e4ae3f09,Jumia,perfect,3,2026-09-13,Google Play,Customer Review,https://play.google.com/store/apps/details?id=com.jumia.android&hl=en&gl=ng
8d0ad451-98ba-4b3e-88ca-73ffc8a60060,Jumia,good app,4,2026-09-13,Google Play,Customer Review,https://play.google.com/store/apps/details?id=com.jumia.android&hl=en&gl=ng
c34cbb49-ba71-4456-a735-780179165749,Jumia,good,5,2026-09-13,Google Play,Customer Review,https://play.google.com/store/apps/details?id=com.jumia.android&hl=en&gl=ng
1115f401-feed-4ded-b07b-350ff0c4213b,Jumia,jumia is the best,5,2026-09-13,Google Play,Customer Review,https://play.google.com/store/apps/details?id=com.jumia.android&hl=en&gl=ng
c3034fdd-bf9a-48d9-8d83-8acd542e0156,Jumia,very good thank God,5,2026-09-13,Google Play,Customer Review,https://play.google.com/store/apps/details?id=com.jumia.android&hl=en&gl=ng
3d9503b6-8c74-409b-a205-db1bce4d0176,Jumia,it was wonderful 💯😊,5,2026-09-13,Google Play,Customer Review,https://play.google.com/store/apps/details?id=com.jumia.android&hl=en&gl=ng
91eff5ae-73e8-44fa-a7b3-a15beb2e6dcc,Jumia,Jumia is really reliable and accessible for me and I will give it a 10,5,2026-09-13,Google Play,Customer Review,https://play.google.com/store/apps/details?id=com.jumia.android&hl=en&gl=ng
f231d373-84be-427b-baac-f7c747041a9f,Jumia,Better than expected but the shipping fee is high for me,4,2026-09-13,Google Play,Customer Review,https://play.google.com/store/apps/details?id=com.jumia.android&hl=en&gl=ng
9bc1d711-bdd1-4833-8898-9185f0b12ab8,Jumia,I love jumia bcos I get exactly what I ordered,5,2026-09-13,Google Play,Customer Review,https://play.google.com/store/apps/details?id=com.jumia.android&hl=en&gl=ng
f990f8a7-1426-4733-a30c-209cbbf2a309,Jumia,The best retail app in Nigeria!,5,2026-09-13,Google Play,Customer Review,https://play.google.com/store/apps/details?id=com.jumia.android&hl=en&gl=ng
179c3cbe-abef-4dda-962b-62cd55a8e9ce,Jumia,aw aww 2a,1,2026-09-13,Google Play,Customer Review,https://play.google.com/store/apps/details?id=com.jumia.android&hl=en&gl=ng
f961df64-abe2-46c4-9e8c-d6c874153a20,Jumia,Good,4,2026-09-13,Google Play,Customer Review,https://play.google.com/store/apps/details?id=com.jumia.android&hl=en&gl=ng
800bba19-bb60-4eec-a9e1-af4043031baa,Jumia,cool! liked it,5,2026-09-13,Google Play,Customer Review,https://play.google.com/store/apps/details?id=com.jumia.android&hl=en&gl=ng
0a0cdc41-5bb0-41a1-a860-ca2a7346f14a,Jumia,There should be a cancellation button for mistakenly placed orders. Multiple orders from the same stock shouldn't have multiple delivery fees.,4,2026-09-13,Google Play,Customer Review,https://play.google.com/store/apps/details?id=com.jumia.android&hl=en&gl=ng
f14d7101-fd5b-4139-aed5-eeced91b32a6,Jumia,Great,5,2026-09-13,Google Play,Customer Review,https://play.google.com/store/apps/details?id=com.jumia.android&hl=en&gl=ng
3e619ffa-6777-4c2f-aaa8-17497cb2b8db,Jumia,very good 👍,5,2026-09-13,Google Play,Customer Review,https://play.google.com/store/apps/details?id=com.jumia.android&hl=en&gl=ng
71e78375-3108-4471-b43e-349de4c45b60,Jumia,You don't even reply to messages neither do you call back . Why ? Wrote this in 2021 Wrote this in 2026: Jumia has improved their response and I must say they listen to me. And it's easy to order and get your items. I have given you 5 Stars,5,2026-09-13,Google Play,Customer Review,https://play.google.com/store/apps/details?id=com.jumia.android&hl=en&gl=ng
107fdacd-8033-4624-9b2d-62a127a68691,Jumia,very easy to access and fast,5,2026-09-13,Google Play,Customer Review,https://play.google.com/store/apps/details?id=com.jumia.android&hl=en&gl=ng
db5617af-4254-4343-a400-2514dd5bb7ee,Jumia,goods easily spotted at a fair price nyc quality,4,2026-09-13,Google Play,Customer Review,https://play.google.com/store/apps/details?id=com.jumia.android&hl=en&gl=ng
1af0f195-ecb2-40ce-adfd-fae7b3c4b1f5,Jumia,it's more efficient,5,2026-09-13,Google Play,Customer Review,https://play.google.com/store/apps/details?id=com.jumia.android&hl=en&gl=ng
d6cf0d38-7d37-4857-9a06-f795eaa35c34,Jumia,great,5,2026-09-13,Google Play,Customer Review,https://play.google.com/store/apps/details?id=com.jumia.android&hl=en&gl=ng
4a3dace0-97a0-4381-9380-c3dc13b4539e,Jumia,nice one 👍,5,2026-09-13,Google Play,Customer Review,https://play.google.com/store/apps/details?id=com.jumia.android&hl=en&gl=ng
7cdc7d90-f4d8-4e1d-8679-6f45cabbf613,Jumia,good,5,2026-09-13,Google Play,Customer Review,https://play.google.com/store/apps/details?id=com.jumia.android&hl=en&gl=ng
0289bd04-c2f6-49ec-97a3-531737add6f8,Jumia,Perfect,5,2026-09-13,Google Play,Customer Review,https://play.google.com/store/apps/details?id=com.jumia.android&hl=en&gl=ng
c1beecab-3d4c-4fe8-920a-77ed403bdb73,Jumia,all in one app everything here is absolutely perfect,5,2026-09-13,Google Play,Customer Review,https://play.google.com/store/apps/details?id=com.jumia.android&hl=en&gl=ng
cd92df62-f692-4dff-a564-2e9c646ab7e2,Jumia,good,4,2026-09-13,Google Play,Customer Review,https://play.google.com/store/apps/details?id=com.jumia.android&hl=en&gl=ng
ccfbc822-7fdb-4bd5-8729-b6c9c69c31f2,Jumia,"good,but,my location isn't available for door delivery, please work on it 🙏",4,2026-09-13,Google Play,Customer Review,https://play.google.com/store/apps/details?id=com.jumia.android&hl=en&gl=ng
b8344ded-7dec-4e5c-bd14-5920ab27e6ea,Jumia,nice one,5,2026-09-13,Google Play,Customer Review,https://play.google.com/store/apps/details?id=com.jumia.android&hl=en&gl=ng
174152fe-b73f-49e6-aadf-dd3146d9c117,Jumia,I have to get the delivery first,3,2026-09-13,Google Play,Customer Review,https://play.google.com/store/apps/details?id=com.jumia.android&hl=en&gl=ng
3fb4daa7-2726-4483-878a-5a3334b29966,Jumia,nice,4,2026-09-13,Google Play,Customer Review,https://play.google.com/store/apps/details?id=com.jumia.android&hl=en&gl=ng
c31498a3-b538-411c-b23f-07f05cb61087,Jumia,it's a sharp market place,5,2026-09-13,Google Play,Customer Review,https://play.google.com/store/apps/details?id=com.jumia.android&hl=en&gl=ng
6655ffef-1b6f-43b3-ad35-bd9228e1eb33,Jumia,I like the way jumia keep to timely delivery,5,2026-09-13,Google Play,Customer Review,https://play.google.com/store/apps/details?id=com.jumia.android&hl=en&gl=ng
a464f117-453c-484d-a4d8-a137f6b9a66d,Jumia,The initial order I placed was cancelled. it was disappointing.,2,2026-09-13,Google Play,Customer Review,https://play.google.com/store/apps/details?id=com.jumia.android&hl=en&gl=ng
bfd4628b-1ba5-4dd6-b380-e26fea23ea3b,Jumia,it is good,5,2026-09-13,Google Play,Customer Review,https://play.google.com/store/apps/details?id=com.jumia.android&hl=en&gl=ng
a718ac13-27ef-401e-b0cb-923c62e27c7b,Jumia,its good but they delay i hope they could leave some at the pickupstations so that we can pick immediately we want it,3,2026-09-13,Google Play,Customer Review,https://play.google.com/store/apps/details?id=com.jumia.android&hl=en&gl=ng
3b4b1c33-d72c-4a7e-b1b4-b66bc16ed9c8,Jumia,The service is good,1,2026-09-13,Google Play,Customer Review,https://play.google.com/store/apps/details?id=com.jumia.android&hl=en&gl=ng
aa0bd696-132d-4f0b-b457-f2da4c471711,Jumia,payment is after 🚚... which ensures security of your money,4,2026-09-13,Google Play,Customer Review,https://play.google.com/store/apps/details?id=com.jumia.android&hl=en&gl=ng
61c5f185-147b-4f8a-ad7d-de669ece68c3,Jumia,it's cheaper but don't disappoint me,5,2026-09-13,Google Play,Customer Review,https://play.google.com/store/apps/details?id=com.jumia.android&hl=en&gl=ng
28a70209-3a21-426c-aa81-969b4204ecc5,Jumia,fast and reliable,4,2026-09-13,Google Play,Customer Review,https://play.google.com/store/apps/details?id=com.jumia.android&hl=en&gl=ng
4608e197-e2ae-4bb1-abc8-a55a32e773e7,Jumia,good,5,2026-09-13,Google Play,Customer Review,https://play.google.com/store/apps/details?id=com.jumia.android&hl=en&gl=ng
9ac13dab-37cc-4d83-8b70-60ce5f9fbe6f,Jumia,good,5,2026-09-13,Google Play,Customer Review,https://play.google.com/store/apps/details?id=com.jumia.android&hl=en&gl=ng
334fd090-28ea-4d59-989a-ad57938b1fab,Jumia,Active,5,2026-09-13,Google Play,Customer Review,https://play.google.com/store/apps/details?id=com.jumia.android&hl=en&gl=ng
4712323a-f682-48f6-82c6-81d725cf2a3b,Jumia,Good and relabel I love this app,5,2026-09-13,Google Play,Customer Review,https://play.google.com/store/apps/details?id=com.jumia.android&hl=en&gl=ng
e7ae2f0f-1391-4c5c-8c5c-43b00ffdeb9e,Jumia,jumia best option ever,5,2026-09-13,Google Play,Customer Review,https://play.google.com/store/apps/details?id=com.jumia.android&hl=en&gl=ng
08d49e9e-0e22-4c6c-890b-4157511cf50f,Jumia,tested and trusted,5,2026-09-13,Google Play,Customer Review,https://play.google.com/store/apps/details?id=com.jumia.android&hl=en&gl=ng
36f7e70c-3845-4d5a-98d4-fbefba39af25,Jumia,it's good,5,2026-09-13,Google Play,Customer Review,https://play.google.com/store/apps/details?id=com.jumia.android&hl=en&gl=ng
4ccb38cd-cda0-444f-b2cd-15bbd8f2e3b1,Jumia,Excellent,5,2026-09-13,Google Play,Customer Review,https://play.google.com/store/apps/details?id=com.jumia.android&hl=en&gl=ng
70c1da0e-932a-46a4-a760-7330df629f46,Jumia,Jumia is a good platform where you can sit at the comfort of your house and buy what you want it makes things easier,5,2026-09-13,Google Play,Customer Review,https://play.google.com/store/apps/details?id=com.jumia.android&hl=en&gl=ng
62654dd4-2e4e-4a62-b53a-b321a169cc05,Jumia,very reliable,5,2026-09-13,Google Play,Customer Review,https://play.google.com/store/apps/details?id=com.jumia.android&hl=en&gl=ng
ccb5a22c-def0-4dc9-8ce6-3f7671c6aa4f,Jumia,Reliable,5,2026-09-13,Google Play,Customer Review,https://play.google.com/store/apps/details?id=com.jumia.android&hl=en&gl=ng
fd11b29c-cfc9-4ff2-bb9a-ef1f6d08c7a0,Jumia,Service is much above average,4,2026-09-13,Google Play,Customer Review,https://play.google.com/store/apps/details?id=com.jumia.android&hl=en&gl=ng
57c2fb07-5ba0-45d0-960b-3375a8b095f2,Jumia,good,3,2026-09-13,Google Play,Customer Review,https://play.google.com/store/apps/details?id=com.jumia.android&hl=en&gl=ng
0b28b72f-9335-4b9a-8dad-289aa05b1292,Jumia,what time go to work with you you are doing great work continue to do a great work who will deliver in time thank you,5,2026-09-13,Google Play,Customer Review,https://play.google.com/store/apps/details?id=com.jumia.android&hl=en&gl=ng
672e68a8-4e2f-4884-9fe8-8fce7f0c4c41,Jumia,great,4,2026-09-13,Google Play,Customer Review,https://play.google.com/store/apps/details?id=com.jumia.android&hl=en&gl=ng
ecdf3db9-cfb8-43b3-b418-a5de7b1c3f4d,Jumia,The pickup pay is too expensive,2,2026-09-12,Google Play,Customer Review,https://play.google.com/store/apps/details?id=com.jumia.android&hl=en&gl=ng
eea134ea-05c8-4301-b056-716eb28d2d51,Jumia,nice,5,2026-09-12,Google Play,Customer Review,https://play.google.com/store/apps/details?id=com.jumia.android&hl=en&gl=ng
d1d1b7e2-98be-40ea-9946-2f4c55bd4b8f,Jumia,rully nyc app,5,2026-09-12,Google Play,Customer Review,https://play.google.com/store/apps/details?id=com.jumia.android&hl=en&gl=ng
69aaa869-27dc-4524-9271-2acb94c86cc0,Jumia,it's so amazing for shopping,4,2026-09-12,Google Play,Customer Review,https://play.google.com/store/apps/details?id=com.jumia.android&hl=en&gl=ng
daae8665-b85c-45c4-995b-eeb30bb42817,Jumia,"It's ok l guess but at times, if something is out of stock you don't mention it until one try to make a payment.",3,2026-09-12,Google Play,Customer Review,https://play.google.com/store/apps/details?id=com.jumia.android&hl=en&gl=ng
06ace72a-2f64-4fee-a07b-a3403810a0de,Jumia,please check well to make sure it's good product and complete package. thanks for your usual understanding,3,2026-09-12,Google Play,Customer Review,https://play.google.com/store/apps/details?id=com.jumia.android&hl=en&gl=ng
56e277b3-ecc7-4305-8a58-d0dd67abd6c5,Jumia,when I ordered a raincoat and some other things the same time and day only the raicoat came and the best week the others came which means slow dilevary,2,2026-09-12,Google Play,Customer Review,https://play.google.com/store/apps/details?id=com.jumia.android&hl=en&gl=ng
ee5af8a2-aafa-47ca-b916-d20d320dffc1,Jumia,I love the fact that whatever I need online Jumia has it. so far most of their products are worth my spending☺️.,5,2026-09-12,Google Play,Customer Review,https://play.google.com/store/apps/details?id=com.jumia.android&hl=en&gl=ng
11249cb2-5503-4f1e-839b-8043af25e73d,Jumia,easy to place orders,5,2026-09-12,Google Play,Customer Review,https://play.google.com/store/apps/details?id=com.jumia.android&hl=en&gl=ng
697d2093-6819-4e53-bb7f-7a46b1485f6e,Jumia,good,5,2026-09-12,Google Play,Customer Review,https://play.google.com/store/apps/details?id=com.jumia.android&hl=en&gl=ng
8f0cf5e0-e17f-47ba-af10-a4034af8f94f,Jumia,The products are neat.,2,2026-09-12,Google Play,Customer Review,https://play.google.com/store/apps/details?id=com.jumia.android&hl=en&gl=ng
5016b148-b3a1-470c-8f54-5600d5c8707f,Jumia,اتخم,5,2026-09-12,Google Play,Customer Review,https://play.google.com/store/apps/details?id=com.jumia.android&hl=en&gl=ng
a7f3cd44-63ae-4e16-b0d5-f11f7eeafd9c,Jumia,so good 👍👍,5,2026-09-12,Google Play,Customer Review,https://play.google.com/store/apps/details?id=com.jumia.android&hl=en&gl=ng
4494fec7-ccd6-4b57-a527-743ae298d19f,Jumia,nice,5,2026-09-12,Google Play,Customer Review,https://play.google.com/store/apps/details?id=com.jumia.android&hl=en&gl=ng
3c3c8a3a-2ac2-4851-a9e6-cead1ad845d9,Jumia,Infact jumia is the most important app one should have on his or her phone in other to achieve his or her dreams,4,2026-09-12,Google Play,Customer Review,https://play.google.com/store/apps/details?id=com.jumia.android&hl=en&gl=ng
14343ef9-e926-416f-b1c0-66b84b316ad3,Jumia,Jumia delivers,4,2026-09-12,Google Play,Customer Review,https://play.google.com/store/apps/details?id=com.jumia.android&hl=en&gl=ng
b59d752b-c664-4f1e-aa10-9fc4064303b8,Jumia,Exellent,5,2026-09-12,Google Play,Customer Review,https://play.google.com/store/apps/details?id=com.jumia.android&hl=en&gl=ng
c74d70e8-4ed2-4a05-8bd3-a1cf47b8c098,Jumia,good😊,5,2026-09-12,Google Play,Customer Review,https://play.google.com/store/apps/details?id=com.jumia.android&hl=en&gl=ng
410c7392-cbfe-4750-acf0-119cfb29b707,Jumia,Jumia supplies order sy stem is very swift and straightforward.,5,2026-09-12,Google Play,Customer Review,https://play.google.com/store/apps/details?id=com.jumia.android&hl=en&gl=ng
5b2d2ace-8668-480f-865e-c25f74a9975e,Jumia,"a very good market place, you can get the best offers and best quality things here, plus their delivery system is topnotch",4,2026-09-12,Google Play,Customer Review,https://play.google.com/store/apps/details?id=com.jumia.android&hl=en&gl=ng
5f6a0278-72ff-4cc8-adbf-3f6707c5f1b4,Jumia,it's affordable,5,2026-09-12,Google Play,Customer Review,https://play.google.com/store/apps/details?id=com.jumia.android&hl=en&gl=ng
6f0afc21-2ee4-48b3-8a7b-369af05400c4,Jumia,nice one,5,2026-09-12,Google Play,Customer Review,https://play.google.com/store/apps/details?id=com.jumia.android&hl=en&gl=ng
608b56d3-e70e-4768-a16c-222cca0df22f,Jumia,great,3,2026-09-12,Google Play,Customer Review,https://play.google.com/store/apps/details?id=com.jumia.android&hl=en&gl=ng
9c533421-0f60-4910-ab6d-4a66ed96f1a6,Jumia,is just wow,4,2026-09-12,Google Play,Customer Review,https://play.google.com/store/apps/details?id=com.jumia.android&hl=en&gl=ng
16f61737-7555-49a2-ac81-ef1ef9759527,Jumia,great experience,5,2026-09-12,Google Play,Customer Review,https://play.google.com/store/apps/details?id=com.jumia.android&hl=en&gl=ng
568ba879-e7c6-4bea-bc23-180a31e71058,Jumia,The Best e-commerce site,5,2026-09-12,Google Play,Customer Review,https://play.google.com/store/apps/details?id=com.jumia.android&hl=en&gl=ng
755599e8-d6a0-456c-ac59-92e75b440532,Jumia,good,5,2026-09-12,Google Play,Customer Review,https://play.google.com/store/apps/details?id=com.jumia.android&hl=en&gl=ng
a04b61fd-4af8-40fe-8850-5ae9e7a91bc5,Jumia,won gbayi,5,2026-09-12,Google Play,Customer Review,https://play.google.com/store/apps/details?id=com.jumia.android&hl=en&gl=ng
fe8ca947-c17b-4368-b0bd-b2c2234e79e6,Jumia,I can't view my orders,5,2026-09-12,Google Play,Customer Review,https://play.google.com/store/apps/details?id=com.jumia.android&hl=en&gl=ng
001f57b8-13bb-4a32-b9b8-1a0b11570b26,Jumia,"very good e-commerce service. Can you please introduce the Jumia wallet already? I need to be able to save for something on my wishlist with Jumia. Once I have the amount, I can easily check out and get the item. please design something commitment based.",5,2026-09-12,Google Play,Customer Review,https://play.google.com/store/apps/details?id=com.jumia.android&hl=en&gl=ng
2fd837ad-340b-4862-97a7-76a32f0fcecf,Jumia,good,4,2026-09-12,Google Play,Customer Review,https://play.google.com/store/apps/details?id=com.jumia.android&hl=en&gl=ng
18b7a5b8-b525-4455-896e-5b93eb2336f2,Jumia,Excellent,5,2026-09-12,Google Play,Customer Review,https://play.google.com/store/apps/details?id=com.jumia.android&hl=en&gl=ng
022c1f8c-3d74-4488-bd41-eec36ee479d6,Jumia,very good,5,2026-09-12,Google Play,Customer Review,https://play.google.com/store/apps/details?id=com.jumia.android&hl=en&gl=ng
bf629772-d044-42c8-99a8-a9908f461b25,Jumia,I don't like the fact we pay for multiple delivery fee when u are the buying more than one goods at once,2,2026-09-12,Google Play,Customer Review,https://play.google.com/store/apps/details?id=com.jumia.android&hl=en&gl=ng
ec7fec66-82a4-4489-9677-1d1ceba241c9,Jumia,Good,5,2026-09-12,Google Play,Customer Review,https://play.google.com/store/apps/details?id=com.jumia.android&hl=en&gl=ng
4113a900-1cbb-4490-8832-bc5fec2ea5d3,Jumia,reliable and efficient,5,2026-09-12,Google Play,Customer Review,https://play.google.com/store/apps/details?id=com.jumia.android&hl=en&gl=ng
40db3e67-1284-4d3e-8bfd-8e583cbd62a5,Jumia,a very solid app,5,2026-09-12,Google Play,Customer Review,https://play.google.com/store/apps/details?id=com.jumia.android&hl=en&gl=ng
f03af7cd-360f-4c35-8dcd-f1ec50219061,Jumia,excellent,5,2026-09-12,Google Play,Customer Review,https://play.google.com/store/apps/details?id=com.jumia.android&hl=en&gl=ng
5b76eb79-d044-4cbe-b71b-8229411ce232,Jumia,I like it but you have rude Customer service those people at the front of satellite in ado ekiti are rude very rude,2,2026-09-12,Google Play,Customer Review,https://play.google.com/store/apps/details?id=com.jumia.android&hl=en&gl=ng
c89ed844-d9cb-4d3b-a86d-10eea12a7659,Jumia,"Jumia is the best, very reliable and dependable",5,2026-09-12,Google Play,Customer Review,https://play.google.com/store/apps/details?id=com.jumia.android&hl=en&gl=ng
3eeb2e30-c271-4026-9dfc-010eb2c07786,Jumia,love ordering here,5,2026-09-12,Google Play,Customer Review,https://play.google.com/store/apps/details?id=com.jumia.android&hl=en&gl=ng
914aec38-3fd8-4b0e-a15b-b603455604ce,Jumia,great,4,2026-09-12,Google Play,Customer Review,https://play.google.com/store/apps/details?id=com.jumia.android&hl=en&gl=ng
4ebdae01-2344-4d1f-b1d9-38c889f0c7d5,Jumia,good 👍,5,2026-09-12,Google Play,Customer Review,https://play.google.com/store/apps/details?id=com.jumia.android&hl=en&gl=ng
345f7fb2-9d15-45f7-a6a5-635976b70acb,Jumia,bro more better than stupid temu,5,2026-09-12,Google Play,Customer Review,https://play.google.com/store/apps/details?id=com.jumia.android&hl=en&gl=ng
d275d809-f31f-4dce-895d-6376cb1428a5,Jumia,The popups within the app are super annoying..,1,2026-09-12,Google Play,Customer Review,https://play.google.com/store/apps/details?id=com.jumia.android&hl=en&gl=ng
b3a9e655-a11d-48d6-ac54-6ce006f5b10b,Jumia,good,5,2026-09-12,Google Play,Customer Review,https://play.google.com/store/apps/details?id=com.jumia.android&hl=en&gl=ng
0d216748-39a4-4aff-aff5-fb23703c3a76,Jumia,Fantastic,5,2026-09-12,Google Play,Customer Review,https://play.google.com/store/apps/details?id=com.jumia.android&hl=en&gl=ng
4374f446-c729-49e2-9e28-d7c09ac4e314,Jumia,reliable and active,3,2026-09-12,Google Play,Customer Review,https://play.google.com/store/apps/details?id=com.jumia.android&hl=en&gl=ng
104d1c53-2782-4dc3-b87c-6c6c90e97e3c,Jumia,good,5,2026-09-12,Google Play,Customer Review,https://play.google.com/store/apps/details?id=com.jumia.android&hl=en&gl=ng
c0dec866-cbde-4612-a855-b5d15a3ab5a9,Jumia,is reliable trustworthy jumia is 💯dey best I have ever used,5,2026-09-12,Google Play,Customer Review,https://play.google.com/store/apps/details?id=com.jumia.android&hl=en&gl=ng
e9d871a2-d278-4ad0-a718-ba5afc44335b,Jumia,it's a great app that delivers goods faster,4,2026-09-12,Google Play,Customer Review,https://play.google.com/store/apps/details?id=com.jumia.android&hl=en&gl=ng
99aa91c6-c417-4fa3-b29f-718e71b218f2,Jumia,reliable,5,2026-09-12,Google Play,Customer Review,https://play.google.com/store/apps/details?id=com.jumia.android&hl=en&gl=ng
c4aa0a6c-2fcf-4dcb-a823-01ef8e904211,Jumia,Good and Awesome,5,2026-09-12,Google Play,Customer Review,https://play.google.com/store/apps/details?id=com.jumia.android&hl=en&gl=ng
40221627-14a3-47a3-9f79-ca2266f13532,Jumia,Excellent customer service,5,2026-09-12,Google Play,Customer Review,https://play.google.com/store/apps/details?id=com.jumia.android&hl=en&gl=ng
0043035b-12c0-430a-852e-9cac597f2128,Jumia,fast customers service,4,2026-09-12,Google Play,Customer Review,https://play.google.com/store/apps/details?id=com.jumia.android&hl=en&gl=ng
9331db63-aed5-4d45-b449-95b0fd860d44,Jumia,"Add dark mode in your app, stop the laziness",3,2026-09-12,Google Play,Customer Review,https://play.google.com/store/apps/details?id=com.jumia.android&hl=en&gl=ng
72373797-0760-4acc-bbed-0e03eda76555,Jumia,Perfect app 💯,5,2026-09-12,Google Play,Customer Review,https://play.google.com/store/apps/details?id=com.jumia.android&hl=en&gl=ng
053b691e-0623-45eb-9e66-eab0eedeacb2,Jumia,I just order a pressing iron for school lets see how it works when delivered,3,2026-09-12,Google Play,Customer Review,https://play.google.com/store/apps/details?id=com.jumia.android&hl=en&gl=ng
cf43bef6-1744-498f-83b0-81ce6621fa68,Jumia,great experience,5,2026-09-12,Google Play,Customer Review,https://play.google.com/store/apps/details?id=com.jumia.android&hl=en&gl=ng
49bada18-cced-4fcb-a94e-dfef4c7cc36a,Jumia,very good,5,2026-09-12,Google Play,Customer Review,https://play.google.com/store/apps/details?id=com.jumia.android&hl=en&gl=ng
4b09e5ae-5a9c-4f4b-b1dd-23c6ac733fac,Jumia,very good service,3,2026-09-12,Google Play,Customer Review,https://play.google.com/store/apps/details?id=com.jumia.android&hl=en&gl=ng
e3e09e89-60f4-487b-8b91-c90b9686dce2,Jumia,Good,5,2026-09-12,Google Play,Customer Review,https://play.google.com/store/apps/details?id=com.jumia.android&hl=en&gl=ng
4ea9febb-da6f-4464-ae2b-0da70eec0e4d,Jumia,well done,4,2026-09-12,Google Play,Customer Review,https://play.google.com/store/apps/details?id=com.jumia.android&hl=en&gl=ng
2998f283-ecc4-4477-8dac-acad3e799886,Jumia,fast and reliable,4,2026-09-12,Google Play,Customer Review,https://play.google.com/store/apps/details?id=com.jumia.android&hl=en&gl=ng
37736b59-0528-460d-b867-e790bad6e789,Jumia,Good For now 👍👍,2,2026-09-12,Google Play,Customer Review,https://play.google.com/store/apps/details?id=com.jumia.android&hl=en&gl=ng
1a1a18d8-e0ff-4484-8287-677e11527389,Jumia,my favorite😍,3,2026-09-12,Google Play,Customer Review,https://play.google.com/store/apps/details?id=com.jumia.android&hl=en&gl=ng
37c287a3-f7fa-4852-a7f2-0f98c560a45a,Jumia,Good,4,2026-09-12,Google Play,Customer Review,https://play.google.com/store/apps/details?id=com.jumia.android&hl=en&gl=ng
cecb1eab-1d7f-4088-a423-ef1c04767729,Jumia,"jumia is the best online shopping but when you add item on ur cart, let me say u add 5 items, you will pay delivery fee each item on your cart. l think is very bad. l don't know if it is strategy to distinct their self oo they do not sell electronic components like transistors very poor",3,2026-09-12,Google Play,Customer Review,https://play.google.com/store/apps/details?id=com.jumia.android&hl=en&gl=ng
6697bd89-45c7-4732-9673-ef263afc69d6,Jumia,very soon I will call me bilonear in this app good job my guy's,5,2026-09-12,Google Play,Customer Review,https://play.google.com/store/apps/details?id=com.jumia.android&hl=en&gl=ng
358edc01-71e0-4b5f-9357-6b68af9f3755,Jumia,good,5,2026-09-12,Google Play,Customer Review,https://play.google.com/store/apps/details?id=com.jumia.android&hl=en&gl=ng
9d40f441-fe98-4cb4-9822-1dd2913000e5,Jumia,Oh this app is good and affordable for shopping,5,2026-09-12,Google Play,Customer Review,https://play.google.com/store/apps/details?id=com.jumia.android&hl=en&gl=ng
9015f3a8-05a5-462b-a721-9cbf893c6b77,Jumia,Very interesting and real,4,2026-09-12,Google Play,Customer Review,https://play.google.com/store/apps/details?id=com.jumia.android&hl=en&gl=ng
ab5fbbeb-bef0-49f3-af45-5c2c9fb9890a,Jumia,very good,5,2026-09-12,Google Play,Customer Review,https://play.google.com/store/apps/details?id=com.jumia.android&hl=en&gl=ng
6758b0e7-0061-4ede-b4d1-3b10b17136db,Jumia,good,4,2026-09-11,Google Play,Customer Review,https://play.google.com/store/apps/details?id=com.jumia.android&hl=en&gl=ng
6037583c-d4f7-4804-9bb7-6e893bb7a9d3,Jumia,beautiful,5,2026-09-11,Google Play,Customer Review,https://play.google.com/store/apps/details?id=com.jumia.android&hl=en&gl=ng
bcccc570-9bb2-4cc0-bab4-e80dd6c8658b,Jumia,trustworth b/ s,4,2026-09-11,Google Play,Customer Review,https://play.google.com/store/apps/details?id=com.jumia.android&hl=en&gl=ng
6d7fed7a-af44-4867-88a4-ede0c04aaff7,Jumia,The best online shopping,5,2026-09-11,Google Play,Customer Review,https://play.google.com/store/apps/details?id=com.jumia.android&hl=en&gl=ng
05a7c47c-9a2e-4b5e-81da-dd370af75ae5,Jumia,nice,3,2026-09-11,Google Play,Customer Review,https://play.google.com/store/apps/details?id=com.jumia.android&hl=en&gl=ng
ebb47722-b20a-4f7e-81b4-3a1e2b5ea8fb,Jumia,quality goods,5,2026-09-11,Google Play,Customer Review,https://play.google.com/store/apps/details?id=com.jumia.android&hl=en&gl=ng
be40e7c6-5872-43e7-bbd5-a4420403e288,Jumia,nice one,4,2026-09-11,Google Play,Customer Review,https://play.google.com/store/apps/details?id=com.jumia.android&hl=en&gl=ng
6c0d103e-a21c-4063-8839-31af0b995941,Jumia,ok,5,2026-09-11,Google Play,Customer Review,https://play.google.com/store/apps/details?id=com.jumia.android&hl=en&gl=ng
0c999785-629c-484e-8478-4758fd2559a2,Jumia,I'm satisfied with what I ordered and what I got except that some of the pictures can be a little deceiving,3,2026-09-11,Google Play,Customer Review,https://play.google.com/store/apps/details?id=com.jumia.android&hl=en&gl=ng
5a778219-c0fc-4114-9de7-fc93799356e3,Jumia,awesome place to shop,5,2026-09-11,Google Play,Customer Review,https://play.google.com/store/apps/details?id=com.jumia.android&hl=en&gl=ng
1f812aac-3f89-49cc-a82c-1f69fe922e3a,Jumia,nice app ☺️,5,2026-09-11,Google Play,Customer Review,https://play.google.com/store/apps/details?id=com.jumia.android&hl=en&gl=ng
0ecce525-5023-4c19-81af-54247119cf0b,Jumia,Excellent,5,2026-09-11,Google Play,Customer Review,https://play.google.com/store/apps/details?id=com.jumia.android&hl=en&gl=ng
051fd23b-a0f8-40b8-9716-ae1a07a17868,Jumia,excellent,5,2026-09-11,Google Play,Customer Review,https://play.google.com/store/apps/details?id=com.jumia.android&hl=en&gl=ng
32914dbb-921b-46e4-a275-6167d590b9ef,Jumia,Reliable,5,2026-09-11,Google Play,Customer Review,https://play.google.com/store/apps/details?id=com.jumia.android&hl=en&gl=ng
0fb591a7-6b9e-474d-b709-546cdaaa5325,Jumia,good,2,2026-09-11,Google Play,Customer Review,https://play.google.com/store/apps/details?id=com.jumia.android&hl=en&gl=ng
deb28a2d-fa9f-45fa-ab8c-1425ea5b0f90,Jumia,Best shopping platform,5,2026-09-11,Google Play,Customer Review,https://play.google.com/store/apps/details?id=com.jumia.android&hl=en&gl=ng
b651c19b-a8a6-4d3e-ba8f-009365160b72,Jumia,you have a lot of fake products. that's totally unfair to the people who trust you,3,2026-09-11,Google Play,Customer Review,https://play.google.com/store/apps/details?id=com.jumia.android&hl=en&gl=ng
c3102d14-0382-4797-b25e-a5471bf64f13,Jumia,just great,5,2026-09-11,Google Play,Customer Review,https://play.google.com/store/apps/details?id=com.jumia.android&hl=en&gl=ng
9801b967-cb18-4955-bf2d-6c5cb1215bf6,Jumia,It's not a fake app and their things are also cheap,5,2026-09-11,Google Play,Customer Review,https://play.google.com/store/apps/details?id=com.jumia.android&hl=en&gl=ng
8eb2e616-6c56-4a0a-b497-7a4da3d04848,Jumia,very flexible and easy to navigate,4,2026-09-11,Google Play,Customer Review,https://play.google.com/store/apps/details?id=com.jumia.android&hl=en&gl=ng
ad183907-85ca-432f-ac41-89bbda28f057,Jumia,Very good app,5,2026-09-11,Google Play,Customer Review,https://play.google.com/store/apps/details?id=com.jumia.android&hl=en&gl=ng
9a9320ad-6307-4a02-bf8d-9707fad79ec2,Jumia,Great.,5,2026-09-11,Google Play,Customer Review,https://play.google.com/store/apps/details?id=com.jumia.android&hl=en&gl=ng
b749711b-40bf-4399-b3a7-4aa791830af2,Jumia,Awesome 👌,4,2026-09-11,Google Play,Customer Review,https://play.google.com/store/apps/details?id=com.jumia.android&hl=en&gl=ng
44c74e34-570a-4082-9af3-8fabe8645e6c,Jumia,Jumia is the best,5,2026-09-11,Google Play,Customer Review,https://play.google.com/store/apps/details?id=com.jumia.android&hl=en&gl=ng
5c3f26ea-b85f-47a8-ad6a-7141f257b179,Jumia,"Respect... i love how jumia process refunds, and how fast packages are delivered ⭐⭐⭐⭐",4,2026-09-11,Google Play,Customer Review,https://play.google.com/store/apps/details?id=com.jumia.android&hl=en&gl=ng
d6486427-88ac-4a49-b4b1-9a9180f08c4f,Jumia,Good,5,2026-09-11,Google Play,Customer Review,https://play.google.com/store/apps/details?id=com.jumia.android&hl=en&gl=ng
a7bf1d30-45f8-4940-9eef-d7977d049ae5,Jumia,since i started buying from Jumia they have never disappoint me they will even bring more beautiful things than what you ordered,5,2026-09-11,Google Play,Customer Review,https://play.google.com/store/apps/details?id=com.jumia.android&hl=en&gl=ng
a4ce5d07-a926-4b83-ac48-0f1909416d81,Jumia,good and reliable 👍,4,2026-09-11,Google Play,Customer Review,https://play.google.com/store/apps/details?id=com.jumia.android&hl=en&gl=ng
36316dec-3b85-45dd-b3e1-25c881115d1d,Jumia,afamu,5,2026-09-11,Google Play,Customer Review,https://play.google.com/store/apps/details?id=com.jumia.android&hl=en&gl=ng
93dd82e9-ccc0-425d-b8d2-5e8998036b66,Jumia,its fast guys,5,2026-09-11,Google Play,Customer Review,https://play.google.com/store/apps/details?id=com.jumia.android&hl=en&gl=ng
d0d34731-123f-44be-b0f0-6da056563a23,Jumia,fast and reliable,5,2026-09-11,Google Play,Customer Review,https://play.google.com/store/apps/details?id=com.jumia.android&hl=en&gl=ng
1911ee51-acb3-4c3a-91b0-f8abcec2218d,Jumia,The service is excellent,5,2026-09-11,Google Play,Customer Review,https://play.google.com/store/apps/details?id=com.jumia.android&hl=en&gl=ng
517adf5b-af0f-4be2-a0d9-627e21349990,Jumia,It's Jumia or nothing.,5,2026-09-11,Google Play,Customer Review,https://play.google.com/store/apps/details?id=com.jumia.android&hl=en&gl=ng
8c944b72-3c09-47eb-984c-75975524e518,Jumia,Very very very good,4,2026-09-11,Google Play,Customer Review,https://play.google.com/store/apps/details?id=com.jumia.android&hl=en&gl=ng
e9a33ef3-56fc-450d-8b11-dace0ef05eb4,Jumia,Excellent,5,2026-09-11,Google Play,Customer Review,https://play.google.com/store/apps/details?id=com.jumia.android&hl=en&gl=ng
900ee08b-ad93-44b2-bca4-702e310b5925,Jumia,sometimes misbehave,5,2026-09-11,Google Play,Customer Review,https://play.google.com/store/apps/details?id=com.jumia.android&hl=en&gl=ng
6447706f-ab65-4d35-bc05-adb620ac0b96,Jumia,good shopping,5,2026-09-11,Google Play,Customer Review,https://play.google.com/store/apps/details?id=com.jumia.android&hl=en&gl=ng
112b54b3-7a90-45ab-aa09-7ac387692a1d,Jumia,ordering is great but the workers at the pick up station are not serious cuz when I went to collect my package they weren't there and when I called they said they don't care,1,2026-09-11,Google Play,Customer Review,https://play.google.com/store/apps/details?id=com.jumia.android&hl=en&gl=ng
a3ed0c40-1df2-4bbe-b3f9-295ce8dc69f7,Jumia,💯💯💯💯💯,5,2026-09-11,Google Play,Customer Review,https://play.google.com/store/apps/details?id=com.jumia.android&hl=en&gl=ng
bb7c5e58-5039-4a1d-a1ef-ead980f87d05,Jumia,it's a very reliable online shopping Mall I,4,2026-09-11,Google Play,Customer Review,https://play.google.com/store/apps/details?id=com.jumia.android&hl=en&gl=ng
c1f22eaa-0a74-4c2b-ba64-00a245cc147c,Jumia,good,3,2026-09-11,Google Play,Customer Review,https://play.google.com/store/apps/details?id=com.jumia.android&hl=en&gl=ng
43c934ea-6941-4101-9413-b06760e34633,Jumia,I really appreciate the way you serve customers and all my packages are good,5,2026-09-11,Google Play,Customer Review,https://play.google.com/store/apps/details?id=com.jumia.android&hl=en&gl=ng
cfbbb5f0-1123-4c08-92e9-55d3a9d1f2dd,Jumia,I love them they are trustworthy and bring the exact item thanks Jumia,5,2026-09-11,Google Play,Customer Review,https://play.google.com/store/apps/details?id=com.jumia.android&hl=en&gl=ng
cfc9d4d6-d379-4f98-933f-8541f7dd4519,Jumia,Is good but check ur product to be sure is original before u sell it out and package the creams very well so it will not damage,1,2026-09-11,Google Play,Customer Review,https://play.google.com/store/apps/details?id=com.jumia.android&hl=en&gl=ng
476e965d-30b2-48a9-9a8a-5aa2d90c1181,Jumia,fake rating,1,2026-09-11,Google Play,Customer Review,https://play.google.com/store/apps/details?id=com.jumia.android&hl=en&gl=ng
11fc2fc0-83b7-47dd-aaa5-ccd07f0e8e82,Jumia,jumia services is the best,5,2026-09-11,Google Play,Customer Review,https://play.google.com/store/apps/details?id=com.jumia.android&hl=en&gl=ng
3d91457d-5461-42bb-addd-77eabb2d230b,Jumia,Good 👍,5,2026-09-11,Google Play,Customer Review,https://play.google.com/store/apps/details?id=com.jumia.android&hl=en&gl=ng
1762c6bb-1003-4b61-b1f3-df5f9147f817,Jumia,good services,2,2026-09-11,Google Play,Customer Review,https://play.google.com/store/apps/details?id=com.jumia.android&hl=en&gl=ng
878d695a-6744-4efb-9698-bb49d63d9c23,Jumia,Trusted App,5,2026-09-11,Google Play,Customer Review,https://play.google.com/store/apps/details?id=com.jumia.android&hl=en&gl=ng
6b14da3c-a615-4a38-910c-2c580f4d0a6a,Jumia,great App,4,2026-09-11,Google Play,Customer Review,https://play.google.com/store/apps/details?id=com.jumia.android&hl=en&gl=ng
e7118828-78f7-410e-a3a9-0f92558004f9,Jumia,good 👍,4,2026-09-11,Google Play,Customer Review,https://play.google.com/store/apps/details?id=com.jumia.android&hl=en&gl=ng
ab74b299-97c2-4e16-bab7-4010ac0ae71e,Jumia,prompt and reliable,4,2026-09-11,Google Play,Customer Review,https://play.google.com/store/apps/details?id=com.jumia.android&hl=en&gl=ng
ec11f161-95a9-4c0c-9aeb-5c6f0aaa6add,Jumia,perfect!.,5,2026-09-11,Google Play,Customer Review,https://play.google.com/store/apps/details?id=com.jumia.android&hl=en&gl=ng
87c676f7-834c-4717-a1a7-6ff49b13d3db,Jumia,bit expensive,5,2026-09-11,Google Play,Customer Review,https://play.google.com/store/apps/details?id=com.jumia.android&hl=en&gl=ng
89f3f009-3962-49b5-9a80-d7429c315aff,Jumia,My number one online shopping stores. Thank you Jumia.,3,2026-09-11,Google Play,Customer Review,https://play.google.com/store/apps/details?id=com.jumia.android&hl=en&gl=ng
8db68e71-5e9b-4888-ba36-97c484730b81,Jumia,No much stress in making payments,4,2026-09-11,Google Play,Customer Review,https://play.google.com/store/apps/details?id=com.jumia.android&hl=en&gl=ng
f247e30f-cfd3-46bb-a257-836ad3248326,Jumia,cool,4,2026-09-11,Google Play,Customer Review,https://play.google.com/store/apps/details?id=com.jumia.android&hl=en&gl=ng
ca8fea00-eb88-40e5-9758-3d54a552bb77,Jumia,their drivers are thieves,1,2026-09-11,Google Play,Customer Review,https://play.google.com/store/apps/details?id=com.jumia.android&hl=en&gl=ng
bbcbbb25-144d-478c-ac33-55c087d25d81,Jumia,better,5,2026-09-11,Google Play,Customer Review,https://play.google.com/store/apps/details?id=com.jumia.android&hl=en&gl=ng
74ae4ef1-7457-4da2-a630-f50d25b3329c,Jumia,so lovely and beautiful to patronize,5,2026-09-11,Google Play,Customer Review,https://play.google.com/store/apps/details?id=com.jumia.android&hl=en&gl=ng
9fee4563-c90b-4962-9597-6443c769edf8,Jumia,The application failed. It kept telling me to create a new password each time I tried to log in.,4,2026-09-11,Google Play,Customer Review,https://play.google.com/store/apps/details?id=com.jumia.android&hl=en&gl=ng
3dae9e11-1d4e-4fc7-be54-20574e16a8fd,Jumia,good,5,2026-09-11,Google Play,Customer Review,https://play.google.com/store/apps/details?id=com.jumia.android&hl=en&gl=ng
55186109-0410-4c76-ae06-53ab67e8ff5d,Jumia,cool,3,2026-09-11,Google Play,Customer Review,https://play.google.com/store/apps/details?id=com.jumia.android&hl=en&gl=ng
7a82edbf-428a-42a9-9c55-c0cc36fb85f4,Jumia,wonderful,5,2026-09-11,Google Play,Customer Review,https://play.google.com/store/apps/details?id=com.jumia.android&hl=en&gl=ng
11f39833-66c1-4b7b-88b4-0edd314978f4,Jumia,wow I like this app it's so good that I cannot going to the shop to buy something when Jumia it is here,4,2026-09-11,Google Play,Customer Review,https://play.google.com/store/apps/details?id=com.jumia.android&hl=en&gl=ng
1270d0fb-b67d-461d-8cea-898aa274eb37,Jumia,just pleased with your work,5,2026-09-11,Google Play,Customer Review,https://play.google.com/store/apps/details?id=com.jumia.android&hl=en&gl=ng
2d21af34-1a61-4477-8191-70bf94b91a43,Jumia,good,4,2026-09-11,Google Play,Customer Review,https://play.google.com/store/apps/details?id=com.jumia.android&hl=en&gl=ng
70614cca-3282-44fa-9948-af721f82efa7,Jumia,you people are doing a great job keep it up,4,2026-09-11,Google Play,Customer Review,https://play.google.com/store/apps/details?id=com.jumia.android&hl=en&gl=ng
b71e52c9-db0a-42f4-b688-1fd1bf274184,Jumia,Good service,5,2026-09-11,Google Play,Customer Review,https://play.google.com/store/apps/details?id=com.jumia.android&hl=en&gl=ng
756dbaa7-6c74-48cb-a849-0b0ffe78a13e,Jumia,I was logged out of my account and it took almost an hour to get back in. The app would not accept my saved password. The app would also not allow me to change my password and kept throwing me out and rejecting my new password. Very frustrating!!!,2,2026-09-11,Google Play,Customer Review,https://play.google.com/store/apps/details?id=com.jumia.android&hl=en&gl=ng
65881d78-40b4-4704-aa14-d4a5870f53e7,Jumia,user friemdly,5,2026-09-11,Google Play,Customer Review,https://play.google.com/store/apps/details?id=com.jumia.android&hl=en&gl=ng
227b9f6d-89e6-44ab-8e89-f4a3437a7c67,Jumia,jumia the best,5,2026-09-11,Google Play,Customer Review,https://play.google.com/store/apps/details?id=com.jumia.android&hl=en&gl=ng
c9ca8580-1d9c-4b92-b02a-0f5ca608d3d1,Jumia,the best in this. Much love,5,2026-09-11,Google Play,Customer Review,https://play.google.com/store/apps/details?id=com.jumia.android&hl=en&gl=ng
9ebc62ba-903b-4e26-9c2f-4cadb25e9605,Jumia,"jumia is an easy simplest understandable platform,which it's product were very cheap ,so don't miss it .",5,2026-09-11,Google Play,Customer Review,https://play.google.com/store/apps/details?id=com.jumia.android&hl=en&gl=ng
e8588f4a-1069-432f-949c-eb89e47fc909,Jumia,this one of the best online shopping platform🛒been shopping with jumia from over 5 years now no issue,5,2026-09-11,Google Play,Customer Review,https://play.google.com/store/apps/details?id=com.jumia.android&hl=en&gl=ng
b8d4a450-c6eb-4b3f-b087-142d97163afa,Jumia,"Delivery is actually real, U can easily get what you want",4,2026-09-11,Google Play,Customer Review,https://play.google.com/store/apps/details?id=com.jumia.android&hl=en&gl=ng
d347c218-bcff-4a3b-91f6-7855912e4fb0,Jumia,so far so good,5,2026-09-10,Google Play,Customer Review,https://play.google.com/store/apps/details?id=com.jumia.android&hl=en&gl=ng
c1196e2e-b1a2-4a85-b129-930212423727,Jumia,please try and be putting up the right thing you show here to your customers on delivery,3,2026-09-10,Google Play,Customer Review,https://play.google.com/store/apps/details?id=com.jumia.android&hl=en&gl=ng
c50cfc5e-a7f9-45a1-8979-7b826c818897,Jumia,good,5,2026-09-10,Google Play,Customer Review,https://play.google.com/store/apps/details?id=com.jumia.android&hl=en&gl=ng
f8c85bfc-e4e6-4cb9-bf1b-4b9fb9a9daf8,Jumia,Great app make. more like these,2,2026-09-10,Google Play,Customer Review,https://play.google.com/store/apps/details?id=com.jumia.android&hl=en&gl=ng
131f702b-3e08-46eb-8e01-9e8385506daf,Jumia,love it,5,2026-09-10,Google Play,Customer Review,https://play.google.com/store/apps/details?id=com.jumia.android&hl=en&gl=ng
041fcd8d-b404-41ca-80bb-777bb0b4fb97,Jumia,best for any online order,5,2026-09-10,Google Play,Customer Review,https://play.google.com/store/apps/details?id=com.jumia.android&hl=en&gl=ng
0af8e67f-9662-4b5c-ab28-1fd3620357e9,Jumia,trustworthy and reliable,5,2026-09-10,Google Play,Customer Review,https://play.google.com/store/apps/details?id=com.jumia.android&hl=en&gl=ng
5a02b02b-9f2c-4598-b22c-08b8beb57e5f,Jumia,am always ok with my goods,5,2026-09-10,Google Play,Customer Review,https://play.google.com/store/apps/details?id=com.jumia.android&hl=en&gl=ng
8dbb1715-8c7f-442c-9974-7ac7465fd388,Jumia,"I always exit the app whenever a pop-up ad appears. This is because I usually visit the app to buy items, but some useless ads kept prompting and obstructing my search for the items I need to buy. It seems displaying ads, by Jumia, on the app is more profitable than selling items. Disgusting. Expected better experience after the update, but ended up not being able to login to the poor app.",1,2026-09-10,Google Play,Customer Review,https://play.google.com/store/apps/details?id=com.jumia.android&hl=en&gl=ng
a6aef301-5a2d-401b-a8f7-567af8e86470,Jumia,"It's a good app but I have a problem with it 😞, after using the app to buy, and not using after for a while, i can't seem to login back to my page 😔,i used an email for it but it tells me my account has been suspended. you guys have to fix it.",4,2026-09-10,Google Play,Customer Review,https://play.google.com/store/apps/details?id=com.jumia.android&hl=en&gl=ng
76aac2e1-7cd4-4986-b187-16e4db95af28,Jumia,j think transport costs are high,1,2026-09-10,Google Play,Customer Review,https://play.google.com/store/apps/details?id=com.jumia.android&hl=en&gl=ng
de2ab9ea-db7d-42dc-a16f-39c70722603b,Jumia,I love Jumia system of operations,4,2026-09-10,Google Play,Customer Review,https://play.google.com/store/apps/details?id=com.jumia.android&hl=en&gl=ng
ff432994-3538-4752-8633-7ee647f02bd1,Jumia,very nice,2,2026-09-10,Google Play,Customer Review,https://play.google.com/store/apps/details?id=com.jumia.android&hl=en&gl=ng
3484c7e1-dced-4450-9ec6-de9c8485cf19,Jumia,They are reliable but their shipping fee is too high,5,2026-09-10,Google Play,Customer Review,https://play.google.com/store/apps/details?id=com.jumia.android&hl=en&gl=ng
12e2715f-7fcf-4c79-94d6-42a360999e80,Jumia,akinniyi oladipupo: The service is wow,5,2026-09-10,Google Play,Customer Review,https://play.google.com/store/apps/details?id=com.jumia.android&hl=en&gl=ng
60da83d2-6610-4922-87b8-2e00f3e18cb1,Jumia,great,5,2026-09-10,Google Play,Customer Review,https://play.google.com/store/apps/details?id=com.jumia.android&hl=en&gl=ng
ab66af86-1666-4753-9536-96d3535f87d5,Jumia,I am really happy that I have also tried to order something from jumia,2,2026-09-10,Google Play,Customer Review,https://play.google.com/store/apps/details?id=com.jumia.android&hl=en&gl=ng
2264a8b8-c145-4291-9428-82cd8f81b59d,Jumia,Great app,5,2026-09-10,Google Play,Customer Review,https://play.google.com/store/apps/details?id=com.jumia.android&hl=en&gl=ng
b9fa8c12-393b-4bb5-ba3f-3e91e0944244,Jumia,Excellent,5,2026-09-10,Google Play,Customer Review,https://play.google.com/store/apps/details?id=com.jumia.android&hl=en&gl=ng
b34de499-8f93-4f22-9ea8-e67eb8cd6a09,Jumia,The app is fast and simple to use,5,2026-09-10,Google Play,Customer Review,https://play.google.com/store/apps/details?id=com.jumia.android&hl=en&gl=ng
71b54bc6-18c8-4317-b6f7-2ce4547f5bf6,Jumia,JUMIA is okay I have been Enjoying It Lately. I Recommend JUMIA For Everyone,5,2026-09-10,Google Play,Customer Review,https://play.google.com/store/apps/details?id=com.jumia.android&hl=en&gl=ng
b848e404-b4b9-475f-b756-c8363fb346b5,Jumia,excellent 👍,5,2026-09-10,Google Play,Customer Review,https://play.google.com/store/apps/details?id=com.jumia.android&hl=en&gl=ng
6be65c42-5ed8-40ff-acc7-59816fd6fe17,Jumia,good,5,2026-09-10,Google Play,Customer Review,https://play.google.com/store/apps/details?id=com.jumia.android&hl=en&gl=ng
ea914cc8-6245-49c4-97e6-17e71908adb3,Jumia,battery life is good,5,2026-09-10,Google Play,Customer Review,https://play.google.com/store/apps/details?id=com.jumia.android&hl=en&gl=ng
976a7c2e-25f8-4357-a2d5-354e8471f714,Jumia,موقع فاشل حصل معاهم اخطاء من ٧ سنين وطلبت اربع منتجات منهم تاني بعد ما فضلو ٣ ايام عملو ريفند للطلبات والفلوس هترجع بعد ٢١ يوم,1,2026-09-10,Google Play,Customer Review,https://play.google.com/store/apps/details?id=com.jumia.android&hl=en&gl=ng
acc7bc8f-6851-44f4-b19f-389ab2a396a7,Jumia,Great app,5,2026-09-10,Google Play,Customer Review,https://play.google.com/store/apps/details?id=com.jumia.android&hl=en&gl=ng
80bb2403-e848-44b7-87dc-04431e187355,Jumia,Facile à utiliser,5,2026-09-10,Google Play,Customer Review,https://play.google.com/store/apps/details?id=com.jumia.android&hl=en&gl=ng
3e07dd1a-437c-4730-9579-615e24a7a551,Jumia,beautiful,5,2026-09-10,Google Play,Customer Review,https://play.google.com/store/apps/details?id=com.jumia.android&hl=en&gl=ng
824f7146-e921-404a-991a-2fd2add458b7,Jumia,Great shopping app,5,2026-09-10,Google Play,Customer Review,https://play.google.com/store/apps/details?id=com.jumia.android&hl=en&gl=ng
006f8aba-8fc7-46c5-978e-d8d5e08220e2,Jumia,Good,5,2026-09-10,Google Play,Customer Review,https://play.google.com/store/apps/details?id=com.jumia.android&hl=en&gl=ng
631fc149-67e9-4173-9a8a-e3a8a0af7902,Jumia,excellent,5,2026-09-10,Google Play,Customer Review,https://play.google.com/store/apps/details?id=com.jumia.android&hl=en&gl=ng
c1ea6ac1-4398-4b60-91eb-cead4d290327,Jumia,Best Shop,5,2026-09-10,Google Play,Customer Review,https://play.google.com/store/apps/details?id=com.jumia.android&hl=en&gl=ng
0e950461-c68e-42a8-9b2e-7b90091d71ea,Jumia,Sharp,5,2026-09-10,Google Play,Customer Review,https://play.google.com/store/apps/details?id=com.jumia.android&hl=en&gl=ng
40e1715c-0993-4fc8-b02c-8e748185d8c7,Jumia,Great and smooth service 👌,5,2026-09-10,Google Play,Customer Review,https://play.google.com/store/apps/details?id=com.jumia.android&hl=en&gl=ng
3d2280ea-96db-4ad1-b889-f13c94203957,Jumia,Best,5,2026-09-10,Google Play,Customer Review,https://play.google.com/store/apps/details?id=com.jumia.android&hl=en&gl=ng
6f4d5718-973e-457e-92d9-53134980b765,Jumia,My expectations for a good and lasting product,3,2026-09-10,Google Play,Customer Review,https://play.google.com/store/apps/details?id=com.jumia.android&hl=en&gl=ng
5e6a172c-06a7-429c-8460-bdf4b6350f8e,Jumia,good,4,2026-09-10,Google Play,Customer Review,https://play.google.com/store/apps/details?id=com.jumia.android&hl=en&gl=ng
b61ee26e-15f2-4bb0-aaaf-bc5a0266aba8,Jumia,good,5,2026-09-10,Google Play,Customer Review,https://play.google.com/store/apps/details?id=com.jumia.android&hl=en&gl=ng
28dadf32-b8dc-4faa-b53a-9021e76da393,Jumia,Jumia is trying but their prices this days is killing person woooooh,5,2026-09-10,Google Play,Customer Review,https://play.google.com/store/apps/details?id=com.jumia.android&hl=en&gl=ng
ff9285c9-7036-4ea6-8f40-0e3054b38ca9,Jumia,They've so far delivered as promised... Good service. You get what you pay for.,4,2026-09-10,Google Play,Customer Review,https://play.google.com/store/apps/details?id=com.jumia.android&hl=en&gl=ng
0e1f93c5-aea9-4ae3-8fad-a1dea5bd531a,Jumia,affordable,5,2026-09-10,Google Play,Customer Review,https://play.google.com/store/apps/details?id=com.jumia.android&hl=en&gl=ng
8258d0f3-d9e9-4ad2-a030-fdaca2bcc309,Jumia,good,5,2026-09-10,Google Play,Customer Review,https://play.google.com/store/apps/details?id=com.jumia.android&hl=en&gl=ng
54b4817d-5b00-4bc7-bf33-d3e178da7f53,Jumia,okay,5,2026-09-10,Google Play,Customer Review,https://play.google.com/store/apps/details?id=com.jumia.android&hl=en&gl=ng
3ca01a45-63bf-4731-80fc-76f1e0de0d66,Jumia,excellent 👌,5,2026-09-10,Google Play,Customer Review,https://play.google.com/store/apps/details?id=com.jumia.android&hl=en&gl=ng
c2d99b93-be8f-4b68-9b8a-3be0425d4e8e,Jumia,of high quality 👌,5,2026-09-10,Google Play,Customer Review,https://play.google.com/store/apps/details?id=com.jumia.android&hl=en&gl=ng
4fd46a30-5edc-408f-9442-ba84e44e6551,Jumia,I trusted jum,5,2026-09-10,Google Play,Customer Review,https://play.google.com/store/apps/details?id=com.jumia.android&hl=en&gl=ng
ef3b02d9-aad9-4979-a312-1df3dc55edf2,Jumia,It's a nice place please i need my complete set of watch that i order oo,5,2026-09-10,Google Play,Customer Review,https://play.google.com/store/apps/details?id=com.jumia.android&hl=en&gl=ng
f5cbb513-f2f2-4021-8b41-4377277776b4,Jumia,Good work I like the app,5,2026-09-10,Google Play,Customer Review,https://play.google.com/store/apps/details?id=com.jumia.android&hl=en&gl=ng
aacc1855-5fba-4b2a-aa5d-fbcc50dbefbe,Jumia,the reason why I love buying using jumia is because what you are buying is directly from the products company,5,2026-09-10,Google Play,Customer Review,https://play.google.com/store/apps/details?id=com.jumia.android&hl=en&gl=ng
7d674e80-dc4f-4993-9e13-9391cf272bb1,Jumia,trade with JUMIA with ease and convince,5,2026-09-10,Google Play,Customer Review,https://play.google.com/store/apps/details?id=com.jumia.android&hl=en&gl=ng
c9a6f1cb-e516-4bc5-a32e-30eca6c35abb,Jumia,"Smooth way of trade and commerce, 👍",5,2026-09-10,Google Play,Customer Review,https://play.google.com/store/apps/details?id=com.jumia.android&hl=en&gl=ng
f30152d2-38e0-4707-a6b4-383329f12195,Jumia,"started shopping on jumia not long ago and it was great, but they moved their pickup station and it has become hard for me to place an order cuz I can't go to the new pickup station",4,2026-09-10,Google Play,Customer Review,https://play.google.com/store/apps/details?id=com.jumia.android&hl=en&gl=ng
7bbf1628-7c31-4f97-9dd2-807cbe0d89f6,Jumia,am a good customer,5,2026-09-10,Google Play,Customer Review,https://play.google.com/store/apps/details?id=com.jumia.android&hl=en&gl=ng
c79a42ef-47f2-40f8-8607-6dcff4bdb3b1,Jumia,awesome experience with a wide range of items and at a discounted price,5,2026-09-10,Google Play,Customer Review,https://play.google.com/store/apps/details?id=com.jumia.android&hl=en&gl=ng
be4b4833-2e98-4a18-a21a-5badae87ea36,Jumia,good,5,2026-09-10,Google Play,Customer Review,https://play.google.com/store/apps/details?id=com.jumia.android&hl=en&gl=ng
0712a842-5837-42cf-a0aa-e1b5e84a4caa,Jumia,it's good,5,2026-09-10,Google Play,Customer Review,https://play.google.com/store/apps/details?id=com.jumia.android&hl=en&gl=ng
2e41d529-6163-4403-9ee5-addee3bedcc1,Jumia,Jumia is the best on line shopping,5,2026-09-10,Google Play,Customer Review,https://play.google.com/store/apps/details?id=com.jumia.android&hl=en&gl=ng
1d15c78e-4771-46c3-a7f6-5c298cb4d37c,Jumia,improve on delivery time,4,2026-09-10,Google Play,Customer Review,https://play.google.com/store/apps/details?id=com.jumia.android&hl=en&gl=ng
c9732cba-8231-4bb2-9ffb-ab9d7715dee0,Jumia,one of the best ✌️,5,2026-09-10,Google Play,Customer Review,https://play.google.com/store/apps/details?id=com.jumia.android&hl=en&gl=ng
476aece5-f157-4d2f-8e48-20fc759da9cd,Jumia,reliable n convenient way of shopping.,5,2026-09-10,Google Play,Customer Review,https://play.google.com/store/apps/details?id=com.jumia.android&hl=en&gl=ng
631358eb-17dd-4784-a0f9-7becc24f9a5b,Jumia,Good service,4,2026-09-10,Google Play,Customer Review,https://play.google.com/store/apps/details?id=com.jumia.android&hl=en&gl=ng
503a04ba-ffd2-4d6b-aea7-cecc7b1465ed,Jumia,Quick,5,2026-09-10,Google Play,Customer Review,https://play.google.com/store/apps/details?id=com.jumia.android&hl=en&gl=ng
a93c1a31-e12f-478e-a989-5b49a6885687,Jumia,good service and affordable prices,1,2026-09-10,Google Play,Customer Review,https://play.google.com/store/apps/details?id=com.jumia.android&hl=en&gl=ng
eeed5a93-2b8b-49ba-902e-8ea4e14c93fa,Jumia,Easy and convenient to use,4,2026-09-10,Google Play,Customer Review,https://play.google.com/store/apps/details?id=com.jumia.android&hl=en&gl=ng
6a421fba-0708-4955-8a55-ea7cae901171,Jumia,best,5,2026-09-10,Google Play,Customer Review,https://play.google.com/store/apps/details?id=com.jumia.android&hl=en&gl=ng
6cd60c6b-a81e-4677-8a96-c011585a7dc2,Jumia,نظام توصيل سئ,1,2026-09-10,Google Play,Customer Review,https://play.google.com/store/apps/details?id=com.jumia.android&hl=en&gl=ng
d23b7697-9fe3-4ea9-9ef6-c43e40670612,Jumia,The best online shop. i love it,5,2026-09-10,Google Play,Customer Review,https://play.google.com/store/apps/details?id=com.jumia.android&hl=en&gl=ng
c4534811-ad28-4258-ba30-e3a148fe9fb0,Jumia,very fast and reliable app,5,2026-09-10,Google Play,Customer Review,https://play.google.com/store/apps/details?id=com.jumia.android&hl=en&gl=ng
0fc02d85-a1c1-4b24-beb3-cdd8763d5c3e,Jumia,nice 👍,5,2026-09-10,Google Play,Customer Review,https://play.google.com/store/apps/details?id=com.jumia.android&hl=en&gl=ng
f12145e0-5180-4a54-b39f-d64f694f5548,Jumia,good choice,2,2026-09-10,Google Play,Customer Review,https://play.google.com/store/apps/details?id=com.jumia.android&hl=en&gl=ng
7b72eee6-f310-4c47-b592-80d2fc6c6c11,Jumia,love it,5,2026-09-09,Google Play,Customer Review,https://play.google.com/store/apps/details?id=com.jumia.android&hl=en&gl=ng
70b90f7a-372f-40c2-ae2c-87acd93c1aea,Jumia,nice mobile store for buy merch,4,2026-09-09,Google Play,Customer Review,https://play.google.com/store/apps/details?id=com.jumia.android&hl=en&gl=ng
684b056d-3c3e-49df-9a1f-98606476200a,Jumia,Good,5,2026-09-09,Google Play,Customer Review,https://play.google.com/store/apps/details?id=com.jumia.android&hl=en&gl=ng
36e0873d-c029-46f5-a6f2-3434b9605e8d,Jumia,nice,5,2026-09-09,Google Play,Customer Review,https://play.google.com/store/apps/details?id=com.jumia.android&hl=en&gl=ng
8b666320-ff8c-4529-8275-249bfd69b40f,Jumia,everything you could order it will come with bad quality,1,2026-09-09,Google Play,Customer Review,https://play.google.com/store/apps/details?id=com.jumia.android&hl=en&gl=ng
3e3fcaa3-abe9-4fb3-ae55-7b0a19cf3fcf,Jumia,👍,5,2026-09-09,Google Play,Customer Review,https://play.google.com/store/apps/details?id=com.jumia.android&hl=en&gl=ng
b14cc951-84b0-4646-8fc9-636c42959f59,Jumia,it's ok 👍,3,2026-09-09,Google Play,Customer Review,https://play.google.com/store/apps/details?id=com.jumia.android&hl=en&gl=ng
54dc5663-1ad3-42db-aa78-a8176c6ea0cc,Jumia,you are the best,5,2026-09-09,Google Play,Customer Review,https://play.google.com/store/apps/details?id=com.jumia.android&hl=en&gl=ng
b5336c53-e315-4207-80a2-0c32c8164dca,Jumia,am trying it for the first time,1,2026-09-09,Google Play,Customer Review,https://play.google.com/store/apps/details?id=com.jumia.android&hl=en&gl=ng
f498091b-bf28-41de-96cb-06ad8059baa3,Jumia,good 👍,5,2026-09-09,Google Play,Customer Review,https://play.google.com/store/apps/details?id=com.jumia.android&hl=en&gl=ng
d59a9bd8-18cb-49c8-85d7-f2871cec1f98,Jumia,hi this app is good and it's products and services but now the problem is u guys need to do something when it comes to pick up stations please do something imagine I get to order 5 items go pick them up and I'm just handed them things with no ways to get them home but to go outside to buy a carrier bag after ordering all those items 🙆🙆 please do something thank u 😁,4,2026-09-09,Google Play,Customer Review,https://play.google.com/store/apps/details?id=com.jumia.android&hl=en&gl=ng
0d1b575e-1ad2-4abd-b848-1903df324414,Jumia,The new version is quite confusing.,2,2026-09-09,Google Play,Customer Review,https://play.google.com/store/apps/details?id=com.jumia.android&hl=en&gl=ng
b20b7e62-a3db-49d8-aec2-878f78cbedcd,Jumia,"It's legit, and a talk and do... no regrets at all",5,2026-09-09,Google Play,Customer Review,https://play.google.com/store/apps/details?id=com.jumia.android&hl=en&gl=ng
6adb9812-a37f-409a-8cd6-748a3db579be,Jumia,thankful,1,2026-09-09,Google Play,Customer Review,https://play.google.com/store/apps/details?id=com.jumia.android&hl=en&gl=ng
d8d488ce-0fb9-4d31-a281-18f801d72022,Jumia,The app is nice and I love everything about it. but please put camera search in it for us,4,2026-09-09,Google Play,Customer Review,https://play.google.com/store/apps/details?id=com.jumia.android&hl=en&gl=ng
6653078b-430e-4cc2-b17d-43c4fadbaa61,Jumia,smooth process,4,2026-09-09,Google Play,Customer Review,https://play.google.com/store/apps/details?id=com.jumia.android&hl=en&gl=ng
46b92ac1-de37-4553-b1e5-ee34d786dee7,Jumia,Good service,1,2026-09-09,Google Play,Customer Review,https://play.google.com/store/apps/details?id=com.jumia.android&hl=en&gl=ng
d6ae5bd2-f8ba-4c4b-8c29-8a38b51e1151,Jumia,Excellent,5,2026-09-09,Google Play,Customer Review,https://play.google.com/store/apps/details?id=com.jumia.android&hl=en&gl=ng
4441edaa-8818-4a7d-bbcf-f59de120f311,Jumia,very helpful,2,2026-09-09,Google Play,Customer Review,https://play.google.com/store/apps/details?id=com.jumia.android&hl=en&gl=ng
c6658fe8-3b13-4d79-8b32-599fd72709ae,Jumia,best in what they do,5,2026-09-09,Google Play,Customer Review,https://play.google.com/store/apps/details?id=com.jumia.android&hl=en&gl=ng
f1f813b9-bae1-4c19-af4d-93d53206f095,Jumia,it the best,4,2026-09-09,Google Play,Customer Review,https://play.google.com/store/apps/details?id=com.jumia.android&hl=en&gl=ng
dea6501e-ab7e-4b7f-a3f1-245a4e614303,Jumia,It's the most real online shopping application i have ever seen thanks Jumia for your service,5,2026-09-09,Google Play,Customer Review,https://play.google.com/store/apps/details?id=com.jumia.android&hl=en&gl=ng
e3aadcd6-8c5a-4e3d-b883-ebf75647e61d,Jumia,was fast and easy,4,2026-09-09,Google Play,Customer Review,https://play.google.com/store/apps/details?id=com.jumia.android&hl=en&gl=ng
1aca73de-604d-43b7-94ef-c9f1c2a04708,Jumia,تطبيق وحش و بيلغي الاوردرات في اخر يوم قبل معاد الوصول,1,2026-09-09,Google Play,Customer Review,https://play.google.com/store/apps/details?id=com.jumia.android&hl=en&gl=ng
5ca5c2ad-c760-47cc-8cae-f692ccceca8e,Jumia,great,5,2026-09-09,Google Play,Customer Review,https://play.google.com/store/apps/details?id=com.jumia.android&hl=en&gl=ng
940703a5-8d00-48c3-81ab-3c3bea47fffc,Jumia,"pretty good. I've not had a bad experience yet but it's really sad that I have to pay nearly 20k to get to the closest pickup station near me in rivers state. I don't even live in a remote place. in the whole of ONELGA no single pickup station, they don't even deliver there. I spent over 60k for 3 different deliveries, and I'm tired. I just can't anymore. I've moved to temu, they have more variety items that are cheaper and I don't have to spend an egregious amount on transportation.",3,2026-09-09,Google Play,Customer Review,https://play.google.com/store/apps/details?id=com.jumia.android&hl=en&gl=ng
23f98f64-c2f1-4493-a23d-f18bafeed9e3,Jumia,Jumia is the best,5,2026-09-09,Google Play,Customer Review,https://play.google.com/store/apps/details?id=com.jumia.android&hl=en&gl=ng
3c299aba-cc6f-456b-a362-7e851ff6992c,Jumia,excellent,5,2026-09-09,Google Play,Customer Review,https://play.google.com/store/apps/details?id=com.jumia.android&hl=en&gl=ng
b95ffffb-2cb3-4ef6-a25b-ca21a774dbe4,Jumia,fantastic,5,2026-09-09,Google Play,Customer Review,https://play.google.com/store/apps/details?id=com.jumia.android&hl=en&gl=ng
907533d4-6bb8-4ad6-bd49-927ae5e4369e,Jumia,Best shopping app ever,5,2026-09-09,Google Play,Customer Review,https://play.google.com/store/apps/details?id=com.jumia.android&hl=en&gl=ng
c2695221-cbe0-4ccc-9ec4-08c5c0aa92eb,Jumia,legit💯💯 no scamm zone,5,2026-09-09,Google Play,Customer Review,https://play.google.com/store/apps/details?id=com.jumia.android&hl=en&gl=ng
57caf79e-339d-4413-bb73-798423d9af39,Jumia,they are very fast and reliable,5,2026-09-09,Google Play,Customer Review,https://play.google.com/store/apps/details?id=com.jumia.android&hl=en&gl=ng
d3db0523-7cf3-4f99-89a0-fe3c6faf9c0e,Jumia,Excellent app,5,2026-09-09,Google Play,Customer Review,https://play.google.com/store/apps/details?id=com.jumia.android&hl=en&gl=ng
a15d1352-f90c-44b0-bb05-a5a06d717d5e,Jumia,Best,3,2026-09-09,Google Play,Customer Review,https://play.google.com/store/apps/details?id=com.jumia.android&hl=en&gl=ng
4204a45c-cebd-4068-80f9-84d00cce0923,Jumia,good,2,2026-09-09,Google Play,Customer Review,https://play.google.com/store/apps/details?id=com.jumia.android&hl=en&gl=ng
252fade3-2133-4ac9-8e39-389e08ab5f51,Jumia,it's quick and has a lot of varieties with good deals,5,2026-09-09,Google Play,Customer Review,https://play.google.com/store/apps/details?id=com.jumia.android&hl=en&gl=ng
53035dcd-0b17-45f9-8ac7-7a1c6b1d243c,Jumia,reliable,5,2026-09-09,Google Play,Customer Review,https://play.google.com/store/apps/details?id=com.jumia.android&hl=en&gl=ng
fc6e2318-3e56-49fb-905a-0acfc6d013ef,Jumia,good and easy,5,2026-09-09,Google Play,Customer Review,https://play.google.com/store/apps/details?id=com.jumia.android&hl=en&gl=ng
9037384f-a0e7-4a6f-b03d-ba7cc9e8aa7c,Jumia,"Your app has been giving me issues for a while now... It's not loading, why? I have uninstalled and reinstalled but the challenge persists... It began working after while and it has gone back to that state of not loading? You need to work on your app NOW.",1,2026-09-09,Google Play,Customer Review,https://play.google.com/store/apps/details?id=com.jumia.android&hl=en&gl=ng
cb672a85-a929-4c68-967d-a4344807632e,Jumia,Seamless to place orders and payment on delivery.,3,2026-09-09,Google Play,Customer Review,https://play.google.com/store/apps/details?id=com.jumia.android&hl=en&gl=ng
be9613be-65aa-449a-b55f-829acfbc18c2,Jumia,good,4,2026-09-09,Google Play,Customer Review,https://play.google.com/store/apps/details?id=com.jumia.android&hl=en&gl=ng
511e7ddd-839f-4c2d-bea5-3d953164afe6,Jumia,EXCELLENT,5,2026-09-09,Google Play,Customer Review,https://play.google.com/store/apps/details?id=com.jumia.android&hl=en&gl=ng
789e2e0f-bcba-4506-a3ed-d1f3a25b8e97,Jumia,with jumia am sure of shopping original products,5,2026-09-09,Google Play,Customer Review,https://play.google.com/store/apps/details?id=com.jumia.android&hl=en&gl=ng
f9f7e534-d2e8-43db-ad00-24cb46dcbed9,Jumia,I recommend their services I receive my order as requested,5,2026-09-09,Google Play,Customer Review,https://play.google.com/store/apps/details?id=com.jumia.android&hl=en&gl=ng
d0349afc-9577-4f0a-8be5-8ae4f3ef31d1,Jumia,good and easy collect,5,2026-09-09,Google Play,Customer Review,https://play.google.com/store/apps/details?id=com.jumia.android&hl=en&gl=ng
c040d8c0-c6a0-4f73-9d01-1604c6eee779,Jumia,fast and secure,5,2026-09-09,Google Play,Customer Review,https://play.google.com/store/apps/details?id=com.jumia.android&hl=en&gl=ng
ba2dca75-32bf-478e-9845-c27c8f292dd9,Jumia,it good enough,3,2026-09-09,Google Play,Customer Review,https://play.google.com/store/apps/details?id=com.jumia.android&hl=en&gl=ng
26994c4d-2668-4bd4-9ac2-fe8f25df24d1,Jumia,food items should be added too,5,2026-09-09,Google Play,Customer Review,https://play.google.com/store/apps/details?id=com.jumia.android&hl=en&gl=ng
7e9a83b9-cafb-43ec-be98-d674b02c492b,Jumia,to expensive,1,2026-09-09,Google Play,Customer Review,https://play.google.com/store/apps/details?id=com.jumia.android&hl=en&gl=ng
e17df97c-1a4c-46d6-ac6d-7cb54ce7edbd,Jumia,good 😊,5,2026-09-09,Google Play,Customer Review,https://play.google.com/store/apps/details?id=com.jumia.android&hl=en&gl=ng
2849b876-06d6-4aa9-bd7d-df6655f858a4,Jumia,your perfect and safe place to get a good and suitable goods 😁,5,2026-09-09,Google Play,Customer Review,https://play.google.com/store/apps/details?id=com.jumia.android&hl=en&gl=ng
a530f5cf-41e5-42e7-b0e2-befc76c0bbbc,Jumia,excellent service,5,2026-09-09,Google Play,Customer Review,https://play.google.com/store/apps/details?id=com.jumia.android&hl=en&gl=ng
157dcba7-8c55-4bd2-92ee-2b600d3d96a8,Jumia,still waiting for my goods,3,2026-09-09,Google Play,Customer Review,https://play.google.com/store/apps/details?id=com.jumia.android&hl=en&gl=ng
7385a433-9729-4894-aca1-3a071f69318a,Jumia,good job,5,2026-09-09,Google Play,Customer Review,https://play.google.com/store/apps/details?id=com.jumia.android&hl=en&gl=ng
5a3a74c6-cc13-4979-a6da-f2defcc8a486,Jumia,Gooooood,5,2026-09-09,Google Play,Customer Review,https://play.google.com/store/apps/details?id=com.jumia.android&hl=en&gl=ng
a09af5e5-9c2c-4923-9e3f-9c91e0d16aba,Jumia,very satisfying,4,2026-09-09,Google Play,Customer Review,https://play.google.com/store/apps/details?id=com.jumia.android&hl=en&gl=ng
97bef97e-a9ea-49e2-8091-825f1e9008b5,Jumia,good,5,2026-09-09,Google Play,Customer Review,https://play.google.com/store/apps/details?id=com.jumia.android&hl=en&gl=ng
f84c9959-6171-495b-b11f-4cc15a11adb5,Jumia,Best Online shop in Uganda🇺🇬,5,2026-09-09,Google Play,Customer Review,https://play.google.com/store/apps/details?id=com.jumia.android&hl=en&gl=ng
18ed8a73-1701-42ed-a16c-9a59141ad5bf,Jumia,wait till then on my order 😌,3,2026-09-09,Google Play,Customer Review,https://play.google.com/store/apps/details?id=com.jumia.android&hl=en&gl=ng
4fda3254-cde8-4431-a7c0-997cc73f064c,Jumia,"jumia, I'm here to rate you guys just because! I don't even know where to begin, but overall everything about your app, services, customer support, customer care is top of the top. keep up the good work 👍👍",5,2026-09-09,Google Play,Customer Review,https://play.google.com/store/apps/details?id=com.jumia.android&hl=en&gl=ng
b9481361-ba34-436e-bd5f-dc6fa30f7b08,Jumia,Your delivery service is honestly horrible and annoying. I've been expecting my package for days without knowing the reason why my order was postponed pass the delivery date. The delivery person cut my call and cancelled my order without calling me for the reason. This is why I prefer other online shopping. If you can't run your services well then just shut down.,1,2026-09-09,Google Play,Customer Review,https://play.google.com/store/apps/details?id=com.jumia.android&hl=en&gl=ng
c88fdfbe-7e3e-4f85-9e06-7b8751379b75,Jumia,first time ordering but it been good for a while,4,2026-09-09,Google Play,Customer Review,https://play.google.com/store/apps/details?id=com.jumia.android&hl=en&gl=ng
e644f695-714e-495d-9b61-78db782ead1b,Jumia,nice,5,2026-09-09,Google Play,Customer Review,https://play.google.com/store/apps/details?id=com.jumia.android&hl=en&gl=ng
09b04f45-4bdc-44b0-b16c-5db79702b516,Jumia,never I have complained using Jumia for 8 years now😊,5,2026-09-08,Google Play,Customer Review,https://play.google.com/store/apps/details?id=com.jumia.android&hl=en&gl=ng
e0f31c97-7c18-4e97-83e7-1ed65eb36052,Jumia,very good,4,2026-09-08,Google Play,Customer Review,https://play.google.com/store/apps/details?id=com.jumia.android&hl=en&gl=ng
4270da21-ea69-4c0b-8015-7cc5655a103c,Jumia,"it really good, fast and legit",5,2026-09-08,Google Play,Customer Review,https://play.google.com/store/apps/details?id=com.jumia.android&hl=en&gl=ng
64aef67f-24f5-4083-9a2c-1a50c993d1d9,Jumia,I like shopping with jumia good store,5,2026-09-08,Google Play,Customer Review,https://play.google.com/store/apps/details?id=com.jumia.android&hl=en&gl=ng
e83e886f-33e2-4b6e-809d-2ae865c07d27,Jumia,excellent,4,2026-09-08,Google Play,Customer Review,https://play.google.com/store/apps/details?id=com.jumia.android&hl=en&gl=ng
c50f963d-b0cc-476d-9736-b11e3aa56a40,Jumia,the app is very slow. even when I have data and network it takes a very long time to load details,4,2026-09-08,Google Play,Customer Review,https://play.google.com/store/apps/details?id=com.jumia.android&hl=en&gl=ng
920e8213-d49d-48af-9f63-de5c38095856,Jumia,so much good 👍,5,2026-09-08,Google Play,Customer Review,https://play.google.com/store/apps/details?id=com.jumia.android&hl=en&gl=ng
20dcd1a9-20eb-4ec1-a938-78ee646d2f83,Jumia,you should improve on the jewellery sector like Ali express cause most jewelleries are not nice and they are few and also the clothes and shoes please find every trending outfits most for teens and mind about what we search for thank you,4,2026-09-08,Google Play,Customer Review,https://play.google.com/store/apps/details?id=com.jumia.android&hl=en&gl=ng
17c5a95c-5a73-495d-ac04-201ed52a33f5,Jumia,"this new version of the app is crazy you can't even select to see all the flash sales available , not even the top selling item and others, you guys need to do some corrections on this latest version, I shouldn't have upgraded to it if I knew it was this bad",1,2026-09-08,Google Play,Customer Review,https://play.google.com/store/apps/details?id=com.jumia.android&hl=en&gl=ng
dd85eb7a-cda8-4026-8637-40b64e73530d,Jumia,Reliable,5,2026-09-08,Google Play,Customer Review,https://play.google.com/store/apps/details?id=com.jumia.android&hl=en&gl=ng
b147f98e-82f6-4b9d-8f20-fbd34ff02e53,Jumia,totally the best,5,2026-09-08,Google Play,Customer Review,https://play.google.com/store/apps/details?id=com.jumia.android&hl=en&gl=ng
9e3b3bcc-9ad2-4d83-bb72-27b6a8fdd932,Jumia,have nothing to say yet till I receive my order,2,2026-09-08,Google Play,Customer Review,https://play.google.com/store/apps/details?id=com.jumia.android&hl=en&gl=ng
f56f2f25-d842-472b-b58b-c2814c470a18,Jumia,wow so good for the marketing I love it,4,2026-09-08,Google Play,Customer Review,https://play.google.com/store/apps/details?id=com.jumia.android&hl=en&gl=ng
2426d1c3-07db-4da6-a4d3-f1b06369f1d6,Jumia,am in love with this app I'm grateful for this app because everything you order it is what you get and guess what when they say your order has reached and guess what the prices are the prices are lovely you get discounts like on everything almost on everything and I just charge a little for transportation so please support and please do me a team keep up with the thing keep up,5,2026-09-08,Google Play,Customer Review,https://play.google.com/store/apps/details?id=com.jumia.android&hl=en&gl=ng
4a9dd995-c2ca-4093-9067-e4a198898939,Jumia,Smart delivery,5,2026-09-08,Google Play,Customer Review,https://play.google.com/store/apps/details?id=com.jumia.android&hl=en&gl=ng
66807cf0-5644-45d5-88f6-b098440b76e3,Jumia,i had my issues on my product,5,2026-09-08,Google Play,Customer Review,https://play.google.com/store/apps/details?id=com.jumia.android&hl=en&gl=ng
8629c2a3-3417-46cc-b537-cfb78cf7cce5,Jumia,quick service,5,2026-09-08,Google Play,Customer Review,https://play.google.com/store/apps/details?id=com.jumia.android&hl=en&gl=ng
4010eaf9-37b9-4eda-ae27-00033e0f17f3,Jumia,good,2,2026-09-08,Google Play,Customer Review,https://play.google.com/store/apps/details?id=com.jumia.android&hl=en&gl=ng
2fb78dbf-6a03-4ce2-b1b6-28de0ce6a7dc,Jumia,veery nice,5,2026-09-08,Google Play,Customer Review,https://play.google.com/store/apps/details?id=com.jumia.android&hl=en&gl=ng
5309b069-8379-4563-b3a0-26cfce4a3f6a,Jumia,"Smart but with minor mistakes,please avoid",3,2026-09-08,Google Play,Customer Review,https://play.google.com/store/apps/details?id=com.jumia.android&hl=en&gl=ng
2b7a40b8-2f53-40d1-bc2b-e28ba1eb9c05,Jumia,I love it,4,2026-09-08,Google Play,Customer Review,https://play.google.com/store/apps/details?id=com.jumia.android&hl=en&gl=ng
b9513038-b5ec-4a14-8b54-92744bf45275,Jumia,good,5,2026-09-08,Google Play,Customer Review,https://play.google.com/store/apps/details?id=com.jumia.android&hl=en&gl=ng
16aa94f2-ca9e-4a8e-8f05-73e1a2aca644,Jumia,Good,5,2026-09-08,Google Play,Customer Review,https://play.google.com/store/apps/details?id=com.jumia.android&hl=en&gl=ng
f86ddea2-49a5-4537-9a1c-d726f33de36d,Jumia,nice,5,2026-09-08,Google Play,Customer Review,https://play.google.com/store/apps/details?id=com.jumia.android&hl=en&gl=ng
91db9cf8-19ba-4b80-87d2-1ae84a64b0ba,Jumia,i think it's better,1,2026-09-08,Google Play,Customer Review,https://play.google.com/store/apps/details?id=com.jumia.android&hl=en&gl=ng
2b033168-c503-4631-bd94-c29b73b98bc9,Jumia,Reliable online shop 001,5,2026-09-08,Google Play,Customer Review,https://play.google.com/store/apps/details?id=com.jumia.android&hl=en&gl=ng
e2691efa-b83e-4b0a-95c6-25344a6a4812,Jumia,fast and reliable,4,2026-09-08,Google Play,Customer Review,https://play.google.com/store/apps/details?id=com.jumia.android&hl=en&gl=ng
a3ecf668-0cfc-43f6-85ef-33f0869f2492,Jumia,Good,5,2026-09-08,Google Play,Customer Review,https://play.google.com/store/apps/details?id=com.jumia.android&hl=en&gl=ng
629e5030-1f21-4ca4-aad9-9e96a8d7b022,Jumia,great,4,2026-09-08,Google Play,Customer Review,https://play.google.com/store/apps/details?id=com.jumia.android&hl=en&gl=ng
b9820a6e-64c6-4473-a61d-129a57fd0840,Jumia,"vendors =0, live chat agent=0 you guys said fast delivery all thanks to that I lost the gig I was supposed to have please I need a refund and I'm putting 1 star cause I have to write a review",1,2026-09-08,Google Play,Customer Review,https://play.google.com/store/apps/details?id=com.jumia.android&hl=en&gl=ng
f88f0d71-bc49-49d8-868e-d3a53eb074d2,Jumia,I love you oders,5,2026-09-08,Google Play,Customer Review,https://play.google.com/store/apps/details?id=com.jumia.android&hl=en&gl=ng
abf4aebc-80d1-421a-a6d2-4b6aad52bc29,Jumia,I really love the app easy to use and I got was I want easily.,5,2026-09-08,Google Play,Customer Review,https://play.google.com/store/apps/details?id=com.jumia.android&hl=en&gl=ng
0b2696e5-75e8-4019-b304-d373b22529eb,Jumia,jumia products has really been the best,4,2026-09-08,Google Play,Customer Review,https://play.google.com/store/apps/details?id=com.jumia.android&hl=en&gl=ng
a5283073-a0a0-49ce-a692-ee32edc44980,Jumia,I hope jumia is the best,4,2026-09-08,Google Play,Customer Review,https://play.google.com/store/apps/details?id=com.jumia.android&hl=en&gl=ng
7dc13a17-53eb-4d7d-8516-990375c20cca,Jumia,okay,5,2026-09-08,Google Play,Customer Review,https://play.google.com/store/apps/details?id=com.jumia.android&hl=en&gl=ng
dfe396a1-02ab-4192-95b2-573b5cf1574e,Jumia,it's the first time am using it,5,2026-09-08,Google Play,Customer Review,https://play.google.com/store/apps/details?id=com.jumia.android&hl=en&gl=ng
a551131a-cc53-4d53-990e-c66cfdbf121e,Jumia,very nice app,5,2026-09-08,Google Play,Customer Review,https://play.google.com/store/apps/details?id=com.jumia.android&hl=en&gl=ng
b5f55f86-da8f-4cc1-90de-cdafcfa0a154,Jumia,jumia is the best,5,2026-09-08,Google Play,Customer Review,https://play.google.com/store/apps/details?id=com.jumia.android&hl=en&gl=ng
24a135ee-4153-4f63-8d63-2e42c513d0c7,Jumia,Excellent and fitted prices🙏,5,2026-09-08,Google Play,Customer Review,https://play.google.com/store/apps/details?id=com.jumia.android&hl=en&gl=ng
9afd7a49-8960-4fe1-b533-d4e87ae14321,Jumia,good,5,2026-09-08,Google Play,Customer Review,https://play.google.com/store/apps/details?id=com.jumia.android&hl=en&gl=ng
d530ecc5-fb19-4ffc-aa46-33f557424e4c,Jumia,fake people people sell fake products on this app and Jumia does not post the bad reviews they only show the good ones beware of scams and never buy Kirkland on this app,1,2026-09-08,Google Play,Customer Review,https://play.google.com/store/apps/details?id=com.jumia.android&hl=en&gl=ng
bf88319a-2924-47c3-87c8-5111bbc16e13,Jumia,you give few days for pickup,3,2026-09-08,Google Play,Customer Review,https://play.google.com/store/apps/details?id=com.jumia.android&hl=en&gl=ng
f0a5a0a9-0fba-4e22-8bdc-d35f9aa0242d,Jumia,"Punctuality to deliver is top notch, I love it.",5,2026-09-08,Google Play,Customer Review,https://play.google.com/store/apps/details?id=com.jumia.android&hl=en&gl=ng
4cfdbc30-e2d6-466a-b13f-aaf93fa3ac9c,Jumia,They are very fast and reliable i love jumia,5,2026-09-08,Google Play,Customer Review,https://play.google.com/store/apps/details?id=com.jumia.android&hl=en&gl=ng
14d78679-eefa-4d9c-8c5f-44a8c4d75a24,Jumia,i like it so much,5,2026-09-08,Google Play,Customer Review,https://play.google.com/store/apps/details?id=com.jumia.android&hl=en&gl=ng
7af594ff-0464-4db2-8509-a9c1e16ba2d8,Jumia,First time to make an order from Jumia and I hope all is well,2,2026-09-08,Google Play,Customer Review,https://play.google.com/store/apps/details?id=com.jumia.android&hl=en&gl=ng
9af97bf3-0a44-4785-9853-b9c5e6512e58,Jumia,tii,5,2026-09-08,Google Play,Customer Review,https://play.google.com/store/apps/details?id=com.jumia.android&hl=en&gl=ng
6fdd37fe-399e-4e81-a34f-9111809c3490,Jumia,easy reliable,5,2026-09-08,Google Play,Customer Review,https://play.google.com/store/apps/details?id=com.jumia.android&hl=en&gl=ng
fb62b0c8-32f4-467d-8ecb-f20941107958,Jumia,nice,5,2026-09-08,Google Play,Customer Review,https://play.google.com/store/apps/details?id=com.jumia.android&hl=en&gl=ng
16abd0dc-cbd3-49df-a9c0-ced007eed44b,Jumia,fast and reliable,2,2026-09-08,Google Play,Customer Review,https://play.google.com/store/apps/details?id=com.jumia.android&hl=en&gl=ng
0875134c-c047-4add-af26-b19a5df03012,Jumia,trying,5,2026-09-08,Google Play,Customer Review,https://play.google.com/store/apps/details?id=com.jumia.android&hl=en&gl=ng
9dcaf964-eb4c-40b9-bc6e-1692ebbc032e,Jumia,Very good shopping app,5,2026-09-08,Google Play,Customer Review,https://play.google.com/store/apps/details?id=com.jumia.android&hl=en&gl=ng
aae13a2d-4a74-419c-a53f-6d99e58a7dd4,Jumia,good,4,2026-09-08,Google Play,Customer Review,https://play.google.com/store/apps/details?id=com.jumia.android&hl=en&gl=ng
64d2c74f-18d8-47d9-ab88-80ec8d341e32,Jumia,.good,5,2026-09-08,Google Play,Customer Review,https://play.google.com/store/apps/details?id=com.jumia.android&hl=en&gl=ng
2a7e28db-a90a-486b-8f53-88c57e6fe17a,Jumia,love to shop from here but needs to improve in specialisation when it comes to sizes,5,2026-09-08,Google Play,Customer Review,https://play.google.com/store/apps/details?id=com.jumia.android&hl=en&gl=ng
ea7d43f9-b01f-41e8-a369-dd638ef55984,Jumia,Emmanuel Ephraim enjoying the discount and reliable pay on delivery,4,2026-09-08,Google Play,Customer Review,https://play.google.com/store/apps/details?id=com.jumia.android&hl=en&gl=ng
c5fa353f-7971-4d98-8967-96c931cca366,Jumia,i bought a product from the app And the fridge stopped working in just 4 months so I contacted the company they asked for receipt Am trying to generate receipt it's not working,1,2026-09-08,Google Play,Customer Review,https://play.google.com/store/apps/details?id=com.jumia.android&hl=en&gl=ng
87cd505e-28ae-469d-b0cb-fc013acd6583,Jumia,best,5,2026-09-08,Google Play,Customer Review,https://play.google.com/store/apps/details?id=com.jumia.android&hl=en&gl=ng
0e21cb36-9b38-4ff6-8cf4-61ff8fdec75e,Jumia,it's been good so far,4,2026-09-08,Google Play,Customer Review,https://play.google.com/store/apps/details?id=com.jumia.android&hl=en&gl=ng
73b35453-37b8-41d2-b07b-0904d0a68493,Jumia,jumia is the best shopping app,5,2026-09-08,Google Play,Customer Review,https://play.google.com/store/apps/details?id=com.jumia.android&hl=en&gl=ng
ffc93dbd-da45-4e81-b3b1-fc1655b0e00b,Jumia,nice App for shopping,4,2026-09-08,Google Play,Customer Review,https://play.google.com/store/apps/details?id=com.jumia.android&hl=en&gl=ng
0aa9b4a9-5f89-4f15-a3f1-21e0b1e28695,Jumia,well Good,4,2026-09-08,Google Play,Customer Review,https://play.google.com/store/apps/details?id=com.jumia.android&hl=en&gl=ng
7e1cfa55-8a83-4e10-b2c4-2df85b918904,Jumia,"jumia is a sure plug, I have never regretted buying from jumia. Best and reliable.",5,2026-09-08,Google Play,Customer Review,https://play.google.com/store/apps/details?id=com.jumia.android&hl=en&gl=ng
f7bdc312-e12d-48f5-87fb-7f9b2bbabdad,Jumia,have not received my order yet hope it's goes well,5,2026-09-08,Google Play,Customer Review,https://play.google.com/store/apps/details?id=com.jumia.android&hl=en&gl=ng
3efd8075-b841-4f66-bd72-02d606296b32,Jumia,excellent,5,2026-09-08,Google Play,Customer Review,https://play.google.com/store/apps/details?id=com.jumia.android&hl=en&gl=ng
c2e8addb-12c6-4f92-8a2c-aedcd64435eb,Jumia,"The 30000mAh Power Charging Bank I received is FAKE and not working well. Problems: 1. It does not charge my phone properly - battery drains very fast 2. The capacity is not 30000mAh. It cannot even charge a phone twice I paid ₦13,997 for original product but what I got is fake. Thank you.",1,2026-09-08,Google Play,Customer Review,https://play.google.com/store/apps/details?id=com.jumia.android&hl=en&gl=ng
6b477fb1-4298-4409-90e4-917012182da3,Jumia,nice 🙂,4,2026-09-08,Google Play,Customer Review,https://play.google.com/store/apps/details?id=com.jumia.android&hl=en&gl=ng
bde1d6a0-66c2-4209-8cc8-6e5eb7014bab,Jumia,Jumia is the number one online app you can get almost everything from,5,2026-09-08,Google Play,Customer Review,https://play.google.com/store/apps/details?id=com.jumia.android&hl=en&gl=ng
7f00ef42-a0d1-4797-9645-3cd94c22a187,Jumia,"Good service and attention. Espero que me devuelvan el dinero eso sí , el servicio es bueno pero los proveedores son malos , por favor aseguraros de controlar a los vendedores, que ellos pueden afectar a vuestra imagen.",4,2026-09-08,Google Play,Customer Review,https://play.google.com/store/apps/details?id=com.jumia.android&hl=en&gl=ng
401697cc-f33a-4809-bbfc-6fb910adba64,Jumia,best online delivering app,5,2026-09-08,Google Play,Customer Review,https://play.google.com/store/apps/details?id=com.jumia.android&hl=en&gl=ng
1cae2964-20bf-4fa2-8aa4-3c46227e5832,Jumia,really nice,5,2026-09-08,Google Play,Customer Review,https://play.google.com/store/apps/details?id=com.jumia.android&hl=en&gl=ng
92820c6c-d9ed-4b49-8ae2-9311df8c8bce,Jumia,Would have given it 5 ⭐ but the delivery time,4,2026-09-08,Google Play,Customer Review,https://play.google.com/store/apps/details?id=com.jumia.android&hl=en&gl=ng
b6f51451-abc4-4884-a9e6-a97a1cfad94c,Jumia,easy to order,5,2026-09-08,Google Play,Customer Review,https://play.google.com/store/apps/details?id=com.jumia.android&hl=en&gl=ng
b9c33c30-da53-4d5d-a38b-7e6eb208d4ac,Jumia,it a more reliable online shopping,4,2026-09-08,Google Play,Customer Review,https://play.google.com/store/apps/details?id=com.jumia.android&hl=en&gl=ng
d8c3fcd8-9175-4157-95bb-8d6fd90d92ce,Jumia,I am happy with them,5,2026-09-08,Google Play,Customer Review,https://play.google.com/store/apps/details?id=com.jumia.android&hl=en&gl=ng
81e2281f-4c2b-45a2-817d-c6fe9e5c2bfb,Jumia,👌,5,2026-09-08,Google Play,Customer Review,https://play.google.com/store/apps/details?id=com.jumia.android&hl=en&gl=ng
a323140d-d937-4925-9f79-9c4ce4fa7042,Jumia,excellent 👌,4,2026-09-08,Google Play,Customer Review,https://play.google.com/store/apps/details?id=com.jumia.android&hl=en&gl=ng
d4d04664-69b4-4ce1-a0be-9fb71fca802d,Jumia,jumia is reliable and good place to buy items securely,5,2026-09-08,Google Play,Customer Review,https://play.google.com/store/apps/details?id=com.jumia.android&hl=en&gl=ng
5ed956f0-cba3-4090-ad11-df3187577658,Jumia,Jumia !!!!! the best,4,2026-09-08,Google Play,Customer Review,https://play.google.com/store/apps/details?id=com.jumia.android&hl=en&gl=ng
0a73259e-c87a-49f4-a4a7-ae934df873c7,Jumia,refund process is wack,1,2026-09-08,Google Play,Customer Review,https://play.google.com/store/apps/details?id=com.jumia.android&hl=en&gl=ng
dbd77152-7bdd-46c5-874f-05ddebde53e8,Jumia,good services,4,2026-09-08,Google Play,Customer Review,https://play.google.com/store/apps/details?id=com.jumia.android&hl=en&gl=ng
e10cec97-6ae3-4eea-8132-108facac8e0c,Jumia,Kindly improve on the pictorial reviews and videos,3,2026-09-08,Google Play,Customer Review,https://play.google.com/store/apps/details?id=com.jumia.android&hl=en&gl=ng
ed45819f-c1c4-4980-9358-abac0bf62f91,Jumia,طلبت منتج شفاط هود للمطبخ و بعد ما اتحدد معاد التسليم اتأخرو كلمت خدمة العملا وضحت ان المنتج هتاخر يوم عمل و سالتهم هل هو مش متوفر ف اتأخر قالولي متوفر و موجود ف شركة الشحن... اتفاجئ ان الاوردر اتكنسل بدون حتى توضيح و من غير اعتذار كل مشكلتي انهم كذااابين و غير دقيقين في التعامل و آخر تعامل معاهم,1,2026-09-08,Google Play,Customer Review,https://play.google.com/store/apps/details?id=com.jumia.android&hl=en&gl=ng
2b406b34-01ca-431a-891d-143c75adb79e,Jumia,the app is good,3,2026-09-08,Google Play,Customer Review,https://play.google.com/store/apps/details?id=com.jumia.android&hl=en&gl=ng
21f0cadd-7c32-4bf0-9bab-f83af1e1d128,Jumia,good,4,2026-09-08,Google Play,Customer Review,https://play.google.com/store/apps/details?id=com.jumia.android&hl=en&gl=ng
ffecfb20-7594-4371-99a3-e5d1828abf9f,Jumia,Jumia lies about faster refunds even with a valid reason it's still a Hussle especially if you purchased electronics,2,2026-09-08,Google Play,Customer Review,https://play.google.com/store/apps/details?id=com.jumia.android&hl=en&gl=ng
61f57905-ed4b-4bf3-996d-ec8bcd4fc46b,Jumia,wow,5,2026-09-08,Google Play,Customer Review,https://play.google.com/store/apps/details?id=com.jumia.android&hl=en&gl=ng
84ab51a4-fd8e-4b8e-9414-9dcba632e817,Jumia,Very good and easy to use. They offer discounts,5,2026-09-08,Google Play,Customer Review,https://play.google.com/store/apps/details?id=com.jumia.android&hl=en&gl=ng
4e4fa29b-dec2-409c-9f97-596d0ea84983,Jumia,Good Good Good Good,4,2026-09-08,Google Play,Customer Review,https://play.google.com/store/apps/details?id=com.jumia.android&hl=en&gl=ng
96773aa1-c7ea-4cbf-bebb-a342bfcee6a2,Jumia,On point,5,2026-09-08,Google Play,Customer Review,https://play.google.com/store/apps/details?id=com.jumia.android&hl=en&gl=ng
63fcb8a2-2da3-4f86-91e0-cbf32cba4481,Jumia,marvelous 👍,5,2026-09-08,Google Play,Customer Review,https://play.google.com/store/apps/details?id=com.jumia.android&hl=en&gl=ng
31e7f907-a1b1-4f29-919a-327a886092aa,Jumia,good quality product,5,2026-09-08,Google Play,Customer Review,https://play.google.com/store/apps/details?id=com.jumia.android&hl=en&gl=ng
b5aac63e-410c-4d31-b4ab-097935845517,Jumia,I love it,5,2026-09-08,Google Play,Customer Review,https://play.google.com/store/apps/details?id=com.jumia.android&hl=en&gl=ng
ca4908a6-2346-4033-87f3-2dc0da6ef05a,Jumia,"Lots of improvements! I stopped using Jumia because the bugs were too much, the app was always crashing and there were not enough photos of the product on display.",4,2026-09-08,Google Play,Customer Review,https://play.google.com/store/apps/details?id=com.jumia.android&hl=en&gl=ng
8ca78c59-d562-482d-837c-8699cac56da8,Jumia,excellent,5,2026-09-07,Google Play,Customer Review,https://play.google.com/store/apps/details?id=com.jumia.android&hl=en&gl=ng
45aa443a-6426-4da4-aa87-5145cab933e0,Jumia,Nice app but u guys should try and add something that u can't get easily at your local stores and nice updated fashion and gadgets,5,2026-09-07,Google Play,Customer Review,https://play.google.com/store/apps/details?id=com.jumia.android&hl=en&gl=ng
43fba032-5975-4b87-8fcb-a47087c3a77c,Jumia,amazing 😍,5,2026-09-07,Google Play,Customer Review,https://play.google.com/store/apps/details?id=com.jumia.android&hl=en&gl=ng
a4667a54-1dae-402d-9b09-c0fda82ef647,Jumia,okay,5,2026-09-07,Google Play,Customer Review,https://play.google.com/store/apps/details?id=com.jumia.android&hl=en&gl=ng
a762f6c2-938e-4a12-80ac-0f9235598cdf,Jumia,I love Jumia,5,2026-09-07,Google Play,Customer Review,https://play.google.com/store/apps/details?id=com.jumia.android&hl=en&gl=ng
c86abe48-889e-4a19-9c41-2fbbbf2f69bc,Jumia,There are a lot of fake products on the platform of late. especially for clothes and laptops. I think management has put more efforts to double check what sellers are actually advertising to be quality products .,1,2026-09-07,Google Play,Customer Review,https://play.google.com/store/apps/details?id=com.jumia.android&hl=en&gl=ng
8064da68-20fa-4323-ab04-a910269af851,Jumia,jumia is fast and reliable,5,2026-09-07,Google Play,Customer Review,https://play.google.com/store/apps/details?id=com.jumia.android&hl=en&gl=ng
6d5fed19-566f-47d9-a78c-85eb07fa7a4b,Jumia,"so far so good, i can’t regret trusting you on my deliveries.",5,2026-09-07,Google Play,Customer Review,https://play.google.com/store/apps/details?id=com.jumia.android&hl=en&gl=ng
c1257e96-3700-4eb1-b9ad-0b935710fe24,Jumia,so nice,5,2026-09-07,Google Play,Customer Review,https://play.google.com/store/apps/details?id=com.jumia.android&hl=en&gl=ng
71b6b31b-2852-443c-971e-6e57bdf1eb6c,Jumia,good,5,2026-09-07,Google Play,Customer Review,https://play.google.com/store/apps/details?id=com.jumia.android&hl=en&gl=ng
054755ff-4099-4afd-b5ff-fa73f689215d,Jumia,it's even more expensive than amazon shopping,1,2026-09-07,Google Play,Customer Review,https://play.google.com/store/apps/details?id=com.jumia.android&hl=en&gl=ng
f7dab2a6-74fe-4208-9648-c1c12c8c4eb9,Jumia,awesome,4,2026-09-07,Google Play,Customer Review,https://play.google.com/store/apps/details?id=com.jumia.android&hl=en&gl=ng
99aa414a-8f77-4f6c-88a8-1584add2cbd7,Jumia,I thought it was fake but it is true,5,2026-09-07,Google Play,Customer Review,https://play.google.com/store/apps/details?id=com.jumia.android&hl=en&gl=ng
3f746b58-d21a-4128-8790-a7de6e631250,Jumia,Best marketing app ever,4,2026-09-07,Google Play,Customer Review,https://play.google.com/store/apps/details?id=com.jumia.android&hl=en&gl=ng
06d67ba3-fd95-4442-b29f-4a502311c2a4,Jumia,easy to order on app.,4,2026-09-07,Google Play,Customer Review,https://play.google.com/store/apps/details?id=com.jumia.android&hl=en&gl=ng
8289d02d-cb8b-4b9a-8e09-ec2c130a36df,Jumia,good but a little difficult to navigate,4,2026-09-07,Google Play,Customer Review,https://play.google.com/store/apps/details?id=com.jumia.android&hl=en&gl=ng
e372cf88-b04e-483c-8de6-6f6c0c0e7c03,Jumia,Great services,5,2026-09-07,Google Play,Customer Review,https://play.google.com/store/apps/details?id=com.jumia.android&hl=en&gl=ng
f867fda8-6438-4c3c-a027-a0bf7a43ec60,Jumia,I thínk it's the fastest means of delivery,3,2026-09-07,Google Play,Customer Review,https://play.google.com/store/apps/details?id=com.jumia.android&hl=en&gl=ng
2404239c-0ce8-41a8-85d2-203e393726ac,Jumia,it is very fast and reliable,3,2026-09-07,Google Play,Customer Review,https://play.google.com/store/apps/details?id=com.jumia.android&hl=en&gl=ng
8373b943-fe30-45de-b072-433c160e9a2d,Jumia,Too many adverts,1,2026-09-07,Google Play,Customer Review,https://play.google.com/store/apps/details?id=com.jumia.android&hl=en&gl=ng
f91778ea-0f87-4490-b52c-2bde72dc67a8,Jumia,good,1,2026-09-07,Google Play,Customer Review,https://play.google.com/store/apps/details?id=com.jumia.android&hl=en&gl=ng
c76058b6-0b8c-44cf-8ddf-066daa68a866,Jumia,It's fast and reliable. There's one thing I want you to add to your app and that's customer feedback after the package is picked up. some pick up station is a mess 😞,5,2026-09-07,Google Play,Customer Review,https://play.google.com/store/apps/details?id=com.jumia.android&hl=en&gl=ng
add9508e-51d0-4b17-89b6-3354f64e16a6,Jumia,thank for being there jumia,5,2026-09-07,Google Play,Customer Review,https://play.google.com/store/apps/details?id=com.jumia.android&hl=en&gl=ng
07f98238-39ff-4029-982c-890a876e2413,Jumia,una dey deliver,5,2026-09-07,Google Play,Customer Review,https://play.google.com/store/apps/details?id=com.jumia.android&hl=en&gl=ng
651d5a82-078a-4d3c-95bd-cf2ba2b02b90,Jumia,The app doesn't work even when network is available,1,2026-09-07,Google Play,Customer Review,https://play.google.com/store/apps/details?id=com.jumia.android&hl=en&gl=ng
c81fb2af-c262-41fc-9dc9-64d8ece27bfc,Jumia,Great,4,2026-09-07,Google Play,Customer Review,https://play.google.com/store/apps/details?id=com.jumia.android&hl=en&gl=ng
cde70b71-2701-4d04-b825-b1b2c8376e93,Jumia,nice and best in online shopping,5,2026-09-07,Google Play,Customer Review,https://play.google.com/store/apps/details?id=com.jumia.android&hl=en&gl=ng
cbc6e6fc-ec1a-49ff-9261-9aed944c63fd,Jumia,outstanding,5,2026-09-07,Google Play,Customer Review,https://play.google.com/store/apps/details?id=com.jumia.android&hl=en&gl=ng
172209db-3ddc-4a73-a581-4b96cb11c4b7,Jumia,i love it's services,5,2026-09-07,Google Play,Customer Review,https://play.google.com/store/apps/details?id=com.jumia.android&hl=en&gl=ng
b0038780-0350-4d12-a935-756ee1c610cd,Jumia,good night legit,5,2026-09-07,Google Play,Customer Review,https://play.google.com/store/apps/details?id=com.jumia.android&hl=en&gl=ng
2de23710-3f45-4c53-8c65-75774bc0fa6b,Jumia,Very good and reliable,5,2026-09-07,Google Play,Customer Review,https://play.google.com/store/apps/details?id=com.jumia.android&hl=en&gl=ng
7ce365b0-a8e8-4ba4-b406-19e69438f684,Jumia,Reliable and goof,5,2026-09-07,Google Play,Customer Review,https://play.google.com/store/apps/details?id=com.jumia.android&hl=en&gl=ng
9ff43596-63db-4e8d-9068-16935dbac745,Jumia,No comment,5,2026-09-07,Google Play,Customer Review,https://play.google.com/store/apps/details?id=com.jumia.android&hl=en&gl=ng
cc3ec33f-274a-463f-a4fa-a69a61fcd7d7,Jumia,good,5,2026-09-07,Google Play,Customer Review,https://play.google.com/store/apps/details?id=com.jumia.android&hl=en&gl=ng
6983fae0-6e6c-42bd-8331-8fdbc8a014b5,Jumia,perfect,5,2026-09-07,Google Play,Customer Review,https://play.google.com/store/apps/details?id=com.jumia.android&hl=en&gl=ng
ebdb261c-9542-45df-846b-953aa73f3516,Jumia,"Good offers,sometimes better than the shop near you🥲",5,2026-09-07,Google Play,Customer Review,https://play.google.com/store/apps/details?id=com.jumia.android&hl=en&gl=ng
1208bd6b-3be8-48b4-ad94-87599167dfc2,Jumia,very fast and reliable,3,2026-09-07,Google Play,Customer Review,https://play.google.com/store/apps/details?id=com.jumia.android&hl=en&gl=ng
4f53d694-ff93-4537-9910-61e9ab276d29,Jumia,"I just placed an order on a wrist watch, hopefully to receive my order anytime soon.",2,2026-09-07,Google Play,Customer Review,https://play.google.com/store/apps/details?id=com.jumia.android&hl=en&gl=ng
60c2c5be-ab0d-4bb7-babf-5944fae5f6ef,Jumia,Always convenient,5,2026-09-07,Google Play,Customer Review,https://play.google.com/store/apps/details?id=com.jumia.android&hl=en&gl=ng
c2b115fc-62a3-4316-8c42-d539d53411d9,Jumia,awesome,4,2026-09-07,Google Play,Customer Review,https://play.google.com/store/apps/details?id=com.jumia.android&hl=en&gl=ng
7f674392-1100-4f5c-a7ef-28580408d253,Jumia,Good I really like the way customer are good,4,2026-09-07,Google Play,Customer Review,https://play.google.com/store/apps/details?id=com.jumia.android&hl=en&gl=ng
12f8d1e7-25e8-4e5b-a0eb-d2af1b5f1a98,Jumia,normally,4,2026-09-07,Google Play,Customer Review,https://play.google.com/store/apps/details?id=com.jumia.android&hl=en&gl=ng
42c49ab1-547b-4f0c-9169-9d40619a279d,Jumia,very nice,5,2026-09-07,Google Play,Customer Review,https://play.google.com/store/apps/details?id=com.jumia.android&hl=en&gl=ng
6c6dff5d-031b-4e40-8a16-efc3f120571a,Jumia,good service,4,2026-09-07,Google Play,Customer Review,https://play.google.com/store/apps/details?id=com.jumia.android&hl=en&gl=ng
348f6bec-ba2c-4199-8623-4d7c57cee34e,Jumia,easy to shop,4,2026-09-07,Google Play,Customer Review,https://play.google.com/store/apps/details?id=com.jumia.android&hl=en&gl=ng
2711459c-a710-40de-9548-01333ffc0f4f,Jumia,"though some of their stuffs are inferior they still got good ones, just got to go with the ones that's got good reviews",5,2026-09-07,Google Play,Customer Review,https://play.google.com/store/apps/details?id=com.jumia.android&hl=en&gl=ng
80c33090-0251-49ba-b24b-980166f36609,Jumia,awesome,5,2026-09-07,Google Play,Customer Review,https://play.google.com/store/apps/details?id=com.jumia.android&hl=en&gl=ng
d522e011-c5da-4d24-8195-67a857a921a8,Jumia,very good to use 👍,4,2026-09-07,Google Play,Customer Review,https://play.google.com/store/apps/details?id=com.jumia.android&hl=en&gl=ng
c2a76a77-32ba-4af2-8807-c24c0de17a81,Jumia,it's a good online shopping app,5,2026-09-07,Google Play,Customer Review,https://play.google.com/store/apps/details?id=com.jumia.android&hl=en&gl=ng
4fa53c6e-99ff-4fbd-b15f-ef1b36bfde0c,Jumia,too much ads 😕,3,2026-09-07,Google Play,Customer Review,https://play.google.com/store/apps/details?id=com.jumia.android&hl=en&gl=ng
930fe12b-877e-4d90-807d-5d8ffd68d9da,Jumia,very easy to use,5,2026-09-07,Google Play,Customer Review,https://play.google.com/store/apps/details?id=com.jumia.android&hl=en&gl=ng
87a5fd24-26f5-42c4-a451-faff0b2f05fc,Jumia,good work 👏,5,2026-09-07,Google Play,Customer Review,https://play.google.com/store/apps/details?id=com.jumia.android&hl=en&gl=ng
b1596aa7-b904-4e3d-b366-7e75918eea83,Jumia,jumia App for ever they have all kinds of things you need for your daily life,3,2026-09-07,Google Play,Customer Review,https://play.google.com/store/apps/details?id=com.jumia.android&hl=en&gl=ng
680f2e19-6427-474b-8fc8-deb50732e351,Jumia,lovely,5,2026-09-07,Google Play,Customer Review,https://play.google.com/store/apps/details?id=com.jumia.android&hl=en&gl=ng
fb172eb2-d7fe-499a-a7d2-d81fb2282d26,Jumia,poor,1,2026-09-07,Google Play,Customer Review,https://play.google.com/store/apps/details?id=com.jumia.android&hl=en&gl=ng
cc8022d9-b8a2-42c7-9407-b4ac03dff55f,Jumia,yah jumia is the most trustworthy online shopping app i've ever seen,4,2026-09-07,Google Play,Customer Review,https://play.google.com/store/apps/details?id=com.jumia.android&hl=en&gl=ng
9ec60193-75f9-4507-aa76-bccd212de093,Jumia,"real and cheap , but I don't yet trust their products",2,2026-09-07,Google Play,Customer Review,https://play.google.com/store/apps/details?id=com.jumia.android&hl=en&gl=ng
1cc6cf32-218e-47f6-b96b-521632d82702,Jumia,"jumia is reliable, a qstn pliz, if I request 1 item delivery fee is 239/-, 2 items 480/- why?? or it will be 2 trips?",4,2026-09-07,Google Play,Customer Review,https://play.google.com/store/apps/details?id=com.jumia.android&hl=en&gl=ng
40be4075-76b1-4052-b356-f1d37ab6c9ab,Jumia,the best shopping app I've ever used 🤧🤧🤧🤧🎉,5,2026-09-07,Google Play,Customer Review,https://play.google.com/store/apps/details?id=com.jumia.android&hl=en&gl=ng
49f4f8d6-030f-4365-8793-6003d326473e,Jumia,👏,1,2026-09-07,Google Play,Customer Review,https://play.google.com/store/apps/details?id=com.jumia.android&hl=en&gl=ng
3f542753-5956-4bce-a9db-8e30791a48d5,Jumia,amazing 😍,5,2026-09-07,Google Play,Customer Review,https://play.google.com/store/apps/details?id=com.jumia.android&hl=en&gl=ng
d09a048a-1a26-46ce-915a-e45b56977bc9,Jumia,best place to be 🤗🤗,5,2026-09-07,Google Play,Customer Review,https://play.google.com/store/apps/details?id=com.jumia.android&hl=en&gl=ng
8cf27e12-f52b-4c39-8f12-c0d497bb1e88,Jumia,very good and easy 👌,5,2026-09-07,Google Play,Customer Review,https://play.google.com/store/apps/details?id=com.jumia.android&hl=en&gl=ng
4bfde136-7164-4cd1-bb9b-06940df2165d,Jumia,this app is the best online shopping app,5,2026-09-07,Google Play,Customer Review,https://play.google.com/store/apps/details?id=com.jumia.android&hl=en&gl=ng
16e73e92-0981-41a5-b616-e84e717608a8,Jumia,excellent,5,2026-09-07,Google Play,Customer Review,https://play.google.com/store/apps/details?id=com.jumia.android&hl=en&gl=ng
af8ccc20-fc75-4c8b-8d5f-74efa33ce975,Jumia,Jumia makes it easier to find standard items.,5,2026-09-07,Google Play,Customer Review,https://play.google.com/store/apps/details?id=com.jumia.android&hl=en&gl=ng
c6b4ed68-f826-4379-991e-fbd4cf67568d,Jumia,good,5,2026-09-07,Google Play,Customer Review,https://play.google.com/store/apps/details?id=com.jumia.android&hl=en&gl=ng
60b06145-9fd7-4cc2-9b10-90c113910de0,Jumia,Good,5,2026-09-07,Google Play,Customer Review,https://play.google.com/store/apps/details?id=com.jumia.android&hl=en&gl=ng
5796e623-6c6b-4d22-865e-2bf4416741a0,Jumia,perfect,5,2026-09-07,Google Play,Customer Review,https://play.google.com/store/apps/details?id=com.jumia.android&hl=en&gl=ng
0b2b1511-852a-41fc-8221-6bc9932f6c8e,Jumia,Good,4,2026-09-07,Google Play,Customer Review,https://play.google.com/store/apps/details?id=com.jumia.android&hl=en&gl=ng
14def1c6-4c2c-4016-81df-97a1ca131ec6,Jumia,seamless and easy to use,5,2026-09-07,Google Play,Customer Review,https://play.google.com/store/apps/details?id=com.jumia.android&hl=en&gl=ng
d9057c8f-3ccf-4e35-bb08-9b78c93452bd,Jumia,fine,1,2026-09-07,Google Play,Customer Review,https://play.google.com/store/apps/details?id=com.jumia.android&hl=en&gl=ng
bdb89e8e-dd2a-4645-85d9-8b02ac944784,Jumia,so good,2,2026-09-07,Google Play,Customer Review,https://play.google.com/store/apps/details?id=com.jumia.android&hl=en&gl=ng
cf418a49-0380-4ccd-8362-3f380781fec2,Jumia,jumia is the best app when it comes to delivery and other services ..,5,2026-09-07,Google Play,Customer Review,https://play.google.com/store/apps/details?id=com.jumia.android&hl=en&gl=ng
607a540d-78af-44d5-96ad-bff84a5ac23a,Jumia,👍🏿🙂🙂,4,2026-09-07,Google Play,Customer Review,https://play.google.com/store/apps/details?id=com.jumia.android&hl=en&gl=ng
4c43c2a7-176b-4e83-97f9-b150f145fea5,Jumia,improve pickup stations,2,2026-09-07,Google Play,Customer Review,https://play.google.com/store/apps/details?id=com.jumia.android&hl=en&gl=ng
ae1aa24e-5f70-45e3-bfa8-53611070eb58,Jumia,it is so efficient an with exclusive discounts I love it,4,2026-09-07,Google Play,Customer Review,https://play.google.com/store/apps/details?id=com.jumia.android&hl=en&gl=ng
42652dff-308a-40c7-ba9c-8d0ba7bbe9e0,Jumia,tested and trusted,5,2026-09-07,Google Play,Customer Review,https://play.google.com/store/apps/details?id=com.jumia.android&hl=en&gl=ng
800f69fd-aa15-412b-bd39-e5b0be580a11,Jumia,nice,5,2026-09-07,Google Play,Customer Review,https://play.google.com/store/apps/details?id=com.jumia.android&hl=en&gl=ng
debc60f7-3d7c-49ad-9826-1f1e24991c13,Jumia,good,3,2026-09-07,Google Play,Customer Review,https://play.google.com/store/apps/details?id=com.jumia.android&hl=en&gl=ng
32fd5eaa-a10f-451a-a03d-cad3dcacd9cb,Jumia,jumia the best,5,2026-09-07,Google Play,Customer Review,https://play.google.com/store/apps/details?id=com.jumia.android&hl=en&gl=ng
1769d487-d6d3-448e-860d-5ded79720e99,Jumia,"nice shopping app,with affordable stuff 👌",4,2026-09-07,Google Play,Customer Review,https://play.google.com/store/apps/details?id=com.jumia.android&hl=en&gl=ng
b1015e8b-3122-4dab-b2c4-8edb0277c1ef,Jumia,Good,4,2026-09-07,Google Play,Customer Review,https://play.google.com/store/apps/details?id=com.jumia.android&hl=en&gl=ng
2ead59e2-e4a3-4c16-b22b-9e28e37c6d7a,Jumia,jumia is the best,5,2026-09-07,Google Play,Customer Review,https://play.google.com/store/apps/details?id=com.jumia.android&hl=en&gl=ng
5e3d1209-6644-462b-96f2-e7b6378fe413,Jumia,nice one,4,2026-09-07,Google Play,Customer Review,https://play.google.com/store/apps/details?id=com.jumia.android&hl=en&gl=ng
8dac3122-9348-44a8-a014-04c99497118f,Jumia,extraordinary,5,2026-09-07,Google Play,Customer Review,https://play.google.com/store/apps/details?id=com.jumia.android&hl=en&gl=ng
ce1ab451-186a-46b7-9b83-b68a13866a4b,Jumia,the delivery fee should be reduced a little,4,2026-09-07,Google Play,Customer Review,https://play.google.com/store/apps/details?id=com.jumia.android&hl=en&gl=ng
a5f88c44-8516-4b72-bcd5-c13c013ffca0,Jumia,good fast and reliable service 👌,5,2026-09-07,Google Play,Customer Review,https://play.google.com/store/apps/details?id=com.jumia.android&hl=en&gl=ng
759c60ce-f84c-4818-ba65-ea392bd22884,Jumia,Best shop online in the world. But one problem can we get a bonus of a free item. That will be very enjoyable.😁,5,2026-09-07,Google Play,Customer Review,https://play.google.com/store/apps/details?id=com.jumia.android&hl=en&gl=ng
0961eae8-b508-47dc-9b16-6303bdac6811,Jumia,trusted 💯,4,2026-09-07,Google Play,Customer Review,https://play.google.com/store/apps/details?id=com.jumia.android&hl=en&gl=ng
d37d554e-5ec7-4532-93db-43cf359b516e,Jumia,nice,5,2026-09-06,Google Play,Customer Review,https://play.google.com/store/apps/details?id=com.jumia.android&hl=en&gl=ng
33174686-d04a-4365-a128-36e25dde865a,Jumia,this is an amazing app for shopping 🛍️ I love it,5,2026-09-06,Google Play,Customer Review,https://play.google.com/store/apps/details?id=com.jumia.android&hl=en&gl=ng
c652f5a1-cc23-4b4d-8c71-e75126b00323,Jumia,I have the feelings that jumia will be good despite the fact that this is my first purchase agreement,4,2026-09-06,Google Play,Customer Review,https://play.google.com/store/apps/details?id=com.jumia.android&hl=en&gl=ng
327ac335-4306-442f-b428-51774ed34514,Jumia,excellent,5,2026-09-06,Google Play,Customer Review,https://play.google.com/store/apps/details?id=com.jumia.android&hl=en&gl=ng
d7605e8e-944e-4680-9350-597886810c35,Jumia,good,5,2026-09-06,Google Play,Customer Review,https://play.google.com/store/apps/details?id=com.jumia.android&hl=en&gl=ng
8fdf68aa-7243-4d76-935e-e8c7d52936ba,Jumia,I love and liked most of the products i have purchased from Jumia,4,2026-09-06,Google Play,Customer Review,https://play.google.com/store/apps/details?id=com.jumia.android&hl=en&gl=ng
0434f6b2-5cc8-495e-ad4e-7611f1dd5f6b,Jumia,Very good App,5,2026-09-06,Google Play,Customer Review,https://play.google.com/store/apps/details?id=com.jumia.android&hl=en&gl=ng
4688b532-3e99-4544-b122-bcc079d4f101,Jumia,"Easy to use, and great deals",5,2026-09-06,Google Play,Customer Review,https://play.google.com/store/apps/details?id=com.jumia.android&hl=en&gl=ng
5b9f8a7a-73ad-48ed-a7d3-238c6dc91504,Jumia,very reliable,5,2026-09-06,Google Play,Customer Review,https://play.google.com/store/apps/details?id=com.jumia.android&hl=en&gl=ng
bab56497-9769-4c17-9716-51d10629db04,Jumia,Best app for shopping,5,2026-09-06,Google Play,Customer Review,https://play.google.com/store/apps/details?id=com.jumia.android&hl=en&gl=ng
ef8688cc-b47a-4e3d-b54d-9626646d9b2a,Jumia,fast and secured delivery,5,2026-09-06,Google Play,Customer Review,https://play.google.com/store/apps/details?id=com.jumia.android&hl=en&gl=ng
1b4f31bb-2ec6-430e-80e8-7ad09735d7de,Jumia,nice,5,2026-09-06,Google Play,Customer Review,https://play.google.com/store/apps/details?id=com.jumia.android&hl=en&gl=ng
7b1b2bbf-25eb-4d27-9794-a740af3dac42,Jumia,it's better than temu just that I don't like the delivery fee because it's too expensive,4,2026-09-06,Google Play,Customer Review,https://play.google.com/store/apps/details?id=com.jumia.android&hl=en&gl=ng
006117a6-2211-4fb3-81b6-cdd4bc8df8fb,Jumia,Very easy to shop and navigate 😇,5,2026-09-06,Google Play,Customer Review,https://play.google.com/store/apps/details?id=com.jumia.android&hl=en&gl=ng
d6bccf5e-4e3a-449c-ae61-2b0f856282e3,Jumia,great,5,2026-09-06,Google Play,Customer Review,https://play.google.com/store/apps/details?id=com.jumia.android&hl=en&gl=ng
789f03cf-7ff1-4ff7-85c9-e6a9b8fdbb3c,Jumia,so far so good,4,2026-09-06,Google Play,Customer Review,https://play.google.com/store/apps/details?id=com.jumia.android&hl=en&gl=ng
b1dcecae-3dbc-4ce4-8529-9e996e5dd7f8,Jumia,I had hopes n great expectations from u and you literally frustrated me I'm a student I saved to buy my brother a wrist watch as a gift so I ordered and picked up from megacity and I hate tha results I got got I picked my order on Saturday and on opening it on Sunday tha watch is not working I now hate n dislike your services due to this order I am not happy about this my money hardly earned and saved is all gone to waste I have had tha worst experience I HATED IT 😡💯,1,2026-09-06,Google Play,Customer Review,https://play.google.com/store/apps/details?id=com.jumia.android&hl=en&gl=ng
79adf335-d99d-4e71-b609-41e0ce2239d9,Jumia,Satisfied,5,2026-09-06,Google Play,Customer Review,https://play.google.com/store/apps/details?id=com.jumia.android&hl=en&gl=ng
e4ebfe05-138c-4ff7-81c5-9711ab1555c6,Jumia,the best place for buying items...,5,2026-09-06,Google Play,Customer Review,https://play.google.com/store/apps/details?id=com.jumia.android&hl=en&gl=ng
ad6c4b97-d727-45ec-b59e-8c4f4b6c03c8,Jumia,this app is the best,5,2026-09-06,Google Play,Customer Review,https://play.google.com/store/apps/details?id=com.jumia.android&hl=en&gl=ng
3f246844-e995-4745-84d3-02518b35f0e3,Jumia,reliable,5,2026-09-06,Google Play,Customer Review,https://play.google.com/store/apps/details?id=com.jumia.android&hl=en&gl=ng
8814bc1e-08fe-4ef4-9715-20a04382b9ed,Jumia,good 👍,5,2026-09-06,Google Play,Customer Review,https://play.google.com/store/apps/details?id=com.jumia.android&hl=en&gl=ng
30bc99bf-41db-443d-9d6c-3c7cfaf63f2a,Jumia,efficient app,3,2026-09-06,Google Play,Customer Review,https://play.google.com/store/apps/details?id=com.jumia.android&hl=en&gl=ng
9fd9b2db-df50-4473-834d-00c101f4d478,Jumia,okay,5,2026-09-06,Google Play,Customer Review,https://play.google.com/store/apps/details?id=com.jumia.android&hl=en&gl=ng
699644df-3a53-4967-8b96-ead8c3e6f6a4,Jumia,Best of the Best,5,2026-09-06,Google Play,Customer Review,https://play.google.com/store/apps/details?id=com.jumia.android&hl=en&gl=ng
81b7db89-8991-4648-aaef-0c51a03522ff,Jumia,Best app to order from. Brings the item as it is and very reliable,5,2026-09-06,Google Play,Customer Review,https://play.google.com/store/apps/details?id=com.jumia.android&hl=en&gl=ng
1f4de784-116a-4e64-b907-1e64f48ac567,Jumia,just a great shopping app and amazing experience 🥰,5,2026-09-06,Google Play,Customer Review,https://play.google.com/store/apps/details?id=com.jumia.android&hl=en&gl=ng
7afa2f02-4934-412f-aa3d-b69fdf864b08,Jumia,good,1,2026-09-06,Google Play,Customer Review,https://play.google.com/store/apps/details?id=com.jumia.android&hl=en&gl=ng
6f14f405-efdf-400b-9fd0-58295888593f,Jumia,excellent,5,2026-09-06,Google Play,Customer Review,https://play.google.com/store/apps/details?id=com.jumia.android&hl=en&gl=ng
defff97a-fbaa-4a76-a847-4acea2e1f3de,Jumia,I LOVE JUMIA,4,2026-09-06,Google Play,Customer Review,https://play.google.com/store/apps/details?id=com.jumia.android&hl=en&gl=ng
2962c588-822b-413a-89e4-c063f1f5d4b1,Jumia,numéro 1,5,2026-09-06,Google Play,Customer Review,https://play.google.com/store/apps/details?id=com.jumia.android&hl=en&gl=ng
620b88e0-a70a-4b5d-8dfd-d6512722832b,Jumia,okay,4,2026-09-06,Google Play,Customer Review,https://play.google.com/store/apps/details?id=com.jumia.android&hl=en&gl=ng
750af64c-0e6d-482e-9009-adb1b929e7ed,Jumia,extremely good products,5,2026-09-06,Google Play,Customer Review,https://play.google.com/store/apps/details?id=com.jumia.android&hl=en&gl=ng
560ab4f0-a721-4912-ba51-98174e223482,Jumia,Le fait de ne pas pouvoir modifier l’adresse e-mail associée au compte est vraiment dommage. C’est pourtant une fonctionnalité basique qui devrait être facilement accessible directement depuis l’application.,1,2026-09-06,Google Play,Customer Review,https://play.google.com/store/apps/details?id=com.jumia.android&hl=en&gl=ng
784f057f-bdf7-411a-926e-acd119234846,Jumia,Jumai is great👍,5,2026-09-06,Google Play,Customer Review,https://play.google.com/store/apps/details?id=com.jumia.android&hl=en&gl=ng
1252c959-1bda-417f-859b-b4d13434fd7d,Jumia,good,5,2026-09-06,Google Play,Customer Review,https://play.google.com/store/apps/details?id=com.jumia.android&hl=en&gl=ng
e2fc907c-24b1-4ad7-9116-5dc58f05e4aa,Jumia,Good experience.,5,2026-09-06,Google Play,Customer Review,https://play.google.com/store/apps/details?id=com.jumia.android&hl=en&gl=ng
7b7a923d-2715-486b-a7f0-9c6019914ec5,Jumia,good,5,2026-09-06,Google Play,Customer Review,https://play.google.com/store/apps/details?id=com.jumia.android&hl=en&gl=ng
72378506-042e-4c20-aae2-39229081dcae,Jumia,Great experience,5,2026-09-06,Google Play,Customer Review,https://play.google.com/store/apps/details?id=com.jumia.android&hl=en&gl=ng
2d523aba-35ab-4c98-b57f-077ed4885e80,Jumia,good and fantastic,3,2026-09-06,Google Play,Customer Review,https://play.google.com/store/apps/details?id=com.jumia.android&hl=en&gl=ng
f6f4d751-bb5f-4664-9ec9-cd9182c47421,Jumia,great,5,2026-09-06,Google Play,Customer Review,https://play.google.com/store/apps/details?id=com.jumia.android&hl=en&gl=ng
aae3ca55-c829-4cd9-8d4f-8e14b9ca06cd,Jumia,beautiful,5,2026-09-06,Google Play,Customer Review,https://play.google.com/store/apps/details?id=com.jumia.android&hl=en&gl=ng
72f56967-dd91-4025-ad1a-84b58c0a535d,Jumia,Excellent,5,2026-09-06,Google Play,Customer Review,https://play.google.com/store/apps/details?id=com.jumia.android&hl=en&gl=ng
a7417474-dcc2-483c-9432-79af3e4c1180,Jumia,accurate and always on time,5,2026-09-06,Google Play,Customer Review,https://play.google.com/store/apps/details?id=com.jumia.android&hl=en&gl=ng
5fe816e6-64a6-4108-8d84-93f2dac71d77,Jumia,easy shopping options,4,2026-09-06,Google Play,Customer Review,https://play.google.com/store/apps/details?id=com.jumia.android&hl=en&gl=ng
928ea1ab-a18d-44f8-873a-36763fd97af7,Jumia,you guys should add dark mode for your app,3,2026-09-06,Google Play,Customer Review,https://play.google.com/store/apps/details?id=com.jumia.android&hl=en&gl=ng
15f5110d-85e5-4187-91ee-ac0d57fe0092,Jumia,wonderful,5,2026-09-06,Google Play,Customer Review,https://play.google.com/store/apps/details?id=com.jumia.android&hl=en&gl=ng
7e68bda2-7eef-4b60-a9ce-09b803e4d03f,Jumia,🔥💯,5,2026-09-06,Google Play,Customer Review,https://play.google.com/store/apps/details?id=com.jumia.android&hl=en&gl=ng
a5fefd4d-0de4-403b-9ba7-21addc426abd,Jumia,best,5,2026-09-06,Google Play,Customer Review,https://play.google.com/store/apps/details?id=com.jumia.android&hl=en&gl=ng
b144c91f-5983-4645-acdf-c1b88679f524,Jumia,cool,4,2026-09-06,Google Play,Customer Review,https://play.google.com/store/apps/details?id=com.jumia.android&hl=en&gl=ng
dad4c914-d945-4095-8796-5a591f2bd2c2,Jumia,"Your products are really good but the only challenge is your adds, even in the app itself you still get pop-up adds 😂",4,2026-09-06,Google Play,Customer Review,https://play.google.com/store/apps/details?id=com.jumia.android&hl=en&gl=ng
6621cdba-d13f-489b-a530-9d8990834d16,Jumia,good,5,2026-09-06,Google Play,Customer Review,https://play.google.com/store/apps/details?id=com.jumia.android&hl=en&gl=ng
1142ac85-de99-4394-b9fe-70495504781d,Jumia,No more door delivery ; it's no longer very encouraging,3,2026-09-06,Google Play,Customer Review,https://play.google.com/store/apps/details?id=com.jumia.android&hl=en&gl=ng
5c97f5ad-8787-45b7-a1dc-1cf6cd7e8fd9,Jumia,you serve customers well,5,2026-09-06,Google Play,Customer Review,https://play.google.com/store/apps/details?id=com.jumia.android&hl=en&gl=ng
8f61b28a-6176-4111-8aa7-a7e94c02bba0,Jumia,Amazing app with easy features kudos to Jumia,5,2026-09-06,Google Play,Customer Review,https://play.google.com/store/apps/details?id=com.jumia.android&hl=en&gl=ng
10cd5673-3913-4f28-8ab6-e94f7f6827b4,Jumia,good,5,2026-09-06,Google Play,Customer Review,https://play.google.com/store/apps/details?id=com.jumia.android&hl=en&gl=ng
bb68cdbc-0722-430a-9ef2-53cfde2c04c8,Jumia,good,5,2026-09-06,Google Play,Customer Review,https://play.google.com/store/apps/details?id=com.jumia.android&hl=en&gl=ng
982fe839-3de0-4ec8-bc6d-c0c9277d2745,Jumia,best of the bestest,5,2026-09-06,Google Play,Customer Review,https://play.google.com/store/apps/details?id=com.jumia.android&hl=en&gl=ng
121d1276-36c0-4748-92f7-2a46316b585c,Jumia,excellent,5,2026-09-06,Google Play,Customer Review,https://play.google.com/store/apps/details?id=com.jumia.android&hl=en&gl=ng
f995c561-532c-4f12-8154-c57a9e5cf189,Jumia,Lots of bugs with this new update. Hard to sign in. You can't even see the reason. After sorting sometimes items can't be viewed when clicked. Services are fine but whoever is working on the app needs to get serious.,3,2026-09-06,Google Play,Customer Review,https://play.google.com/store/apps/details?id=com.jumia.android&hl=en&gl=ng
fa9f3d6c-02c1-4386-abc4-9e0fba6b675c,Jumia,it's very reliable,5,2026-09-06,Google Play,Customer Review,https://play.google.com/store/apps/details?id=com.jumia.android&hl=en&gl=ng
61be6b7c-9edf-4865-9071-7f253455688b,Jumia,easy to use,4,2026-09-06,Google Play,Customer Review,https://play.google.com/store/apps/details?id=com.jumia.android&hl=en&gl=ng
9c255c2a-2d45-439f-9417-07c6f96766e5,Jumia,excellent,5,2026-09-06,Google Play,Customer Review,https://play.google.com/store/apps/details?id=com.jumia.android&hl=en&gl=ng
2d1e2858-8bc6-4a0c-b027-f27c2d01fc23,Jumia,works well,4,2026-09-06,Google Play,Customer Review,https://play.google.com/store/apps/details?id=com.jumia.android&hl=en&gl=ng
5212c9d6-8fa2-4860-a3e6-5a44828f194b,Jumia,jumia has been helpful,5,2026-09-06,Google Play,Customer Review,https://play.google.com/store/apps/details?id=com.jumia.android&hl=en&gl=ng
2e444b26-bd53-499f-8415-428e58d7640d,Jumia,lovely,5,2026-09-06,Google Play,Customer Review,https://play.google.com/store/apps/details?id=com.jumia.android&hl=en&gl=ng
6821bbbb-8667-4b03-a5bd-aebb663bc456,Jumia,good,2,2026-09-06,Google Play,Customer Review,https://play.google.com/store/apps/details?id=com.jumia.android&hl=en&gl=ng
87eba2e4-64e2-4ad2-be72-63bd74b05e16,Jumia,great,5,2026-09-06,Google Play,Customer Review,https://play.google.com/store/apps/details?id=com.jumia.android&hl=en&gl=ng
0501876d-bdf6-4235-97c3-b26ac9d5cd83,Jumia,nice app,4,2026-09-06,Google Play,Customer Review,https://play.google.com/store/apps/details?id=com.jumia.android&hl=en&gl=ng
fd3fbc46-9b14-4f60-a166-05a0cb9f4445,Jumia,allows all payment methods,5,2026-09-06,Google Play,Customer Review,https://play.google.com/store/apps/details?id=com.jumia.android&hl=en&gl=ng
5fd69841-6740-4987-a28f-ed27a8d13ef1,Jumia,good work,3,2026-09-06,Google Play,Customer Review,https://play.google.com/store/apps/details?id=com.jumia.android&hl=en&gl=ng
6d82565d-d1dc-44e9-8c38-f5832cbd092b,Jumia,good,5,2026-09-06,Google Play,Customer Review,https://play.google.com/store/apps/details?id=com.jumia.android&hl=en&gl=ng
106c5a2e-79bb-4b83-85cb-25202fe0d6c3,Jumia,This is the most trusted trading app I have ever seen 😘😘😘,5,2026-09-06,Google Play,Customer Review,https://play.google.com/store/apps/details?id=com.jumia.android&hl=en&gl=ng
4c4d70c5-e15f-4660-b069-ef68cff0aef9,Jumia,this is my first order and ready to see how it goes,3,2026-09-06,Google Play,Customer Review,https://play.google.com/store/apps/details?id=com.jumia.android&hl=en&gl=ng
bab12a4a-47d7-481e-b5be-16468c57d768,Jumia,nice,5,2026-09-06,Google Play,Customer Review,https://play.google.com/store/apps/details?id=com.jumia.android&hl=en&gl=ng
4155e634-1ce5-41c1-a0ab-d06ea8bc8c80,Jumia,"fast delivery , good",5,2026-09-06,Google Play,Customer Review,https://play.google.com/store/apps/details?id=com.jumia.android&hl=en&gl=ng
349df6f3-f528-4c88-ad29-43dbd96042df,Jumia,omg guys what is this app? ain't no way it was made by developers I can't even order. made an account but I have to verify my phone number with OTP WHICH I CANT GET contacted customer support but everyone just straight up lie to me. I don't recommend this app.,1,2026-09-06,Google Play,Customer Review,https://play.google.com/store/apps/details?id=com.jumia.android&hl=en&gl=ng
be49ec06-be65-47e8-8633-fbb214082e4c,Jumia,good,5,2026-09-06,Google Play,Customer Review,https://play.google.com/store/apps/details?id=com.jumia.android&hl=en&gl=ng
bccdebc4-e020-4c0d-9688-498b43f1b632,Jumia,The shopping is easier,5,2026-09-06,Google Play,Customer Review,https://play.google.com/store/apps/details?id=com.jumia.android&hl=en&gl=ng
61dc1826-eafc-4acf-ac89-eea3ddbc2c7e,Jumia,Yes mmmmm I don't like it but I love it hahaha 🤣😂 I love jokes,3,2026-09-06,Google Play,Customer Review,https://play.google.com/store/apps/details?id=com.jumia.android&hl=en&gl=ng
d801295d-38a2-43d3-951b-3a8717a995af,Jumia,cool,5,2026-09-05,Google Play,Customer Review,https://play.google.com/store/apps/details?id=com.jumia.android&hl=en&gl=ng
a02671e7-77c0-4163-be75-c5bf9ad857f8,Jumia,awesome 😎,5,2026-09-05,Google Play,Customer Review,https://play.google.com/store/apps/details?id=com.jumia.android&hl=en&gl=ng
9702ba0c-3025-4513-9264-7ac31a417909,Jumia,fantastic,2,2026-09-05,Google Play,Customer Review,https://play.google.com/store/apps/details?id=com.jumia.android&hl=en&gl=ng
e19a2b5f-3dea-4d5d-b3e1-02911b711a03,Jumia,I love jumia app....so stress-free and the best,5,2026-09-05,Google Play,Customer Review,https://play.google.com/store/apps/details?id=com.jumia.android&hl=en&gl=ng
c3f849b8-2284-4876-bd08-2be19cd76385,Jumia,cool,3,2026-09-05,Google Play,Customer Review,https://play.google.com/store/apps/details?id=com.jumia.android&hl=en&gl=ng
82a6474d-62a6-4c74-bd90-85ed5b7dd859,Jumia,Best app ever for shopping,5,2026-09-05,Google Play,Customer Review,https://play.google.com/store/apps/details?id=com.jumia.android&hl=en&gl=ng
6eac2197-4413-4d81-a791-bde21d9724ae,Jumia,"z, ma zxZxxddds",1,2026-09-05,Google Play,Customer Review,https://play.google.com/store/apps/details?id=com.jumia.android&hl=en&gl=ng
f930079b-5eed-4c16-9e9a-cf7bcc391f5f,Jumia,love the authenticity,5,2026-09-05,Google Play,Customer Review,https://play.google.com/store/apps/details?id=com.jumia.android&hl=en&gl=ng
3d3a813b-4f3a-42ee-9321-8a11f5b9ed48,Jumia,the app is supper cool,5,2026-09-05,Google Play,Customer Review,https://play.google.com/store/apps/details?id=com.jumia.android&hl=en&gl=ng
9a212e2b-dca4-49d2-918c-25f6264d3e19,Jumia,perfect,5,2026-09-05,Google Play,Customer Review,https://play.google.com/store/apps/details?id=com.jumia.android&hl=en&gl=ng
7c891759-33b1-4b63-ad59-129a488f5655,Jumia,"Jumia has been a great choice for me, there're reliable.",5,2026-09-05,Google Play,Customer Review,https://play.google.com/store/apps/details?id=com.jumia.android&hl=en&gl=ng
afac26bb-7270-42b5-9bde-ed9f164f7c12,Jumia,love it and daily customer Iam,5,2026-09-05,Google Play,Customer Review,https://play.google.com/store/apps/details?id=com.jumia.android&hl=en&gl=ng
4be39f3f-0621-433f-a3fb-ba6bd3e21309,Jumia,please offer more support on returning faulty products,2,2026-09-05,Google Play,Customer Review,https://play.google.com/store/apps/details?id=com.jumia.android&hl=en&gl=ng
6a8f7ba0-ada0-421d-94b4-a41fed8130cc,Jumia,quality online store,4,2026-09-05,Google Play,Customer Review,https://play.google.com/store/apps/details?id=com.jumia.android&hl=en&gl=ng
2be3dda4-9891-4ccf-9179-35beb0dfb174,Jumia,زباله,1,2026-09-05,Google Play,Customer Review,https://play.google.com/store/apps/details?id=com.jumia.android&hl=en&gl=ng
f65d3ef3-2a69-457c-8a6d-1496fe94c020,Jumia,very nice,4,2026-09-05,Google Play,Customer Review,https://play.google.com/store/apps/details?id=com.jumia.android&hl=en&gl=ng
e6b298f9-a346-4cad-adac-d023b8f64a47,Jumia,the best,5,2026-09-05,Google Play,Customer Review,https://play.google.com/store/apps/details?id=com.jumia.android&hl=en&gl=ng
5fc60264-5de5-4dec-bc29-bfacdc167694,Jumia,"am really fond of the app, like it's the best",5,2026-09-05,Google Play,Customer Review,https://play.google.com/store/apps/details?id=com.jumia.android&hl=en&gl=ng
989230b4-aba7-4aa0-af02-0cb2b1765409,Jumia,"I love Jumia Online Shopping, They are the best. 💋💋💋",5,2026-09-05,Google Play,Customer Review,https://play.google.com/store/apps/details?id=com.jumia.android&hl=en&gl=ng
2dbd3db9-a2ce-4894-ab2d-c0254671347f,Jumia,good job,5,2026-09-05,Google Play,Customer Review,https://play.google.com/store/apps/details?id=com.jumia.android&hl=en&gl=ng
669e1c75-20a4-45b8-aa54-e32fc4b660a3,Jumia,shop with jumia it's very fast and convenient,5,2026-09-05,Google Play,Customer Review,https://play.google.com/store/apps/details?id=com.jumia.android&hl=en&gl=ng
de96710b-918b-43f5-bcae-9530d3abfca6,Jumia,best app ever thanks jumia,4,2026-09-05,Google Play,Customer Review,https://play.google.com/store/apps/details?id=com.jumia.android&hl=en&gl=ng
2be4f1be-fc53-4329-aa18-d7c9d0f7d22f,Jumia,jumia is great,5,2026-09-05,Google Play,Customer Review,https://play.google.com/store/apps/details?id=com.jumia.android&hl=en&gl=ng
6f6e2ad8-12e8-44e6-9085-9fc396fba7de,Jumia,I love the delivery speed,4,2026-09-05,Google Play,Customer Review,https://play.google.com/store/apps/details?id=com.jumia.android&hl=en&gl=ng
b21843ab-d6b6-4fee-8421-15253d8e1def,Jumia,Good,3,2026-09-05,Google Play,Customer Review,https://play.google.com/store/apps/details?id=com.jumia.android&hl=en&gl=ng
a5ca3f86-8068-44bf-9f79-4a62ac73e75b,Jumia,👍👍😊,4,2026-09-05,Google Play,Customer Review,https://play.google.com/store/apps/details?id=com.jumia.android&hl=en&gl=ng
7d1c1c83-0778-4637-8d72-80d0795bdfe4,Jumia,💯,5,2026-09-05,Google Play,Customer Review,https://play.google.com/store/apps/details?id=com.jumia.android&hl=en&gl=ng
1b561667-fd52-45a5-9349-8597bfba717c,Jumia,Greatest Of All,5,2026-09-05,Google Play,Customer Review,https://play.google.com/store/apps/details?id=com.jumia.android&hl=en&gl=ng
910617d2-abb9-4ab9-b532-b2bc60d11d98,Jumia,😡😡😡😡😡😡😡😡,1,2026-09-05,Google Play,Customer Review,https://play.google.com/store/apps/details?id=com.jumia.android&hl=en&gl=ng
f4646337-6929-4d15-9b79-b433fe7cdcf1,Jumia,much better,5,2026-09-05,Google Play,Customer Review,https://play.google.com/store/apps/details?id=com.jumia.android&hl=en&gl=ng
04a18364-aafe-4740-a40e-bab35b3e2c20,Jumia,good,5,2026-09-05,Google Play,Customer Review,https://play.google.com/store/apps/details?id=com.jumia.android&hl=en&gl=ng
cc327ee8-2a24-478d-a221-09046206d4fd,Jumia,it's a very good shopping app,5,2026-09-05,Google Play,Customer Review,https://play.google.com/store/apps/details?id=com.jumia.android&hl=en&gl=ng
aea657f9-d799-4a97-a1f1-50efe13bccaf,Jumia,"jumia never fail, when once u place ur just be ready to pick it up, so far so good",5,2026-09-05,Google Play,Customer Review,https://play.google.com/store/apps/details?id=com.jumia.android&hl=en&gl=ng
ca51f55b-7185-46c7-95f3-19e9009ce2fe,Jumia,I think you're good to order,4,2026-09-05,Google Play,Customer Review,https://play.google.com/store/apps/details?id=com.jumia.android&hl=en&gl=ng
d1dc569a-3055-453f-9bfd-ee39876b6a35,Jumia,great service,4,2026-09-05,Google Play,Customer Review,https://play.google.com/store/apps/details?id=com.jumia.android&hl=en&gl=ng
3a676dc3-fa67-4acc-8bac-7dc332e8f0b8,Jumia,James Mwiraria 👍,4,2026-09-05,Google Play,Customer Review,https://play.google.com/store/apps/details?id=com.jumia.android&hl=en&gl=ng
7be94a15-5f69-426c-bd59-683cba896c34,Jumia,wow,4,2026-09-05,Google Play,Customer Review,https://play.google.com/store/apps/details?id=com.jumia.android&hl=en&gl=ng
93bb7e78-68b9-4474-8bee-aeeaf71a80c8,Jumia,its nice,5,2026-09-05,Google Play,Customer Review,https://play.google.com/store/apps/details?id=com.jumia.android&hl=en&gl=ng
19df57ef-701d-4903-8280-b1e819c61dc6,Jumia,I like shopping from jumia they are best in delivery fast but they shipping money is cost,5,2026-09-05,Google Play,Customer Review,https://play.google.com/store/apps/details?id=com.jumia.android&hl=en&gl=ng
c8f9b34d-0183-4703-b3ad-7c06c496d7e2,Jumia,my favourite online shop,5,2026-09-05,Google Play,Customer Review,https://play.google.com/store/apps/details?id=com.jumia.android&hl=en&gl=ng
8de225d3-5d03-4250-9ba7-1798bffcb8ca,Jumia,i love the app,4,2026-09-05,Google Play,Customer Review,https://play.google.com/store/apps/details?id=com.jumia.android&hl=en&gl=ng
b3269d17-f4da-4990-9c2f-c0a34f5f6ed8,Jumia,Easy to Manuver,5,2026-09-05,Google Play,Customer Review,https://play.google.com/store/apps/details?id=com.jumia.android&hl=en&gl=ng
f9ac4690-0908-4cef-8230-edb55f16e17d,Jumia,One word. Beautiful,5,2026-09-05,Google Play,Customer Review,https://play.google.com/store/apps/details?id=com.jumia.android&hl=en&gl=ng
4ba7a8bc-3212-4bc1-b4c5-de3541114680,Jumia,good,4,2026-09-05,Google Play,Customer Review,https://play.google.com/store/apps/details?id=com.jumia.android&hl=en&gl=ng
1d8b376c-c71f-4672-a2bd-95ca9320a089,Jumia,Jumia is very reliable and transparent,4,2026-09-05,Google Play,Customer Review,https://play.google.com/store/apps/details?id=com.jumia.android&hl=en&gl=ng
386b94da-8264-443c-b39a-92ba0f45465c,Jumia,good,5,2026-09-05,Google Play,Customer Review,https://play.google.com/store/apps/details?id=com.jumia.android&hl=en&gl=ng
e655010f-a418-49de-a04e-555cfbfb764d,Jumia,they always try,4,2026-09-05,Google Play,Customer Review,https://play.google.com/store/apps/details?id=com.jumia.android&hl=en&gl=ng
2d34e136-ab8e-4675-aedb-93d3e1f8e1a3,Jumia,nice,4,2026-09-05,Google Play,Customer Review,https://play.google.com/store/apps/details?id=com.jumia.android&hl=en&gl=ng
9c21dd5b-01c9-44d2-8d0d-b46aec516f59,Jumia,the best online app,5,2026-09-05,Google Play,Customer Review,https://play.google.com/store/apps/details?id=com.jumia.android&hl=en&gl=ng
1033421e-b26e-4fd1-9835-eb9e4ff500b0,Jumia,cool and friendly,4,2026-09-05,Google Play,Customer Review,https://play.google.com/store/apps/details?id=com.jumia.android&hl=en&gl=ng
bc24e8e4-3723-4312-9c02-c65c6b50d5a2,Jumia,nice,5,2026-09-05,Google Play,Customer Review,https://play.google.com/store/apps/details?id=com.jumia.android&hl=en&gl=ng
9d7c4c8c-8fc4-43ab-937e-441d1c4d2426,Jumia,Ordering en Delivery Is Good🙂🙂,4,2026-09-05,Google Play,Customer Review,https://play.google.com/store/apps/details?id=com.jumia.android&hl=en&gl=ng
8bd259fd-add8-4be5-b817-43b43011ca65,Jumia,its jumia,5,2026-09-05,Google Play,Customer Review,https://play.google.com/store/apps/details?id=com.jumia.android&hl=en&gl=ng
89886ea5-341e-4785-8800-4b8c5a43f178,Jumia,Jumia is great! The experience is amazing!,5,2026-09-05,Google Play,Customer Review,https://play.google.com/store/apps/details?id=com.jumia.android&hl=en&gl=ng
730f39fa-bae4-4d32-9b69-8fa036eac467,Jumia,They are reliable; so far so good no regret.,4,2026-09-05,Google Play,Customer Review,https://play.google.com/store/apps/details?id=com.jumia.android&hl=en&gl=ng
952245d8-d009-4322-b2f6-62d2e07f3377,Jumia,reliable,3,2026-09-05,Google Play,Customer Review,https://play.google.com/store/apps/details?id=com.jumia.android&hl=en&gl=ng
94596020-2e33-4c78-b906-bc2bacb63e89,Jumia,All others are on time returns are also allowed for a better one,5,2026-09-05,Google Play,Customer Review,https://play.google.com/store/apps/details?id=com.jumia.android&hl=en&gl=ng
7c752a4a-342e-4d98-8f01-2750fb76202b,Jumia,super,5,2026-09-05,Google Play,Customer Review,https://play.google.com/store/apps/details?id=com.jumia.android&hl=en&gl=ng
e3841e90-2dcd-42bd-afb5-aba934f6b127,Jumia,great 👌,5,2026-09-05,Google Play,Customer Review,https://play.google.com/store/apps/details?id=com.jumia.android&hl=en&gl=ng
890ca5e0-ea38-4af0-a9cc-678c7a938bec,Jumia,best,5,2026-09-05,Google Play,Customer Review,https://play.google.com/store/apps/details?id=com.jumia.android&hl=en&gl=ng
9db98cbb-f78e-4c36-b239-dc5b8e6b16c1,Jumia,Best,5,2026-09-05,Google Play,Customer Review,https://play.google.com/store/apps/details?id=com.jumia.android&hl=en&gl=ng
5fcd4e59-701c-484c-88e4-a0265cf5dd91,Jumia,Efficient,4,2026-09-05,Google Play,Customer Review,https://play.google.com/store/apps/details?id=com.jumia.android&hl=en&gl=ng
40d7053c-4371-44e6-b920-ed2bbfec35d1,Jumia,nice,4,2026-09-05,Google Play,Customer Review,https://play.google.com/store/apps/details?id=com.jumia.android&hl=en&gl=ng
156fcd29-1c75-4bea-b60a-e2787fd55a54,Jumia,good,5,2026-09-05,Google Play,Customer Review,https://play.google.com/store/apps/details?id=com.jumia.android&hl=en&gl=ng
f36e5f2a-8967-451e-8e8c-4f159d8ed0b7,Jumia,very good,5,2026-09-05,Google Play,Customer Review,https://play.google.com/store/apps/details?id=com.jumia.android&hl=en&gl=ng
c131419c-f279-491c-8707-b5b5136477fd,Jumia,good,5,2026-09-05,Google Play,Customer Review,https://play.google.com/store/apps/details?id=com.jumia.android&hl=en&gl=ng
0486f9bb-16f4-431d-b48a-77ddc0d17393,Jumia,app is very ok. good navigation,5,2026-09-05,Google Play,Customer Review,https://play.google.com/store/apps/details?id=com.jumia.android&hl=en&gl=ng
f41d65f3-e602-47c7-87aa-73a6c2c7242b,Jumia,There is so much improvement on jumia app and communications,5,2026-09-05,Google Play,Customer Review,https://play.google.com/store/apps/details?id=com.jumia.android&hl=en&gl=ng
045ad95f-a74f-482d-9bd5-b6e9d59f6847,Jumia,"Download it, it's amazing and very good",4,2026-09-05,Google Play,Customer Review,https://play.google.com/store/apps/details?id=com.jumia.android&hl=en&gl=ng
826289ea-7d1c-42d1-8827-0af579b20548,Jumia,very goid,5,2026-09-05,Google Play,Customer Review,https://play.google.com/store/apps/details?id=com.jumia.android&hl=en&gl=ng
a53df5e6-46af-483e-999e-8c46f8142bd1,Jumia,is very good,4,2026-09-05,Google Play,Customer Review,https://play.google.com/store/apps/details?id=com.jumia.android&hl=en&gl=ng
7bb7b4c2-4dd9-45ff-9934-e37450928bad,Jumia,it's a good app,5,2026-09-04,Google Play,Customer Review,https://play.google.com/store/apps/details?id=com.jumia.android&hl=en&gl=ng
7c727aee-c277-4625-8bc4-88c9d9ab6f53,Jumia,"so farr, the app has been good enough",4,2026-09-04,Google Play,Customer Review,https://play.google.com/store/apps/details?id=com.jumia.android&hl=en&gl=ng
e55dd1e0-53f5-4b11-b58f-fe8fc8c6e761,Jumia,great,5,2026-09-04,Google Play,Customer Review,https://play.google.com/store/apps/details?id=com.jumia.android&hl=en&gl=ng
f5220888-b183-4f85-820a-daa22ce1fa61,Jumia,good prices,4,2026-09-04,Google Play,Customer Review,https://play.google.com/store/apps/details?id=com.jumia.android&hl=en&gl=ng
1fa1af62-f60c-4b6e-b91a-0ef3ec32bc95,Jumia,"Well this is my first time ordering from jumia, and I'm so glad 😊 their service is top-notch",5,2026-09-04,Google Play,Customer Review,https://play.google.com/store/apps/details?id=com.jumia.android&hl=en&gl=ng
732c3c0f-11f4-493b-9912-18ecef4236f6,Jumia,good experience,5,2026-09-04,Google Play,Customer Review,https://play.google.com/store/apps/details?id=com.jumia.android&hl=en&gl=ng
8c55c687-ef9f-4812-af8c-6e2e29e916c9,Jumia,So marvelous 👍👍👍,5,2026-09-04,Google Play,Customer Review,https://play.google.com/store/apps/details?id=com.jumia.android&hl=en&gl=ng
982b69fc-de1e-47e9-9522-ecb4c3bbd9a2,Jumia,awesome 👍,5,2026-09-04,Google Play,Customer Review,https://play.google.com/store/apps/details?id=com.jumia.android&hl=en&gl=ng
0ec30957-977c-424a-9c1b-e22b3a8528db,Jumia,Great... full of discounts.,5,2026-09-04,Google Play,Customer Review,https://play.google.com/store/apps/details?id=com.jumia.android&hl=en&gl=ng
ddbabe8b-fc02-4a67-bf89-ba63b35e7004,Jumia,truck driver,5,2026-09-04,Google Play,Customer Review,https://play.google.com/store/apps/details?id=com.jumia.android&hl=en&gl=ng
3fb8fbc4-4597-4762-b0ad-91a0f012ac64,Jumia,good,5,2026-09-04,Google Play,Customer Review,https://play.google.com/store/apps/details?id=com.jumia.android&hl=en&gl=ng
6d8d84ed-d463-44cd-b225-5c82ba99b11e,Jumia,Tested and Trusted Highly recommendable for everyone No regrets at all,5,2026-09-04,Google Play,Customer Review,https://play.google.com/store/apps/details?id=com.jumia.android&hl=en&gl=ng
a4c2efb6-897b-4935-9ba2-78676401332b,Jumia,The most reliable online mall I trust,4,2026-09-04,Google Play,Customer Review,https://play.google.com/store/apps/details?id=com.jumia.android&hl=en&gl=ng
93a31d3a-a40b-4a13-8d0f-f8cc535f99e0,Jumia,great platform,5,2026-09-04,Google Play,Customer Review,https://play.google.com/store/apps/details?id=com.jumia.android&hl=en&gl=ng
e86fcefc-65d0-4054-b5ca-4cc00aa91af9,Jumia,it's good,2,2026-09-04,Google Play,Customer Review,https://play.google.com/store/apps/details?id=com.jumia.android&hl=en&gl=ng
abc9b798-979f-4bb0-9e97-a62785bc1e25,Jumia,mostly reliable depending on your order though,5,2026-09-04,Google Play,Customer Review,https://play.google.com/store/apps/details?id=com.jumia.android&hl=en&gl=ng
d7418a4e-3473-4bb1-af18-8084b77983e8,Jumia,nice one,4,2026-09-04,Google Play,Customer Review,https://play.google.com/store/apps/details?id=com.jumia.android&hl=en&gl=ng
0edcd9e1-6067-4f23-a7fc-2de0b4aa116c,Jumia,Good,1,2026-09-04,Google Play,Customer Review,https://play.google.com/store/apps/details?id=com.jumia.android&hl=en&gl=ng
84e79858-c8b7-4f33-bdff-13ca81d1f84e,Jumia,Good app,5,2026-09-04,Google Play,Customer Review,https://play.google.com/store/apps/details?id=com.jumia.android&hl=en&gl=ng
0c216447-c699-4c79-bcd8-b7a347ac5cdd,Jumia,offers good services to customers,5,2026-09-04,Google Play,Customer Review,https://play.google.com/store/apps/details?id=com.jumia.android&hl=en&gl=ng
1c94e394-56b1-4bf5-ae83-a44ab5178e2c,Jumia,"excellent app ,the best shopping app in Nigeria",5,2026-09-04,Google Play,Customer Review,https://play.google.com/store/apps/details?id=com.jumia.android&hl=en&gl=ng
40d565ca-64eb-4511-b105-39350f499131,Jumia,nice,5,2026-09-04,Google Play,Customer Review,https://play.google.com/store/apps/details?id=com.jumia.android&hl=en&gl=ng
cfc18611-cf2d-4c12-b71c-c8b43da44680,Jumia,It's efficient,5,2026-09-04,Google Play,Customer Review,https://play.google.com/store/apps/details?id=com.jumia.android&hl=en&gl=ng
bc89a138-7fc1-425f-807e-a369a471ef8a,Jumia,it's good,4,2026-09-04,Google Play,Customer Review,https://play.google.com/store/apps/details?id=com.jumia.android&hl=en&gl=ng
128556ac-6c2e-46b2-8b8f-07a1e623999e,Jumia,good service,5,2026-09-04,Google Play,Customer Review,https://play.google.com/store/apps/details?id=com.jumia.android&hl=en&gl=ng
31ec04fd-b7da-41d1-8a55-77ce77b62b95,Jumia,"I have been using Jumia all my life, and it has delivered excellent service for me. Keep up the good work Jumia and Team 👍",5,2026-09-04,Google Play,Customer Review,https://play.google.com/store/apps/details?id=com.jumia.android&hl=en&gl=ng
6ab95ecc-be22-4738-bcdf-23528458b81d,Jumia,good,4,2026-09-04,Google Play,Customer Review,https://play.google.com/store/apps/details?id=com.jumia.android&hl=en&gl=ng
6da03b46-3524-4557-a0dd-e1c5553aa708,Jumia,I can't access my account anymore why,3,2026-09-04,Google Play,Customer Review,https://play.google.com/store/apps/details?id=com.jumia.android&hl=en&gl=ng
cfc3e093-3505-4ed6-8920-904c76a7cdde,Jumia,I really love this app,5,2026-09-04,Google Play,Customer Review,https://play.google.com/store/apps/details?id=com.jumia.android&hl=en&gl=ng
2f579121-2f47-4b33-8f30-5666d23296bb,Jumia,"Update 04/09/26: The latest interface is awful, looks like AI designed slop. Can't believe Jumia's design team would drop the ball so hard.",2,2026-09-04,Google Play,Customer Review,https://play.google.com/store/apps/details?id=com.jumia.android&hl=en&gl=ng
537e48fc-45b9-4266-9f9d-d8106a0f0107,Jumia,Jumia is the best shopping app I've come across soo...... far,5,2026-09-04,Google Play,Customer Review,https://play.google.com/store/apps/details?id=com.jumia.android&hl=en&gl=ng
ff5ec825-efda-4c81-bddf-06fee1f57a9a,Jumia,first time using it 👍👍👍👍,5,2026-09-04,Google Play,Customer Review,https://play.google.com/store/apps/details?id=com.jumia.android&hl=en&gl=ng
06466a44-9e70-4ba1-bb4f-9a289be6f39e,Jumia,jumia is good,5,2026-09-04,Google Play,Customer Review,https://play.google.com/store/apps/details?id=com.jumia.android&hl=en&gl=ng
5dcf0a95-7275-43ed-b5dc-dba8e2b04e0e,Jumia,"Julia is nice, I like the products",3,2026-09-04,Google Play,Customer Review,https://play.google.com/store/apps/details?id=com.jumia.android&hl=en&gl=ng
51cd5b66-7c46-4417-981f-3f7581edb90e,Jumia,Very convenient to purchase product and easy to make payment,5,2026-09-04,Google Play,Customer Review,https://play.google.com/store/apps/details?id=com.jumia.android&hl=en&gl=ng
440265b9-d649-47da-a95b-9be446746e82,Jumia,"This is the most horrible sales platform I know. Before I delete this app from my phone,I want to thank God for Temu. Because Jumia would have just made some loose it. How can you fail to deliver my item and even though I kept begging several of your agents that the time frame should be kept as I wont be around during the weekend and all. you proceed to deliver on day I'm not around and your making it my fault. No consideration that people have other things they do. Tufiakwa Jumia!!",1,2026-09-04,Google Play,Customer Review,https://play.google.com/store/apps/details?id=com.jumia.android&hl=en&gl=ng
8d75faf8-83fa-491a-baea-20cd7bfa20db,Jumia,jumia is the best,5,2026-09-04,Google Play,Customer Review,https://play.google.com/store/apps/details?id=com.jumia.android&hl=en&gl=ng
2d2de0a3-c425-4358-959c-d720f372efe3,Jumia,It's my first time trying to order let see if it gives the best service as it promises,3,2026-09-04,Google Play,Customer Review,https://play.google.com/store/apps/details?id=com.jumia.android&hl=en&gl=ng
da131b12-a354-458c-a62f-9b89776e84fb,Jumia,good 👍,4,2026-09-04,Google Play,Customer Review,https://play.google.com/store/apps/details?id=com.jumia.android&hl=en&gl=ng
f1982354-c683-4848-9c33-7060575a45d1,Jumia,the best e-commerce site,5,2026-09-04,Google Play,Customer Review,https://play.google.com/store/apps/details?id=com.jumia.android&hl=en&gl=ng
cb81c4bb-8c86-4e24-9560-e82cc25c5de7,Jumia,it's Beetastic ✨🐝. I love 💕 it. no one perfect,5,2026-09-04,Google Play,Customer Review,https://play.google.com/store/apps/details?id=com.jumia.android&hl=en&gl=ng
52d5d85d-2919-48b9-bd94-ad426479a1c7,Jumia,5tammmmm,5,2026-09-04,Google Play,Customer Review,https://play.google.com/store/apps/details?id=com.jumia.android&hl=en&gl=ng
7e6be6ed-a53d-4a28-839f-1f1cdac02f97,Jumia,"I have made several attempts to contact customer support regarding my delayed delivery, but unfortunately, I have not received a clear explanation or satisfactory resolution. When I was first contacted, I explained why I was unable to receive the delivery on the scheduled date and was assured that someone would follow up with me. However, I have yet to receive any further communication or update. I am disappointed with the lack of follow-up and communication regarding my order.",1,2026-09-04,Google Play,Customer Review,https://play.google.com/store/apps/details?id=com.jumia.android&hl=en&gl=ng
d2afe28b-7a57-40b3-9483-0f81ef53bbaf,Jumia,wonderful experience. it's reliable,4,2026-09-04,Google Play,Customer Review,https://play.google.com/store/apps/details?id=com.jumia.android&hl=en&gl=ng
5e4b5a44-31c7-4685-b05d-4ed48e7db99a,Jumia,chic,1,2026-09-04,Google Play,Customer Review,https://play.google.com/store/apps/details?id=com.jumia.android&hl=en&gl=ng
aadac206-43cf-498c-bf9f-59b8d61b6851,Jumia,Great shopping experience,4,2026-09-04,Google Play,Customer Review,https://play.google.com/store/apps/details?id=com.jumia.android&hl=en&gl=ng
bf314202-8581-40cd-9b3a-22fd11625e43,Jumia,"the app is good,but the order to slow I ordered a phone on 2nd of September and still haven't arrived 😭😔",2,2026-09-04,Google Play,Customer Review,https://play.google.com/store/apps/details?id=com.jumia.android&hl=en&gl=ng
b77cb4b8-614d-4160-b935-3cac82f698ea,Jumia,"it's a good app overall, but I hate that ads pop up every now and then. This ruins the experience for me, allow me to make my own search and stop forcing random stuff on me as a full screen ad. I also hate that the app logs my account out on its own. so every time I open it, I have to keep adding my account... Terrible!",2,2026-09-04,Google Play,Customer Review,https://play.google.com/store/apps/details?id=com.jumia.android&hl=en&gl=ng
226f109c-5e21-417e-b9a8-b6428688e9c4,Jumia,I've been ordering from there for two years and the never disappoint.,5,2026-09-04,Google Play,Customer Review,https://play.google.com/store/apps/details?id=com.jumia.android&hl=en&gl=ng
9d4c0dac-b9ea-42fa-afc0-40c4416d92f8,Jumia,very good and reliable,5,2026-09-04,Google Play,Customer Review,https://play.google.com/store/apps/details?id=com.jumia.android&hl=en&gl=ng
afbd387b-62b4-48f4-a454-5be20f2f8b14,Jumia,wonderful,4,2026-09-04,Google Play,Customer Review,https://play.google.com/store/apps/details?id=com.jumia.android&hl=en&gl=ng
b646a735-b54d-4ed1-aede-4c473c005c00,Jumia,khayt beyad a tariik,5,2026-09-04,Google Play,Customer Review,https://play.google.com/store/apps/details?id=com.jumia.android&hl=en&gl=ng
0812508b-003b-4db9-86bd-1132f41a0a76,Jumia,"jumia is the best of all,all their products are genuine,pls keep it up",5,2026-09-04,Google Play,Customer Review,https://play.google.com/store/apps/details?id=com.jumia.android&hl=en&gl=ng
6263cf05-a5b8-4864-b4fd-e971664b5e1c,Jumia,good,3,2026-09-04,Google Play,Customer Review,https://play.google.com/store/apps/details?id=com.jumia.android&hl=en&gl=ng
cd1d5c22-bd5f-4d5e-9fb1-50d26d6dcf30,Jumia,Jumia is the best,5,2026-09-04,Google Play,Customer Review,https://play.google.com/store/apps/details?id=com.jumia.android&hl=en&gl=ng
29351564-3760-4902-a0a1-9d6c3065a7f3,Jumia,cool,5,2026-09-04,Google Play,Customer Review,https://play.google.com/store/apps/details?id=com.jumia.android&hl=en&gl=ng
2dcb5bfa-8301-4f53-b4ac-cd00257d650f,Jumia,it's amazing 🤩😍,5,2026-09-04,Google Play,Customer Review,https://play.google.com/store/apps/details?id=com.jumia.android&hl=en&gl=ng
ed3a9a66-9bcb-4fbe-954b-704635cbba4c,Jumia,one of the best 👌,2,2026-09-04,Google Play,Customer Review,https://play.google.com/store/apps/details?id=com.jumia.android&hl=en&gl=ng
07e91aea-b249-4621-8ba9-680f17e01e24,Jumia,Very good,5,2026-09-04,Google Play,Customer Review,https://play.google.com/store/apps/details?id=com.jumia.android&hl=en&gl=ng
a0cf3376-ac2e-4255-a598-1e49797c31ab,Jumia,Easy to navigate. Has awesome products for every need.🥰,5,2026-09-04,Google Play,Customer Review,https://play.google.com/store/apps/details?id=com.jumia.android&hl=en&gl=ng
79f846c2-f5e7-475b-97ad-03a3d2c0ebca,Jumia,fast process,4,2026-09-04,Google Play,Customer Review,https://play.google.com/store/apps/details?id=com.jumia.android&hl=en&gl=ng
ea2cc060-7dd9-4ac7-99b9-713fa2c02df0,Jumia,good job thanks 👍,5,2026-09-04,Google Play,Customer Review,https://play.google.com/store/apps/details?id=com.jumia.android&hl=en&gl=ng
caac4156-1d1b-4090-84f8-a4cc67a0cc6f,Jumia,God bless jumia 🙏,5,2026-09-04,Google Play,Customer Review,https://play.google.com/store/apps/details?id=com.jumia.android&hl=en&gl=ng
bdfc6117-1206-4e2c-af0e-9336ac723659,Jumia,good,5,2026-09-04,Google Play,Customer Review,https://play.google.com/store/apps/details?id=com.jumia.android&hl=en&gl=ng
4942cc72-9270-4efb-86f7-f7ef31d927a8,Jumia,good,5,2026-09-04,Google Play,Customer Review,https://play.google.com/store/apps/details?id=com.jumia.android&hl=en&gl=ng
96a8775d-ba90-41d8-ba84-f46374d7d0ad,Jumia,the very best and customer service is top-notch,5,2026-09-04,Google Play,Customer Review,https://play.google.com/store/apps/details?id=com.jumia.android&hl=en&gl=ng
39bb60b9-471a-4cdd-a8a3-259b20a01799,Jumia,"I don't like the process of its download because it couldn't be able to upload whatever you want to upload, though jumia have improved in there operation now kudos",5,2026-09-04,Google Play,Customer Review,https://play.google.com/store/apps/details?id=com.jumia.android&hl=en&gl=ng
6514c2cd-d797-4a28-98d0-069d2b2b914d,Jumia,I really love their price and services,5,2026-09-04,Google Play,Customer Review,https://play.google.com/store/apps/details?id=com.jumia.android&hl=en&gl=ng
8bfaed6c-f363-4227-a910-9ca70fc28b20,Jumia,"great app, it's works excellently",5,2026-09-04,Google Play,Customer Review,https://play.google.com/store/apps/details?id=com.jumia.android&hl=en&gl=ng
8001f42e-d136-43f0-8ef2-8af8e955500b,Jumia,reliable,5,2026-09-04,Google Play,Customer Review,https://play.google.com/store/apps/details?id=com.jumia.android&hl=en&gl=ng
9b6b1792-badb-44b5-844e-b9c5aefc91a0,Jumia,good 👍,5,2026-09-04,Google Play,Customer Review,https://play.google.com/store/apps/details?id=com.jumia.android&hl=en&gl=ng
9e870cc5-66d7-46cb-9a63-14c1b895892e,Jumia,Trusted app for Africans,4,2026-09-04,Google Play,Customer Review,https://play.google.com/store/apps/details?id=com.jumia.android&hl=en&gl=ng
466a50f1-08a6-435b-bc1d-b612bc8badee,Jumia,this app is very easy to buy product the product is good 👍,5,2026-09-04,Google Play,Customer Review,https://play.google.com/store/apps/details?id=com.jumia.android&hl=en&gl=ng
d0eedc98-606e-4b2f-9f1c-eb2c1573745a,Jumia,it gives me joy,5,2026-09-04,Google Play,Customer Review,https://play.google.com/store/apps/details?id=com.jumia.android&hl=en&gl=ng
97e7dac6-955a-4c0b-94da-f239589cc52e,Jumia,very nice,5,2026-09-04,Google Play,Customer Review,https://play.google.com/store/apps/details?id=com.jumia.android&hl=en&gl=ng
202dd966-a8ff-4599-af2a-6484b6b331f1,Jumia,"have been having issues with login for days now pls what is going on with the app, I can't even make an order without logging in first , it's quite frustrating",2,2026-09-04,Google Play,Customer Review,https://play.google.com/store/apps/details?id=com.jumia.android&hl=en&gl=ng
49e10ebb-7614-4270-b532-629586595138,Jumia,excellent,5,2026-09-04,Google Play,Customer Review,https://play.google.com/store/apps/details?id=com.jumia.android&hl=en&gl=ng
793d9f77-c60f-483e-8c39-41cbb4133667,Jumia,"the app as well as online shopping is good so far, the products reach in time at an agreed price",4,2026-09-04,Google Play,Customer Review,https://play.google.com/store/apps/details?id=com.jumia.android&hl=en&gl=ng
93514887-81bb-4c8f-86dd-83ff3b4b03c6,Jumia,best place to shop,5,2026-09-04,Google Play,Customer Review,https://play.google.com/store/apps/details?id=com.jumia.android&hl=en&gl=ng
3e06f68c-49dc-4844-87e6-81b6f1e89012,Jumia,Good online market place to shop in,5,2026-09-03,Google Play,Customer Review,https://play.google.com/store/apps/details?id=com.jumia.android&hl=en&gl=ng
4e7ba64a-bff3-4cef-9dcf-633163e604ca,Jumia,very fast and reliable,5,2026-09-03,Google Play,Customer Review,https://play.google.com/store/apps/details?id=com.jumia.android&hl=en&gl=ng
085e613e-3c17-44d5-9e92-7fc1bde05759,Jumia,nice job,4,2026-09-03,Google Play,Customer Review,https://play.google.com/store/apps/details?id=com.jumia.android&hl=en&gl=ng
5efde9bb-628e-4bf5-a529-52cbd07a1cae,Jumia,good and easy,5,2026-09-03,Google Play,Customer Review,https://play.google.com/store/apps/details?id=com.jumia.android&hl=en&gl=ng
aba8852a-0241-47c3-b989-51c5580034c9,Jumia,cool,5,2026-09-03,Google Play,Customer Review,https://play.google.com/store/apps/details?id=com.jumia.android&hl=en&gl=ng
1baf2f72-248c-4ea2-a4eb-767651008d20,Jumia,Great,5,2026-09-03,Google Play,Customer Review,https://play.google.com/store/apps/details?id=com.jumia.android&hl=en&gl=ng
a07ccc96-c088-4cb0-99c2-7445bba2ec39,Jumia,good 👍🏾,3,2026-09-03,Google Play,Customer Review,https://play.google.com/store/apps/details?id=com.jumia.android&hl=en&gl=ng
91e412f1-0bb3-4798-a873-2b49ce02124b,Jumia,excellent app,5,2026-09-03,Google Play,Customer Review,https://play.google.com/store/apps/details?id=com.jumia.android&hl=en&gl=ng
6edfafe7-75d1-4e22-baca-a79afd6cfd2c,Jumia,fast and reliable,4,2026-09-03,Google Play,Customer Review,https://play.google.com/store/apps/details?id=com.jumia.android&hl=en&gl=ng
67b49688-3e3d-44fb-877d-6e17756fced9,Jumia,very good,5,2026-09-03,Google Play,Customer Review,https://play.google.com/store/apps/details?id=com.jumia.android&hl=en&gl=ng
0f4b11c5-48fb-4632-8aca-7aa60ac8750b,Jumia,It's been a very wonderful experience using Jumia app and I'm satisfied with their services,4,2026-09-03,Google Play,Customer Review,https://play.google.com/store/apps/details?id=com.jumia.android&hl=en&gl=ng
41b0ac27-1b55-4a06-b352-535d4cedb374,Jumia,good,5,2026-09-03,Google Play,Customer Review,https://play.google.com/store/apps/details?id=com.jumia.android&hl=en&gl=ng
89a95782-867e-46c7-ac42-d4803df8b51c,Jumia,they are always the best I know and God bless your good work ❤️✌️,5,2026-09-03,Google Play,Customer Review,https://play.google.com/store/apps/details?id=com.jumia.android&hl=en&gl=ng
f9e305fe-585f-4273-a7e0-0b3b307bd9e7,Jumia,fast and reliable,3,2026-09-03,Google Play,Customer Review,https://play.google.com/store/apps/details?id=com.jumia.android&hl=en&gl=ng
6b565a65-ba63-4741-b682-6a0da0386376,Jumia,amazing,5,2026-09-03,Google Play,Customer Review,https://play.google.com/store/apps/details?id=com.jumia.android&hl=en&gl=ng
ef61e342-774e-441d-9a1d-07bd273c0d7e,Jumia,it is really nice,3,2026-09-03,Google Play,Customer Review,https://play.google.com/store/apps/details?id=com.jumia.android&hl=en&gl=ng
b2b839e7-1720-44c9-960d-be97ca3e73af,Jumia,"This online shopping is good I like it. But recently I made a return they didn't refund my money, I sent emails but no reply",4,2026-09-03,Google Play,Customer Review,https://play.google.com/store/apps/details?id=com.jumia.android&hl=en&gl=ng
bc976400-a4c5-40a4-bcd8-40fad1dbdef8,Jumia,Good service,5,2026-09-03,Google Play,Customer Review,https://play.google.com/store/apps/details?id=com.jumia.android&hl=en&gl=ng
f8db296a-b90f-4e9a-813f-e54c1057a743,Jumia,excellent,5,2026-09-03,Google Play,Customer Review,https://play.google.com/store/apps/details?id=com.jumia.android&hl=en&gl=ng
1d0a12e5-4638-4581-825d-dfc11ecddc97,Jumia,"Jumia the Best place to shop, they are the BEST ♥️♥️♥️",5,2026-09-03,Google Play,Customer Review,https://play.google.com/store/apps/details?id=com.jumia.android&hl=en&gl=ng
24ef9d96-74a7-4338-a150-11a754cebd19,Jumia,good app,4,2026-09-03,Google Play,Customer Review,https://play.google.com/store/apps/details?id=com.jumia.android&hl=en&gl=ng
dc87bdc9-474b-46ba-92e5-5593508fee4f,Jumia,am waiting,5,2026-09-03,Google Play,Customer Review,https://play.google.com/store/apps/details?id=com.jumia.android&hl=en&gl=ng
c5d67658-32ec-431e-ad0b-509a78de0d31,Jumia,💯,4,2026-09-03,Google Play,Customer Review,https://play.google.com/store/apps/details?id=com.jumia.android&hl=en&gl=ng
cddd8ce1-37a8-4d2a-bf1d-8bccd896a4d0,Jumia,Excellent,5,2026-09-03,Google Play,Customer Review,https://play.google.com/store/apps/details?id=com.jumia.android&hl=en&gl=ng
5ad149ca-bb45-493e-ab62-c59598f8cc97,Jumia,"way better than temu (In my Opinion, that is service) but their prices is less better than temu",4,2026-09-03,Google Play,Customer Review,https://play.google.com/store/apps/details?id=com.jumia.android&hl=en&gl=ng
d15264c9-92a5-4929-88b6-b008aae426ea,Jumia,very good,5,2026-09-03,Google Play,Customer Review,https://play.google.com/store/apps/details?id=com.jumia.android&hl=en&gl=ng
a893d3ae-c92a-4f76-9f45-4958c1fbf736,Jumia,"My first time ordering something online an I have to say, it went soooooo better than expected. My order was delivered sooner than I expected. It was a very pleasant experience. 5 stars",5,2026-09-03,Google Play,Customer Review,https://play.google.com/store/apps/details?id=com.jumia.android&hl=en&gl=ng
6a902831-e163-47fa-b4c9-33b87845b616,Jumia,super,5,2026-09-03,Google Play,Customer Review,https://play.google.com/store/apps/details?id=com.jumia.android&hl=en&gl=ng
059874cd-d022-44c3-a62f-a310ce213108,Jumia,jumia is excellent,5,2026-09-03,Google Play,Customer Review,https://play.google.com/store/apps/details?id=com.jumia.android&hl=en&gl=ng
90044c14-024c-4b73-a393-b5a52eb3cb29,Jumia,first time though but easy process,2,2026-09-03,Google Play,Customer Review,https://play.google.com/store/apps/details?id=com.jumia.android&hl=en&gl=ng
a9f1316c-12e0-45bd-abfc-4fd238c89804,Jumia,I have ordered some stuffs that weren't really in order..,3,2026-09-03,Google Play,Customer Review,https://play.google.com/store/apps/details?id=com.jumia.android&hl=en&gl=ng
9f3af4cd-3497-4668-9881-5d4909c9979a,Jumia,no stress,5,2026-09-03,Google Play,Customer Review,https://play.google.com/store/apps/details?id=com.jumia.android&hl=en&gl=ng
337a8812-f661-48f5-bc6a-725b69d6d3b1,Jumia,good one,2,2026-09-03,Google Play,Customer Review,https://play.google.com/store/apps/details?id=com.jumia.android&hl=en&gl=ng
bcd4d7d5-6501-4fb6-8add-90eb643915aa,Jumia,tried to log into my account....wasted 2 hours .....I can't seem to log into my account,1,2026-09-03,Google Play,Customer Review,https://play.google.com/store/apps/details?id=com.jumia.android&hl=en&gl=ng
d77c0899-c5c4-41db-8a76-d7bf34aba56b,Jumia,Faster easy and affordable,5,2026-09-03,Google Play,Customer Review,https://play.google.com/store/apps/details?id=com.jumia.android&hl=en&gl=ng
9beecaee-95b7-4393-b965-cd5baed03197,Jumia,very good services,4,2026-09-03,Google Play,Customer Review,https://play.google.com/store/apps/details?id=com.jumia.android&hl=en&gl=ng
1d71832d-6f48-4cfc-b7d7-be5eb67f95e3,Jumia,oky,5,2026-09-03,Google Play,Customer Review,https://play.google.com/store/apps/details?id=com.jumia.android&hl=en&gl=ng
8da19423-0a60-4900-b7ad-f31247e5a920,Jumia,massive,2,2026-09-03,Google Play,Customer Review,https://play.google.com/store/apps/details?id=com.jumia.android&hl=en&gl=ng
18105bee-ebd9-4753-93c3-8fb2981d2a68,Jumia,"best off all, ordering app ever seen ♥️♥️♥️♥️",5,2026-09-03,Google Play,Customer Review,https://play.google.com/store/apps/details?id=com.jumia.android&hl=en&gl=ng
76816dce-85f2-4eeb-8f99-e5507f6561d6,Jumia,one of the best online apps I have worked with,5,2026-09-03,Google Play,Customer Review,https://play.google.com/store/apps/details?id=com.jumia.android&hl=en&gl=ng
9d868259-d136-41c9-a215-16f8023c997e,Jumia,👍👍👍👍👍,5,2026-09-03,Google Play,Customer Review,https://play.google.com/store/apps/details?id=com.jumia.android&hl=en&gl=ng
c8c17860-a33a-496c-bccb-195564f3d6f9,Jumia,nice service,4,2026-09-03,Google Play,Customer Review,https://play.google.com/store/apps/details?id=com.jumia.android&hl=en&gl=ng
78f7f9e2-4c00-441f-8cb3-57d083c16e5f,Jumia,Excellent 👍,5,2026-09-03,Google Play,Customer Review,https://play.google.com/store/apps/details?id=com.jumia.android&hl=en&gl=ng
bc55628e-eb1f-4414-8907-6d54cd8beacd,Jumia,It really good to work with them,4,2026-09-03,Google Play,Customer Review,https://play.google.com/store/apps/details?id=com.jumia.android&hl=en&gl=ng
9c7b37c6-b233-438a-98eb-3249357891e3,Jumia,Very kind to customer's,5,2026-09-03,Google Play,Customer Review,https://play.google.com/store/apps/details?id=com.jumia.android&hl=en&gl=ng
79f07c08-7da3-4ce7-83ee-63dc41e8d256,Jumia,"This is the last time I will ever use this app to buy anything. they have the worst employees at their pickup station at No 180 uniport Big gate, Port Harcourt Choba",1,2026-09-03,Google Play,Customer Review,https://play.google.com/store/apps/details?id=com.jumia.android&hl=en&gl=ng
fb6a2994-558d-4779-ada5-99ec22f6d447,Jumia,ever since I have been using this application to make purchases I have never have any issues with the goods and the I was able to get the store easily,5,2026-09-03,Google Play,Customer Review,https://play.google.com/store/apps/details?id=com.jumia.android&hl=en&gl=ng
9f317480-b5f3-41d8-9019-c4f204158ef1,Jumia,Nice,4,2026-09-03,Google Play,Customer Review,https://play.google.com/store/apps/details?id=com.jumia.android&hl=en&gl=ng
bedb2499-8f9a-4abe-83b3-0fc1c8360778,Jumia,Just continue on improving,5,2026-09-03,Google Play,Customer Review,https://play.google.com/store/apps/details?id=com.jumia.android&hl=en&gl=ng
76e973b9-76b6-466e-9070-3eb6e05f7de4,Jumia,wow,4,2026-09-03,Google Play,Customer Review,https://play.google.com/store/apps/details?id=com.jumia.android&hl=en&gl=ng
8da9cab4-76c5-43c7-922f-da4f813976fd,Jumia,Excellent,5,2026-09-03,Google Play,Customer Review,https://play.google.com/store/apps/details?id=com.jumia.android&hl=en&gl=ng
200b73d7-7f5f-4fb5-a395-eee67bbe64c7,Jumia,"Jumia, the best online shop",5,2026-09-03,Google Play,Customer Review,https://play.google.com/store/apps/details?id=com.jumia.android&hl=en&gl=ng
129c9280-3c63-4276-b558-1703cda21488,Jumia,good,4,2026-09-03,Google Play,Customer Review,https://play.google.com/store/apps/details?id=com.jumia.android&hl=en&gl=ng
a1a31f9d-6495-47db-b9b3-89148c0388e2,Jumia,nice app,5,2026-09-03,Google Play,Customer Review,https://play.google.com/store/apps/details?id=com.jumia.android&hl=en&gl=ng
4a156546-f048-4448-a0a1-71c00b714d58,Jumia,excellent,5,2026-09-03,Google Play,Customer Review,https://play.google.com/store/apps/details?id=com.jumia.android&hl=en&gl=ng
1e08bb24-0a3e-4c5e-9a28-24157db2da08,Jumia,So good and i request that Jumia should start also dealing with importing items from China and the rest to African countries for us. Items like cars and machinery.,3,2026-09-03,Google Play,Customer Review,https://play.google.com/store/apps/details?id=com.jumia.android&hl=en&gl=ng
7537cab0-3a44-468f-b768-d73061fb6fe5,Jumia,😎😎😎✅,5,2026-09-03,Google Play,Customer Review,https://play.google.com/store/apps/details?id=com.jumia.android&hl=en&gl=ng
6c1e3fb0-3358-4b08-8700-54171665839f,Jumia,VERY RELIABLE,5,2026-09-03,Google Play,Customer Review,https://play.google.com/store/apps/details?id=com.jumia.android&hl=en&gl=ng
a837886f-61ae-4f95-8cd3-e2c56c392c00,Jumia,why can't your company put jumia pick up station in kwara state jebba it is a wish oooo if it can be helpful and if you later decide you can employ me as a worker,5,2026-09-03,Google Play,Customer Review,https://play.google.com/store/apps/details?id=com.jumia.android&hl=en&gl=ng
c8d9ce33-9c8d-4993-97dc-8f8ebd39eccb,Jumia,"Easy,fast and friendly 😊😎",5,2026-09-03,Google Play,Customer Review,https://play.google.com/store/apps/details?id=com.jumia.android&hl=en&gl=ng
322f2f7d-a4d4-4828-9043-428bd1c9bc84,Jumia,I think this is good/okay,5,2026-09-03,Google Play,Customer Review,https://play.google.com/store/apps/details?id=com.jumia.android&hl=en&gl=ng
fc18dd83-9532-4f5f-8b7f-4dfae09cb335,Jumia,lovely,5,2026-09-03,Google Play,Customer Review,https://play.google.com/store/apps/details?id=com.jumia.android&hl=en&gl=ng
7b0f569e-7d7e-432f-985b-d7a7423d73f0,Jumia,good,3,2026-09-03,Google Play,Customer Review,https://play.google.com/store/apps/details?id=com.jumia.android&hl=en&gl=ng
bcafa65c-9ba0-4abe-9ac7-0466b1f68fd5,Jumia,Best online shopping with the best items 🛍,5,2026-09-03,Google Play,Customer Review,https://play.google.com/store/apps/details?id=com.jumia.android&hl=en&gl=ng
f9b9eb8e-a307-4be6-8019-cac6f3524f26,Jumia,"The app is wow, but English",5,2026-09-03,Google Play,Customer Review,https://play.google.com/store/apps/details?id=com.jumia.android&hl=en&gl=ng
01e592f3-868b-4ffb-af96-34c80fc89d56,Jumia,tuunzieni vitu orignal plz,5,2026-09-03,Google Play,Customer Review,https://play.google.com/store/apps/details?id=com.jumia.android&hl=en&gl=ng
4d195e91-14de-49dd-851d-b5a220f9f35f,Jumia,great,5,2026-09-03,Google Play,Customer Review,https://play.google.com/store/apps/details?id=com.jumia.android&hl=en&gl=ng
5a0ac1b3-4856-43c1-a0cf-16135e48a878,Jumia,cant wait to shop with u guys ..i loved especially the shoe category😍,5,2026-09-03,Google Play,Customer Review,https://play.google.com/store/apps/details?id=com.jumia.android&hl=en&gl=ng
2436e691-4988-45a6-94a7-20677308b2bd,Jumia,very good,4,2026-09-03,Google Play,Customer Review,https://play.google.com/store/apps/details?id=com.jumia.android&hl=en&gl=ng
74c1c086-3f9e-4a32-88ed-760375e81fea,Jumia,Good,5,2026-09-03,Google Play,Customer Review,https://play.google.com/store/apps/details?id=com.jumia.android&hl=en&gl=ng
67648d80-474e-44ed-afc1-fe9e0ace4aa1,Jumia,They sell original products and they ship fast.,4,2026-09-03,Google Play,Customer Review,https://play.google.com/store/apps/details?id=com.jumia.android&hl=en&gl=ng
9b92bbc4-174a-4c40-868b-65eeb527d2e4,Jumia,very fast and reliable,4,2026-09-03,Google Play,Customer Review,https://play.google.com/store/apps/details?id=com.jumia.android&hl=en&gl=ng
3698edce-ed9d-415d-9454-bc10a08b4b73,Jumia,let me give three star for now till I see the product,3,2026-09-03,Google Play,Customer Review,https://play.google.com/store/apps/details?id=com.jumia.android&hl=en&gl=ng
51d8c9db-cb4e-4d8e-88c9-240237857982,Jumia,"best, fast and secure online shop",5,2026-09-03,Google Play,Customer Review,https://play.google.com/store/apps/details?id=com.jumia.android&hl=en&gl=ng
e182dd6b-910e-4443-a880-ece8a257fede,Jumia,it keeps on crashing,1,2026-09-03,Google Play,Customer Review,https://play.google.com/store/apps/details?id=com.jumia.android&hl=en&gl=ng
73ae2938-a29b-4068-998c-467a5ef0004f,Jumia,"Jumia is doing very well, but they should incorporate camera image search engine in their app.",4,2026-09-03,Google Play,Customer Review,https://play.google.com/store/apps/details?id=com.jumia.android&hl=en&gl=ng
03ad0be4-682c-41c2-9794-ea68dcf3976e,Jumia,portable and very strong 💪🏿,5,2026-09-03,Google Play,Customer Review,https://play.google.com/store/apps/details?id=com.jumia.android&hl=en&gl=ng
984d3311-77da-46de-87b7-19e19e5570fb,Jumia,your tv got spoiled and yet av jst bought,1,2026-09-03,Google Play,Customer Review,https://play.google.com/store/apps/details?id=com.jumia.android&hl=en&gl=ng
990e9378-4a8f-4092-80ed-f74bdf84be33,Jumia,Great,5,2026-09-03,Google Play,Customer Review,https://play.google.com/store/apps/details?id=com.jumia.android&hl=en&gl=ng
caa38fe7-7044-40e6-bdab-838691143e04,Jumia,What could I do without Jumia 🤗,5,2026-09-03,Google Play,Customer Review,https://play.google.com/store/apps/details?id=com.jumia.android&hl=en&gl=ng
361c4445-ca2b-45e4-aa9e-7efced1bd3c7,Jumia,Excellent on service delivery,5,2026-09-03,Google Play,Customer Review,https://play.google.com/store/apps/details?id=com.jumia.android&hl=en&gl=ng
8ff3d64d-d4ee-4a64-84bd-f54a8103ae4d,Jumia,they are good and fast in delivery but please reduce the shipping fee,3,2026-09-03,Google Play,Customer Review,https://play.google.com/store/apps/details?id=com.jumia.android&hl=en&gl=ng
ee3b2a0c-d5bb-4ede-a897-1eee9fb3a3b6,Jumia,They actually deliver on time and have good quality goods,5,2026-09-03,Google Play,Customer Review,https://play.google.com/store/apps/details?id=com.jumia.android&hl=en&gl=ng
2b3a655f-2ff2-4bd0-9dfc-00ed9131d6c1,Jumia,Good,5,2026-09-03,Google Play,Customer Review,https://play.google.com/store/apps/details?id=com.jumia.android&hl=en&gl=ng
b0d5b4e8-b282-4e77-97b6-65e7669b1534,Jumia,very fast shopping with quality products,5,2026-09-03,Google Play,Customer Review,https://play.google.com/store/apps/details?id=com.jumia.android&hl=en&gl=ng
0a6daed7-0d1d-427a-b4b1-a56f96e267db,Jumia,"Absolute perfection in an app! 🚀 Jumia makes online shopping in Kenya feel effortless, fast, and completely reliable. From electronics to daily essentials, everything arrives right on time and in top-notch condition. The interface is super smooth, customer support is always helpful, and the deals are unmatched. If you want a seamless shopping experience without leaving your couch, this is the ultimate plug. 10/10 service—truly a lifesaver!",5,2026-09-03,Google Play,Customer Review,https://play.google.com/store/apps/details?id=com.jumia.android&hl=en&gl=ng
550fa189-cacf-4170-94fc-0b2d1771a1d2,Jumia,nice,5,2026-09-03,Google Play,Customer Review,https://play.google.com/store/apps/details?id=com.jumia.android&hl=en&gl=ng
00f16365-d1a5-4191-a513-b9ac895b2db7,Jumia,Excellent,4,2026-09-03,Google Play,Customer Review,https://play.google.com/store/apps/details?id=com.jumia.android&hl=en&gl=ng
d386a989-b70e-4654-aa2f-968510e92cca,Jumia,not a good experience for the first time.,2,2026-09-03,Google Play,Customer Review,https://play.google.com/store/apps/details?id=com.jumia.android&hl=en&gl=ng
5139e227-1a92-4c66-b78e-02f17134ab42,Jumia,best,3,2026-09-03,Google Play,Customer Review,https://play.google.com/store/apps/details?id=com.jumia.android&hl=en&gl=ng
abc1e88a-b008-48a7-b769-7ba3d138879f,Jumia,Great,5,2026-09-03,Google Play,Customer Review,https://play.google.com/store/apps/details?id=com.jumia.android&hl=en&gl=ng
9487782a-1e53-4d08-93b6-6b1fbe69b70a,Jumia,good service from jumia.,4,2026-09-03,Google Play,Customer Review,https://play.google.com/store/apps/details?id=com.jumia.android&hl=en&gl=ng
06725235-7453-46e0-8154-857d4e8d6425,Jumia,i have shopped other things that changed my mind. i love jumia,5,2026-09-02,Google Play,Customer Review,https://play.google.com/store/apps/details?id=com.jumia.android&hl=en&gl=ng
39eaa703-d23b-48db-9446-a3475e3b973e,Jumia,good app,5,2026-09-02,Google Play,Customer Review,https://play.google.com/store/apps/details?id=com.jumia.android&hl=en&gl=ng
bb68699f-8f48-47fc-a269-f5eae7f0a17b,Jumia,good online app,5,2026-09-02,Google Play,Customer Review,https://play.google.com/store/apps/details?id=com.jumia.android&hl=en&gl=ng
81c10786-0734-4a37-8a9c-039e722a39d5,Jumia,reliable,5,2026-09-02,Google Play,Customer Review,https://play.google.com/store/apps/details?id=com.jumia.android&hl=en&gl=ng
598b45b1-950d-4def-a372-2d1cb90aa502,Jumia,normal,4,2026-09-02,Google Play,Customer Review,https://play.google.com/store/apps/details?id=com.jumia.android&hl=en&gl=ng
8df4dca0-178d-4c5e-8af8-0ef282f0506f,Jumia,good,5,2026-09-02,Google Play,Customer Review,https://play.google.com/store/apps/details?id=com.jumia.android&hl=en&gl=ng
bdf23319-d351-45fa-b8fd-ef1263ec170a,Jumia,good 💯,4,2026-09-02,Google Play,Customer Review,https://play.google.com/store/apps/details?id=com.jumia.android&hl=en&gl=ng
75f67a6b-6663-412c-81c6-2cc89ec95873,Jumia,Great,5,2026-09-02,Google Play,Customer Review,https://play.google.com/store/apps/details?id=com.jumia.android&hl=en&gl=ng
6e197333-dbc6-413f-9981-9b32894330ad,Jumia,Super!,5,2026-09-02,Google Play,Customer Review,https://play.google.com/store/apps/details?id=com.jumia.android&hl=en&gl=ng
9ed5bee8-0066-4970-b17b-522a0c316ac0,Jumia,legit,4,2026-09-02,Google Play,Customer Review,https://play.google.com/store/apps/details?id=com.jumia.android&hl=en&gl=ng
df2d4d13-ea81-4986-909d-3057233951a9,Jumia,fast delivery,5,2026-09-02,Google Play,Customer Review,https://play.google.com/store/apps/details?id=com.jumia.android&hl=en&gl=ng
8c5107d0-79bf-43d3-a201-f20e2563899a,Jumia,couldn't see my voucher when I checked,1,2026-09-02,Google Play,Customer Review,https://play.google.com/store/apps/details?id=com.jumia.android&hl=en&gl=ng
1b085fb0-98f6-4de3-8f8b-2b129dfccf8c,Jumia,very nice,5,2026-09-02,Google Play,Customer Review,https://play.google.com/store/apps/details?id=com.jumia.android&hl=en&gl=ng
0d38824f-3588-4d70-826c-86ef65719240,Jumia,Waiting for my order,5,2026-09-02,Google Play,Customer Review,https://play.google.com/store/apps/details?id=com.jumia.android&hl=en&gl=ng
e4e0ff10-df60-4765-b40e-ac315e96f04d,Jumia,"jumia is a stupid app, though they deliver your products but they are totally disorganised base on how they treated me, and also they are not honest at some point.",1,2026-09-02,Google Play,Customer Review,https://play.google.com/store/apps/details?id=com.jumia.android&hl=en&gl=ng
28d5604c-801c-4758-80b1-4a15df9c4b28,Jumia,very easy usage and fast to make order,3,2026-09-02,Google Play,Customer Review,https://play.google.com/store/apps/details?id=com.jumia.android&hl=en&gl=ng
48cc2389-f922-4ed3-9e83-85705496fd3f,Jumia,Fantastic,5,2026-09-02,Google Play,Customer Review,https://play.google.com/store/apps/details?id=com.jumia.android&hl=en&gl=ng
b3fb903f-8ace-4d52-be20-bcf0452b21b4,Jumia,best Selling app,5,2026-09-02,Google Play,Customer Review,https://play.google.com/store/apps/details?id=com.jumia.android&hl=en&gl=ng
4af41614-60a7-4ada-adfe-76be78f3827d,Jumia,Very efficient,4,2026-09-02,Google Play,Customer Review,https://play.google.com/store/apps/details?id=com.jumia.android&hl=en&gl=ng
3d37d0b6-7249-4d17-9c53-54e6e666f478,Jumia,excellent,5,2026-09-02,Google Play,Customer Review,https://play.google.com/store/apps/details?id=com.jumia.android&hl=en&gl=ng
106b2361-dc3f-452b-ba38-2c7e3b23fef1,Jumia,Great 👍,5,2026-09-02,Google Play,Customer Review,https://play.google.com/store/apps/details?id=com.jumia.android&hl=en&gl=ng
a191a94c-f40e-44b8-ad40-0a8733149b23,Jumia,so nice,1,2026-09-02,Google Play,Customer Review,https://play.google.com/store/apps/details?id=com.jumia.android&hl=en&gl=ng
2158077d-bcf6-42ac-bd0a-8ad57805dcdd,Jumia,Nice,4,2026-09-02,Google Play,Customer Review,https://play.google.com/store/apps/details?id=com.jumia.android&hl=en&gl=ng
11fd222c-31f8-43fe-a39d-356e2e08dae3,Jumia,"light-weight and working as intented, just im asking for.",4,2026-09-02,Google Play,Customer Review,https://play.google.com/store/apps/details?id=com.jumia.android&hl=en&gl=ng
41a4d671-18b6-46eb-9a13-3f3d45482fa5,Jumia,A very nice one indeed 😊,5,2026-09-02,Google Play,Customer Review,https://play.google.com/store/apps/details?id=com.jumia.android&hl=en&gl=ng
71202291-5a05-4f85-a0ee-d39a6fc675c6,Jumia,nice p,5,2026-09-02,Google Play,Customer Review,https://play.google.com/store/apps/details?id=com.jumia.android&hl=en&gl=ng
4a1f380e-9059-465e-93d1-199031f8ddde,Jumia,Excellent app 👍,5,2026-09-02,Google Play,Customer Review,https://play.google.com/store/apps/details?id=com.jumia.android&hl=en&gl=ng
f7ae0f9b-e772-4ccd-96ab-44c762f2e304,Jumia,great 👍👍👍,5,2026-09-02,Google Play,Customer Review,https://play.google.com/store/apps/details?id=com.jumia.android&hl=en&gl=ng
be0e7639-1eae-4a6c-a097-b214ddd3684e,Jumia,I really like the app and experience but I think there's one thing about your delivery you can still work on. the 5 days ultimatum to pick up items is not good especially since some items do come before or after the delivery timeline. my order got cancelled while on my way to pick up the order. Even if the order will be cancelled I think it's fair if you find out from buyers if they still want the item or not. And options can be created for buyers to increase the pick up time just in case.,3,2026-09-02,Google Play,Customer Review,https://play.google.com/store/apps/details?id=com.jumia.android&hl=en&gl=ng
6789c232-fcf4-42bf-bc55-4ad5528176fe,Jumia,I have enjoy happy shopping with jumia,1,2026-09-02,Google Play,Customer Review,https://play.google.com/store/apps/details?id=com.jumia.android&hl=en&gl=ng
86b1f899-4e28-47d6-b33f-95f463d38493,Jumia,All Good.. Enjoy the vibe..,5,2026-09-02,Google Play,Customer Review,https://play.google.com/store/apps/details?id=com.jumia.android&hl=en&gl=ng
13f6e269-6900-491d-a6d4-dd9f2d6363aa,Jumia,Good,5,2026-09-02,Google Play,Customer Review,https://play.google.com/store/apps/details?id=com.jumia.android&hl=en&gl=ng
db1f6d07-04f9-4cac-bdce-c2f6f15f06ea,Jumia,"This app is too excellent, I'm in Nigeria at first I didn't trust them but you can pay on delivery or after the delivery, it is very nice I recommend you downloading and using the awesome app thank you so much jumia, things are very cheap and easy to access what are you waiting for 🔥🔥🔥",5,2026-09-02,Google Play,Customer Review,https://play.google.com/store/apps/details?id=com.jumia.android&hl=en&gl=ng
e356cbf1-b39f-4602-a163-44506719069e,Jumia,THEY ARE VERY RELIABLE.,5,2026-09-02,Google Play,Customer Review,https://play.google.com/store/apps/details?id=com.jumia.android&hl=en&gl=ng
a9926be1-21c9-4978-8042-ae247e2c7737,Jumia,I haven't been able to login wat going on,5,2026-09-02,Google Play,Customer Review,https://play.google.com/store/apps/details?id=com.jumia.android&hl=en&gl=ng
f8a885f4-5032-4f07-b8dc-8ece21bb0db3,Jumia,en,4,2026-09-02,Google Play,Customer Review,https://play.google.com/store/apps/details?id=com.jumia.android&hl=en&gl=ng
640b9513-d674-456d-ab2d-b05ba7a630d8,Jumia,sometimes I don't know why you will have one item with multiple prices please what's the difference among the prices,4,2026-09-02,Google Play,Customer Review,https://play.google.com/store/apps/details?id=com.jumia.android&hl=en&gl=ng
bec38d46-f7d2-423e-bb5d-007762650c2d,Jumia,I fill like am Dubai all time💯,5,2026-09-02,Google Play,Customer Review,https://play.google.com/store/apps/details?id=com.jumia.android&hl=en&gl=ng
1cbaf216-b3a6-4356-8061-fa2f0172b9c1,Jumia,good app,5,2026-09-02,Google Play,Customer Review,https://play.google.com/store/apps/details?id=com.jumia.android&hl=en&gl=ng
5d221289-3179-4a76-bc10-cc8b6e9496dd,Jumia,Awesome,5,2026-09-02,Google Play,Customer Review,https://play.google.com/store/apps/details?id=com.jumia.android&hl=en&gl=ng
1dd614f8-baeb-4186-9fa0-d80c419c6de8,Jumia,great experience,5,2026-09-02,Google Play,Customer Review,https://play.google.com/store/apps/details?id=com.jumia.android&hl=en&gl=ng
df791263-7d7a-4924-97dd-3c466e82873d,Jumia,Good and user-friendly,4,2026-09-02,Google Play,Customer Review,https://play.google.com/store/apps/details?id=com.jumia.android&hl=en&gl=ng
7336011f-9b9b-4934-8737-b4a79cfb2506,Jumia,"This is one of the best marketing apps I've seen so far, it's very simpler and easier to use👌💯💯",5,2026-09-02,Google Play,Customer Review,https://play.google.com/store/apps/details?id=com.jumia.android&hl=en&gl=ng
ca231424-65c1-4699-994d-67183b436430,Jumia,fast delivery 👍,4,2026-09-02,Google Play,Customer Review,https://play.google.com/store/apps/details?id=com.jumia.android&hl=en&gl=ng
1445fb04-34bd-4a1b-9eec-7c1bbff35981,Jumia,Delay on delivery pls work on it,3,2026-09-02,Google Play,Customer Review,https://play.google.com/store/apps/details?id=com.jumia.android&hl=en&gl=ng
dad4e68c-1904-4c8c-8382-5d962f0417cf,Jumia,great,5,2026-09-02,Google Play,Customer Review,https://play.google.com/store/apps/details?id=com.jumia.android&hl=en&gl=ng
c1597340-a0bf-4145-96e7-902df091180e,Jumia,good and trust worthy,5,2026-09-02,Google Play,Customer Review,https://play.google.com/store/apps/details?id=com.jumia.android&hl=en&gl=ng
62b90d68-3234-4a54-bf77-e56e2f146267,Jumia,very poor and awful payment portals and options...why the hell isn't direct transfer not working... rubbish,1,2026-09-02,Google Play,Customer Review,https://play.google.com/store/apps/details?id=com.jumia.android&hl=en&gl=ng
23ddc3e6-6a80-49e9-8d2a-493d63ead6b6,Jumia,jumia is the best ever for me,5,2026-09-02,Google Play,Customer Review,https://play.google.com/store/apps/details?id=com.jumia.android&hl=en&gl=ng
a8183bd4-46fe-4990-b1aa-1173b07cef67,Jumia,Reliable,5,2026-09-02,Google Play,Customer Review,https://play.google.com/store/apps/details?id=com.jumia.android&hl=en&gl=ng
33cad6c8-89cb-41e3-a4d9-5824adacf758,Jumia,Good,5,2026-09-02,Google Play,Customer Review,https://play.google.com/store/apps/details?id=com.jumia.android&hl=en&gl=ng
8f9cfb9f-e193-49b6-80e0-b8ccbd9ef745,Jumia,Good,5,2026-09-02,Google Play,Customer Review,https://play.google.com/store/apps/details?id=com.jumia.android&hl=en&gl=ng
fc094fd7-d6ba-4e78-965f-e21103d539b2,Jumia,good to go,5,2026-09-02,Google Play,Customer Review,https://play.google.com/store/apps/details?id=com.jumia.android&hl=en&gl=ng
b2abc8a6-d425-4082-9180-73d7897e03b9,Jumia,Fast and secured,5,2026-09-02,Google Play,Customer Review,https://play.google.com/store/apps/details?id=com.jumia.android&hl=en&gl=ng
9feb68c5-a14f-42c8-a617-b0b1600e9984,Jumia,Too genuine and professional,5,2026-09-02,Google Play,Customer Review,https://play.google.com/store/apps/details?id=com.jumia.android&hl=en&gl=ng
4d1e60f1-1338-4579-b510-587a740d8189,Jumia,so Good,5,2026-09-02,Google Play,Customer Review,https://play.google.com/store/apps/details?id=com.jumia.android&hl=en&gl=ng
67df9023-408f-4b3b-b6b7-8e5a24c129d3,Jumia,very good 👍🏿,5,2026-09-02,Google Play,Customer Review,https://play.google.com/store/apps/details?id=com.jumia.android&hl=en&gl=ng
8f90a42d-a327-4cdd-9a77-db58664f586f,Jumia,jumia please how can someone join your affiliate program? I have downloaded the app but can't still find where to join the affiliate program please can you help,4,2026-09-02,Google Play,Customer Review,https://play.google.com/store/apps/details?id=com.jumia.android&hl=en&gl=ng
e0613f22-e061-46a2-9bab-c14ba648499e,Jumia,good seller's 👍 100%,5,2026-09-02,Google Play,Customer Review,https://play.google.com/store/apps/details?id=com.jumia.android&hl=en&gl=ng
2d292e56-aeac-435d-be48-dcb4a5bb3150,Jumia,Nice app,5,2026-09-02,Google Play,Customer Review,https://play.google.com/store/apps/details?id=com.jumia.android&hl=en&gl=ng
a2cd4e4b-1549-4e74-abcf-17b43384f9d0,Jumia,very good,2,2026-09-02,Google Play,Customer Review,https://play.google.com/store/apps/details?id=com.jumia.android&hl=en&gl=ng
03c25f3f-9888-4bef-adbb-a994bd7af6e3,Jumia,الأبلكيشن مبقاش كويس خالص وخدمة العملاء سيئة جداً جداً والسيستم وحش ..يبلغوا الطلب بتاعي بعد ما أكون طلبته بكذا يوم ومستنياه ويلغوه من غير سبب ولما اكلم خدمة العملاء تقولي السيستم كده ومينفعش ارجعها غير لما تعملي طلب جديد !!! ولو رجعت حاجة الفلوس بتاخد وقت طويل عشان ترجع وفي الاخر مبترجعش علي حساب البنك بترجع علي هيئة قسيمة شراء ع الأبلكيشن يعني مضطر تشتري حاجة منهم عشان تستخدم الفلوس برضه ..حاجة سيئة جداً جداً وانا هعمله uninstall,1,2026-09-02,Google Play,Customer Review,https://play.google.com/store/apps/details?id=com.jumia.android&hl=en&gl=ng
21926e9d-53ec-4285-b9a6-473412a08b92,Jumia,good,5,2026-09-02,Google Play,Customer Review,https://play.google.com/store/apps/details?id=com.jumia.android&hl=en&gl=ng
89111e47-c613-466d-ad00-b728c3a0285e,Jumia,nangoja mzigo ... ndio nione,5,2026-09-02,Google Play,Customer Review,https://play.google.com/store/apps/details?id=com.jumia.android&hl=en&gl=ng
25bcd454-a9b5-4947-a59e-c2b131c24913,Jumia,There delivery is the best 😊😊,5,2026-09-02,Google Play,Customer Review,https://play.google.com/store/apps/details?id=com.jumia.android&hl=en&gl=ng
65f24e6d-22be-409e-a2e6-360f967a492a,Jumia,Very nice 👍 and easy to use❤❤❤,5,2026-09-02,Google Play,Customer Review,https://play.google.com/store/apps/details?id=com.jumia.android&hl=en&gl=ng
4e3853f0-5413-470c-8d15-ad9d8e063d6b,Jumia,the app is great💥💥💥,5,2026-09-02,Google Play,Customer Review,https://play.google.com/store/apps/details?id=com.jumia.android&hl=en&gl=ng
b6c5fce3-d9eb-4298-a0a2-98c462b4d917,Jumia,no promotion,3,2026-09-02,Google Play,Customer Review,https://play.google.com/store/apps/details?id=com.jumia.android&hl=en&gl=ng
855fb4aa-2723-4bfa-a399-e7083f8cbff1,Jumia,Perfect for me,5,2026-09-02,Google Play,Customer Review,https://play.google.com/store/apps/details?id=com.jumia.android&hl=en&gl=ng
988e3694-9561-4f7a-90ff-01935807e9c1,Jumia,very nice,5,2026-09-02,Google Play,Customer Review,https://play.google.com/store/apps/details?id=com.jumia.android&hl=en&gl=ng
9134a949-a516-4a10-b54f-009c514a7013,Jumia,is just okay,3,2026-09-02,Google Play,Customer Review,https://play.google.com/store/apps/details?id=com.jumia.android&hl=en&gl=ng
97941f1b-db46-490f-91b9-fefd75aa1572,Jumia,Google,5,2026-09-02,Google Play,Customer Review,https://play.google.com/store/apps/details?id=com.jumia.android&hl=en&gl=ng
ef09cad4-1567-425e-b204-528292d7982d,Jumia,reliable,4,2026-09-02,Google Play,Customer Review,https://play.google.com/store/apps/details?id=com.jumia.android&hl=en&gl=ng
9c25bbf1-b474-4904-9944-21f64d7bfbad,Jumia,So far so good,4,2026-09-02,Google Play,Customer Review,https://play.google.com/store/apps/details?id=com.jumia.android&hl=en&gl=ng
962061d0-9836-449e-8072-19b9d1d42a6e,Jumia,my first order let me see how the services are,3,2026-09-02,Google Play,Customer Review,https://play.google.com/store/apps/details?id=com.jumia.android&hl=en&gl=ng
96fd64ab-bce0-40c7-90b2-bd347d03ca4c,Jumia,convenient,4,2026-09-02,Google Play,Customer Review,https://play.google.com/store/apps/details?id=com.jumia.android&hl=en&gl=ng
6ca432c3-7629-4a33-8e21-ff4373b037cc,Jumia,good in transactions,5,2026-09-02,Google Play,Customer Review,https://play.google.com/store/apps/details?id=com.jumia.android&hl=en&gl=ng
74101218-2dec-43bb-8832-d27c7e03ce26,Jumia,reliable.,5,2026-09-02,Google Play,Customer Review,https://play.google.com/store/apps/details?id=com.jumia.android&hl=en&gl=ng
bf3897ca-dfbc-4497-a785-fd5233ea5d11,Jumia,Fast delivery 🚚,4,2026-09-02,Google Play,Customer Review,https://play.google.com/store/apps/details?id=com.jumia.android&hl=en&gl=ng
ee7311e6-087c-4b5a-a35f-3d3e145c14fa,Jumia,"Using jumia is easy and stress free but I don't like the way they apply delivery fee on each product 😕 it's supposed not to pass 1100 but now you will see a product that's 1,360 but delivery fee is 2,560 like it's piss me off 😒",3,2026-09-02,Google Play,Customer Review,https://play.google.com/store/apps/details?id=com.jumia.android&hl=en&gl=ng
615078ec-f30f-418e-98e3-46a9b0a3dc11,Jumia,payment after delivery,3,2026-09-02,Google Play,Customer Review,https://play.google.com/store/apps/details?id=com.jumia.android&hl=en&gl=ng
46afae1f-0a2f-4753-94e6-9056301f7d27,Jumia,Good and reliable,5,2026-09-02,Google Play,Customer Review,https://play.google.com/store/apps/details?id=com.jumia.android&hl=en&gl=ng
51b791ad-0102-4ec7-bf4b-59bc9eccf3e8,Jumia,nice stuffs but a bit costlier,3,2026-09-02,Google Play,Customer Review,https://play.google.com/store/apps/details?id=com.jumia.android&hl=en&gl=ng
88592c13-5b7d-4661-bfa3-9921f26b4261,Jumia,Ephesians available,5,2026-09-02,Google Play,Customer Review,https://play.google.com/store/apps/details?id=com.jumia.android&hl=en&gl=ng
8fbb116d-e2a7-41e4-91b5-185f116600ef,Jumia,my experience with jumia is satisfactory,5,2026-09-02,Google Play,Customer Review,https://play.google.com/store/apps/details?id=com.jumia.android&hl=en&gl=ng
f4676813-f073-4b07-adb9-9e6ef7830fba,Jumia,I wish to recommend Jumia to everyone who want to shop safely online. I'm enjoying Jumia as my best safe online shopping channel always.,5,2026-09-02,Google Play,Customer Review,https://play.google.com/store/apps/details?id=com.jumia.android&hl=en&gl=ng
d02000c7-5cf3-47d2-a7e4-c3a95260affd,Jumia,good,5,2026-09-02,Google Play,Customer Review,https://play.google.com/store/apps/details?id=com.jumia.android&hl=en&gl=ng
b547e60d-d030-46e6-b56f-9285a4e8f90c,Jumia,👍👍👍,3,2026-09-02,Google Play,Customer Review,https://play.google.com/store/apps/details?id=com.jumia.android&hl=en&gl=ng
b191f54d-194f-43cf-bd4d-7f5b860e84da,Jumia,jumia is perfect,4,2026-09-02,Google Play,Customer Review,https://play.google.com/store/apps/details?id=com.jumia.android&hl=en&gl=ng
947abfb8-5a51-4f23-9898-cda42bf9e226,Jumia,they are just good 😊 am satisfied,5,2026-09-02,Google Play,Customer Review,https://play.google.com/store/apps/details?id=com.jumia.android&hl=en&gl=ng
bd1d5e05-3237-4cef-9446-25ee39dddb7b,Jumia,have liked the product because it's very simple and convenient to use,5,2026-09-02,Google Play,Customer Review,https://play.google.com/store/apps/details?id=com.jumia.android&hl=en&gl=ng
b2271db0-72af-47e4-8332-98f8a0c04e5c,Jumia,"Jumia, for sure, is a good online company",5,2026-09-02,Google Play,Customer Review,https://play.google.com/store/apps/details?id=com.jumia.android&hl=en&gl=ng
a207e5a6-f021-4880-b9e1-9ea6ffbce217,Jumia,best,4,2026-09-02,Google Play,Customer Review,https://play.google.com/store/apps/details?id=com.jumia.android&hl=en&gl=ng
d2ed63c3-120a-467f-ad93-e1e2dd216a27,Jumia,Delivery fee is too high,4,2026-09-02,Google Play,Customer Review,https://play.google.com/store/apps/details?id=com.jumia.android&hl=en&gl=ng
668b7573-e0dd-44f0-9f7b-8e06628c0647,Jumia,it's fast and reliable,4,2026-09-02,Google Play,Customer Review,https://play.google.com/store/apps/details?id=com.jumia.android&hl=en&gl=ng
cd7b0ba1-770a-4811-9583-8b4eb7fa2ddb,Jumia,doesn't login,1,2026-09-01,Google Play,Customer Review,https://play.google.com/store/apps/details?id=com.jumia.android&hl=en&gl=ng
f68240d7-d2ac-472a-99b8-b4d65e10eee9,Jumia,"I am very frustrated with the delivery charges on your app. Customers are required to pay a separate shipping fee for every item ordered, even when they are delivered on the same day. Sometimes an item that costs ₦50 still attracts a delivery fee of about ₦750. Many people use the app for convenience even though products are already more expensive than in physical markets. these repeated delivery charges make the experience unfair and frustrating. If this issue is not improved, deleting is the b",1,2026-09-01,Google Play,Customer Review,https://play.google.com/store/apps/details?id=com.jumia.android&hl=en&gl=ng
960a010b-beac-49ae-b9ba-deee923447c9,Jumia,Sweet shopping,5,2026-09-01,Google Play,Customer Review,https://play.google.com/store/apps/details?id=com.jumia.android&hl=en&gl=ng
5fd37d68-1092-48c2-bcb8-358d487fb5a8,Jumia,good,3,2026-09-01,Google Play,Customer Review,https://play.google.com/store/apps/details?id=com.jumia.android&hl=en&gl=ng
278c241a-4d95-4df6-b393-3aa2d359c746,Jumia,everything I ordered came nice,4,2026-09-01,Google Play,Customer Review,https://play.google.com/store/apps/details?id=com.jumia.android&hl=en&gl=ng
8cbc27a0-9da6-4614-bf0c-bdbfaeeb17f2,Jumia,jumia good job nice 👍,4,2026-09-01,Google Play,Customer Review,https://play.google.com/store/apps/details?id=com.jumia.android&hl=en&gl=ng
750c2241-bc4a-4414-9b19-8cf63ca1d6c6,Jumia,Amazing,5,2026-09-01,Google Play,Customer Review,https://play.google.com/store/apps/details?id=com.jumia.android&hl=en&gl=ng
912a23ce-39e2-46a9-b193-6277468e844e,Jumia,i love you guys,5,2026-09-01,Google Play,Customer Review,https://play.google.com/store/apps/details?id=com.jumia.android&hl=en&gl=ng
7e30a3c3-f5b7-4fdd-9dde-9ff6933d1d0e,Jumia,good and reliable,5,2026-09-01,Google Play,Customer Review,https://play.google.com/store/apps/details?id=com.jumia.android&hl=en&gl=ng
74fd97e0-db6b-4296-937d-e70d230fce8c,Jumia,Excellent,5,2026-09-01,Google Play,Customer Review,https://play.google.com/store/apps/details?id=com.jumia.android&hl=en&gl=ng
10dfeaa2-63e4-4dda-bdd2-1ce87d7158fd,Jumia,They are the best on delivery,3,2026-09-01,Google Play,Customer Review,https://play.google.com/store/apps/details?id=com.jumia.android&hl=en&gl=ng
9fda5247-e480-48ce-b8ab-a854de827fd7,Jumia,It's great and I can choose whatever payment method I want,5,2026-09-01,Google Play,Customer Review,https://play.google.com/store/apps/details?id=com.jumia.android&hl=en&gl=ng
35d18106-c704-4e68-b350-93fa6bcd6f50,Jumia,🥰🥰🥰,5,2026-09-01,Google Play,Customer Review,https://play.google.com/store/apps/details?id=com.jumia.android&hl=en&gl=ng
25a769ab-7917-4eb5-93a4-447667f82e66,Jumia,it's a 10/10,5,2026-09-01,Google Play,Customer Review,https://play.google.com/store/apps/details?id=com.jumia.android&hl=en&gl=ng
3aafed2c-801d-46f7-8d91-6778a381015e,Jumia,the very best🌟✨,5,2026-09-01,Google Play,Customer Review,https://play.google.com/store/apps/details?id=com.jumia.android&hl=en&gl=ng
c0534801-e506-4155-960b-964c2f4ca10f,Jumia,safe and reliable,4,2026-09-01,Google Play,Customer Review,https://play.google.com/store/apps/details?id=com.jumia.android&hl=en&gl=ng
75851e8d-0694-41d4-8305-1385771401e9,Jumia,"I've liked this app, I've never been disappointed from the time I started using it",5,2026-09-01,Google Play,Customer Review,https://play.google.com/store/apps/details?id=com.jumia.android&hl=en&gl=ng
ea97ff5a-709f-4cda-ae44-482fc6ae1561,Jumia,good,5,2026-09-01,Google Play,Customer Review,https://play.google.com/store/apps/details?id=com.jumia.android&hl=en&gl=ng
855d2138-fb1d-4747-86fa-51f6a6f64e6b,Jumia,Nice placing my order,2,2026-09-01,Google Play,Customer Review,https://play.google.com/store/apps/details?id=com.jumia.android&hl=en&gl=ng
e9b37614-fde1-43e2-b296-122818d7d74f,Jumia,good,4,2026-09-01,Google Play,Customer Review,https://play.google.com/store/apps/details?id=com.jumia.android&hl=en&gl=ng
bd7a3cee-bfad-44d9-b54f-38bde72be0d1,Jumia,very nice shopping app,5,2026-09-01,Google Play,Customer Review,https://play.google.com/store/apps/details?id=com.jumia.android&hl=en&gl=ng
040b7608-a893-46b4-86b5-0000343dd62a,Jumia,fine and l love it,5,2026-09-01,Google Play,Customer Review,https://play.google.com/store/apps/details?id=com.jumia.android&hl=en&gl=ng
a2268d19-bb29-40d0-9358-7b0c7b6241de,Jumia,easy and good,5,2026-09-01,Google Play,Customer Review,https://play.google.com/store/apps/details?id=com.jumia.android&hl=en&gl=ng
88f94fec-d7ee-47f0-8584-b01be3381d5a,Jumia,You are doing a great work 💯 keep it up 👍,5,2026-09-01,Google Play,Customer Review,https://play.google.com/store/apps/details?id=com.jumia.android&hl=en&gl=ng
10743006-426b-42c8-839b-c4fb6b748607,Jumia,better and easier than temu,5,2026-09-01,Google Play,Customer Review,https://play.google.com/store/apps/details?id=com.jumia.android&hl=en&gl=ng
e2c327d0-8697-41db-a0bd-203d771603f4,Jumia,this app is full of fake items very useless app don't download it or you regret it later,1,2026-09-01,Google Play,Customer Review,https://play.google.com/store/apps/details?id=com.jumia.android&hl=en&gl=ng
4b6b4642-1272-41a6-b8b9-00a2401bc07c,Jumia,very smooth I like it,5,2026-09-01,Google Play,Customer Review,https://play.google.com/store/apps/details?id=com.jumia.android&hl=en&gl=ng
9bd1b518-79de-4e67-aebf-bfefe247acf6,Jumia,good,5,2026-09-01,Google Play,Customer Review,https://play.google.com/store/apps/details?id=com.jumia.android&hl=en&gl=ng
4a21e52a-58d3-4b7c-b4ed-03f863f03dab,Jumia,Excellent,5,2026-09-01,Google Play,Customer Review,https://play.google.com/store/apps/details?id=com.jumia.android&hl=en&gl=ng
45c95f5d-ad7b-4a5b-a00d-502965e49f5e,Jumia,thank you,4,2026-09-01,Google Play,Customer Review,https://play.google.com/store/apps/details?id=com.jumia.android&hl=en&gl=ng
02eb0cd3-1e96-4d40-a615-6f02032cb495,Jumia,Authentic on electronics,4,2026-09-01,Google Play,Customer Review,https://play.google.com/store/apps/details?id=com.jumia.android&hl=en&gl=ng
53d363ee-2f9a-4674-b835-8d698a4e8fef,Jumia,good,2,2026-09-01,Google Play,Customer Review,https://play.google.com/store/apps/details?id=com.jumia.android&hl=en&gl=ng
99af3149-6d5f-4899-9bc2-6b712346dc19,Jumia,it's fast and nice,4,2026-09-01,Google Play,Customer Review,https://play.google.com/store/apps/details?id=com.jumia.android&hl=en&gl=ng
2173dd80-dc45-4330-bac5-2b4212dcf24a,Jumia,hey I think it would do you really good to introduce more goods of good quality clothes better jewelry it attracts people I suggest Shein for your importations,1,2026-09-01,Google Play,Customer Review,https://play.google.com/store/apps/details?id=com.jumia.android&hl=en&gl=ng
834bdc14-6020-4e06-9481-d9532932de79,Jumia,"it's a good platform to order items,and you won't regret the Jumia Ghana app,easy navigations and easy to understand and find items",5,2026-09-01,Google Play,Customer Review,https://play.google.com/store/apps/details?id=com.jumia.android&hl=en&gl=ng
a6ef1bcc-acbc-4c16-8765-e821e1a93d67,Jumia,Jumia to the world 💯,4,2026-09-01,Google Play,Customer Review,https://play.google.com/store/apps/details?id=com.jumia.android&hl=en&gl=ng
3b06971d-e450-4163-aa92-e9a2bd537650,Jumia,I love the way they operates it's 100/100,5,2026-09-01,Google Play,Customer Review,https://play.google.com/store/apps/details?id=com.jumia.android&hl=en&gl=ng
6baab675-9a05-43f1-b065-75a7f5d6a151,Jumia,great,5,2026-09-01,Google Play,Customer Review,https://play.google.com/store/apps/details?id=com.jumia.android&hl=en&gl=ng
dfa8e2c8-8e48-4946-bef8-db958abcbbc3,Jumia,nice and good,5,2026-09-01,Google Play,Customer Review,https://play.google.com/store/apps/details?id=com.jumia.android&hl=en&gl=ng
1622d866-fd36-4b79-933f-1933d397b8ef,Jumia,Marvelous,5,2026-09-01,Google Play,Customer Review,https://play.google.com/store/apps/details?id=com.jumia.android&hl=en&gl=ng
b77f7d02-9dd4-415c-92e3-47d3188e64f7,Jumia,excellent,5,2026-09-01,Google Play,Customer Review,https://play.google.com/store/apps/details?id=com.jumia.android&hl=en&gl=ng
14448791-d765-46a5-9289-c663031659ea,Jumia,i ordered something and it different from what I ordered it's annoying,5,2026-09-01,Google Play,Customer Review,https://play.google.com/store/apps/details?id=com.jumia.android&hl=en&gl=ng
95ef88b3-165f-4573-91cb-4b39bd8cff5d,Jumia,fast payment,5,2026-09-01,Google Play,Customer Review,https://play.google.com/store/apps/details?id=com.jumia.android&hl=en&gl=ng
d48dcb5d-a31f-4658-82e2-323f322602e0,Jumia,good,4,2026-09-01,Google Play,Customer Review,https://play.google.com/store/apps/details?id=com.jumia.android&hl=en&gl=ng
e755b500-36b8-4424-a59d-150f9e60ea6d,Jumia,you're the best ❤️😍,5,2026-09-01,Google Play,Customer Review,https://play.google.com/store/apps/details?id=com.jumia.android&hl=en&gl=ng
9740726a-1e8d-46bc-a197-8547af15510f,Jumia,I think they should be able to have more desired goods like temu does buh it's cool,2,2026-09-01,Google Play,Customer Review,https://play.google.com/store/apps/details?id=com.jumia.android&hl=en&gl=ng
684c801c-ceeb-4838-baa9-9c27bdfcf55e,Jumia,u people have log me out,5,2026-09-01,Google Play,Customer Review,https://play.google.com/store/apps/details?id=com.jumia.android&hl=en&gl=ng
e4236b2d-4a5c-4558-ace1-ded70022a4cf,Jumia,good,4,2026-09-01,Google Play,Customer Review,https://play.google.com/store/apps/details?id=com.jumia.android&hl=en&gl=ng
c9b5de4b-e17c-46b6-a5f0-8286ac0a945c,Jumia,good,5,2026-09-01,Google Play,Customer Review,https://play.google.com/store/apps/details?id=com.jumia.android&hl=en&gl=ng
d66166a0-bc14-4397-b41f-553cb0ddbddd,Jumia,jumia the best goods,5,2026-09-01,Google Play,Customer Review,https://play.google.com/store/apps/details?id=com.jumia.android&hl=en&gl=ng
0a6401ef-58b0-475b-b527-af49d1a7317a,Jumia,شكرا جوميا,5,2026-09-01,Google Play,Customer Review,https://play.google.com/store/apps/details?id=com.jumia.android&hl=en&gl=ng
6a33fe82-fffe-4c5f-bc1e-3750dd7d521f,Jumia,good app,3,2026-09-01,Google Play,Customer Review,https://play.google.com/store/apps/details?id=com.jumia.android&hl=en&gl=ng
2ebe6fc1-bb9c-4976-9791-aaeab680bde8,Jumia,easy and faster,5,2026-09-01,Google Play,Customer Review,https://play.google.com/store/apps/details?id=com.jumia.android&hl=en&gl=ng
6d6f1d46-b45b-498b-8e43-5d9294f73ceb,Jumia,trusted and reliable shopping site it is. my delivery was so exactly as I ordered. keep up jumia 😊😊,5,2026-09-01,Google Play,Customer Review,https://play.google.com/store/apps/details?id=com.jumia.android&hl=en&gl=ng
1b1afccd-7ca4-4360-8b24-5357add637ea,Jumia,this is the best platform to shop with,5,2026-09-01,Google Play,Customer Review,https://play.google.com/store/apps/details?id=com.jumia.android&hl=en&gl=ng
e293994a-e45f-40f8-a627-e5ed4170f422,Jumia,Good,5,2026-09-01,Google Play,Customer Review,https://play.google.com/store/apps/details?id=com.jumia.android&hl=en&gl=ng
4f105d9b-5b77-47cf-b131-2025cebb121e,Jumia,excellent,5,2026-09-01,Google Play,Customer Review,https://play.google.com/store/apps/details?id=com.jumia.android&hl=en&gl=ng
4118c17c-2e95-4471-b7ee-78b3a18be7d8,Jumia,My experience here is really awesome and I can beat my chest 100% if ask to recommend. Please do well to get onboard,5,2026-09-01,Google Play,Customer Review,https://play.google.com/store/apps/details?id=com.jumia.android&hl=en&gl=ng
e6fee2a5-7e8f-4fe9-b6e1-9d6bb70d7051,Jumia,Easy to use. Needs more pick up stations. service is very good.,5,2026-09-01,Google Play,Customer Review,https://play.google.com/store/apps/details?id=com.jumia.android&hl=en&gl=ng
88b692e8-0f24-4513-8d9c-d526391beaef,Jumia,online ordering has reduced my downtime for looking for various items. thank you,5,2026-09-01,Google Play,Customer Review,https://play.google.com/store/apps/details?id=com.jumia.android&hl=en&gl=ng
fd1a6189-6def-48dc-86b7-921f69d884ff,Jumia,"Quick and easy shopping app, and they sell original products",5,2026-09-01,Google Play,Customer Review,https://play.google.com/store/apps/details?id=com.jumia.android&hl=en&gl=ng
b2eda861-75ec-49b8-9c2c-5b641eae455a,Jumia,"The best online Shopping app ever.K urge each one just to shop here as it is simple no stress .Check,admire,order it and get it",5,2026-09-01,Google Play,Customer Review,https://play.google.com/store/apps/details?id=com.jumia.android&hl=en&gl=ng
045826e0-2a53-4b2b-9007-89942ee7a3c8,Jumia,excellent,5,2026-09-01,Google Play,Customer Review,https://play.google.com/store/apps/details?id=com.jumia.android&hl=en&gl=ng
3e25c666-8e18-45f9-b32c-115e79589fb8,Jumia,nice,4,2026-09-01,Google Play,Customer Review,https://play.google.com/store/apps/details?id=com.jumia.android&hl=en&gl=ng
293a2fed-bdd9-4a87-8722-f6ced444ed11,Jumia,It's just wow 👌,5,2026-09-01,Google Play,Customer Review,https://play.google.com/store/apps/details?id=com.jumia.android&hl=en&gl=ng
9a0c0f41-cd99-410d-b449-3a27e70cef80,Jumia,J'aimerais bien que le prix de l'article qui est dans ton panier ne change pas,3,2026-09-01,Google Play,Customer Review,https://play.google.com/store/apps/details?id=com.jumia.android&hl=en&gl=ng
1f2b0d81-c506-4794-bb97-fc6e6e721ef1,Jumia,good,4,2026-09-01,Google Play,Customer Review,https://play.google.com/store/apps/details?id=com.jumia.android&hl=en&gl=ng
a4435099-80b3-47f2-88c7-9ceec307e1d8,Jumia,in your next update we need an option to upload photo in the search bar,5,2026-09-01,Google Play,Customer Review,https://play.google.com/store/apps/details?id=com.jumia.android&hl=en&gl=ng
7a91dbe1-0ccf-4bcf-a25c-fbaaeb6594df,Jumia,Fantastic,5,2026-09-01,Google Play,Customer Review,https://play.google.com/store/apps/details?id=com.jumia.android&hl=en&gl=ng
b3e9e5ec-92af-4193-8135-adc842299602,Jumia,Trusted by ZJ MOVES,5,2026-09-01,Google Play,Customer Review,https://play.google.com/store/apps/details?id=com.jumia.android&hl=en&gl=ng
dd5e89dd-2238-495a-9678-79c05b9b0361,Jumia,good and reliable,4,2026-09-01,Google Play,Customer Review,https://play.google.com/store/apps/details?id=com.jumia.android&hl=en&gl=ng
874d69d3-86bb-4f1b-939d-4af9c38ed09b,Jumia,your things good 👍,3,2026-09-01,Google Play,Customer Review,https://play.google.com/store/apps/details?id=com.jumia.android&hl=en&gl=ng
5377e46b-f953-462b-96e0-c6566548fa7c,Jumia,I love the navigation features,5,2026-09-01,Google Play,Customer Review,https://play.google.com/store/apps/details?id=com.jumia.android&hl=en&gl=ng
3bb37981-753a-4d14-8a9d-3b179a1208e3,Jumia,"The sell similar or equivalent products , while they're advertised as the original product. words directly the support team",1,2026-09-01,Google Play,Customer Review,https://play.google.com/store/apps/details?id=com.jumia.android&hl=en&gl=ng
1b3131f1-12f9-4f67-9493-351b1501b7e8,Jumia,The expected orders impressive,5,2026-09-01,Google Play,Customer Review,https://play.google.com/store/apps/details?id=com.jumia.android&hl=en&gl=ng
88cbcd1f-498a-4277-a1ba-db65db2b2bed,Jumia,good,5,2026-09-01,Google Play,Customer Review,https://play.google.com/store/apps/details?id=com.jumia.android&hl=en&gl=ng
516eeace-67de-40ba-b302-eed9c467d5d5,Jumia,placing order is easy,5,2026-09-01,Google Play,Customer Review,https://play.google.com/store/apps/details?id=com.jumia.android&hl=en&gl=ng
8b880ed2-716b-49ca-92ee-94f861a2a7fb,Jumia,Nice app,5,2026-09-01,Google Play,Customer Review,https://play.google.com/store/apps/details?id=com.jumia.android&hl=en&gl=ng
b25158e0-ec4e-4c58-8950-6ff20874c6ec,Jumia,best,5,2026-09-01,Google Play,Customer Review,https://play.google.com/store/apps/details?id=com.jumia.android&hl=en&gl=ng
fb5377fe-72aa-4957-8a7b-ab91d853d797,Jumia,All my shopping I make in jumia I trust it. Nice app,5,2026-09-01,Google Play,Customer Review,https://play.google.com/store/apps/details?id=com.jumia.android&hl=en&gl=ng
928fcd33-a931-422f-87a0-6ea12d7affd4,Jumia,search doesn't bring out items,3,2026-09-01,Google Play,Customer Review,https://play.google.com/store/apps/details?id=com.jumia.android&hl=en&gl=ng
bc905f42-2737-467e-8faf-1c596eac0ea1,Jumia,"placed my order ,waiting for delivery",4,2026-09-01,Google Play,Customer Review,https://play.google.com/store/apps/details?id=com.jumia.android&hl=en&gl=ng
bc80ad5f-ae7d-437c-a41b-f417beac5356,Jumia,jumia all the way 👍,5,2026-09-01,Google Play,Customer Review,https://play.google.com/store/apps/details?id=com.jumia.android&hl=en&gl=ng
dbba46b0-8dc5-47c4-bff0-280dba2921fd,Jumia,excellent application navigation is good and their items are top notch but it think that sometimes they increase the prices of goods and later slash the price so as to make the items look cheap for some commodities except that it is an excellent purchasing app with amazing delivery speed,5,2026-09-01,Google Play,Customer Review,https://play.google.com/store/apps/details?id=com.jumia.android&hl=en&gl=ng
ddc14b47-be9d-4f12-9ce1-a7bbc78d9533,Jumia,the best,4,2026-09-01,Google Play,Customer Review,https://play.google.com/store/apps/details?id=com.jumia.android&hl=en&gl=ng
4c5393ca-a861-47e1-b122-b771a0a3067f,Jumia,"i will be excited if this app is being download, have ordered a good's before on this app but not on my phone, that time i got exactly what I ordered for but to download it on my phone is now being difficult JUMIA online shopping is tested and trusted it's not what you order 🆚 what you got",5,2026-09-01,Google Play,Customer Review,https://play.google.com/store/apps/details?id=com.jumia.android&hl=en&gl=ng
27f5a519-4833-4d80-8ffc-cbcc4d389bb4,Jumia,I love this app it saves time and money thank you jumia,5,2026-09-01,Google Play,Customer Review,https://play.google.com/store/apps/details?id=com.jumia.android&hl=en&gl=ng
2f2c55c7-925a-4cf3-9483-b3a6c340452a,Jumia,great,5,2026-09-01,Google Play,Customer Review,https://play.google.com/store/apps/details?id=com.jumia.android&hl=en&gl=ng
b6575948-1308-4f82-b67a-79f57f9169ac,Jumia,its always safe in jumia,4,2026-09-01,Google Play,Customer Review,https://play.google.com/store/apps/details?id=com.jumia.android&hl=en&gl=ng
f4af3ef7-31ab-4cb8-8b1c-7beb764d5b2e,Jumia,"Too much malfunctioning, not opening app.",3,2026-09-01,Google Play,Customer Review,https://play.google.com/store/apps/details?id=com.jumia.android&hl=en&gl=ng
3042610c-cec8-45a6-945c-6d965e4f7019,Jumia,"After receiving my first order I was happy,buh I made the wrong size and cannot return it so I choose to use the product vuh now choosing the right size,for the small things for the big Dreams.",5,2026-09-01,Google Play,Customer Review,https://play.google.com/store/apps/details?id=com.jumia.android&hl=en&gl=ng
2199bae8-a792-4236-a749-8ea6f5a43e69,Jumia,perfect match,5,2026-09-01,Google Play,Customer Review,https://play.google.com/store/apps/details?id=com.jumia.android&hl=en&gl=ng
dbb04efa-21ed-4537-8692-0eee5babd184,Jumia,it's supernatural product you are selling here,5,2026-09-01,Google Play,Customer Review,https://play.google.com/store/apps/details?id=com.jumia.android&hl=en&gl=ng
74cb6859-e590-4093-a51b-556731a3f5f5,Jumia,Good service!!,5,2026-09-01,Google Play,Customer Review,https://play.google.com/store/apps/details?id=com.jumia.android&hl=en&gl=ng
14ccd5ba-83ba-4991-941e-f1a00b2c58ae,Jumia,The app has been improved and I love the new interface it's very nice and easy to navigate through items. Per my experience everything is okay so far. Nice job 👏.,4,2026-09-01,Google Play,Customer Review,https://play.google.com/store/apps/details?id=com.jumia.android&hl=en&gl=ng
7112dc28-64a9-464a-804c-19cc715e7146,Jumia,my inquiry is about the fees u charge on every item even if they are the same u still charge per item why??????????,2,2026-09-01,Google Play,Customer Review,https://play.google.com/store/apps/details?id=com.jumia.android&hl=en&gl=ng
544fcceb-5774-4cea-ba18-3ca5b8ff143b,Jumia,your app keeps crashing even after uninstalling and reinstalling I can't make orders,1,2026-09-01,Google Play,Customer Review,https://play.google.com/store/apps/details?id=com.jumia.android&hl=en&gl=ng
a37b8d0d-8799-4f31-a995-df95263e033d,Jumia,"Ever since I started shopping with jumia app,am much comfortable and supported me in shopping.thank u jumia",5,2026-09-01,Google Play,Customer Review,https://play.google.com/store/apps/details?id=com.jumia.android&hl=en&gl=ng
c337dbb8-5306-4fd9-a4b2-e1b53fbb2ec8,Jumia,Good,5,2026-09-01,Google Play,Customer Review,https://play.google.com/store/apps/details?id=com.jumia.android&hl=en&gl=ng
ce3baced-1cbd-42fe-ade8-03a7c40ccbcb,Jumia,Excellent,5,2026-09-01,Google Play,Customer Review,https://play.google.com/store/apps/details?id=com.jumia.android&hl=en&gl=ng
9d02f48d-96b3-45f8-9f41-76ed6b0fe25e,Jumia,good,2,2026-09-01,Google Play,Customer Review,https://play.google.com/store/apps/details?id=com.jumia.android&hl=en&gl=ng
7c00ace4-cb82-4c44-ac71-d31ef8d2c09e,Jumia,is the best,4,2026-09-01,Google Play,Customer Review,https://play.google.com/store/apps/details?id=com.jumia.android&hl=en&gl=ng
e43cce45-8172-496e-ad49-b4a11ab8bdef,Jumia,"reliable, trustworthy and satisfactory",5,2026-09-01,Google Play,Customer Review,https://play.google.com/store/apps/details?id=com.jumia.android&hl=en&gl=ng
f53de072-3dab-4d63-a159-d903dc4f70a8,Jumia,"I can't select pickup station, and customer service are not responding.",1,2026-09-01,Google Play,Customer Review,https://play.google.com/store/apps/details?id=com.jumia.android&hl=en&gl=ng
1b5bebab-2035-4700-989d-c6621bc817ee,Jumia,"very nice app to buy things, they didn't scam",5,2026-09-01,Google Play,Customer Review,https://play.google.com/store/apps/details?id=com.jumia.android&hl=en&gl=ng
b9a2d235-86de-4213-bc25-d9e75e2dd8f6,Jumia,very reliable,4,2026-09-01,Google Play,Customer Review,https://play.google.com/store/apps/details?id=com.jumia.android&hl=en&gl=ng
b363737e-572e-47bf-a77f-a68b20b03368,Jumia,"I don't think, but rather I know for sure that, jumia, is the best place to trust, when it comes to ordering of items online, they're fast and reliable, they also deliver quality. and you don't get scammed with any method of payment you chose. (MY REVIEW) Thank you.",5,2026-09-01,Google Play,Customer Review,https://play.google.com/store/apps/details?id=com.jumia.android&hl=en&gl=ng
955ce0fc-0ca1-435a-8bfd-c40e1f2c3ac8,Jumia,Very good app,5,2026-09-01,Google Play,Customer Review,https://play.google.com/store/apps/details?id=com.jumia.android&hl=en&gl=ng
dd382e3d-1ce3-4219-83cc-418e9745c5d4,Jumia,Good app,4,2026-09-01,Google Play,Customer Review,https://play.google.com/store/apps/details?id=com.jumia.android&hl=en&gl=ng
bf5047ad-fe3c-4f1d-9178-db1b83451bab,Jumia,"it's 2026, why don't you have dark mode??",3,2026-09-01,Google Play,Customer Review,https://play.google.com/store/apps/details?id=com.jumia.android&hl=en&gl=ng
760e9b13-0cdd-4d33-95b0-d4b280575ccf,Jumia,a very online reliable retail oultet.,5,2026-09-01,Google Play,Customer Review,https://play.google.com/store/apps/details?id=com.jumia.android&hl=en&gl=ng
6f08a7bb-9cd3-45fd-9ed4-e81ed39f5a08,Jumia,Jumia are good company no fall members if you're still behind come today and come all,4,2026-09-01,Google Play,Customer Review,https://play.google.com/store/apps/details?id=com.jumia.android&hl=en&gl=ng
6539fb4e-7af4-45ed-a2b3-aee7d6616880,Jumia,best pia,3,2026-09-01,Google Play,Customer Review,https://play.google.com/store/apps/details?id=com.jumia.android&hl=en&gl=ng
d8f462b0-dfab-4024-8601-790d90ebd41a,Jumia,very good,5,2026-09-01,Google Play,Customer Review,https://play.google.com/store/apps/details?id=com.jumia.android&hl=en&gl=ng
84f8c0cd-6029-480c-8ef7-b381d682fb86,Jumia,Easy and comfortable shopping,5,2026-09-01,Google Play,Customer Review,https://play.google.com/store/apps/details?id=com.jumia.android&hl=en&gl=ng
e8f74102-8787-4324-9841-fd2030fc637a,Jumia,good,3,2026-09-01,Google Play,Customer Review,https://play.google.com/store/apps/details?id=com.jumia.android&hl=en&gl=ng
47906d28-85e1-420a-89d8-5a838f8479ac,Jumia,bravo,5,2026-08-31,Google Play,Customer Review,https://play.google.com/store/apps/details?id=com.jumia.android&hl=en&gl=ng
c92bb928-fbf4-4cf2-ae0b-db2641122ca3,Jumia,Good,3,2026-08-31,Google Play,Customer Review,https://play.google.com/store/apps/details?id=com.jumia.android&hl=en&gl=ng
0da2641c-ad4a-4900-8bc0-53d9975ec6e0,Jumia,jumia is a very good price with affordable prices i get all my stuff their,4,2026-08-31,Google Play,Customer Review,https://play.google.com/store/apps/details?id=com.jumia.android&hl=en&gl=ng
96f5f196-a049-42db-aa6c-08c142bc73ca,Jumia,nice app,5,2026-08-31,Google Play,Customer Review,https://play.google.com/store/apps/details?id=com.jumia.android&hl=en&gl=ng
fa81762e-08f8-4d1d-bd70-06aeb1fd0820,Jumia,good,5,2026-08-31,Google Play,Customer Review,https://play.google.com/store/apps/details?id=com.jumia.android&hl=en&gl=ng
702ba0ab-d39a-408c-a379-ba80dfbc3b78,Jumia,Good,4,2026-08-31,Google Play,Customer Review,https://play.google.com/store/apps/details?id=com.jumia.android&hl=en&gl=ng
1e8524a1-5178-41d7-91de-073385f1c419,Jumia,can't even login in to my app very stressful app updates ain't fixing shii,2,2026-08-31,Google Play,Customer Review,https://play.google.com/store/apps/details?id=com.jumia.android&hl=en&gl=ng
7c5bee82-07c4-4523-bcfc-4dcba35dd7b7,Jumia,Nice shopping experience,4,2026-08-31,Google Play,Customer Review,https://play.google.com/store/apps/details?id=com.jumia.android&hl=en&gl=ng
9f7017dc-a726-48fa-a667-00bb6d25255d,Jumia,Great app,4,2026-08-31,Google Play,Customer Review,https://play.google.com/store/apps/details?id=com.jumia.android&hl=en&gl=ng
e7b56f25-5449-4767-8e81-af753cccd395,Jumia,very good and reliable,5,2026-08-31,Google Play,Customer Review,https://play.google.com/store/apps/details?id=com.jumia.android&hl=en&gl=ng
9c178d2a-38ac-4724-a980-a1f754008ea2,Jumia,very good.,5,2026-08-31,Google Play,Customer Review,https://play.google.com/store/apps/details?id=com.jumia.android&hl=en&gl=ng
6e47bad7-0c1c-4ba5-b160-98902b303a03,Jumia,Excellent,5,2026-08-31,Google Play,Customer Review,https://play.google.com/store/apps/details?id=com.jumia.android&hl=en&gl=ng
5bacf989-1596-4e1f-bacc-44fe6b56755d,Jumia,Quite awesome,5,2026-08-31,Google Play,Customer Review,https://play.google.com/store/apps/details?id=com.jumia.android&hl=en&gl=ng
c533ce8d-cd94-4577-9362-674dd2b27bf3,Jumia,bro this is the best in online shipping 🚢 😂 🙌,4,2026-08-31,Google Play,Customer Review,https://play.google.com/store/apps/details?id=com.jumia.android&hl=en&gl=ng
04f13ef3-c118-42e0-97f5-755f5a4d4652,Jumia,Jumia it's the best way to get some legit stuff,3,2026-08-31,Google Play,Customer Review,https://play.google.com/store/apps/details?id=com.jumia.android&hl=en&gl=ng
633df6ef-674a-44f7-9cb4-19fc01aa537c,Jumia,Jumia is reliable,5,2026-08-31,Google Play,Customer Review,https://play.google.com/store/apps/details?id=com.jumia.android&hl=en&gl=ng
a187a37b-0482-4023-ad5b-0bc8f977e443,Jumia,تجربة سيئة جدًا مع Jumia Egypt. طلبت Soundcore Boom 2 من خلال جوميا، واستلمت Boom 2 SE، وهو موديل مختلف عن المعلن. المنتج لم يُفتح أو يُستخدم، وقدمت طلب إرجاع فورًا، ومع ذلك تم رفض الإرجاع وإعادة المنتج لي دون توضيح سبب مقنع. لدي صور الطلب والمنتج والمحادثات التي تثبت الواقعة. اشتريت من جوميا على أساس وجود حماية للمشتري عند استلام منتج غير مطابق، لكن تجربتي كانت عكس ذلك تمامًا,1,2026-08-31,Google Play,Customer Review,https://play.google.com/store/apps/details?id=com.jumia.android&hl=en&gl=ng
ea8abc1b-e7c6-4069-934c-d3f546f6c05a,Jumia,very reliable and guaranteed customers satisfaction,4,2026-08-31,Google Play,Customer Review,https://play.google.com/store/apps/details?id=com.jumia.android&hl=en&gl=ng
09059b57-d3c1-469c-b215-573f0d83ef22,Jumia,best,5,2026-08-31,Google Play,Customer Review,https://play.google.com/store/apps/details?id=com.jumia.android&hl=en&gl=ng
a1bd664a-486f-4226-9c56-0a000abdb78f,Jumia,God bless you,5,2026-08-31,Google Play,Customer Review,https://play.google.com/store/apps/details?id=com.jumia.android&hl=en&gl=ng
0d4355c6-aa3b-406d-9841-efbbe10d60bc,Jumia,I love it,5,2026-08-31,Google Play,Customer Review,https://play.google.com/store/apps/details?id=com.jumia.android&hl=en&gl=ng
30679d0c-8049-4698-a3f5-714341bc9dc7,Jumia,ok,5,2026-08-31,Google Play,Customer Review,https://play.google.com/store/apps/details?id=com.jumia.android&hl=en&gl=ng
56e669e1-80fb-4d19-9c33-32883c991d7a,Jumia,sweet,5,2026-08-31,Google Play,Customer Review,https://play.google.com/store/apps/details?id=com.jumia.android&hl=en&gl=ng
4c977236-ec23-4077-abef-4b2ff20411d8,Jumia,I love it,5,2026-08-31,Google Play,Customer Review,https://play.google.com/store/apps/details?id=com.jumia.android&hl=en&gl=ng
f2eea90e-d58a-498b-91db-c1f96570a3d4,Jumia,Very good marketplace.,4,2026-08-31,Google Play,Customer Review,https://play.google.com/store/apps/details?id=com.jumia.android&hl=en&gl=ng
81fb7f94-51b3-444d-863b-f015ab467fd2,Jumia,nice,5,2026-08-31,Google Play,Customer Review,https://play.google.com/store/apps/details?id=com.jumia.android&hl=en&gl=ng
1cc5c380-1282-42b8-9590-aa8b8d2add26,Jumia,good,5,2026-08-31,Google Play,Customer Review,https://play.google.com/store/apps/details?id=com.jumia.android&hl=en&gl=ng
5cf16c71-899e-4f62-8588-134cbc13f386,Jumia,used jumia for almost two years now although am not regular but it is good and reliable,3,2026-08-31,Google Play,Customer Review,https://play.google.com/store/apps/details?id=com.jumia.android&hl=en&gl=ng
88253c34-ed52-4074-9f4a-a871c7b0a55f,Jumia,"I commend jumia is fast, reliable and enjoyable. every of their policy are sure.",5,2026-08-31,Google Play,Customer Review,https://play.google.com/store/apps/details?id=com.jumia.android&hl=en&gl=ng
b9b7eed8-39d4-4f50-9722-2a23eb16ea46,Jumia,really the best,5,2026-08-31,Google Play,Customer Review,https://play.google.com/store/apps/details?id=com.jumia.android&hl=en&gl=ng
a2f6caaa-9d8e-421c-8734-7c4f751aa7fa,Jumia,Always the best,5,2026-08-31,Google Play,Customer Review,https://play.google.com/store/apps/details?id=com.jumia.android&hl=en&gl=ng
a8f6dce5-5355-40d0-8415-cf99465fc98e,Jumia,app is good and the service is also good,3,2026-08-31,Google Play,Customer Review,https://play.google.com/store/apps/details?id=com.jumia.android&hl=en&gl=ng
5f227432-9328-4cbd-a494-8ab13c7fcd33,Jumia,very active,5,2026-08-31,Google Play,Customer Review,https://play.google.com/store/apps/details?id=com.jumia.android&hl=en&gl=ng
6ce87132-215e-472a-9fa8-4db1bb5bea05,Jumia,I just love jumia God bless your company for easing my shopping life,5,2026-08-31,Google Play,Customer Review,https://play.google.com/store/apps/details?id=com.jumia.android&hl=en&gl=ng
1507ce14-71ed-4987-a11e-f286ec414bc1,Jumia,Live in AI world with Jumia,5,2026-08-31,Google Play,Customer Review,https://play.google.com/store/apps/details?id=com.jumia.android&hl=en&gl=ng
4f2a822b-7376-4a6a-bc89-cebee37d8356,Jumia,Great 👍,5,2026-08-31,Google Play,Customer Review,https://play.google.com/store/apps/details?id=com.jumia.android&hl=en&gl=ng
d38b1646-5987-4175-aeb3-e3e4a0f10c78,Jumia,excellent,5,2026-08-31,Google Play,Customer Review,https://play.google.com/store/apps/details?id=com.jumia.android&hl=en&gl=ng
0d12cbc7-9de3-47bf-8556-a2a3f6810f01,Jumia,lovely App,4,2026-08-31,Google Play,Customer Review,https://play.google.com/store/apps/details?id=com.jumia.android&hl=en&gl=ng
d6d9b4a1-9769-4cb8-998b-edaa478ce8b2,Jumia,good,5,2026-08-31,Google Play,Customer Review,https://play.google.com/store/apps/details?id=com.jumia.android&hl=en&gl=ng
e3d1e4bd-dc57-4924-8023-20caeea15219,Jumia,nice app,5,2026-08-31,Google Play,Customer Review,https://play.google.com/store/apps/details?id=com.jumia.android&hl=en&gl=ng
342a2a57-83d3-4607-8380-6ebdad574056,Jumia,أود تسجيل تصعيد رسمي لشكواي وطلب إعادة النظر في قرار رفض الاسترجاع. أؤكد أنني استلمت الشنطة بتاريخ 3/8/2026، وقمت بطلب استرجاعها في نفس اليوم بسبب عدم مناسبة المقاس، ولم يتم استخدامها، وكانت مغلفة عند إرجاعها. وقد تم استلام الشنطة بواسطة مندوب جوميا بتاريخ 10/8/2026، ولدي إيصال يثبت استلامها. وقد تم التواصل معي من خدمة العملاء للاستفسار عن حالة المنتج وسبب الإرجاع، وأوضحت أن المنتج لم يتم استخدامه وأن سبب الإرجاع هو المقاس فقط.,1,2026-08-31,Google Play,Customer Review,https://play.google.com/store/apps/details?id=com.jumia.android&hl=en&gl=ng
f9c92d2b-397b-4c7f-9769-ce02d64964d9,Jumia,Best,5,2026-08-31,Google Play,Customer Review,https://play.google.com/store/apps/details?id=com.jumia.android&hl=en&gl=ng
6076d9d4-6795-4ff5-9b5c-1002309069d6,Jumia,love it,5,2026-08-31,Google Play,Customer Review,https://play.google.com/store/apps/details?id=com.jumia.android&hl=en&gl=ng
71344f05-ed4c-4dea-a532-94b1c3cb6574,Jumia,Nice,4,2026-08-31,Google Play,Customer Review,https://play.google.com/store/apps/details?id=com.jumia.android&hl=en&gl=ng
cb2fcff4-1900-473a-89f8-5b20f1f88af3,Jumia,Best online shopping app for anything,5,2026-08-31,Google Play,Customer Review,https://play.google.com/store/apps/details?id=com.jumia.android&hl=en&gl=ng
f2ae6963-201b-453f-adb0-249c8afe373c,Jumia,ENJOY USING THIS APP,4,2026-08-31,Google Play,Customer Review,https://play.google.com/store/apps/details?id=com.jumia.android&hl=en&gl=ng
c02a9335-b7fd-484e-9e38-0e191654200b,Jumia,very easy to partner with thank you jumia,5,2026-08-31,Google Play,Customer Review,https://play.google.com/store/apps/details?id=com.jumia.android&hl=en&gl=ng
84b663ed-2688-4b98-af8f-1823ffff6c1d,Jumia,i though it wasn't real,5,2026-08-31,Google Play,Customer Review,https://play.google.com/store/apps/details?id=com.jumia.android&hl=en&gl=ng
7ff2cd71-b7f7-4efc-bcaf-c4182cc8fc05,Jumia,Its my first time to order and the rates are favourable let me just wait for my order to reach Bundibigyo and I will let y'all know how that will go,3,2026-08-31,Google Play,Customer Review,https://play.google.com/store/apps/details?id=com.jumia.android&hl=en&gl=ng
a29d5118-f713-4ad9-a0d0-ee7a31b34e23,Jumia,good,5,2026-08-31,Google Play,Customer Review,https://play.google.com/store/apps/details?id=com.jumia.android&hl=en&gl=ng
51c2c87f-f9ba-4992-b181-a2d4dc18a52c,Jumia,very smooth and Nice,5,2026-08-31,Google Play,Customer Review,https://play.google.com/store/apps/details?id=com.jumia.android&hl=en&gl=ng
fb6c23bc-a71a-45ab-8f64-f2d7abdb58e8,Jumia,This is the best shopping app just try and testify,5,2026-08-31,Google Play,Customer Review,https://play.google.com/store/apps/details?id=com.jumia.android&hl=en&gl=ng
ed5c2d64-2a34-44ac-801b-1bc5ca97e1c5,Jumia,I really love how easy and fast jumia is,5,2026-08-31,Google Play,Customer Review,https://play.google.com/store/apps/details?id=com.jumia.android&hl=en&gl=ng
c522ee25-13f5-42a9-8c49-c26d5f88eb94,Jumia,very excellent,5,2026-08-31,Google Play,Customer Review,https://play.google.com/store/apps/details?id=com.jumia.android&hl=en&gl=ng
9af87054-e5fd-495a-a2cf-2ff52784578c,Jumia,very impressive,4,2026-08-31,Google Play,Customer Review,https://play.google.com/store/apps/details?id=com.jumia.android&hl=en&gl=ng
1d25efcd-116b-4e13-8b71-840db65298bd,Jumia,Best,5,2026-08-31,Google Play,Customer Review,https://play.google.com/store/apps/details?id=com.jumia.android&hl=en&gl=ng
0da8e593-f8e9-4c54-a8ea-b83ed740ca75,Jumia,witing for an order pay on delivery method,3,2026-08-31,Google Play,Customer Review,https://play.google.com/store/apps/details?id=com.jumia.android&hl=en&gl=ng
3d20ec52-985b-4d47-82ef-99987957588f,Jumia,is ok but the transport fees is too much,2,2026-08-31,Google Play,Customer Review,https://play.google.com/store/apps/details?id=com.jumia.android&hl=en&gl=ng
e08e3463-bb95-4b33-92b3-1a3d6803fe25,Jumia,awesome and really love it🩷🩷🩷,4,2026-08-31,Google Play,Customer Review,https://play.google.com/store/apps/details?id=com.jumia.android&hl=en&gl=ng
c1614837-3ead-4e03-b554-9fbc26701030,Jumia,very good just that delivery day a little late,5,2026-08-31,Google Play,Customer Review,https://play.google.com/store/apps/details?id=com.jumia.android&hl=en&gl=ng
1d61a0e4-1667-4f15-9760-6daf25895e0f,Jumia,improved interface 😊,3,2026-08-31,Google Play,Customer Review,https://play.google.com/store/apps/details?id=com.jumia.android&hl=en&gl=ng
8a2fba63-c00e-4eff-bef0-4125e617f27e,Jumia,their products are cheap and affordable plus they are reliable and trustworthy,5,2026-08-31,Google Play,Customer Review,https://play.google.com/store/apps/details?id=com.jumia.android&hl=en&gl=ng
fec43496-d88c-4920-a07c-3106b0870304,Jumia,Jumia is still the best e-commerce company in Nigeria,5,2026-08-31,Google Play,Customer Review,https://play.google.com/store/apps/details?id=com.jumia.android&hl=en&gl=ng
3ca98a29-26b5-415a-a9e0-54b1eb526293,Jumia,good,3,2026-08-31,Google Play,Customer Review,https://play.google.com/store/apps/details?id=com.jumia.android&hl=en&gl=ng
74b6e207-5331-4f6f-b4cb-2ae843888391,Jumia,it's a great shopping app,5,2026-08-31,Google Play,Customer Review,https://play.google.com/store/apps/details?id=com.jumia.android&hl=en&gl=ng
b9b92e97-ca86-4682-90d6-4362efb96c8e,Jumia,good,5,2026-08-31,Google Play,Customer Review,https://play.google.com/store/apps/details?id=com.jumia.android&hl=en&gl=ng
777c9d8e-646b-4fbd-a0e5-fb2f3f3e5efe,Jumia,good,5,2026-08-31,Google Play,Customer Review,https://play.google.com/store/apps/details?id=com.jumia.android&hl=en&gl=ng
89e30eac-1119-49d4-96cf-5c9f29c45a8c,Jumia,Trust worthy,5,2026-08-31,Google Play,Customer Review,https://play.google.com/store/apps/details?id=com.jumia.android&hl=en&gl=ng
428e9940-ae6c-427a-9d73-a9cfef93fa93,Jumia,Excellent,5,2026-08-31,Google Play,Customer Review,https://play.google.com/store/apps/details?id=com.jumia.android&hl=en&gl=ng
ca821c47-6c40-4bc0-8269-033ffcffc721,Jumia,I was unable to log into my old account I don't know why and I have purchased 7 products in total with it,1,2026-08-31,Google Play,Customer Review,https://play.google.com/store/apps/details?id=com.jumia.android&hl=en&gl=ng
c389d588-60b1-40b8-8aa8-137239299dfe,Jumia,jumia shopping is excellent I love it,5,2026-08-31,Google Play,Customer Review,https://play.google.com/store/apps/details?id=com.jumia.android&hl=en&gl=ng
78838583-9b4b-442a-88da-783c6693f68f,Jumia,this is an outstanding company fast delivery and quality product just that most of their thing are expensive and they should really work on that it might people to pertonize them the more and they have a really good user interface that me personally like it. for that they are really trying their best so they should keep it up and keep delivering good and quality package,4,2026-08-31,Google Play,Customer Review,https://play.google.com/store/apps/details?id=com.jumia.android&hl=en&gl=ng
287ab603-9f10-42cd-b084-d3b2ce15b353,Jumia,it's okay for order,5,2026-08-31,Google Play,Customer Review,https://play.google.com/store/apps/details?id=com.jumia.android&hl=en&gl=ng
d6380162-2d04-45ed-952d-b088c0ae201a,Jumia,Helpful am Suur,4,2026-08-31,Google Play,Customer Review,https://play.google.com/store/apps/details?id=com.jumia.android&hl=en&gl=ng
830e26a2-c1c6-4755-9057-d548288635d3,Jumia,Very bad app,1,2026-08-31,Google Play,Customer Review,https://play.google.com/store/apps/details?id=com.jumia.android&hl=en&gl=ng
d37abc07-d891-4a18-9c25-bca04407ae90,Jumia,the app is more convenience since you don't have to queue ❤️❤️❤️,4,2026-08-31,Google Play,Customer Review,https://play.google.com/store/apps/details?id=com.jumia.android&hl=en&gl=ng
7b7e9fd0-858b-4d4a-81c5-eb2c7bf7df3d,Jumia,it secured,5,2026-08-31,Google Play,Customer Review,https://play.google.com/store/apps/details?id=com.jumia.android&hl=en&gl=ng
83b4ab4b-5dce-4f32-8649-a70abb274ce9,Jumia,اسوء شركه في مصر,1,2026-08-31,Google Play,Customer Review,https://play.google.com/store/apps/details?id=com.jumia.android&hl=en&gl=ng
e698a889-e2e7-404a-b261-29262ae185e9,Jumia,good,5,2026-08-31,Google Play,Customer Review,https://play.google.com/store/apps/details?id=com.jumia.android&hl=en&gl=ng
6401b383-7181-4b00-9379-1e7e3f63c75b,Jumia,Very reliable payment method,5,2026-08-31,Google Play,Customer Review,https://play.google.com/store/apps/details?id=com.jumia.android&hl=en&gl=ng
44af32b4-649d-4f16-b3f9-13d789671c3a,Jumia,good,4,2026-08-31,Google Play,Customer Review,https://play.google.com/store/apps/details?id=com.jumia.android&hl=en&gl=ng
cfa4837a-d7c1-4f25-a5ed-86c3f953a5c0,Jumia,very good I have been shopping with them since 2022,5,2026-08-31,Google Play,Customer Review,https://play.google.com/store/apps/details?id=com.jumia.android&hl=en&gl=ng
2494b790-1ec3-434d-b75b-fa6a918fe02f,Jumia,Is very easy,4,2026-08-31,Google Play,Customer Review,https://play.google.com/store/apps/details?id=com.jumia.android&hl=en&gl=ng
b783d41b-b164-46b9-955b-ab1827cd8b9e,Jumia,Efficient,5,2026-08-31,Google Play,Customer Review,https://play.google.com/store/apps/details?id=com.jumia.android&hl=en&gl=ng
0957dd23-62d4-43fc-aef6-b22f4ec897b8,Jumia,Quick delivery,5,2026-08-31,Google Play,Customer Review,https://play.google.com/store/apps/details?id=com.jumia.android&hl=en&gl=ng
33b45b43-d60a-4db2-a0ea-47c4be14fe7a,Jumia,"So far so good my best online shopping partner is jumia and I love buying from them. One special thing about jumia is, even if the item didn't meet your expectations, you will have 15 days to return it",4,2026-08-31,Google Play,Customer Review,https://play.google.com/store/apps/details?id=com.jumia.android&hl=en&gl=ng
fd859af8-10ab-4a2a-ad45-b6f51a9ea1b8,Jumia,great,5,2026-08-31,Google Play,Customer Review,https://play.google.com/store/apps/details?id=com.jumia.android&hl=en&gl=ng
796e2d26-e402-42b9-8098-22bb5323a97b,Jumia,Jumia is the Best,5,2026-08-31,Google Play,Customer Review,https://play.google.com/store/apps/details?id=com.jumia.android&hl=en&gl=ng
26154577-7d53-47c8-a057-4a3fb79ca0c8,Jumia,good,3,2026-08-31,Google Play,Customer Review,https://play.google.com/store/apps/details?id=com.jumia.android&hl=en&gl=ng
73ab31fc-258d-4a87-aabb-9ac980674fb4,Jumia,let's wait for the order first,4,2026-08-31,Google Play,Customer Review,https://play.google.com/store/apps/details?id=com.jumia.android&hl=en&gl=ng
4da36dfd-2e92-4853-9f01-eab8420e4297,Jumia,efficient,5,2026-08-31,Google Play,Customer Review,https://play.google.com/store/apps/details?id=com.jumia.android&hl=en&gl=ng
cb0690bd-c234-4d3d-a8c9-f3cb1f44226e,Jumia,can't login,2,2026-08-31,Google Play,Customer Review,https://play.google.com/store/apps/details?id=com.jumia.android&hl=en&gl=ng
12da59e2-38b3-42b8-ae12-8f7bb2fdfe31,Jumia,very reliable shopping app,5,2026-08-31,Google Play,Customer Review,https://play.google.com/store/apps/details?id=com.jumia.android&hl=en&gl=ng
059004ee-9a62-4f79-aef8-a990908f72bd,Jumia,so complicated,1,2026-08-31,Google Play,Customer Review,https://play.google.com/store/apps/details?id=com.jumia.android&hl=en&gl=ng
e87efc11-3d48-4492-8f5a-f4086c0a6d2c,Jumia,nice and easy to navigate,5,2026-08-31,Google Play,Customer Review,https://play.google.com/store/apps/details?id=com.jumia.android&hl=en&gl=ng
cc154aea-756f-4b9c-9cab-f304e7a55bed,Jumia,i love this app,5,2026-08-31,Google Play,Customer Review,https://play.google.com/store/apps/details?id=com.jumia.android&hl=en&gl=ng
d8e2f997-c54f-45e2-a9c0-c21ab5e08aed,Jumia,good,5,2026-08-31,Google Play,Customer Review,https://play.google.com/store/apps/details?id=com.jumia.android&hl=en&gl=ng
37368af9-1275-4455-a96c-e819264e9deb,Jumia,it's the best and trusted app ever,5,2026-08-31,Google Play,Customer Review,https://play.google.com/store/apps/details?id=com.jumia.android&hl=en&gl=ng
bad9de30-a364-4128-9fe4-19a9af46ee76,Jumia,amazing,5,2026-08-31,Google Play,Customer Review,https://play.google.com/store/apps/details?id=com.jumia.android&hl=en&gl=ng
ff42dcfe-d878-4450-8733-4b87a0f4f3ca,Jumia,"I've been using the app for some years, and it's good but the shipping fee is too much. At first it was ok but now they've increase it too much and even if you buy 2 of the same item, there will be double shipping fee.",2,2026-08-31,Google Play,Customer Review,https://play.google.com/store/apps/details?id=com.jumia.android&hl=en&gl=ng
cba67d02-c2f5-48e6-969b-f8eb55306215,Jumia,Very good shopping app,5,2026-08-31,Google Play,Customer Review,https://play.google.com/store/apps/details?id=com.jumia.android&hl=en&gl=ng
8781c8c7-674f-4b6d-9ec9-1fdb28236fe0,Jumia,Good,5,2026-08-31,Google Play,Customer Review,https://play.google.com/store/apps/details?id=com.jumia.android&hl=en&gl=ng
a09f414f-dedb-4fcc-abfd-c54f105079aa,Jumia,it's realistic,5,2026-08-30,Google Play,Customer Review,https://play.google.com/store/apps/details?id=com.jumia.android&hl=en&gl=ng
5a1fcf2b-2121-4755-96f4-403fa0c3459b,Jumia,Number one trusted online shopping app,1,2026-08-30,Google Play,Customer Review,https://play.google.com/store/apps/details?id=com.jumia.android&hl=en&gl=ng
713d90e1-dd8f-4e83-9403-d6d0617e4610,Jumia,jumia shopping 🛒🛍️ be super fantastic,5,2026-08-30,Google Play,Customer Review,https://play.google.com/store/apps/details?id=com.jumia.android&hl=en&gl=ng
28432dc4-faec-4586-a868-7a88993d2ce0,Jumia,quick and memorable delivery 🚚,5,2026-08-30,Google Play,Customer Review,https://play.google.com/store/apps/details?id=com.jumia.android&hl=en&gl=ng
ea05f9e8-394e-4606-b8ce-ca8a5c1581b8,Jumia,excellent,5,2026-08-30,Google Play,Customer Review,https://play.google.com/store/apps/details?id=com.jumia.android&hl=en&gl=ng
985c8b75-ec0c-4c07-865e-9df4c22e8663,Jumia,Great app for shopping. Super cool prices.,4,2026-08-30,Google Play,Customer Review,https://play.google.com/store/apps/details?id=com.jumia.android&hl=en&gl=ng
744132ae-32ca-4a29-9d7a-b7f98e56eabf,Jumia,cool,4,2026-08-30,Google Play,Customer Review,https://play.google.com/store/apps/details?id=com.jumia.android&hl=en&gl=ng
ee8a6b3d-f3db-4d93-bf0b-ceeb62226379,Jumia,I like jumia because their products are very quality,5,2026-08-30,Google Play,Customer Review,https://play.google.com/store/apps/details?id=com.jumia.android&hl=en&gl=ng
a2e6541f-f4e8-4496-96bb-05b82b34291b,Jumia,Good app for e- comers but add a way one can hide or delete his or her delivered and council items. make a way we cab selecte colour of item.,3,2026-08-30,Google Play,Customer Review,https://play.google.com/store/apps/details?id=com.jumia.android&hl=en&gl=ng
47732fd0-8cd8-4c2d-88b8-31ee97e6d82d,Jumia,"Hey Jumia! I am requesting that you include a very important and pressing feature on your platform. A feature that enables customers to save cash on your platform for future purchase. This is feature is what makes CDCARE market platform popular today. There are people with money savings problem, so the feature gives room for them to achieve wht they want at their planned time. Meanwhile Jumia, I love you. You have a cool market and I always go there for anything at my time of needs...",5,2026-08-30,Google Play,Customer Review,https://play.google.com/store/apps/details?id=com.jumia.android&hl=en&gl=ng
90d3b937-9771-4078-b6c2-0f1449450ee5,Jumia,the delivery fee is too much,3,2026-08-30,Google Play,Customer Review,https://play.google.com/store/apps/details?id=com.jumia.android&hl=en&gl=ng
a0c5a9ee-1387-4927-874f-cc0ad67ee9c6,Jumia,dope ✔️ ✅️,5,2026-08-30,Google Play,Customer Review,https://play.google.com/store/apps/details?id=com.jumia.android&hl=en&gl=ng
68e883ac-21b8-48ab-a696-c33d4f82114d,Jumia,First time using the app...but it's okay 👍,4,2026-08-30,Google Play,Customer Review,https://play.google.com/store/apps/details?id=com.jumia.android&hl=en&gl=ng
69b7322c-c79f-4a8f-84ee-136bde94b32c,Jumia,The updated graphics and the page-viewing layout are making it difficult to navigate through the pages.,1,2026-08-30,Google Play,Customer Review,https://play.google.com/store/apps/details?id=com.jumia.android&hl=en&gl=ng
20df69d5-20dd-425b-bb23-8c1af1405e15,Jumia,OK,5,2026-08-30,Google Play,Customer Review,https://play.google.com/store/apps/details?id=com.jumia.android&hl=en&gl=ng
e8a8965a-9a48-4710-a418-f1c8d4acad06,Jumia,easy and reliable,5,2026-08-30,Google Play,Customer Review,https://play.google.com/store/apps/details?id=com.jumia.android&hl=en&gl=ng
6269573f-beeb-4ddf-9aae-6fa5eec8519d,Jumia,great,5,2026-08-30,Google Play,Customer Review,https://play.google.com/store/apps/details?id=com.jumia.android&hl=en&gl=ng
a238331b-2515-4341-a7fd-7374b3c1c370,Jumia,very good and also reliable,5,2026-08-30,Google Play,Customer Review,https://play.google.com/store/apps/details?id=com.jumia.android&hl=en&gl=ng
bff70d98-05a0-42c6-8bc3-ec8c0178c79b,Jumia,😁😁,3,2026-08-30,Google Play,Customer Review,https://play.google.com/store/apps/details?id=com.jumia.android&hl=en&gl=ng
babf5662-becc-4ad2-b970-adfddeb75c01,Jumia,The Best reliable online Market so far.,5,2026-08-30,Google Play,Customer Review,https://play.google.com/store/apps/details?id=com.jumia.android&hl=en&gl=ng
32117a41-f33a-4572-ace0-8c342a29a9a5,Jumia,GOOD,3,2026-08-30,Google Play,Customer Review,https://play.google.com/store/apps/details?id=com.jumia.android&hl=en&gl=ng
504f091f-d4c7-4c08-b89e-16aa5ccd5dec,Jumia,Awesome,5,2026-08-30,Google Play,Customer Review,https://play.google.com/store/apps/details?id=com.jumia.android&hl=en&gl=ng
90fd8ec1-d8a5-4bb2-a0ea-f5a179ea27c2,Jumia,they are reliable to customers and trusty,5,2026-08-30,Google Play,Customer Review,https://play.google.com/store/apps/details?id=com.jumia.android&hl=en&gl=ng
9cd724f7-5aac-4fb6-a302-eeb4a88ae07c,Jumia,Highly recommended,5,2026-08-30,Google Play,Customer Review,https://play.google.com/store/apps/details?id=com.jumia.android&hl=en&gl=ng
518ea243-512a-4fe3-9777-43c1edbe0b02,Jumia,I think I love your services. It's fast and reliable.,5,2026-08-30,Google Play,Customer Review,https://play.google.com/store/apps/details?id=com.jumia.android&hl=en&gl=ng
55a048b8-5085-439b-b3d3-830c9502f2a3,Jumia,Accurate 💯,4,2026-08-30,Google Play,Customer Review,https://play.google.com/store/apps/details?id=com.jumia.android&hl=en&gl=ng
41063a05-79ab-4c45-bca0-aa20ed033a07,Jumia,I love how quick and reliable it is,5,2026-08-30,Google Play,Customer Review,https://play.google.com/store/apps/details?id=com.jumia.android&hl=en&gl=ng
63210d50-004c-4ea0-a9d8-8fcbd63dc6ea,Jumia,it is very excited,5,2026-08-30,Google Play,Customer Review,https://play.google.com/store/apps/details?id=com.jumia.android&hl=en&gl=ng
1689ebf0-3ac7-4937-90e9-693dd38dfa68,Jumia,because the orders are affordable,5,2026-08-30,Google Play,Customer Review,https://play.google.com/store/apps/details?id=com.jumia.android&hl=en&gl=ng
1463a190-aa8f-4811-8851-22841c24bd93,Jumia,very nice app 👌,4,2026-08-30,Google Play,Customer Review,https://play.google.com/store/apps/details?id=com.jumia.android&hl=en&gl=ng
878512b1-2b03-453d-98b9-1fa5e1b8ca69,Jumia,cool,2,2026-08-30,Google Play,Customer Review,https://play.google.com/store/apps/details?id=com.jumia.android&hl=en&gl=ng
9dc85a32-d439-440c-9bdf-e0677348617c,Jumia,reliable,5,2026-08-30,Google Play,Customer Review,https://play.google.com/store/apps/details?id=com.jumia.android&hl=en&gl=ng
db04ceb7-93f7-4b22-94d3-4d0644129dcb,Jumia,is a good shopping site,3,2026-08-30,Google Play,Customer Review,https://play.google.com/store/apps/details?id=com.jumia.android&hl=en&gl=ng
ddc96939-c266-4677-9768-169c209a4e2d,Jumia,awesome app,5,2026-08-30,Google Play,Customer Review,https://play.google.com/store/apps/details?id=com.jumia.android&hl=en&gl=ng
2cd6ec38-869a-4cab-b321-b130ed1a9ec4,Jumia,good delivery easy to find,5,2026-08-30,Google Play,Customer Review,https://play.google.com/store/apps/details?id=com.jumia.android&hl=en&gl=ng
c7c3ed0c-2e3b-4274-8f59-013901bbbb06,Jumia,Superb 🥹🥰,5,2026-08-30,Google Play,Customer Review,https://play.google.com/store/apps/details?id=com.jumia.android&hl=en&gl=ng
9382368b-f128-4a04-9afa-7bcd55bde100,Jumia,good,3,2026-08-30,Google Play,Customer Review,https://play.google.com/store/apps/details?id=com.jumia.android&hl=en&gl=ng
cb8a83b7-da74-4f7f-9c37-deae48e1aa7a,Jumia,ever fast to deliver and genuine in uganda,5,2026-08-30,Google Play,Customer Review,https://play.google.com/store/apps/details?id=com.jumia.android&hl=en&gl=ng
e68e3898-1b32-41c9-8edd-45ed58c0bf89,Jumia,best online shop in uganda,5,2026-08-30,Google Play,Customer Review,https://play.google.com/store/apps/details?id=com.jumia.android&hl=en&gl=ng
3058872a-d2fc-41a5-b149-bd2448a7a361,Jumia,Good,5,2026-08-30,Google Play,Customer Review,https://play.google.com/store/apps/details?id=com.jumia.android&hl=en&gl=ng
3bd14156-5054-442d-a670-dd2f00d47afd,Jumia,Best shopping app ever They sell variety of product here highly recommended,5,2026-08-30,Google Play,Customer Review,https://play.google.com/store/apps/details?id=com.jumia.android&hl=en&gl=ng
c6545a74-58d8-401e-aca8-c3ba47f09292,Jumia,great 👍,5,2026-08-30,Google Play,Customer Review,https://play.google.com/store/apps/details?id=com.jumia.android&hl=en&gl=ng
00c16133-45ac-480c-95c1-65550561d5f4,Jumia,very reliable,5,2026-08-30,Google Play,Customer Review,https://play.google.com/store/apps/details?id=com.jumia.android&hl=en&gl=ng
2ea174e4-3c9c-47ea-b7d9-f0ba9be0fbcd,Jumia,very easy to use really love this app very convenient to use,5,2026-08-30,Google Play,Customer Review,https://play.google.com/store/apps/details?id=com.jumia.android&hl=en&gl=ng
50aae65b-3309-4f98-b17c-b84364ee6b27,Jumia,good App,3,2026-08-30,Google Play,Customer Review,https://play.google.com/store/apps/details?id=com.jumia.android&hl=en&gl=ng
a5a98459-cd13-4821-bffd-63efc026e47c,Jumia,"nice app, but sometimes their products are too expensive compared to stores",3,2026-08-30,Google Play,Customer Review,https://play.google.com/store/apps/details?id=com.jumia.android&hl=en&gl=ng
30dde1a9-561a-496e-93b8-b49f17f6c342,Jumia,One of my best place to order something,5,2026-08-30,Google Play,Customer Review,https://play.google.com/store/apps/details?id=com.jumia.android&hl=en&gl=ng
55334be0-ff2d-4332-93b9-99ea9cda4542,Jumia,Good app for shopping,5,2026-08-30,Google Play,Customer Review,https://play.google.com/store/apps/details?id=com.jumia.android&hl=en&gl=ng
9f32d087-ae22-4d6e-b746-2d9e7d6885da,Jumia,I love jumia. it makes life easy.,5,2026-08-30,Google Play,Customer Review,https://play.google.com/store/apps/details?id=com.jumia.android&hl=en&gl=ng
ae4617e1-8f7d-458d-b4e6-d9f093a8fcce,Jumia,"easy, better and comfortable in selecting whatever you wish for and payment are normal and fast.",5,2026-08-30,Google Play,Customer Review,https://play.google.com/store/apps/details?id=com.jumia.android&hl=en&gl=ng
c97c3618-3e96-4144-a25e-b114557d75ab,Jumia,very good,5,2026-08-30,Google Play,Customer Review,https://play.google.com/store/apps/details?id=com.jumia.android&hl=en&gl=ng
077fe229-7c9d-4abd-90e9-d5bd052c1100,Jumia,everything good,5,2026-08-30,Google Play,Customer Review,https://play.google.com/store/apps/details?id=com.jumia.android&hl=en&gl=ng
c40bc1a9-fc3b-4ff9-b0fa-d95be2f0dad9,Jumia,Everything is successful,5,2026-08-30,Google Play,Customer Review,https://play.google.com/store/apps/details?id=com.jumia.android&hl=en&gl=ng
dd21a06b-d532-4a65-8c2c-704dda594d6b,Jumia,good,5,2026-08-30,Google Play,Customer Review,https://play.google.com/store/apps/details?id=com.jumia.android&hl=en&gl=ng
97bfdd64-9650-451a-97f7-0fc3d2cb440a,Jumia,awesome,5,2026-08-30,Google Play,Customer Review,https://play.google.com/store/apps/details?id=com.jumia.android&hl=en&gl=ng
c9e48a1c-037e-4a08-8545-06b8d084e9e3,Jumia,The most trusted online market,5,2026-08-30,Google Play,Customer Review,https://play.google.com/store/apps/details?id=com.jumia.android&hl=en&gl=ng
3db63175-93b2-4352-be56-c111d4ad324d,Jumia,"i hate the constant pop ups of 'based on kosokoso we recommend' esp when searching for sth, your search function is garbage even with sorting on.",2,2026-08-30,Google Play,Customer Review,https://play.google.com/store/apps/details?id=com.jumia.android&hl=en&gl=ng
4a85bf8e-b201-4bf1-88c4-561199071f84,Jumia,good,3,2026-08-30,Google Play,Customer Review,https://play.google.com/store/apps/details?id=com.jumia.android&hl=en&gl=ng
a1a15567-6f1a-467f-af9f-4985abb343ed,Jumia,is fine,5,2026-08-30,Google Play,Customer Review,https://play.google.com/store/apps/details?id=com.jumia.android&hl=en&gl=ng
6b1541b9-a38a-4deb-aab5-8f6dd866b187,Jumia,super,5,2026-08-30,Google Play,Customer Review,https://play.google.com/store/apps/details?id=com.jumia.android&hl=en&gl=ng
b05e5975-c446-4049-b52d-f88fc31bdd4c,Jumia,pop up ads. pop-up ads that show up out of nowhere every 2 minutes and disrupt what you were looking for. accidental touches take you to the ads page. who added pop up ads on a online shop app? what is this greed!,1,2026-08-30,Google Play,Customer Review,https://play.google.com/store/apps/details?id=com.jumia.android&hl=en&gl=ng
355138da-8a0a-43d1-bcba-26f6257608ab,Jumia,good,5,2026-08-30,Google Play,Customer Review,https://play.google.com/store/apps/details?id=com.jumia.android&hl=en&gl=ng
e27936a4-16dd-4df5-a1ae-beda54ad95dd,Jumia,let me hope it will reach me on time,5,2026-08-30,Google Play,Customer Review,https://play.google.com/store/apps/details?id=com.jumia.android&hl=en&gl=ng
85bf6ea1-2811-4eed-99ec-d475ad276721,Jumia,I love Jumia so much that I don't shop outside anymore,5,2026-08-30,Google Play,Customer Review,https://play.google.com/store/apps/details?id=com.jumia.android&hl=en&gl=ng
0a420b81-43d3-49da-bbf7-b8bbdcc149f8,Jumia,"ur app is doing nonsense these days ooo. seems I'll stop using it self... I've uninstalled it self.. u guys should work on it, it'll ask me to sign in every time, and it won't go.",5,2026-08-30,Google Play,Customer Review,https://play.google.com/store/apps/details?id=com.jumia.android&hl=en&gl=ng
cff2ab09-9ff2-45e0-99f4-866582c15639,Jumia,They always give you want you ordered for even there return policy is top-notch not even mentioning they're affiliate policies too,4,2026-08-30,Google Play,Customer Review,https://play.google.com/store/apps/details?id=com.jumia.android&hl=en&gl=ng
6cad7d34-d6f2-4ba5-a37b-97eb0b8f2e68,Jumia,I love their how dealing with customers,5,2026-08-30,Google Play,Customer Review,https://play.google.com/store/apps/details?id=com.jumia.android&hl=en&gl=ng
234cade2-75aa-42d1-b006-841a8817bb1f,Jumia,better option,4,2026-08-30,Google Play,Customer Review,https://play.google.com/store/apps/details?id=com.jumia.android&hl=en&gl=ng
382a1a0a-66fd-477b-a78c-6f9de4b87e2b,Jumia,good 👍,4,2026-08-30,Google Play,Customer Review,https://play.google.com/store/apps/details?id=com.jumia.android&hl=en&gl=ng
cb331a77-cddf-45cc-b34b-fd89b7ad3827,Jumia,Easy to use,5,2026-08-30,Google Play,Customer Review,https://play.google.com/store/apps/details?id=com.jumia.android&hl=en&gl=ng
6e15eff8-f8ea-413e-9307-3326f43fa5b9,Jumia,excellent,5,2026-08-30,Google Play,Customer Review,https://play.google.com/store/apps/details?id=com.jumia.android&hl=en&gl=ng
39d08fc9-12ec-4702-b6d4-fc35ee99ac23,Jumia,excellent,4,2026-08-30,Google Play,Customer Review,https://play.google.com/store/apps/details?id=com.jumia.android&hl=en&gl=ng
04efa5d4-4f1b-4288-bd41-f743dbd63780,Jumia,"this is the my first order. I saw My friend order has arrived without problem, that is why I tried My own order. I am going to make 5 ✨ after my order handed to me.",3,2026-08-30,Google Play,Customer Review,https://play.google.com/store/apps/details?id=com.jumia.android&hl=en&gl=ng
31dfd22a-c1a0-4c37-81a2-0218b2cb0281,Jumia,"i I love the app, it is so easy to use and I really love the fact that they accept payment on delivery",5,2026-08-30,Google Play,Customer Review,https://play.google.com/store/apps/details?id=com.jumia.android&hl=en&gl=ng
e5bb1643-c468-4baf-ae81-620f06995bfc,Jumia,good app,5,2026-08-30,Google Play,Customer Review,https://play.google.com/store/apps/details?id=com.jumia.android&hl=en&gl=ng
37d5ad65-c0b1-45cb-a861-3d39c579e3bb,Jumia,best and reliable,4,2026-08-30,Google Play,Customer Review,https://play.google.com/store/apps/details?id=com.jumia.android&hl=en&gl=ng
00e61e5f-3056-4938-b1bb-0b7fb6ae23ed,Jumia,very honest and fast in,5,2026-08-30,Google Play,Customer Review,https://play.google.com/store/apps/details?id=com.jumia.android&hl=en&gl=ng
484dddba-e53a-42f2-bd88-d71f6c123f81,Jumia,good,5,2026-08-30,Google Play,Customer Review,https://play.google.com/store/apps/details?id=com.jumia.android&hl=en&gl=ng
eca8ae8d-fec6-447c-8238-9c6ff2bf0b2f,Jumia,for the last order I made it was fast and the item was in perfect condition,4,2026-08-30,Google Play,Customer Review,https://play.google.com/store/apps/details?id=com.jumia.android&hl=en&gl=ng
9877c89d-2dfc-4570-9d3a-a6e4071c0556,Jumia,Good,5,2026-08-30,Google Play,Customer Review,https://play.google.com/store/apps/details?id=com.jumia.android&hl=en&gl=ng
cfd85c18-a69a-4434-b1ab-faf6df897c99,Jumia,perfect one,3,2026-08-30,Google Play,Customer Review,https://play.google.com/store/apps/details?id=com.jumia.android&hl=en&gl=ng
6a7aea69-0c61-4dee-a02a-b202cf49051e,Jumia,great so far ordered & got what I wanted,4,2026-08-30,Google Play,Customer Review,https://play.google.com/store/apps/details?id=com.jumia.android&hl=en&gl=ng
4c2df0a9-8cee-4467-8ed1-741f65d3b483,Jumia,Great 👍,5,2026-08-30,Google Play,Customer Review,https://play.google.com/store/apps/details?id=com.jumia.android&hl=en&gl=ng
38b9bcc3-6542-4c79-b582-981ae3ac061a,Jumia,It's very nice,5,2026-08-30,Google Play,Customer Review,https://play.google.com/store/apps/details?id=com.jumia.android&hl=en&gl=ng
6dfd0a25-97f1-47e0-acb3-195a97301ed9,Jumia,you people are the best,5,2026-08-30,Google Play,Customer Review,https://play.google.com/store/apps/details?id=com.jumia.android&hl=en&gl=ng
8661f6e2-25aa-470c-a310-e239bfc9846c,Jumia,"I couldn't order anything on this app because of mere password problems, can I try phone orders.",2,2026-08-30,Google Play,Customer Review,https://play.google.com/store/apps/details?id=com.jumia.android&hl=en&gl=ng
07a3b198-fecd-45d1-9bb0-90c0b62cf653,Jumia,Now I have understand the App!,4,2026-08-30,Google Play,Customer Review,https://play.google.com/store/apps/details?id=com.jumia.android&hl=en&gl=ng
e8b2331d-f8af-49ac-bdab-4527c60e7f62,Jumia,it's good,5,2026-08-30,Google Play,Customer Review,https://play.google.com/store/apps/details?id=com.jumia.android&hl=en&gl=ng
5f1c1e44-88e4-4297-8ea6-9529e9c2b5e4,Jumia,Good and reliable,4,2026-08-30,Google Play,Customer Review,https://play.google.com/store/apps/details?id=com.jumia.android&hl=en&gl=ng
6661517f-2001-42dc-a510-81a58113c98e,Jumia,Good,5,2026-08-30,Google Play,Customer Review,https://play.google.com/store/apps/details?id=com.jumia.android&hl=en&gl=ng
71abdb41-092a-4635-bdf0-7f17f00d07a6,Jumia,best,5,2026-08-30,Google Play,Customer Review,https://play.google.com/store/apps/details?id=com.jumia.android&hl=en&gl=ng
3eb77aa8-3edb-40f8-a4da-87fffb58e3d1,Jumia,app not working,1,2026-08-30,Google Play,Customer Review,https://play.google.com/store/apps/details?id=com.jumia.android&hl=en&gl=ng
6403e92c-c6b9-4a82-8993-31de8771055e,Jumia,Easy to use,4,2026-08-30,Google Play,Customer Review,https://play.google.com/store/apps/details?id=com.jumia.android&hl=en&gl=ng
5dd1e573-6618-49c6-86d4-b68085545091,Jumia,All the electronics and gadgets have ordered are cool so farr,4,2026-08-30,Google Play,Customer Review,https://play.google.com/store/apps/details?id=com.jumia.android&hl=en&gl=ng
a5abe61f-76da-4c9b-a998-e0341feab8fc,Jumia,good nice 👍,5,2026-08-30,Google Play,Customer Review,https://play.google.com/store/apps/details?id=com.jumia.android&hl=en&gl=ng
80be9208-4273-4726-9ba8-3b5c92a3b289,Jumia,it's very easy and fast anyone can easily order anything you wan,5,2026-08-29,Google Play,Customer Review,https://play.google.com/store/apps/details?id=com.jumia.android&hl=en&gl=ng
40fe0844-f229-4b7e-b47d-f507b1c976af,Jumia,Nice service,5,2026-08-29,Google Play,Customer Review,https://play.google.com/store/apps/details?id=com.jumia.android&hl=en&gl=ng
b5ecfc8d-767c-4325-be88-cc0cd78842c0,Jumia,love shopping with Jumia. Never had a problem after several years. Also enjoying the discounts on the app as well as jforce. excellent work.,5,2026-08-29,Google Play,Customer Review,https://play.google.com/store/apps/details?id=com.jumia.android&hl=en&gl=ng
2dca882d-f37e-4bd0-a2f1-5b3fb3f50d83,Jumia,was easy for selection of products,4,2026-08-29,Google Play,Customer Review,https://play.google.com/store/apps/details?id=com.jumia.android&hl=en&gl=ng
03082d0e-3e60-4732-9424-65c3d81b65fc,Jumia,great,5,2026-08-29,Google Play,Customer Review,https://play.google.com/store/apps/details?id=com.jumia.android&hl=en&gl=ng
cea1474d-4a82-4d4f-a2e1-fb26240a71d3,Jumia,good,1,2026-08-29,Google Play,Customer Review,https://play.google.com/store/apps/details?id=com.jumia.android&hl=en&gl=ng
1ef443d6-a299-49dd-a7f0-ef9097da8c78,Jumia,great,5,2026-08-29,Google Play,Customer Review,https://play.google.com/store/apps/details?id=com.jumia.android&hl=en&gl=ng
5fa8063b-1fbb-454c-b165-16c8a6ba83a5,Jumia,it went well,4,2026-08-29,Google Play,Customer Review,https://play.google.com/store/apps/details?id=com.jumia.android&hl=en&gl=ng
11241b0c-a604-47f1-972d-0a24c91352cb,Jumia,tested and trusted,5,2026-08-29,Google Play,Customer Review,https://play.google.com/store/apps/details?id=com.jumia.android&hl=en&gl=ng
5111908b-9acf-45b7-8506-c7492ef1ec5c,Jumia,it tshe best on ordering,5,2026-08-29,Google Play,Customer Review,https://play.google.com/store/apps/details?id=com.jumia.android&hl=en&gl=ng
9f471e8c-3859-4078-be78-28e64e2280e8,Jumia,delivers,5,2026-08-29,Google Play,Customer Review,https://play.google.com/store/apps/details?id=com.jumia.android&hl=en&gl=ng
79e047e1-f259-4886-8736-8d66e23b4354,Jumia,Good,5,2026-08-29,Google Play,Customer Review,https://play.google.com/store/apps/details?id=com.jumia.android&hl=en&gl=ng
104b52ba-f071-4d0f-bae0-d0b18223940e,Jumia,Fast and reliable I love Jumia keep it up,5,2026-08-29,Google Play,Customer Review,https://play.google.com/store/apps/details?id=com.jumia.android&hl=en&gl=ng
7a2c6dc1-6791-4716-8ffd-ccebf69a8746,Jumia,"is the best shopping app I have ever see but when the item is big on your app,when it comes it look small",4,2026-08-29,Google Play,Customer Review,https://play.google.com/store/apps/details?id=com.jumia.android&hl=en&gl=ng
13f9d227-cf46-48d1-aa43-088f6fe46e43,Jumia,convenient and easy to use,5,2026-08-29,Google Play,Customer Review,https://play.google.com/store/apps/details?id=com.jumia.android&hl=en&gl=ng
1cfe446f-a1bc-4822-b954-01f6611eaf83,Jumia,I have been using it for long and doesn't have problem. Its so easy and nice apps Recommended to all people.,4,2026-08-29,Google Play,Customer Review,https://play.google.com/store/apps/details?id=com.jumia.android&hl=en&gl=ng
5f07173d-9b31-496d-9bd4-eada554e3675,Jumia,best shopping app ever,5,2026-08-29,Google Play,Customer Review,https://play.google.com/store/apps/details?id=com.jumia.android&hl=en&gl=ng
320e8976-1727-4b8f-81ba-570cc4c0d465,Jumia,i ordered and got exactly what I ordered,5,2026-08-29,Google Play,Customer Review,https://play.google.com/store/apps/details?id=com.jumia.android&hl=en&gl=ng
e10411d3-6c30-47e7-ba63-1ed5328e1237,Jumia,cool,5,2026-08-29,Google Play,Customer Review,https://play.google.com/store/apps/details?id=com.jumia.android&hl=en&gl=ng
853f13bc-6134-44af-89cd-40388070c7e8,Jumia,I think this app must have only high quality goods and products,3,2026-08-29,Google Play,Customer Review,https://play.google.com/store/apps/details?id=com.jumia.android&hl=en&gl=ng
aca680b2-70e3-459f-b28f-b9ac33904b30,Jumia,Good and First to load,5,2026-08-29,Google Play,Customer Review,https://play.google.com/store/apps/details?id=com.jumia.android&hl=en&gl=ng
1f037f00-4d3f-437b-97eb-a950aca2ed89,Jumia,Served me well the couple of times I have used them. Just be certain what you are getting and check the right boxes. Well-done Julia👌,3,2026-08-29,Google Play,Customer Review,https://play.google.com/store/apps/details?id=com.jumia.android&hl=en&gl=ng
1ded5991-7d58-48c2-894d-15996872a05e,Jumia,this app is so good for me,1,2026-08-29,Google Play,Customer Review,https://play.google.com/store/apps/details?id=com.jumia.android&hl=en&gl=ng
06edc1b2-0a30-47c7-ac4c-67b4d08b06b0,Jumia,good,5,2026-08-29,Google Play,Customer Review,https://play.google.com/store/apps/details?id=com.jumia.android&hl=en&gl=ng
d8233e41-5263-4121-a857-b786fc2f9fc8,Jumia,Good,4,2026-08-29,Google Play,Customer Review,https://play.google.com/store/apps/details?id=com.jumia.android&hl=en&gl=ng
3d2520c6-d8f9-48c3-ac16-652ee8b79d3b,Jumia,lovely,5,2026-08-29,Google Play,Customer Review,https://play.google.com/store/apps/details?id=com.jumia.android&hl=en&gl=ng
834d160c-91ec-4d86-94a2-c61777162b4c,Jumia,one off the best online shopping platform,4,2026-08-29,Google Play,Customer Review,https://play.google.com/store/apps/details?id=com.jumia.android&hl=en&gl=ng
d20dd367-a2dd-487d-a9c3-2757e760eb93,Jumia,"Jumia is a great app that I will recommend it to everyone but some vendors are not been real, I bought organic mayonnaise 2pcs for 10k, the vendor supplied just one pcs, at the pick up station, I was asked to apply for a return which I knew, I have no intention of returning the item. vendors can do better. Thanks",5,2026-08-29,Google Play,Customer Review,https://play.google.com/store/apps/details?id=com.jumia.android&hl=en&gl=ng
56e0792e-87ad-4cc7-9060-75b8e2edbb48,Jumia,somehow helping,5,2026-08-29,Google Play,Customer Review,https://play.google.com/store/apps/details?id=com.jumia.android&hl=en&gl=ng
c83fa3ae-0e69-4b82-91b3-e02ba162b035,Jumia,good,4,2026-08-29,Google Play,Customer Review,https://play.google.com/store/apps/details?id=com.jumia.android&hl=en&gl=ng
4fa30874-bd4e-4090-9254-aeb52ffda40f,Jumia,very nice w,5,2026-08-29,Google Play,Customer Review,https://play.google.com/store/apps/details?id=com.jumia.android&hl=en&gl=ng
fb556c53-c229-4d21-b31b-61b37ccec91c,Jumia,great,5,2026-08-29,Google Play,Customer Review,https://play.google.com/store/apps/details?id=com.jumia.android&hl=en&gl=ng
9bd754e5-54b8-4707-a41e-ba9dc0fa3a06,Jumia,"very good and realable, and quality of goods very good",4,2026-08-29,Google Play,Customer Review,https://play.google.com/store/apps/details?id=com.jumia.android&hl=en&gl=ng
64a54ebf-fff5-4e6f-a795-c6eac0431139,Jumia,lovely,5,2026-08-29,Google Play,Customer Review,https://play.google.com/store/apps/details?id=com.jumia.android&hl=en&gl=ng
14a4ef35-2174-4ae9-a93d-4819d1f6c1a7,Jumia,Great experience so far,5,2026-08-29,Google Play,Customer Review,https://play.google.com/store/apps/details?id=com.jumia.android&hl=en&gl=ng
2379e21a-1dc3-4486-9118-cd5a92e300ae,Jumia,good,5,2026-08-29,Google Play,Customer Review,https://play.google.com/store/apps/details?id=com.jumia.android&hl=en&gl=ng
546db4ef-dffa-4faa-8973-579c781c901c,Jumia,very reliable source,5,2026-08-29,Google Play,Customer Review,https://play.google.com/store/apps/details?id=com.jumia.android&hl=en&gl=ng
1777e37f-1b7c-40d7-9a2e-81de20dca6a1,Jumia,"Jumia, the best online shopping store in Nigeria only to find out that they now have a subsidiary I think, Jumia Foods 😊, that's nice.",5,2026-08-29,Google Play,Customer Review,https://play.google.com/store/apps/details?id=com.jumia.android&hl=en&gl=ng
f561e892-1460-4552-8f6b-af4f87efeca4,Jumia,Great,5,2026-08-29,Google Play,Customer Review,https://play.google.com/store/apps/details?id=com.jumia.android&hl=en&gl=ng
b4877e1f-28b0-41ad-8df0-25f8e0c45720,Jumia,jumia great,5,2026-08-29,Google Play,Customer Review,https://play.google.com/store/apps/details?id=com.jumia.android&hl=en&gl=ng
3e56cbb8-cbce-4010-9665-3c67765b4b5a,Jumia,good,5,2026-08-29,Google Play,Customer Review,https://play.google.com/store/apps/details?id=com.jumia.android&hl=en&gl=ng
ef82f2bb-4f9d-4f49-b99d-bc248c84628b,Jumia,👌,5,2026-08-29,Google Play,Customer Review,https://play.google.com/store/apps/details?id=com.jumia.android&hl=en&gl=ng
8f701df6-8525-4922-a1e6-ec12710cddd2,Jumia,its somehow incredible but fairly okay.,2,2026-08-29,Google Play,Customer Review,https://play.google.com/store/apps/details?id=com.jumia.android&hl=en&gl=ng
51d3e2b4-4509-4039-9172-94aeaef1aced,Jumia,lovely,5,2026-08-29,Google Play,Customer Review,https://play.google.com/store/apps/details?id=com.jumia.android&hl=en&gl=ng
a0ff7b87-a7c4-4b26-92f6-723a17ff0f68,Jumia,i love shopping more and more on jumia app,5,2026-08-29,Google Play,Customer Review,https://play.google.com/store/apps/details?id=com.jumia.android&hl=en&gl=ng
1a0ddd40-73ee-43a5-824c-2aa7119ed511,Jumia,Jumia Hub is doing well.,5,2026-08-29,Google Play,Customer Review,https://play.google.com/store/apps/details?id=com.jumia.android&hl=en&gl=ng
55abcaae-5862-4871-8d49-e433d684fe11,Jumia,"maybe stop dropping product discount ads in the middle of ppls shopping do that while they're at the home page not when they're actively shopping. it's annoying, apart from that wonderful app.",4,2026-08-29,Google Play,Customer Review,https://play.google.com/store/apps/details?id=com.jumia.android&hl=en&gl=ng
dd7350ba-c65c-42d6-8e83-91bbb3ecd465,Jumia,nice app,5,2026-08-29,Google Play,Customer Review,https://play.google.com/store/apps/details?id=com.jumia.android&hl=en&gl=ng
1f7b69ff-2ac4-4e21-80ad-9207e63a6550,Jumia,it's fast and relabel to use,3,2026-08-29,Google Play,Customer Review,https://play.google.com/store/apps/details?id=com.jumia.android&hl=en&gl=ng
09d526ca-a4c1-47c0-bd20-8a4f71f97ad7,Jumia,nice app,5,2026-08-29,Google Play,Customer Review,https://play.google.com/store/apps/details?id=com.jumia.android&hl=en&gl=ng
c008db71-ea36-4520-b2ac-5a5eb510c934,Jumia,very good,5,2026-08-29,Google Play,Customer Review,https://play.google.com/store/apps/details?id=com.jumia.android&hl=en&gl=ng
f4e75bf2-256c-40bd-b904-d51ec33978c3,Jumia,relatively fast when it comes to delivering of goods i love them for dat ...,5,2026-08-29,Google Play,Customer Review,https://play.google.com/store/apps/details?id=com.jumia.android&hl=en&gl=ng
5ab483ac-a532-41e3-b94c-5409ac07d3c0,Jumia,Good product. The reality aligns with the claims.,4,2026-08-29,Google Play,Customer Review,https://play.google.com/store/apps/details?id=com.jumia.android&hl=en&gl=ng
c3937190-561d-44bb-86d0-24d1fd94c87d,Jumia,the quality of items are not just as expected but they are nice,1,2026-08-29,Google Play,Customer Review,https://play.google.com/store/apps/details?id=com.jumia.android&hl=en&gl=ng
3ccb08ab-4812-45cb-bce9-8ecc8fa6ff7e,Jumia,good,5,2026-08-29,Google Play,Customer Review,https://play.google.com/store/apps/details?id=com.jumia.android&hl=en&gl=ng
046d03d4-9a07-42eb-a7c4-413facbc7b18,Jumia,a very good app for ordering products,5,2026-08-29,Google Play,Customer Review,https://play.google.com/store/apps/details?id=com.jumia.android&hl=en&gl=ng
b346c5a2-980b-425f-a518-644c04513343,Jumia,"i have not order on jumia yet, but people are testifying about the app and i love it",5,2026-08-29,Google Play,Customer Review,https://play.google.com/store/apps/details?id=com.jumia.android&hl=en&gl=ng
bfc8a6d0-b4c3-4053-bdb3-02141ee1307e,Jumia,good,5,2026-08-29,Google Play,Customer Review,https://play.google.com/store/apps/details?id=com.jumia.android&hl=en&gl=ng
fbd256df-96b6-42d9-95f5-5fbc019a6103,Jumia,excellent,5,2026-08-29,Google Play,Customer Review,https://play.google.com/store/apps/details?id=com.jumia.android&hl=en&gl=ng
4d71c405-abd6-47a9-b89e-358cf9e9556f,Jumia,it's been good so far,4,2026-08-29,Google Play,Customer Review,https://play.google.com/store/apps/details?id=com.jumia.android&hl=en&gl=ng
b7fbc6b2-1fa7-4990-a774-7c4e31421aca,Jumia,very good,5,2026-08-29,Google Play,Customer Review,https://play.google.com/store/apps/details?id=com.jumia.android&hl=en&gl=ng
d522376d-96cf-4321-a765-8dc78d843a2c,Jumia,the new update is now super good,4,2026-08-29,Google Play,Customer Review,https://play.google.com/store/apps/details?id=com.jumia.android&hl=en&gl=ng
f9aaede0-e731-4d5d-ba3d-2592c4ccfa34,Jumia,jumia is better,5,2026-08-29,Google Play,Customer Review,https://play.google.com/store/apps/details?id=com.jumia.android&hl=en&gl=ng
52b317cb-d4f1-48b6-b84d-0a00f7aa6509,Jumia,Very good 👍,5,2026-08-29,Google Play,Customer Review,https://play.google.com/store/apps/details?id=com.jumia.android&hl=en&gl=ng
2fb01165-6068-46e5-949b-dd3746ad3c94,Jumia,best app,5,2026-08-29,Google Play,Customer Review,https://play.google.com/store/apps/details?id=com.jumia.android&hl=en&gl=ng
46b1d2fc-dac1-401e-a30a-8b43a80dcf3d,Jumia,very easy to collect your order,1,2026-08-29,Google Play,Customer Review,https://play.google.com/store/apps/details?id=com.jumia.android&hl=en&gl=ng
ecf02c71-3344-4cd5-917b-b8e0e8a0ce0a,Jumia,very fast,5,2026-08-29,Google Play,Customer Review,https://play.google.com/store/apps/details?id=com.jumia.android&hl=en&gl=ng
515247c7-5209-4be3-a6b7-cb0dc1cecbbe,Jumia,on point,2,2026-08-29,Google Play,Customer Review,https://play.google.com/store/apps/details?id=com.jumia.android&hl=en&gl=ng
52ba2e89-e2fe-46a6-a2de-ed97f9a83e37,Jumia,"fast,safe and reliable",5,2026-08-29,Google Play,Customer Review,https://play.google.com/store/apps/details?id=com.jumia.android&hl=en&gl=ng
9c95b818-efcb-4233-9b66-021b489503e1,Jumia,easy buy,4,2026-08-29,Google Play,Customer Review,https://play.google.com/store/apps/details?id=com.jumia.android&hl=en&gl=ng
2aea11d7-097b-41ac-ad53-98ddfedffd40,Jumia,very good n reliable,5,2026-08-29,Google Play,Customer Review,https://play.google.com/store/apps/details?id=com.jumia.android&hl=en&gl=ng
495ab97f-65d8-43bd-9d32-4010f9f29c4b,Jumia,Great,3,2026-08-29,Google Play,Customer Review,https://play.google.com/store/apps/details?id=com.jumia.android&hl=en&gl=ng
5cd33b17-a978-4fd6-8c8f-44b1d79f9c7b,Jumia,the best online business store so far.keep it up.very honest in your dealings with customer.,5,2026-08-29,Google Play,Customer Review,https://play.google.com/store/apps/details?id=com.jumia.android&hl=en&gl=ng
855c311a-b2de-4e58-9cb5-98b9928fe51c,Jumia,"Jumia is a great app—easy to use, convenient, and with lots of products to choose from. I’m satisfied with my experience! 👍👍👍",5,2026-08-29,Google Play,Customer Review,https://play.google.com/store/apps/details?id=com.jumia.android&hl=en&gl=ng
1d912e64-551b-4a16-b027-f74e6a6ed0d2,Jumia,"What you ordered is what you see! past refund, if return item.",5,2026-08-29,Google Play,Customer Review,https://play.google.com/store/apps/details?id=com.jumia.android&hl=en&gl=ng
1e0b7658-48a0-4743-9844-f62d3914bd35,Jumia,Very easy,2,2026-08-29,Google Play,Customer Review,https://play.google.com/store/apps/details?id=com.jumia.android&hl=en&gl=ng
9b3a4d8f-a4e6-44a5-aac1-ecd57301769e,Jumia,this one app I love it and it's legitimate,5,2026-08-29,Google Play,Customer Review,https://play.google.com/store/apps/details?id=com.jumia.android&hl=en&gl=ng
8a0c35d7-2ca6-48e3-ad3f-f3ab138d554d,Jumia,good,1,2026-08-29,Google Play,Customer Review,https://play.google.com/store/apps/details?id=com.jumia.android&hl=en&gl=ng
873c6f74-6b96-458d-a958-eed983f4d702,Jumia,Nice,5,2026-08-29,Google Play,Customer Review,https://play.google.com/store/apps/details?id=com.jumia.android&hl=en&gl=ng
6df443d7-38bf-4eb1-a062-2697a3a2f843,Jumia,awesome app,5,2026-08-29,Google Play,Customer Review,https://play.google.com/store/apps/details?id=com.jumia.android&hl=en&gl=ng
36a1ed8a-b1a3-4f81-b863-96c1a6066bb1,Jumia,pretty cool with the items,4,2026-08-29,Google Play,Customer Review,https://play.google.com/store/apps/details?id=com.jumia.android&hl=en&gl=ng
a2aeb8cf-396b-4399-9136-2c51f58d51b8,Jumia,amazing 👏,5,2026-08-29,Google Play,Customer Review,https://play.google.com/store/apps/details?id=com.jumia.android&hl=en&gl=ng
266c71ec-bbe7-4e45-b306-795a57e5f9e7,Jumia,مدة التوصيل بطيئة جدا، بحيث بتجربتي تجاوزت 7 أيام، وفي الأخير وصل المنتوج محطما 😡,1,2026-08-29,Google Play,Customer Review,https://play.google.com/store/apps/details?id=com.jumia.android&hl=en&gl=ng
3003168c-9f0e-40a1-bbcc-6f3bd69b7769,Jumia,excellent,5,2026-08-29,Google Play,Customer Review,https://play.google.com/store/apps/details?id=com.jumia.android&hl=en&gl=ng
35e9fe64-7081-4dea-afd4-d7db3c9190af,Jumia,very good,5,2026-08-29,Google Play,Customer Review,https://play.google.com/store/apps/details?id=com.jumia.android&hl=en&gl=ng
84caa7f0-017f-48aa-b58a-dc2023a0058c,Jumia,"Very bad service, tried to re-route an order that came late. No customer service support. Deserves zero stars",2,2026-08-29,Google Play,Customer Review,https://play.google.com/store/apps/details?id=com.jumia.android&hl=en&gl=ng
86a527fb-c4b9-4b7f-ab5c-f3b6d74eaaf5,Jumia,smooth operation,5,2026-08-29,Google Play,Customer Review,https://play.google.com/store/apps/details?id=com.jumia.android&hl=en&gl=ng
33178f67-dfc0-4481-b51a-72a085cb357d,Jumia,good 👍 and is one of my favorites,5,2026-08-29,Google Play,Customer Review,https://play.google.com/store/apps/details?id=com.jumia.android&hl=en&gl=ng
06d8be56-6976-49a2-a047-c7b0430ae10f,Jumia,one of the best shopping app very fast and reliable and its very simple to use,4,2026-08-29,Google Play,Customer Review,https://play.google.com/store/apps/details?id=com.jumia.android&hl=en&gl=ng
6ccaa697-22ae-439c-a7b3-efbb142daf0b,Jumia,Jumia is very good,4,2026-08-29,Google Play,Customer Review,https://play.google.com/store/apps/details?id=com.jumia.android&hl=en&gl=ng
64d92047-7d68-47ac-bea1-006e1849b10d,Jumia,nice app,4,2026-08-29,Google Play,Customer Review,https://play.google.com/store/apps/details?id=com.jumia.android&hl=en&gl=ng
b0892eac-28f0-43e8-a53e-cb21982e26d1,Jumia,"Best in all online stores, my first experience with them was so excited I personally recommend it to everyone, fast delivery, reliable and trust worthy",5,2026-08-29,Google Play,Customer Review,https://play.google.com/store/apps/details?id=com.jumia.android&hl=en&gl=ng
94488128-952c-4650-9136-be9783c5bff5,Jumia,fast delivery and quality products 👌,1,2026-08-29,Google Play,Customer Review,https://play.google.com/store/apps/details?id=com.jumia.android&hl=en&gl=ng
0bb0be6f-689c-4a46-938b-f65db4e5bd4e,Jumia,the product and services at jumia is worth it.... 💯,5,2026-08-29,Google Play,Customer Review,https://play.google.com/store/apps/details?id=com.jumia.android&hl=en&gl=ng
a710f5b1-88dc-4e1d-85ba-1225670875d4,Jumia,Nice,3,2026-08-29,Google Play,Customer Review,https://play.google.com/store/apps/details?id=com.jumia.android&hl=en&gl=ng
027a76a8-8120-4fbc-998c-4bb535c08e55,Jumia,Work on your delivery date,3,2026-08-29,Google Play,Customer Review,https://play.google.com/store/apps/details?id=com.jumia.android&hl=en&gl=ng
396cf3c4-3e80-4062-a80f-68420aab05ad,Jumia,Very reliable 👏,5,2026-08-29,Google Play,Customer Review,https://play.google.com/store/apps/details?id=com.jumia.android&hl=en&gl=ng
253401c4-e746-4e56-8d9e-eb48c4f00aab,Jumia,Sellers are very punctual and reliable.,5,2026-08-29,Google Play,Customer Review,https://play.google.com/store/apps/details?id=com.jumia.android&hl=en&gl=ng
a651c41f-33b5-4660-82df-9084258f829c,Jumia,"overall, it is a good experience . The price fluctuations and customer service are one of the worst though.",3,2026-08-29,Google Play,Customer Review,https://play.google.com/store/apps/details?id=com.jumia.android&hl=en&gl=ng
b5c47162-c2a5-46ce-ae1f-a1fdcb8a6040,Jumia,jumia is fast and reliable you can place your order from them,4,2026-08-29,Google Play,Customer Review,https://play.google.com/store/apps/details?id=com.jumia.android&hl=en&gl=ng
882a2dee-131a-4cf8-8f48-29699419c4c8,Jumia,good,4,2026-08-29,Google Play,Customer Review,https://play.google.com/store/apps/details?id=com.jumia.android&hl=en&gl=ng
8a954812-9121-4f8b-8553-aee2f08f6872,Jumia,nice experience,5,2026-08-29,Google Play,Customer Review,https://play.google.com/store/apps/details?id=com.jumia.android&hl=en&gl=ng
2c3e9001-c981-4997-b8c8-069503542364,Jumia,Iam beginning to lose trust in Jumia because nowadays the don't deliver the correct number of items you ordered and when you request for refund they don't refund your money back. Dear Jumia Ghana please work on your delivery fees. How can you charge ¢30 for each item the most annoying and discouraging part is you having to pay ¢90 if you want to buy ×3 of a particular product which will br delivered to you by same rider in package the same day. STOP OVER CHARGING DELIVERY FEES it's not fair,3,2026-08-29,Google Play,Customer Review,https://play.google.com/store/apps/details?id=com.jumia.android&hl=en&gl=ng
8b2cb233-8af8-4110-94cc-a20fb0479410,Jumia,good,4,2026-08-29,Google Play,Customer Review,https://play.google.com/store/apps/details?id=com.jumia.android&hl=en&gl=ng
e16a8e73-82b4-4927-a835-894651b3058e,Jumia,is one of the best💯,3,2026-08-28,Google Play,Customer Review,https://play.google.com/store/apps/details?id=com.jumia.android&hl=en&gl=ng
1a6546cd-3070-46b7-9b9b-a57376606a8e,Jumia,🥰🥰😍😍,5,2026-08-28,Google Play,Customer Review,https://play.google.com/store/apps/details?id=com.jumia.android&hl=en&gl=ng
19cd0119-8ba9-419d-8156-fb3db82ed778,Jumia,good,5,2026-08-28,Google Play,Customer Review,https://play.google.com/store/apps/details?id=com.jumia.android&hl=en&gl=ng
09d2ce59-8333-46f0-97f2-4ef0bfd269b4,Jumia,very helpful,5,2026-08-28,Google Play,Customer Review,https://play.google.com/store/apps/details?id=com.jumia.android&hl=en&gl=ng
eda0d6d4-96d5-436f-b961-1aa174b6264d,Jumia,good,5,2026-08-28,Google Play,Customer Review,https://play.google.com/store/apps/details?id=com.jumia.android&hl=en&gl=ng
465dbab6-8309-4563-bcf6-c672e38cad43,Jumia,Jumia is undoubtedly one of the best online shopping apps...,5,2026-08-28,Google Play,Customer Review,https://play.google.com/store/apps/details?id=com.jumia.android&hl=en&gl=ng
f67e27e9-66d0-4e65-92dd-139277db2000,Jumia,jumia back then quality control was top notch but now it's a mixup of things you order a phone confidently with jumia but you end up with a quack fake phone same with other electronics and clothes so check on quality otherwise the best company,4,2026-08-28,Google Play,Customer Review,https://play.google.com/store/apps/details?id=com.jumia.android&hl=en&gl=ng
4a3e92cd-bbc0-47bd-afef-16f4a1070aef,Jumia,good,1,2026-08-28,Google Play,Customer Review,https://play.google.com/store/apps/details?id=com.jumia.android&hl=en&gl=ng
fc59c77a-1670-4e42-9ea0-b145c016aedc,Jumia,the app lags. it forces me to open in a web browser.,1,2026-08-28,Google Play,Customer Review,https://play.google.com/store/apps/details?id=com.jumia.android&hl=en&gl=ng
4cd88232-e64e-4d0c-8476-6bb3136a123f,Jumia,good,5,2026-08-28,Google Play,Customer Review,https://play.google.com/store/apps/details?id=com.jumia.android&hl=en&gl=ng
5e92d11e-47ee-4954-b6af-aa57ee64c2ed,Jumia,Perfect,5,2026-08-28,Google Play,Customer Review,https://play.google.com/store/apps/details?id=com.jumia.android&hl=en&gl=ng
359a2ce6-b06e-4c6b-b683-f6ff88a2b06d,Jumia,It's most reliable online marketing app.,4,2026-08-28,Google Play,Customer Review,https://play.google.com/store/apps/details?id=com.jumia.android&hl=en&gl=ng
2fef1fa8-6428-418b-9c62-91d175d4b173,Jumia,It is very easy to make payment using electric cash.,5,2026-08-28,Google Play,Customer Review,https://play.google.com/store/apps/details?id=com.jumia.android&hl=en&gl=ng
4125c9f4-7fa8-4081-9478-8dfe5bd8b20b,Jumia,amazing,5,2026-08-28,Google Play,Customer Review,https://play.google.com/store/apps/details?id=com.jumia.android&hl=en&gl=ng
f82bc775-e412-4da6-94eb-14c208793566,Jumia,nice shopping with you 😊,5,2026-08-28,Google Play,Customer Review,https://play.google.com/store/apps/details?id=com.jumia.android&hl=en&gl=ng
54aac991-09aa-4b1c-94ae-8098b535927a,Jumia,convenient,5,2026-08-28,Google Play,Customer Review,https://play.google.com/store/apps/details?id=com.jumia.android&hl=en&gl=ng
f3bd5856-79d3-4dc2-9eaa-8965ef050ed5,Jumia,satisfactory,3,2026-08-28,Google Play,Customer Review,https://play.google.com/store/apps/details?id=com.jumia.android&hl=en&gl=ng
732bfda7-ef17-4016-b50c-b10f7847a6db,Jumia,best shopping app in Ghana,5,2026-08-28,Google Play,Customer Review,https://play.google.com/store/apps/details?id=com.jumia.android&hl=en&gl=ng
fd5da930-c6f7-47dc-ac60-af925ea71564,Jumia,one of the most convenient shopping app. I highly recommend.,5,2026-08-28,Google Play,Customer Review,https://play.google.com/store/apps/details?id=com.jumia.android&hl=en&gl=ng
81c75e7a-b7e5-4a41-9ea2-1072add94e40,Jumia,Thank you. So good,5,2026-08-28,Google Play,Customer Review,https://play.google.com/store/apps/details?id=com.jumia.android&hl=en&gl=ng
af8aea38-6954-4856-9da8-023f0ca58576,Jumia,Excellent,5,2026-08-28,Google Play,Customer Review,https://play.google.com/store/apps/details?id=com.jumia.android&hl=en&gl=ng
5ee007c8-dd7a-4e47-8268-4da23af8dbef,Jumia,it's so good,5,2026-08-28,Google Play,Customer Review,https://play.google.com/store/apps/details?id=com.jumia.android&hl=en&gl=ng
558eaa8a-32d3-469a-a55b-675477853ccf,Jumia,very good,5,2026-08-28,Google Play,Customer Review,https://play.google.com/store/apps/details?id=com.jumia.android&hl=en&gl=ng
2bc6b368-8d34-475c-8bf4-38a49f18faa8,Jumia,very impressive,5,2026-08-28,Google Play,Customer Review,https://play.google.com/store/apps/details?id=com.jumia.android&hl=en&gl=ng
78b54142-a6c5-4c00-a9c2-02b51d822a89,Jumia,I was having issues a delay in placing my order,4,2026-08-28,Google Play,Customer Review,https://play.google.com/store/apps/details?id=com.jumia.android&hl=en&gl=ng
76d1a1f3-6016-4345-9618-96fc237bda88,Jumia,keep it up 💪,5,2026-08-28,Google Play,Customer Review,https://play.google.com/store/apps/details?id=com.jumia.android&hl=en&gl=ng
6cc312fd-7f63-4e93-b58d-a17671cd2e0d,Jumia,good,4,2026-08-28,Google Play,Customer Review,https://play.google.com/store/apps/details?id=com.jumia.android&hl=en&gl=ng
f0b2f044-a83c-47c1-9a0e-b6417b27bf6d,Jumia,Very nice,5,2026-08-28,Google Play,Customer Review,https://play.google.com/store/apps/details?id=com.jumia.android&hl=en&gl=ng
d2c3a723-802d-4d94-9603-3233c210e220,Jumia,smooth,3,2026-08-28,Google Play,Customer Review,https://play.google.com/store/apps/details?id=com.jumia.android&hl=en&gl=ng
5913fc5b-267d-4f8c-9061-e5e1798cf6aa,Jumia,very reliable,5,2026-08-28,Google Play,Customer Review,https://play.google.com/store/apps/details?id=com.jumia.android&hl=en&gl=ng
614c9c8c-97fb-4942-b0a5-6a488147e4ac,Jumia,You have good items,5,2026-08-28,Google Play,Customer Review,https://play.google.com/store/apps/details?id=com.jumia.android&hl=en&gl=ng
4836d49d-0f55-4dce-bc34-0ed9b3be7c55,Jumia,"very fast and reliable,I love jumia",3,2026-08-28,Google Play,Customer Review,https://play.google.com/store/apps/details?id=com.jumia.android&hl=en&gl=ng
3947b2f1-d0eb-486a-b229-2e3cf8e47d6e,Jumia,good,2,2026-08-28,Google Play,Customer Review,https://play.google.com/store/apps/details?id=com.jumia.android&hl=en&gl=ng
da10d153-519b-4453-bb2b-db5a51549767,Jumia,Fast,5,2026-08-28,Google Play,Customer Review,https://play.google.com/store/apps/details?id=com.jumia.android&hl=en&gl=ng
d6370ef9-da8a-4a52-9086-4585affbd004,Jumia,"The Jumia app is the best overall online business app, because it delivers what you order, and also possible to return the things you receive from them if what they deliver is not what you're expecting",5,2026-08-28,Google Play,Customer Review,https://play.google.com/store/apps/details?id=com.jumia.android&hl=en&gl=ng
87514db2-ee2a-49d4-bf39-3815abcc20a1,Jumia,nice,3,2026-08-28,Google Play,Customer Review,https://play.google.com/store/apps/details?id=com.jumia.android&hl=en&gl=ng
e444c261-c86a-457d-8b6a-1273581614f9,Jumia,best option,5,2026-08-28,Google Play,Customer Review,https://play.google.com/store/apps/details?id=com.jumia.android&hl=en&gl=ng
b5f58dd0-7452-49dd-8b91-d817e85754a1,Jumia,Well...... Let's see,2,2026-08-28,Google Play,Customer Review,https://play.google.com/store/apps/details?id=com.jumia.android&hl=en&gl=ng
d5d89519-e274-40ba-b62f-bc2ef56168b9,Jumia,Been using jumia quite some time now and it's reliable...,4,2026-08-28,Google Play,Customer Review,https://play.google.com/store/apps/details?id=com.jumia.android&hl=en&gl=ng
0527d7be-c0ca-4518-9867-91fc30e53948,Jumia,good,5,2026-08-28,Google Play,Customer Review,https://play.google.com/store/apps/details?id=com.jumia.android&hl=en&gl=ng
f9879227-fae3-4114-b0e6-8498328defeb,Jumia,it's fine,5,2026-08-28,Google Play,Customer Review,https://play.google.com/store/apps/details?id=com.jumia.android&hl=en&gl=ng
c7bf20d9-78d9-4d35-bead-ba948698b14c,Jumia,good,5,2026-08-28,Google Play,Customer Review,https://play.google.com/store/apps/details?id=com.jumia.android&hl=en&gl=ng
b8a001a0-e1f9-489f-9992-12c5d5a81de1,Jumia,it is soo amazing,5,2026-08-28,Google Play,Customer Review,https://play.google.com/store/apps/details?id=com.jumia.android&hl=en&gl=ng
ca9dccd9-5b90-4346-98d5-fab2e73a1c02,Jumia,I was thinking that this is a scam so jumia online shopping is real ooo,5,2026-08-28,Google Play,Customer Review,https://play.google.com/store/apps/details?id=com.jumia.android&hl=en&gl=ng
1cd54ee5-9ad4-4279-9da0-aacfea9c5bbe,Jumia,good quality,5,2026-08-28,Google Play,Customer Review,https://play.google.com/store/apps/details?id=com.jumia.android&hl=en&gl=ng
0df953e8-b14f-46a3-8b19-8df8ff7a2a81,Jumia,brilliant customer services and honesty,5,2026-08-28,Google Play,Customer Review,https://play.google.com/store/apps/details?id=com.jumia.android&hl=en&gl=ng
d37f4996-1624-4e7b-9210-58d9d215d435,Jumia,make una dey give best,5,2026-08-28,Google Play,Customer Review,https://play.google.com/store/apps/details?id=com.jumia.android&hl=en&gl=ng
02dd2372-eff2-4f4c-abf0-e2f2bcfdf599,Jumia,excellent,5,2026-08-28,Google Play,Customer Review,https://play.google.com/store/apps/details?id=com.jumia.android&hl=en&gl=ng
db978b96-d859-43e2-a4aa-eb51af4ea752,Jumia,Goodmarket for everyone,5,2026-08-28,Google Play,Customer Review,https://play.google.com/store/apps/details?id=com.jumia.android&hl=en&gl=ng
40ca9b8c-3420-4eb0-9f29-c7101746ad60,Jumia,Great shopping app.,5,2026-08-28,Google Play,Customer Review,https://play.google.com/store/apps/details?id=com.jumia.android&hl=en&gl=ng
82359c0b-c7dd-4cef-95e6-3941222a4ae7,Jumia,jumia is the best shopping site,4,2026-08-28,Google Play,Customer Review,https://play.google.com/store/apps/details?id=com.jumia.android&hl=en&gl=ng
9797bb4f-7bc6-4111-bba8-34a13eac3bcb,Jumia,Exceeds exception,5,2026-08-28,Google Play,Customer Review,https://play.google.com/store/apps/details?id=com.jumia.android&hl=en&gl=ng
601b8bd3-00c9-412a-aa06-ae65332cf496,Jumia,card registration option should be included,2,2026-08-28,Google Play,Customer Review,https://play.google.com/store/apps/details?id=com.jumia.android&hl=en&gl=ng
fdccf72d-bd65-4f7b-9020-8953176969fc,Jumia,"jumia is affordable and trusted,no hassle and it's easy because you get exactly what you ordered, shopping with temu makes shopping easier ☺️",5,2026-08-28,Google Play,Customer Review,https://play.google.com/store/apps/details?id=com.jumia.android&hl=en&gl=ng
b82295ce-38d9-46a9-87eb-68d5dc359181,Jumia,"quick response to customers is superb,but always let the material applied for be the quality one expected by customer, thank you.",4,2026-08-28,Google Play,Customer Review,https://play.google.com/store/apps/details?id=com.jumia.android&hl=en&gl=ng
1e1f12aa-62d9-421a-b13e-64d440673d0a,Jumia,good and secured,4,2026-08-28,Google Play,Customer Review,https://play.google.com/store/apps/details?id=com.jumia.android&hl=en&gl=ng
5ae9b0a3-0fd9-4041-a110-122cbe766667,Jumia,good,1,2026-08-28,Google Play,Customer Review,https://play.google.com/store/apps/details?id=com.jumia.android&hl=en&gl=ng
2a79b70b-a2e9-42d4-91c9-9dc00a8456a0,Jumia,ur log in is the worst,2,2026-08-28,Google Play,Customer Review,https://play.google.com/store/apps/details?id=com.jumia.android&hl=en&gl=ng
c63545ee-20a2-44c0-92fd-8f976aa8d8d6,Jumia,prompt delivery and good product,4,2026-08-28,Google Play,Customer Review,https://play.google.com/store/apps/details?id=com.jumia.android&hl=en&gl=ng
f338efe3-2769-4045-8989-e38303aa59cb,Jumia,let see..,5,2026-08-28,Google Play,Customer Review,https://play.google.com/store/apps/details?id=com.jumia.android&hl=en&gl=ng
66dfef74-7a95-4432-bff3-188664650f55,Jumia,"Payment should be made on delivery , Not before delivery",2,2026-08-28,Google Play,Customer Review,https://play.google.com/store/apps/details?id=com.jumia.android&hl=en&gl=ng
8ca77c8c-97a5-4f4b-8b5f-2b3e362ed4f2,Jumia,great 😃👍👍,3,2026-08-28,Google Play,Customer Review,https://play.google.com/store/apps/details?id=com.jumia.android&hl=en&gl=ng
49aedeaf-0f76-47c3-9368-9c7de21fb316,Jumia,purchase on jumia is fine,1,2026-08-28,Google Play,Customer Review,https://play.google.com/store/apps/details?id=com.jumia.android&hl=en&gl=ng
744bb2e2-0452-4ad9-a2af-1c4bcf920e25,Jumia,seamless payment options with opay ... I like it.,4,2026-08-28,Google Play,Customer Review,https://play.google.com/store/apps/details?id=com.jumia.android&hl=en&gl=ng
50cf7f9e-c099-4a6b-8ee1-1ed8c60c46ef,Jumia,fantastic 😊,5,2026-08-28,Google Play,Customer Review,https://play.google.com/store/apps/details?id=com.jumia.android&hl=en&gl=ng
7ea4eab0-b38a-4bf1-8123-a07ac4680964,Jumia,nice,5,2026-08-28,Google Play,Customer Review,https://play.google.com/store/apps/details?id=com.jumia.android&hl=en&gl=ng
6a1aeeb2-9ca5-4752-bccb-eda3744e730f,Jumia,The best and most reliable online shopping app.,5,2026-08-28,Google Play,Customer Review,https://play.google.com/store/apps/details?id=com.jumia.android&hl=en&gl=ng
33ef309d-f038-48a3-bfbd-530e652a9bbe,Jumia,still checking,5,2026-08-28,Google Play,Customer Review,https://play.google.com/store/apps/details?id=com.jumia.android&hl=en&gl=ng
60d634ac-f7bd-49a4-942e-e4680017d9d7,Jumia,trusted plug,5,2026-08-28,Google Play,Customer Review,https://play.google.com/store/apps/details?id=com.jumia.android&hl=en&gl=ng
4db95f02-dc3d-4c2a-957f-3aa2aa4a004e,Jumia,very nice and esquisite,5,2026-08-28,Google Play,Customer Review,https://play.google.com/store/apps/details?id=com.jumia.android&hl=en&gl=ng
cbf08369-76ab-44bb-95ac-9642a52f1645,Jumia,Good 👍,5,2026-08-28,Google Play,Customer Review,https://play.google.com/store/apps/details?id=com.jumia.android&hl=en&gl=ng
c4e88ed5-08ed-4e30-b481-deb8747f58ea,Jumia,first time buying from Jumia.looking forward to receive my goods and also doing more business with them.,5,2026-08-28,Google Play,Customer Review,https://play.google.com/store/apps/details?id=com.jumia.android&hl=en&gl=ng
1962b17c-b4a1-4c08-ae4d-7bc7a8f5ff21,Jumia,good app,4,2026-08-28,Google Play,Customer Review,https://play.google.com/store/apps/details?id=com.jumia.android&hl=en&gl=ng
d43aa589-07bf-4e4a-ac47-b73741d7c488,Jumia,so teens can't order,2,2026-08-27,Google Play,Customer Review,https://play.google.com/store/apps/details?id=com.jumia.android&hl=en&gl=ng
e0922ca4-1048-465f-8818-4308bee2e687,Jumia,online shopping you can trust.,5,2026-08-27,Google Play,Customer Review,https://play.google.com/store/apps/details?id=com.jumia.android&hl=en&gl=ng
acb93e65-7a47-4b88-a487-48b5bff0c32f,Jumia,Excellent,5,2026-08-27,Google Play,Customer Review,https://play.google.com/store/apps/details?id=com.jumia.android&hl=en&gl=ng
d97c726d-8ee8-4b9e-96d7-bdd75c21a218,Jumia,Exceptional service,5,2026-08-27,Google Play,Customer Review,https://play.google.com/store/apps/details?id=com.jumia.android&hl=en&gl=ng
89171c4c-d40d-4df1-acbf-ef33cbd0e025,Jumia,The best shopping app 👌,5,2026-08-27,Google Play,Customer Review,https://play.google.com/store/apps/details?id=com.jumia.android&hl=en&gl=ng
056bbfa6-871b-4e35-9bfe-51fb69baecf5,Jumia,awesome,5,2026-08-27,Google Play,Customer Review,https://play.google.com/store/apps/details?id=com.jumia.android&hl=en&gl=ng
eebef9d5-0d80-4da2-acc4-b78243022048,Jumia,the best,5,2026-08-27,Google Play,Customer Review,https://play.google.com/store/apps/details?id=com.jumia.android&hl=en&gl=ng
cb292246-ca35-4ef8-a446-381fe10fa429,Jumia,love ❤️,4,2026-08-27,Google Play,Customer Review,https://play.google.com/store/apps/details?id=com.jumia.android&hl=en&gl=ng
484cec2d-510a-4c1c-991b-7ecb2da22999,Jumia,good 👍,5,2026-08-27,Google Play,Customer Review,https://play.google.com/store/apps/details?id=com.jumia.android&hl=en&gl=ng
f4852064-ecca-4e2e-98f0-7844cebeb6b7,Jumia,it's good 👍,5,2026-08-27,Google Play,Customer Review,https://play.google.com/store/apps/details?id=com.jumia.android&hl=en&gl=ng
a5d54629-4fd2-4ca2-9db2-a958012eba9a,Jumia,Very good,5,2026-08-27,Google Play,Customer Review,https://play.google.com/store/apps/details?id=com.jumia.android&hl=en&gl=ng
25122e4b-ecb5-4476-a368-29aad83d0469,Jumia,simple,3,2026-08-27,Google Play,Customer Review,https://play.google.com/store/apps/details?id=com.jumia.android&hl=en&gl=ng
da04907c-0b5b-40c2-beda-8273bbf92e75,Jumia,trusted app,5,2026-08-27,Google Play,Customer Review,https://play.google.com/store/apps/details?id=com.jumia.android&hl=en&gl=ng
6b0498bf-1a9f-402a-bd2e-94b176f3c989,Jumia,guys I never see a trustful online shop like jumia am happy to in jumia ... jumia I wish you the best,5,2026-08-27,Google Play,Customer Review,https://play.google.com/store/apps/details?id=com.jumia.android&hl=en&gl=ng
4f2fa19f-3fec-471b-a3ce-e1968e98ee60,Jumia,Fine work with making the pickup station vast 🥳🥳,5,2026-08-27,Google Play,Customer Review,https://play.google.com/store/apps/details?id=com.jumia.android&hl=en&gl=ng
9baa9a0c-183a-4a8d-bc58-c9c3f7b83d17,Jumia,Satisfactory,4,2026-08-27,Google Play,Customer Review,https://play.google.com/store/apps/details?id=com.jumia.android&hl=en&gl=ng
035b901a-9699-45bc-b12a-375260f68af0,Jumia,I really love buying things from jumia because dey are really good 👍,5,2026-08-27,Google Play,Customer Review,https://play.google.com/store/apps/details?id=com.jumia.android&hl=en&gl=ng
1765770b-7a24-4452-aa86-9f8f23d6baf6,Jumia,good,4,2026-08-27,Google Play,Customer Review,https://play.google.com/store/apps/details?id=com.jumia.android&hl=en&gl=ng
bcbb1738-2d81-49f9-9192-41c4145ee2c6,Jumia,exceptional,5,2026-08-27,Google Play,Customer Review,https://play.google.com/store/apps/details?id=com.jumia.android&hl=en&gl=ng
a42c5ce5-03c0-4c72-b34e-41f772461836,Jumia,trustworthy,5,2026-08-27,Google Play,Customer Review,https://play.google.com/store/apps/details?id=com.jumia.android&hl=en&gl=ng
746ffc88-d71c-4551-a74a-e831a42ba211,Jumia,It's good affordable and quality 👌,5,2026-08-27,Google Play,Customer Review,https://play.google.com/store/apps/details?id=com.jumia.android&hl=en&gl=ng
6585bb22-bdae-4ac3-ae1d-84bcd6db078d,Jumia,simple,5,2026-08-27,Google Play,Customer Review,https://play.google.com/store/apps/details?id=com.jumia.android&hl=en&gl=ng
d2729c5b-b8d3-48cb-a217-59595f7db7bf,Jumia,Very good app,5,2026-08-27,Google Play,Customer Review,https://play.google.com/store/apps/details?id=com.jumia.android&hl=en&gl=ng
ec765cdc-d526-4653-bd3c-5aab2c35a5fa,Jumia,jumia is the best,5,2026-08-27,Google Play,Customer Review,https://play.google.com/store/apps/details?id=com.jumia.android&hl=en&gl=ng
ef6197b1-b2a1-4918-b55d-4f5576f10e60,Jumia,great app,4,2026-08-27,Google Play,Customer Review,https://play.google.com/store/apps/details?id=com.jumia.android&hl=en&gl=ng
145d4439-bd50-4205-aa6d-3bf9c337aee0,Jumia,A wonderful app,5,2026-08-27,Google Play,Customer Review,https://play.google.com/store/apps/details?id=com.jumia.android&hl=en&gl=ng
4878dd93-7bec-4be4-9556-5763b607e770,Jumia,Happy shopping on jumia,3,2026-08-27,Google Play,Customer Review,https://play.google.com/store/apps/details?id=com.jumia.android&hl=en&gl=ng
b794c3b0-33b7-4b31-9b6f-326e251433d0,Jumia,interesting,5,2026-08-27,Google Play,Customer Review,https://play.google.com/store/apps/details?id=com.jumia.android&hl=en&gl=ng
81e540ad-e7a9-4cff-8a7a-461f60471e83,Jumia,thanks for saving our time online shopping. but delivery costs if ordered for more than 1 product should be charged once not the number of products ordered. @prince Wesely Ugandan,2,2026-08-27,Google Play,Customer Review,https://play.google.com/store/apps/details?id=com.jumia.android&hl=en&gl=ng
184a43f8-d5d0-4475-843c-05480e399936,Jumia,perfect,5,2026-08-27,Google Play,Customer Review,https://play.google.com/store/apps/details?id=com.jumia.android&hl=en&gl=ng
e8333a47-7d82-4b21-a3a8-e13a0c8d2bcb,Jumia,excellent,5,2026-08-27,Google Play,Customer Review,https://play.google.com/store/apps/details?id=com.jumia.android&hl=en&gl=ng
48678ca5-618b-4377-a9f4-6a69d70dbad1,Jumia,very good 😊 application and they respond well,4,2026-08-27,Google Play,Customer Review,https://play.google.com/store/apps/details?id=com.jumia.android&hl=en&gl=ng
65edb03b-24ad-4349-b8b0-33aaa0faf8e4,Jumia,you don't allow me to do pay on delivery again,1,2026-08-27,Google Play,Customer Review,https://play.google.com/store/apps/details?id=com.jumia.android&hl=en&gl=ng
65c4981a-63ec-4c05-8246-2bd9d93d1a44,Jumia,Jumia Is online valid online app for Making you orders,2,2026-08-27,Google Play,Customer Review,https://play.google.com/store/apps/details?id=com.jumia.android&hl=en&gl=ng
7635c9f0-cd44-45df-8fed-190bef86c416,Jumia,very nice and good,4,2026-08-27,Google Play,Customer Review,https://play.google.com/store/apps/details?id=com.jumia.android&hl=en&gl=ng
1f9c5973-6d60-4e14-a229-b9029a452428,Jumia,very good 😊👍 l love 💖 it thank you good luck to jumia app,5,2026-08-27,Google Play,Customer Review,https://play.google.com/store/apps/details?id=com.jumia.android&hl=en&gl=ng
99625e8a-d599-4b0e-9100-0fb430ec3e7c,Jumia,Nice shopping App,4,2026-08-27,Google Play,Customer Review,https://play.google.com/store/apps/details?id=com.jumia.android&hl=en&gl=ng
77533a38-7cfe-48f1-9547-3417f5b66482,Jumia,nice app,5,2026-08-27,Google Play,Customer Review,https://play.google.com/store/apps/details?id=com.jumia.android&hl=en&gl=ng
b67cc76c-da64-4706-9f7d-406984b1c542,Jumia,cool,5,2026-08-27,Google Play,Customer Review,https://play.google.com/store/apps/details?id=com.jumia.android&hl=en&gl=ng
6771b9fa-acf7-4898-8afe-b918f05fed89,Jumia,They are fast and reliable,5,2026-08-27,Google Play,Customer Review,https://play.google.com/store/apps/details?id=com.jumia.android&hl=en&gl=ng
b3a3cdf2-e085-4b98-860f-850ffe7c4bfb,Jumia,So fast and reliable,5,2026-08-27,Google Play,Customer Review,https://play.google.com/store/apps/details?id=com.jumia.android&hl=en&gl=ng
41dc12f7-53e4-4e6e-be76-d5a3ea81bd57,Jumia,Satisfied,3,2026-08-27,Google Play,Customer Review,https://play.google.com/store/apps/details?id=com.jumia.android&hl=en&gl=ng
d1231d4c-7165-482e-9331-fe7f1234965c,Jumia,"authentic place for shopping, one of the sweetest thing is they refund of monies when order is out of stock after ordering, and it's instant not less than five minutes",5,2026-08-27,Google Play,Customer Review,https://play.google.com/store/apps/details?id=com.jumia.android&hl=en&gl=ng
396d3e8b-97ae-4ff1-b27f-ee0e057c23ca,Jumia,it's for real good and enjoyable but luck of original accessories 😊 so I give 4 out of 5,4,2026-08-27,Google Play,Customer Review,https://play.google.com/store/apps/details?id=com.jumia.android&hl=en&gl=ng
1b79d7a4-a02c-4e2c-8751-1d71d6d5e30b,Jumia,"I think everything is cool, the only problem I have Jumia is the packaging 📦. At least they should have a customised polythene or bag",4,2026-08-27,Google Play,Customer Review,https://play.google.com/store/apps/details?id=com.jumia.android&hl=en&gl=ng
1136efde-aadd-438a-a67b-41505bccdeea,Jumia,"Useless app, fake products, no credibility or integrity from customer service, useless customer service horrible experience overall.",1,2026-08-27,Google Play,Customer Review,https://play.google.com/store/apps/details?id=com.jumia.android&hl=en&gl=ng
58e84685-8a9d-4a26-96a4-9804b3559eb5,Jumia,good,5,2026-08-27,Google Play,Customer Review,https://play.google.com/store/apps/details?id=com.jumia.android&hl=en&gl=ng
8f38ca48-b375-46d8-9574-dbb16043367e,Jumia,"It is good and quick but it doesn't have all the products I want and in the door delivery, It doesn't agree to go to my address cause it's not among the places they go to so I have to go to their pick up station which is stressful cause in all my other online shopping apps, they agree to my location and have what I want",3,2026-08-27,Google Play,Customer Review,https://play.google.com/store/apps/details?id=com.jumia.android&hl=en&gl=ng
4925aa19-d028-4ce1-bcd6-dd013967435e,Jumia,good,5,2026-08-27,Google Play,Customer Review,https://play.google.com/store/apps/details?id=com.jumia.android&hl=en&gl=ng
32457436-26a9-4cf3-8003-22391ee85f53,Jumia,"it's my first time ordering goods on jumia , their product is actually good but the delivery money is too much",3,2026-08-27,Google Play,Customer Review,https://play.google.com/store/apps/details?id=com.jumia.android&hl=en&gl=ng
1064f705-799e-48cc-99a0-3c0e73697de1,Jumia,there should be an option we can upload a picture of an item to search for,3,2026-08-27,Google Play,Customer Review,https://play.google.com/store/apps/details?id=com.jumia.android&hl=en&gl=ng
f1ae56c2-09ea-40e9-aabd-018a2c871d55,Jumia,good,5,2026-08-27,Google Play,Customer Review,https://play.google.com/store/apps/details?id=com.jumia.android&hl=en&gl=ng
f25e0493-8d93-4a5b-9a8c-e1ab1454182d,Jumia,Great app,5,2026-08-27,Google Play,Customer Review,https://play.google.com/store/apps/details?id=com.jumia.android&hl=en&gl=ng
6366d9d3-f8d7-40aa-84c5-e2c77577b6bb,Jumia,do you accept cash,5,2026-08-27,Google Play,Customer Review,https://play.google.com/store/apps/details?id=com.jumia.android&hl=en&gl=ng
1811a0ee-db96-4b70-9bf2-548585b8cd9a,Jumia,good,4,2026-08-27,Google Play,Customer Review,https://play.google.com/store/apps/details?id=com.jumia.android&hl=en&gl=ng
7afbe67c-a0bf-45fe-9fdb-0a6ba609d6e2,Jumia,Good one,4,2026-08-27,Google Play,Customer Review,https://play.google.com/store/apps/details?id=com.jumia.android&hl=en&gl=ng
d1fd36a6-faba-4fe7-96a3-a983ad9a5ad8,Jumia,good,4,2026-08-27,Google Play,Customer Review,https://play.google.com/store/apps/details?id=com.jumia.android&hl=en&gl=ng
e3404430-41ca-459d-904e-1954c85766c6,Jumia,Reliable 👌🏾,4,2026-08-27,Google Play,Customer Review,https://play.google.com/store/apps/details?id=com.jumia.android&hl=en&gl=ng
e7b92836-e6ae-4668-8f5e-0ef82ce15663,Jumia,Excellent,5,2026-08-27,Google Play,Customer Review,https://play.google.com/store/apps/details?id=com.jumia.android&hl=en&gl=ng
c302eb4c-bdec-4686-a7d5-805bd87cfb5f,Jumia,Am glad to be back! I love your services.,4,2026-08-27,Google Play,Customer Review,https://play.google.com/store/apps/details?id=com.jumia.android&hl=en&gl=ng
5c2c677c-5644-4eb5-9492-0b7037526845,Jumia,I recommend jumia,4,2026-08-27,Google Play,Customer Review,https://play.google.com/store/apps/details?id=com.jumia.android&hl=en&gl=ng
63ab9fd0-ce31-4087-9e73-7c2f5f748136,Jumia,best option,5,2026-08-27,Google Play,Customer Review,https://play.google.com/store/apps/details?id=com.jumia.android&hl=en&gl=ng
ac8d3eee-8d71-4ce0-9591-9666ca327f9d,Jumia,It Is a reliable one,5,2026-08-27,Google Play,Customer Review,https://play.google.com/store/apps/details?id=com.jumia.android&hl=en&gl=ng
ae0c1b1f-4234-419d-b211-a1b35b766fc7,Jumia,"it's good,it's better it's best considering the return policy if you aren't satisfied.",5,2026-08-27,Google Play,Customer Review,https://play.google.com/store/apps/details?id=com.jumia.android&hl=en&gl=ng
7e6e044d-884a-490e-bc10-a60b7182dc16,Jumia,very good,5,2026-08-27,Google Play,Customer Review,https://play.google.com/store/apps/details?id=com.jumia.android&hl=en&gl=ng
f9122494-3bdf-46ab-a34f-2fe9e9e1d8c7,Jumia,gives what u order,5,2026-08-27,Google Play,Customer Review,https://play.google.com/store/apps/details?id=com.jumia.android&hl=en&gl=ng
b23626d8-7c95-4f7f-8d5a-36f0ea02129f,Jumia,Convenient service delivery 💥💥💥💥,5,2026-08-27,Google Play,Customer Review,https://play.google.com/store/apps/details?id=com.jumia.android&hl=en&gl=ng
a9789015-099a-42e8-a2c6-1d7d5267d8e1,Jumia,Good price but have given me a 🎁,5,2026-08-27,Google Play,Customer Review,https://play.google.com/store/apps/details?id=com.jumia.android&hl=en&gl=ng
b01b2105-9f42-41fd-bb1f-bda4d817c75d,Jumia,"it's a top notch sales app , highly recommended ✨",4,2026-08-27,Google Play,Customer Review,https://play.google.com/store/apps/details?id=com.jumia.android&hl=en&gl=ng
7bc63a05-70c6-4cdd-a415-2bf85fbbffff,Jumia,shopping feels like home,4,2026-08-27,Google Play,Customer Review,https://play.google.com/store/apps/details?id=com.jumia.android&hl=en&gl=ng
8e91b805-67d5-4d4a-8f7b-d1f0e31824b0,Jumia,Great job being done,5,2026-08-27,Google Play,Customer Review,https://play.google.com/store/apps/details?id=com.jumia.android&hl=en&gl=ng
286fcbe5-ad28-4329-b447-9286311885fa,Jumia,"it's my first time, I'll come back with a testimony",2,2026-08-27,Google Play,Customer Review,https://play.google.com/store/apps/details?id=com.jumia.android&hl=en&gl=ng
f40c0af1-f26e-4a01-8564-45021f412f46,Jumia,reliable service,5,2026-08-27,Google Play,Customer Review,https://play.google.com/store/apps/details?id=com.jumia.android&hl=en&gl=ng
0e0f0723-951a-477a-bf9d-5c13261088f7,Jumia,refund payment is nice,5,2026-08-27,Google Play,Customer Review,https://play.google.com/store/apps/details?id=com.jumia.android&hl=en&gl=ng
94f622bb-aac9-4be6-926a-5c244e2e154a,Jumia,Good,5,2026-08-27,Google Play,Customer Review,https://play.google.com/store/apps/details?id=com.jumia.android&hl=en&gl=ng
63eca96e-020a-47c5-a269-08cf21458ad1,Jumia,perfect,5,2026-08-27,Google Play,Customer Review,https://play.google.com/store/apps/details?id=com.jumia.android&hl=en&gl=ng
9c428e07-131b-48fd-b0b1-c709d0ca3fb8,Jumia,Good,5,2026-08-27,Google Play,Customer Review,https://play.google.com/store/apps/details?id=com.jumia.android&hl=en&gl=ng
91640b22-4c01-4474-90f9-44d8fb6abc0f,Jumia,good,2,2026-08-27,Google Play,Customer Review,https://play.google.com/store/apps/details?id=com.jumia.android&hl=en&gl=ng
97848e93-3480-4a1b-a954-3699ba672e60,Jumia,"From my experience so far, Jumia is fair enough.",4,2026-08-27,Google Play,Customer Review,https://play.google.com/store/apps/details?id=com.jumia.android&hl=en&gl=ng
a2f94828-48b5-44a4-bb31-a0077cb2e094,Jumia,jumia is number 1 in good ordering services,4,2026-08-27,Google Play,Customer Review,https://play.google.com/store/apps/details?id=com.jumia.android&hl=en&gl=ng
86cbbdb0-60af-4268-a483-6e388fbf894e,Jumia,"Really love this app, and the fact that I can get products delivered almost anywhere in Kenya",5,2026-08-27,Google Play,Customer Review,https://play.google.com/store/apps/details?id=com.jumia.android&hl=en&gl=ng
410405a7-dede-4e93-822e-3d43273a9197,Jumia,👏,5,2026-08-27,Google Play,Customer Review,https://play.google.com/store/apps/details?id=com.jumia.android&hl=en&gl=ng
43bb0a75-b016-42ee-becf-388674a426f7,Jumia,Incredible!!!,5,2026-08-27,Google Play,Customer Review,https://play.google.com/store/apps/details?id=com.jumia.android&hl=en&gl=ng
8d32c55a-5eab-44ec-b09f-05a680b2931c,Jumia,not bad,4,2026-08-27,Google Play,Customer Review,https://play.google.com/store/apps/details?id=com.jumia.android&hl=en&gl=ng
fdac28d3-c8a6-4451-80a2-978391e754da,Jumia,Good and reliable app,5,2026-08-27,Google Play,Customer Review,https://play.google.com/store/apps/details?id=com.jumia.android&hl=en&gl=ng
e686f7c8-053e-44b7-881f-fc01620bf95e,Jumia,it's very reliable,5,2026-08-27,Google Play,Customer Review,https://play.google.com/store/apps/details?id=com.jumia.android&hl=en&gl=ng
af6d177a-61e3-4408-9de0-a2620daf991f,Jumia,you guy stuff takes too long to deliver 🙄,3,2026-08-27,Google Play,Customer Review,https://play.google.com/store/apps/details?id=com.jumia.android&hl=en&gl=ng
83617028-761b-476b-87ca-7046b44ea166,Jumia,"I've been using jumia for a long time, Never had any disappointment, except delay delivery few times",5,2026-08-27,Google Play,Customer Review,https://play.google.com/store/apps/details?id=com.jumia.android&hl=en&gl=ng
12302a31-2184-4e94-8630-6cebe7f6e160,Jumia,nice 👍,5,2026-08-26,Google Play,Customer Review,https://play.google.com/store/apps/details?id=com.jumia.android&hl=en&gl=ng
eeaa3731-31dc-447b-93a3-b291816d6b8e,Jumia,"I paid ₦3,000+ by bank transfer for my order, but Jumia cancelled the order. I have contacted customer service several times, but I have not received my money or a clear explanation. Please provide the refund transaction/reference number, the date the refund was processed, the amount refunded, and the destination account to which the refund was sent. If the refund has not actually been processed, please process it immediately. I can provide my transfer receipt and order details as proof of payme",1,2026-08-26,Google Play,Customer Review,https://play.google.com/store/apps/details?id=com.jumia.android&hl=en&gl=ng
1a1343b1-4d29-4966-ba85-0cdf92e0c209,Jumia,good,5,2026-08-26,Google Play,Customer Review,https://play.google.com/store/apps/details?id=com.jumia.android&hl=en&gl=ng
cfdb38cc-3689-496a-a7c8-5852f3db597f,Jumia,nice,5,2026-08-26,Google Play,Customer Review,https://play.google.com/store/apps/details?id=com.jumia.android&hl=en&gl=ng
1a2f8308-b660-40d8-82b3-6e55b4ea9000,Jumia,very nice,5,2026-08-26,Google Play,Customer Review,https://play.google.com/store/apps/details?id=com.jumia.android&hl=en&gl=ng
1e321138-707d-4ae7-a3a3-3f038fd8ff65,Jumia,shopping with Jumia is quite easy mostly on the : pay on delivery method it makes it even more interesting,4,2026-08-26,Google Play,Customer Review,https://play.google.com/store/apps/details?id=com.jumia.android&hl=en&gl=ng
6091d7b4-1ebf-442d-9741-445dbcd4dc31,Jumia,for good quality products,5,2026-08-26,Google Play,Customer Review,https://play.google.com/store/apps/details?id=com.jumia.android&hl=en&gl=ng
a5168329-da7c-4762-9e13-a5a729b2fc55,Jumia,"L’application est conviviale et très agréable à utiliser, les prix sont corrects et les méthodes de ramassage et de livraison sont fluides. J’aimerais juste qu’il y ait plus de stations de récupération.",4,2026-08-26,Google Play,Customer Review,https://play.google.com/store/apps/details?id=com.jumia.android&hl=en&gl=ng
739cbd46-28ec-46d8-8924-52c1cf813e4b,Jumia,so useful,5,2026-08-26,Google Play,Customer Review,https://play.google.com/store/apps/details?id=com.jumia.android&hl=en&gl=ng
fc7e1007-ce70-4c65-8dbd-7759fa9cdf5a,Jumia,Nice,5,2026-08-26,Google Play,Customer Review,https://play.google.com/store/apps/details?id=com.jumia.android&hl=en&gl=ng
0f7d2945-c236-418f-bda5-7b08a7e400c7,Jumia,cuu app,4,2026-08-26,Google Play,Customer Review,https://play.google.com/store/apps/details?id=com.jumia.android&hl=en&gl=ng
6004e802-0487-46d7-b89a-bf1ef9ce5712,Jumia,very Good 👍,5,2026-08-26,Google Play,Customer Review,https://play.google.com/store/apps/details?id=com.jumia.android&hl=en&gl=ng
84773bfa-59ad-4a94-8c61-3f4b94b01c6b,Jumia,not giving all cos haven't gotten my product,4,2026-08-26,Google Play,Customer Review,https://play.google.com/store/apps/details?id=com.jumia.android&hl=en&gl=ng
f51f85c8-a31b-4fc6-89a8-fc1075f8732b,Jumia,"Best 👌 for all people , but ...",5,2026-08-26,Google Play,Customer Review,https://play.google.com/store/apps/details?id=com.jumia.android&hl=en&gl=ng
c9ebb9b8-b207-4e28-9fec-e74027f1e71c,Jumia,good experience,5,2026-08-26,Google Play,Customer Review,https://play.google.com/store/apps/details?id=com.jumia.android&hl=en&gl=ng
aa5d267d-89c7-4182-b948-a213ed3c8915,Jumia,just good,3,2026-08-26,Google Play,Customer Review,https://play.google.com/store/apps/details?id=com.jumia.android&hl=en&gl=ng
ad924ab3-740e-4600-8654-3c75feb356ae,Jumia,Good,5,2026-08-26,Google Play,Customer Review,https://play.google.com/store/apps/details?id=com.jumia.android&hl=en&gl=ng
4d53313c-f1ba-4fe1-ad11-c0cbf9688e8e,Jumia,Very good,5,2026-08-26,Google Play,Customer Review,https://play.google.com/store/apps/details?id=com.jumia.android&hl=en&gl=ng
e62ade1a-e0cc-4722-8bd5-d1a26eb116f7,Jumia,this app is good. I can easily buy whatever I want online without any worry.,5,2026-08-26,Google Play,Customer Review,https://play.google.com/store/apps/details?id=com.jumia.android&hl=en&gl=ng
8ed06bd5-ad02-4be6-852b-ae9dd63482a4,Jumia,perfect,3,2026-08-26,Google Play,Customer Review,https://play.google.com/store/apps/details?id=com.jumia.android&hl=en&gl=ng
624d4c85-d202-42e6-aa1e-766cc6d3b98f,Jumia,the best online App,5,2026-08-26,Google Play,Customer Review,https://play.google.com/store/apps/details?id=com.jumia.android&hl=en&gl=ng
38372b3a-e73e-424b-beb7-9c1bd6dedbbf,Jumia,easy and fast,4,2026-08-26,Google Play,Customer Review,https://play.google.com/store/apps/details?id=com.jumia.android&hl=en&gl=ng
0dda8f8c-a89a-419d-9821-815ae0423a07,Jumia,good app,5,2026-08-26,Google Play,Customer Review,https://play.google.com/store/apps/details?id=com.jumia.android&hl=en&gl=ng
457ed385-1217-4e91-bc73-824648670207,Jumia,I love jumia,5,2026-08-26,Google Play,Customer Review,https://play.google.com/store/apps/details?id=com.jumia.android&hl=en&gl=ng
420a7536-5472-4335-88b1-cd659e88546c,Jumia,good 👍😊,3,2026-08-26,Google Play,Customer Review,https://play.google.com/store/apps/details?id=com.jumia.android&hl=en&gl=ng
36440981-b70d-4d3a-992c-21e86ea86733,Jumia,fair,3,2026-08-26,Google Play,Customer Review,https://play.google.com/store/apps/details?id=com.jumia.android&hl=en&gl=ng
a5c70465-1126-4e2b-8822-50d74b92f921,Jumia,Owesome,5,2026-08-26,Google Play,Customer Review,https://play.google.com/store/apps/details?id=com.jumia.android&hl=en&gl=ng
8f72b410-fadf-4030-b4a4-70faae0503ff,Jumia,great,3,2026-08-26,Google Play,Customer Review,https://play.google.com/store/apps/details?id=com.jumia.android&hl=en&gl=ng
2475eb27-2f5f-4534-9b77-bdcb85998c3d,Jumia,reliable,5,2026-08-26,Google Play,Customer Review,https://play.google.com/store/apps/details?id=com.jumia.android&hl=en&gl=ng
aa815527-132d-4e26-8145-2b37afa77d73,Jumia,good,3,2026-08-26,Google Play,Customer Review,https://play.google.com/store/apps/details?id=com.jumia.android&hl=en&gl=ng
c84da442-60de-4c4e-90bb-2fc36ed89b81,Jumia,good as I thought,5,2026-08-26,Google Play,Customer Review,https://play.google.com/store/apps/details?id=com.jumia.android&hl=en&gl=ng
3938c1fa-ffe5-4eac-a328-42b60407ecb8,Jumia,excellent work,5,2026-08-26,Google Play,Customer Review,https://play.google.com/store/apps/details?id=com.jumia.android&hl=en&gl=ng
09897935-cf7e-4286-b640-6335dd005092,Jumia,nice app,5,2026-08-26,Google Play,Customer Review,https://play.google.com/store/apps/details?id=com.jumia.android&hl=en&gl=ng
ddc4dc4c-afb2-47c5-98d2-13705827ef3a,Jumia,the app is amazing and all the things i ordered from it is good and lastable,5,2026-08-26,Google Play,Customer Review,https://play.google.com/store/apps/details?id=com.jumia.android&hl=en&gl=ng
a1fd19c7-7369-47b4-94db-5b20e829f9e7,Jumia,Great,5,2026-08-26,Google Play,Customer Review,https://play.google.com/store/apps/details?id=com.jumia.android&hl=en&gl=ng
1016520d-70f7-4706-a6f1-33a3c52d2548,Jumia,very good 😊,5,2026-08-26,Google Play,Customer Review,https://play.google.com/store/apps/details?id=com.jumia.android&hl=en&gl=ng
22afe7af-3f72-4860-9303-0713de0a4521,Jumia,so far the transaction went well,4,2026-08-26,Google Play,Customer Review,https://play.google.com/store/apps/details?id=com.jumia.android&hl=en&gl=ng
378659c1-8db6-4335-994c-aeee140c0554,Jumia,interesting,5,2026-08-26,Google Play,Customer Review,https://play.google.com/store/apps/details?id=com.jumia.android&hl=en&gl=ng
4f1cdbc9-2104-4fba-a444-b78016e34e15,Jumia,good,5,2026-08-26,Google Play,Customer Review,https://play.google.com/store/apps/details?id=com.jumia.android&hl=en&gl=ng
ecf183bc-5bca-4988-ac25-a1957e33a260,Jumia,is good four order,5,2026-08-26,Google Play,Customer Review,https://play.google.com/store/apps/details?id=com.jumia.android&hl=en&gl=ng
68abcf42-0479-4100-a837-6e58a7a38442,Jumia,perfect,5,2026-08-26,Google Play,Customer Review,https://play.google.com/store/apps/details?id=com.jumia.android&hl=en&gl=ng
0f6d75a2-51ff-4251-8a7a-d4a4413e9b91,Jumia,They are very fast and reliable,5,2026-08-26,Google Play,Customer Review,https://play.google.com/store/apps/details?id=com.jumia.android&hl=en&gl=ng
4ee8d9fb-e419-4f6a-af08-330d613e3735,Jumia,"it good,cheap and easy",1,2026-08-26,Google Play,Customer Review,https://play.google.com/store/apps/details?id=com.jumia.android&hl=en&gl=ng
b99f8609-df98-4816-b3c0-24a467786e82,Jumia,good,5,2026-08-26,Google Play,Customer Review,https://play.google.com/store/apps/details?id=com.jumia.android&hl=en&gl=ng
cbe88632-31ce-4e82-8138-8f12c6b417ae,Jumia,good it was stress less,4,2026-08-26,Google Play,Customer Review,https://play.google.com/store/apps/details?id=com.jumia.android&hl=en&gl=ng
e14b1987-708c-4792-bb2e-2de3e3772c4b,Jumia,very good,5,2026-08-26,Google Play,Customer Review,https://play.google.com/store/apps/details?id=com.jumia.android&hl=en&gl=ng
cf7e0ea7-2ff0-432e-a939-bc7a583690bf,Jumia,i will appretiate,5,2026-08-26,Google Play,Customer Review,https://play.google.com/store/apps/details?id=com.jumia.android&hl=en&gl=ng
da3d11d4-8179-4807-8198-864728ed710c,Jumia,The app is reasonable,5,2026-08-26,Google Play,Customer Review,https://play.google.com/store/apps/details?id=com.jumia.android&hl=en&gl=ng
5beb98f3-668d-4f84-814e-8d89cbfc4218,Jumia,slow network,1,2026-08-26,Google Play,Customer Review,https://play.google.com/store/apps/details?id=com.jumia.android&hl=en&gl=ng
3f97c902-5759-49bb-b8b9-0d6e162a404f,Jumia,I would love to give you all the 5 stars but the fare was supposed to be items but below 150cedis but now when u buy items above 150cedis it askes for a fare which was not like that before and also the delivery day they give to you to is not the time the item is delivered please find a way to fix this,3,2026-08-26,Google Play,Customer Review,https://play.google.com/store/apps/details?id=com.jumia.android&hl=en&gl=ng
dd1c13d6-a914-4473-82be-ba2be12156c3,Jumia,really love that you can pay on delivery.,5,2026-08-26,Google Play,Customer Review,https://play.google.com/store/apps/details?id=com.jumia.android&hl=en&gl=ng
204a600c-f40b-48f5-9fa5-fd678f1dfaa9,Jumia,I love the interface and everything about the app,5,2026-08-26,Google Play,Customer Review,https://play.google.com/store/apps/details?id=com.jumia.android&hl=en&gl=ng
c63bfd84-b683-43a8-b26e-6f39c01d6d19,Jumia,excellent,5,2026-08-26,Google Play,Customer Review,https://play.google.com/store/apps/details?id=com.jumia.android&hl=en&gl=ng
ac551715-97af-450d-8023-e10316daa5ab,Jumia,fast delivery and good quality products delivered I recommend it. although I'd like to request them to offer coupons once in a while,5,2026-08-26,Google Play,Customer Review,https://play.google.com/store/apps/details?id=com.jumia.android&hl=en&gl=ng
3462318c-5cfd-4cb6-b2f6-ad17e2797b1b,Jumia,nice,4,2026-08-26,Google Play,Customer Review,https://play.google.com/store/apps/details?id=com.jumia.android&hl=en&gl=ng
08e3559f-6398-420f-9bf8-29acc61e509c,Jumia,good,5,2026-08-26,Google Play,Customer Review,https://play.google.com/store/apps/details?id=com.jumia.android&hl=en&gl=ng
f6287011-0d97-45de-aab8-da5ecdf8f4bb,Jumia,Wow they are good and fast 😳,5,2026-08-26,Google Play,Customer Review,https://play.google.com/store/apps/details?id=com.jumia.android&hl=en&gl=ng
59eff640-3793-4d89-9ea5-e409c0160553,Jumia,good,5,2026-08-26,Google Play,Customer Review,https://play.google.com/store/apps/details?id=com.jumia.android&hl=en&gl=ng
b13d1523-b07f-4c34-8c2f-c68345870ad9,Jumia,"they just make life easy,I can't wait to do all my shoppings here Jumia juuuuu",5,2026-08-26,Google Play,Customer Review,https://play.google.com/store/apps/details?id=com.jumia.android&hl=en&gl=ng
568adaf5-e0e2-458a-b42e-30bfb15e6365,Jumia,"Jumia is One of the Online Shopping Sites which I recommend to everyone else who could need Shopping It's Timely, Hospitality, Easy Refund processing, Payment on Delivery, Free Fees on Payment and Delivery, Home 🏡 Delivery Free, So Loving Jumia My Home 🏡 Shopping Site Deal. I take My Time to Review, which I have Never Given to any Sites but Jumia Online Shopping Site I therefore, Recommend it to everyone on Planet Earth Thanks for Reading and Download the App Jah Nyamuhanga Elohim Bless You.",5,2026-08-26,Google Play,Customer Review,https://play.google.com/store/apps/details?id=com.jumia.android&hl=en&gl=ng
d1afb98d-913e-43c5-bea3-c7d2d2e40177,Jumia,"it can't install, it keeps saying the app isn't compatible with the CPU",1,2026-08-26,Google Play,Customer Review,https://play.google.com/store/apps/details?id=com.jumia.android&hl=en&gl=ng
30de72ac-7819-4164-a083-ffe5786dcd32,Jumia,Great Work,5,2026-08-26,Google Play,Customer Review,https://play.google.com/store/apps/details?id=com.jumia.android&hl=en&gl=ng
27737fc2-1617-46dc-be41-e92156668e6f,Jumia,the best,5,2026-08-26,Google Play,Customer Review,https://play.google.com/store/apps/details?id=com.jumia.android&hl=en&gl=ng
dc82b28a-c0b9-47d8-9373-8cf86268350a,Jumia,"app is inaccessible to someone out of Kenya,",2,2026-08-26,Google Play,Customer Review,https://play.google.com/store/apps/details?id=com.jumia.android&hl=en&gl=ng
e5db8ed7-10b4-4ae5-87c6-1ac11a03be2a,Jumia,I love jumia,5,2026-08-26,Google Play,Customer Review,https://play.google.com/store/apps/details?id=com.jumia.android&hl=en&gl=ng
7953e02d-030b-49c5-8ceb-a137917cc0dd,Jumia,The prices are good,5,2026-08-26,Google Play,Customer Review,https://play.google.com/store/apps/details?id=com.jumia.android&hl=en&gl=ng
36b6148f-328b-4e34-b6f0-e7a3922bf0d1,Jumia,I always enjoy doing business online with Jumia,5,2026-08-26,Google Play,Customer Review,https://play.google.com/store/apps/details?id=com.jumia.android&hl=en&gl=ng
1fd90dde-fca2-4ed2-8e1c-2c32b3aafd89,Jumia,"The delivery time is okay, so far I've been using Jumia for some time now and their items are legit",5,2026-08-26,Google Play,Customer Review,https://play.google.com/store/apps/details?id=com.jumia.android&hl=en&gl=ng
80fc2ac3-f3a9-4336-ad1f-b806fdc8bbf8,Jumia,like the app,5,2026-08-26,Google Play,Customer Review,https://play.google.com/store/apps/details?id=com.jumia.android&hl=en&gl=ng
bd3f6bff-fe26-4200-8696-681048491406,Jumia,good,2,2026-08-26,Google Play,Customer Review,https://play.google.com/store/apps/details?id=com.jumia.android&hl=en&gl=ng
73400bfa-9609-4a98-934a-26961877bd66,Jumia,good delivery 🚚,5,2026-08-25,Google Play,Customer Review,https://play.google.com/store/apps/details?id=com.jumia.android&hl=en&gl=ng
27b0cae0-d311-44b4-acc0-899f183579cc,Jumia,I haven't seen my order yet but I will notify you when I get it,3,2026-08-25,Google Play,Customer Review,https://play.google.com/store/apps/details?id=com.jumia.android&hl=en&gl=ng
ecab2676-f498-4d02-a0a4-e2d3fe1a2f28,Jumia,Thanks Jumia am waiting patiently for my order how excited am I now hoping to receive my order tomorrow,5,2026-08-25,Google Play,Customer Review,https://play.google.com/store/apps/details?id=com.jumia.android&hl=en&gl=ng
d18a9374-5c17-40f8-b384-5f33e5bf5bea,Jumia,easy to use but always post every products review genuinely,5,2026-08-25,Google Play,Customer Review,https://play.google.com/store/apps/details?id=com.jumia.android&hl=en&gl=ng
8be07554-6575-4ad6-9f60-b65c72962b89,Jumia,I just like everything,5,2026-08-25,Google Play,Customer Review,https://play.google.com/store/apps/details?id=com.jumia.android&hl=en&gl=ng
887c6ddb-65ce-4ff7-bee6-0315e0f08b55,Jumia,reliable,2,2026-08-25,Google Play,Customer Review,https://play.google.com/store/apps/details?id=com.jumia.android&hl=en&gl=ng
06ac86f8-4dfa-4668-9799-c11bc60aabb4,Jumia,Excellent,5,2026-08-25,Google Play,Customer Review,https://play.google.com/store/apps/details?id=com.jumia.android&hl=en&gl=ng
19e9bc97-5d06-4ca8-bbd4-6737e43c11a6,Jumia,great,5,2026-08-25,Google Play,Customer Review,https://play.google.com/store/apps/details?id=com.jumia.android&hl=en&gl=ng
120146cb-211f-4d4c-bc50-5642c31257a2,Jumia,Good,5,2026-08-25,Google Play,Customer Review,https://play.google.com/store/apps/details?id=com.jumia.android&hl=en&gl=ng
cfdd5090-38e9-4897-a065-401d9dd1d3ff,Jumia,efficient,4,2026-08-25,Google Play,Customer Review,https://play.google.com/store/apps/details?id=com.jumia.android&hl=en&gl=ng
87499f68-6a47-4d6b-9110-3d4062b8857a,Jumia,work well,5,2026-08-25,Google Play,Customer Review,https://play.google.com/store/apps/details?id=com.jumia.android&hl=en&gl=ng
94b9d27a-361c-4825-abbb-6feb069666b4,Jumia,nice,5,2026-08-25,Google Play,Customer Review,https://play.google.com/store/apps/details?id=com.jumia.android&hl=en&gl=ng
a46a8cee-2049-4ce8-831c-84894d632213,Jumia,it is trustworthy,5,2026-08-25,Google Play,Customer Review,https://play.google.com/store/apps/details?id=com.jumia.android&hl=en&gl=ng
e6447d7c-8ac0-4dd3-b329-e55c8ae278ad,Jumia,excellent,5,2026-08-25,Google Play,Customer Review,https://play.google.com/store/apps/details?id=com.jumia.android&hl=en&gl=ng
b19eaf20-20b6-4a55-9512-05d6905135d5,Jumia,fast,5,2026-08-25,Google Play,Customer Review,https://play.google.com/store/apps/details?id=com.jumia.android&hl=en&gl=ng
1b95e05a-93b5-42b1-92f3-a9bea7bc0e2f,Jumia,GREAT,5,2026-08-25,Google Play,Customer Review,https://play.google.com/store/apps/details?id=com.jumia.android&hl=en&gl=ng
e7063b30-f1c5-4d61-863f-0c721c7ec7a9,Jumia,transparency,5,2026-08-25,Google Play,Customer Review,https://play.google.com/store/apps/details?id=com.jumia.android&hl=en&gl=ng
7fa0860f-f1cc-4692-aa06-77a93ecfc204,Jumia,good 👍,5,2026-08-25,Google Play,Customer Review,https://play.google.com/store/apps/details?id=com.jumia.android&hl=en&gl=ng
0daf050b-6a4a-4039-930a-e43f41b9144d,Jumia,good,5,2026-08-25,Google Play,Customer Review,https://play.google.com/store/apps/details?id=com.jumia.android&hl=en&gl=ng
5aab1e69-4b6a-43ff-a0e7-cd3af8b97fd8,Jumia,Jumia is the best,5,2026-08-25,Google Play,Customer Review,https://play.google.com/store/apps/details?id=com.jumia.android&hl=en&gl=ng
1379b917-84bc-4afe-ae46-21ddc3b3af87,Jumia,helpful,5,2026-08-25,Google Play,Customer Review,https://play.google.com/store/apps/details?id=com.jumia.android&hl=en&gl=ng
e7e15368-181b-418c-a635-71e8a0d002f7,Jumia,great,5,2026-08-25,Google Play,Customer Review,https://play.google.com/store/apps/details?id=com.jumia.android&hl=en&gl=ng
997cd455-0057-483f-a18f-69d99abb12d4,Jumia,all good,5,2026-08-25,Google Play,Customer Review,https://play.google.com/store/apps/details?id=com.jumia.android&hl=en&gl=ng
e655547f-ebd2-4a98-86ce-1fcfe8320325,Jumia,Home Of Affordable and Quality,5,2026-08-25,Google Play,Customer Review,https://play.google.com/store/apps/details?id=com.jumia.android&hl=en&gl=ng
e8e47d24-7969-4e01-b417-dfb4e4ed5ddf,Jumia,excellent,5,2026-08-25,Google Play,Customer Review,https://play.google.com/store/apps/details?id=com.jumia.android&hl=en&gl=ng
e92aafcb-bb1d-4ea3-b8d9-9e7c95c64234,Jumia,Amazing,1,2026-08-25,Google Play,Customer Review,https://play.google.com/store/apps/details?id=com.jumia.android&hl=en&gl=ng
6375af2e-67b4-4785-933f-59e0ec4c4c31,Jumia,serving good,5,2026-08-25,Google Play,Customer Review,https://play.google.com/store/apps/details?id=com.jumia.android&hl=en&gl=ng
ac22de7b-de50-464c-a189-d448f436455c,Jumia,"this is the best shopping app because it allows you to pay on delivery and also easy to track your order, you can return your product if it doesn't meet your expectations",4,2026-08-25,Google Play,Customer Review,https://play.google.com/store/apps/details?id=com.jumia.android&hl=en&gl=ng
095bf69c-afe5-440f-8165-59c6b89740e5,Jumia,life made easier,5,2026-08-25,Google Play,Customer Review,https://play.google.com/store/apps/details?id=com.jumia.android&hl=en&gl=ng
1504e97e-a2f6-4c1c-89f2-5e873575e6a2,Jumia,good,5,2026-08-25,Google Play,Customer Review,https://play.google.com/store/apps/details?id=com.jumia.android&hl=en&gl=ng
bd8ab709-205c-439d-ac57-2a809c9ad179,Jumia,This app is good and real,5,2026-08-25,Google Play,Customer Review,https://play.google.com/store/apps/details?id=com.jumia.android&hl=en&gl=ng
0a10b137-cb98-4250-9ced-06e777456ed9,Jumia,I love it...Jumia as the best service care..kwanza ii option ya pay on deliver 👌😘,5,2026-08-25,Google Play,Customer Review,https://play.google.com/store/apps/details?id=com.jumia.android&hl=en&gl=ng
0ea7f5fb-611c-4043-9e4e-371740081b4c,Jumia,for my first time they delivered on time I will continue to use JUMBIA,5,2026-08-25,Google Play,Customer Review,https://play.google.com/store/apps/details?id=com.jumia.android&hl=en&gl=ng
77afd0f0-7cf5-4e5c-b45b-218375128786,Jumia,Jumia is real,5,2026-08-25,Google Play,Customer Review,https://play.google.com/store/apps/details?id=com.jumia.android&hl=en&gl=ng
58f5e294-5627-4764-9a64-6b955381ce1a,Jumia,"First timer, yet to rate the service",4,2026-08-25,Google Play,Customer Review,https://play.google.com/store/apps/details?id=com.jumia.android&hl=en&gl=ng
2db36162-4e4e-4468-874f-ce983326bd41,Jumia,The best business app,5,2026-08-25,Google Play,Customer Review,https://play.google.com/store/apps/details?id=com.jumia.android&hl=en&gl=ng
54fdad3e-dc4a-437f-a502-a21712b5c41f,Jumia,"jumia is something else I can't even believe first time I'm buying from them and they are putting me through this stress.... ordered 4 items , two of it doesn't fit the size of what I ordered for I tried requesting for refund on their app no way, they refunded one and the other it's voicemail.... please jumia you should do better",1,2026-08-25,Google Play,Customer Review,https://play.google.com/store/apps/details?id=com.jumia.android&hl=en&gl=ng
3bfabe5c-6b27-45d3-b408-9500fcb6fadf,Jumia,lovely,5,2026-08-25,Google Play,Customer Review,https://play.google.com/store/apps/details?id=com.jumia.android&hl=en&gl=ng
d6149975-c0e4-4e2e-b53d-7b97d13c7c4b,Jumia,"easy way,,love it",1,2026-08-25,Google Play,Customer Review,https://play.google.com/store/apps/details?id=com.jumia.android&hl=en&gl=ng
dcc8126c-121d-487f-957a-9d0c197832a7,Jumia,put gift items for someone who orders somthing above 10k,5,2026-08-25,Google Play,Customer Review,https://play.google.com/store/apps/details?id=com.jumia.android&hl=en&gl=ng
29e1bf2c-03dd-4437-aaa6-9eb759508037,Jumia,just perfect app e-commerce app,5,2026-08-25,Google Play,Customer Review,https://play.google.com/store/apps/details?id=com.jumia.android&hl=en&gl=ng
f2162afe-0b18-4283-b54f-c4ae0118a08b,Jumia,very good,4,2026-08-25,Google Play,Customer Review,https://play.google.com/store/apps/details?id=com.jumia.android&hl=en&gl=ng
d3980ec2-24f0-4827-bef5-0967d00c2f0c,Jumia,good products,5,2026-08-25,Google Play,Customer Review,https://play.google.com/store/apps/details?id=com.jumia.android&hl=en&gl=ng
af35884e-e589-4cf8-bce6-d340bd45bbfd,Jumia,good,2,2026-08-25,Google Play,Customer Review,https://play.google.com/store/apps/details?id=com.jumia.android&hl=en&gl=ng
e906918e-604f-4d7f-8040-6c94ac8d5f93,Jumia,exemptional,4,2026-08-25,Google Play,Customer Review,https://play.google.com/store/apps/details?id=com.jumia.android&hl=en&gl=ng
5c8995ba-71b9-48a0-bac6-c58a55868915,Jumia,Good,5,2026-08-25,Google Play,Customer Review,https://play.google.com/store/apps/details?id=com.jumia.android&hl=en&gl=ng
215d0d82-2106-47e0-a222-5b8c36691a21,Jumia,good,5,2026-08-25,Google Play,Customer Review,https://play.google.com/store/apps/details?id=com.jumia.android&hl=en&gl=ng
c3ae167b-6362-4512-9124-b23d70528839,Jumia,Gud work,5,2026-08-25,Google Play,Customer Review,https://play.google.com/store/apps/details?id=com.jumia.android&hl=en&gl=ng
06e43280-17ec-4096-93cf-fbcd6adf4b51,Jumia,it's good 👍,4,2026-08-25,Google Play,Customer Review,https://play.google.com/store/apps/details?id=com.jumia.android&hl=en&gl=ng
8a3d22dc-3414-4c43-9ad7-c9accfd8773d,Jumia,I love buying from you.,5,2026-08-25,Google Play,Customer Review,https://play.google.com/store/apps/details?id=com.jumia.android&hl=en&gl=ng
3063a214-0395-4aef-9b89-48968944a772,Jumia,superb,5,2026-08-25,Google Play,Customer Review,https://play.google.com/store/apps/details?id=com.jumia.android&hl=en&gl=ng
74ddab4c-c742-4e1d-88dc-f765635f21ce,Jumia,always delivering,5,2026-08-25,Google Play,Customer Review,https://play.google.com/store/apps/details?id=com.jumia.android&hl=en&gl=ng
ccc95602-43e1-4ba1-849f-226df71e6f9b,Jumia,I love this add please give me good items,5,2026-08-25,Google Play,Customer Review,https://play.google.com/store/apps/details?id=com.jumia.android&hl=en&gl=ng
99f25173-7e9b-4c4c-883b-6f73d4d87346,Jumia,it was a smooth payment,5,2026-08-25,Google Play,Customer Review,https://play.google.com/store/apps/details?id=com.jumia.android&hl=en&gl=ng
f42ec5ae-ec3f-4235-86ff-0bfe306e18a5,Jumia,"App is okay, however these jumia ads that are popping up every second am doing something constructive on the app are driving me nuts and away. Do something,",3,2026-08-25,Google Play,Customer Review,https://play.google.com/store/apps/details?id=com.jumia.android&hl=en&gl=ng
d7121ec8-69d0-4fde-8678-22d56008bcce,Jumia,some products need proper verification ( product working well or not ) before delivery to customers.,3,2026-08-25,Google Play,Customer Review,https://play.google.com/store/apps/details?id=com.jumia.android&hl=en&gl=ng
da1a630a-c2f2-4084-bf56-f785570691a5,Jumia,They are fast and reliable,3,2026-08-25,Google Play,Customer Review,https://play.google.com/store/apps/details?id=com.jumia.android&hl=en&gl=ng
345cf97a-0c12-4e1f-81ed-e0c164339dd5,Jumia,@jumia this is like the second week and I still haven't seen my money tho you guys sent me I mail saying it was processed please gimme my money abeg your live chat isn't working since you guys asked for my account details and am starting to reach my limit. Maybe I should go to your pickup station and cause trouble that's when you guys will gimme attention,1,2026-08-25,Google Play,Customer Review,https://play.google.com/store/apps/details?id=com.jumia.android&hl=en&gl=ng
df212e68-e3c1-4a65-9355-916415e5236f,Jumia,good,5,2026-08-25,Google Play,Customer Review,https://play.google.com/store/apps/details?id=com.jumia.android&hl=en&gl=ng
84e2fd52-9d85-4aac-a725-4cc8c70ed0b1,Jumia,my best online shopping app,5,2026-08-25,Google Play,Customer Review,https://play.google.com/store/apps/details?id=com.jumia.android&hl=en&gl=ng
60d233ce-2d29-4a50-b616-87c5c314f7a0,Jumia,"Jumia, one of the best online stores....",4,2026-08-25,Google Play,Customer Review,https://play.google.com/store/apps/details?id=com.jumia.android&hl=en&gl=ng
e448a4af-c821-49c8-92bb-12a50c837548,Jumia,Jumia to the world👍👍👍,3,2026-08-25,Google Play,Customer Review,https://play.google.com/store/apps/details?id=com.jumia.android&hl=en&gl=ng
8ca546e2-f649-4bf5-9a83-0907c995af30,Jumia,so far so good,5,2026-08-25,Google Play,Customer Review,https://play.google.com/store/apps/details?id=com.jumia.android&hl=en&gl=ng
c75bca1e-5ae7-4772-9f79-7c3bb6ff843a,Jumia,"Recently, the app has been glitchy and does not allow me to make searches.",3,2026-08-25,Google Play,Customer Review,https://play.google.com/store/apps/details?id=com.jumia.android&hl=en&gl=ng
7e50b151-9738-4a58-8963-71f6c6928a2b,Jumia,jumia us easy to use,5,2026-08-25,Google Play,Customer Review,https://play.google.com/store/apps/details?id=com.jumia.android&hl=en&gl=ng
39dd06b6-cb9e-4bdf-a7c3-0a1c1873de50,Jumia,doesn't update new features,3,2026-08-25,Google Play,Customer Review,https://play.google.com/store/apps/details?id=com.jumia.android&hl=en&gl=ng
ef332b27-136b-4a30-a5ad-0f921b3491da,Jumia,Has been working well since I began to use it.,4,2026-08-25,Google Play,Customer Review,https://play.google.com/store/apps/details?id=com.jumia.android&hl=en&gl=ng
252adb8b-75ea-4b6b-9478-44de83af1a87,Jumia,fast app,4,2026-08-25,Google Play,Customer Review,https://play.google.com/store/apps/details?id=com.jumia.android&hl=en&gl=ng
aedef2da-9f40-4fb2-81b9-55891a5dc07c,Jumia,good 👍,5,2026-08-25,Google Play,Customer Review,https://play.google.com/store/apps/details?id=com.jumia.android&hl=en&gl=ng
2047a5c4-4512-44aa-8037-cb781ed50c23,Jumia,excellent,5,2026-08-25,Google Play,Customer Review,https://play.google.com/store/apps/details?id=com.jumia.android&hl=en&gl=ng
52095674-c64a-4135-be27-868780567a56,Jumia,👍good,3,2026-08-25,Google Play,Customer Review,https://play.google.com/store/apps/details?id=com.jumia.android&hl=en&gl=ng
49206ade-3d25-420c-b2fe-c7345415ad02,Jumia,Good,5,2026-08-25,Google Play,Customer Review,https://play.google.com/store/apps/details?id=com.jumia.android&hl=en&gl=ng
2b2c52aa-6110-4538-bccc-351ede2187c7,Jumia,"when i get my order, i will rate you guys fine",3,2026-08-24,Google Play,Customer Review,https://play.google.com/store/apps/details?id=com.jumia.android&hl=en&gl=ng
752f9c69-d18f-4666-bff7-ccb0af433d57,Jumia,"very good, but low quality products most times",5,2026-08-24,Google Play,Customer Review,https://play.google.com/store/apps/details?id=com.jumia.android&hl=en&gl=ng
34e78e02-6bd7-4b07-a908-fef0f81bb68a,Jumia,Great 👍,5,2026-08-24,Google Play,Customer Review,https://play.google.com/store/apps/details?id=com.jumia.android&hl=en&gl=ng
190876c9-f668-4e1b-bfe6-f087cca437ae,Jumia,good,5,2026-08-24,Google Play,Customer Review,https://play.google.com/store/apps/details?id=com.jumia.android&hl=en&gl=ng
be64fd64-98a9-41d5-a996-1607331e600d,Jumia,Smooth to use,5,2026-08-24,Google Play,Customer Review,https://play.google.com/store/apps/details?id=com.jumia.android&hl=en&gl=ng
fff83b01-3216-4401-a204-412256c9670f,Jumia,Fast in delivering,2,2026-08-24,Google Play,Customer Review,https://play.google.com/store/apps/details?id=com.jumia.android&hl=en&gl=ng
5500ea68-4cb2-4748-9605-98e5b14dd37e,Jumia,Jumia is the best 99%🫶🤗,5,2026-08-24,Google Play,Customer Review,https://play.google.com/store/apps/details?id=com.jumia.android&hl=en&gl=ng
17e4991b-deaf-4db6-8fed-43eca5c484b4,Jumia,the payment pattern is too stressful. long process,1,2026-08-24,Google Play,Customer Review,https://play.google.com/store/apps/details?id=com.jumia.android&hl=en&gl=ng
35e47425-836f-4611-8f4f-9d9cea50904a,Jumia,a good app,5,2026-08-24,Google Play,Customer Review,https://play.google.com/store/apps/details?id=com.jumia.android&hl=en&gl=ng
0ef861dc-c49d-4745-9612-fd26a5ae5da9,Jumia,they're good,3,2026-08-24,Google Play,Customer Review,https://play.google.com/store/apps/details?id=com.jumia.android&hl=en&gl=ng
ff403df1-2dec-493e-abb9-9c0df499f9c7,Jumia,جوميا مصر تجربة سيئة في إلغاء الطلب لا أصدق انه غير متاح كبرامج التسوق الاخري زر الالغاء الطلب و يجب لفة طويلة و محادثة لخدمة العملاء حتي يتم الغاء الطلب شئ عقيم و متأخر جدا في عصر التكنولوجيا و الذكاء الاصطناعي ... ضيفوا زر إلغاء الاوردر (الطلب),1,2026-08-24,Google Play,Customer Review,https://play.google.com/store/apps/details?id=com.jumia.android&hl=en&gl=ng
0eee4858-b18d-4458-b077-34e8a9b52b59,Jumia,so far Julmia is the best,4,2026-08-24,Google Play,Customer Review,https://play.google.com/store/apps/details?id=com.jumia.android&hl=en&gl=ng
1fbe4fef-e145-4d74-9633-20913ac2eb6d,Jumia,really nice,4,2026-08-24,Google Play,Customer Review,https://play.google.com/store/apps/details?id=com.jumia.android&hl=en&gl=ng
9fe649b8-9809-4540-b3b6-254ac44cf142,Jumia,fast in delivery and quality product,5,2026-08-24,Google Play,Customer Review,https://play.google.com/store/apps/details?id=com.jumia.android&hl=en&gl=ng
9942be6f-6c79-4f74-b4f8-7f5a9107dfb2,Jumia,good and nice,5,2026-08-24,Google Play,Customer Review,https://play.google.com/store/apps/details?id=com.jumia.android&hl=en&gl=ng
f3ffe51f-0ec1-4ae8-9d39-41ce93643e9c,Jumia,just one word review (ZERO STRESS) thanks for all you do 🫶🫶🫶,5,2026-08-24,Google Play,Customer Review,https://play.google.com/store/apps/details?id=com.jumia.android&hl=en&gl=ng
7d55cb72-117d-447e-957d-0f004e81a742,Jumia,too 👍 good,5,2026-08-24,Google Play,Customer Review,https://play.google.com/store/apps/details?id=com.jumia.android&hl=en&gl=ng
6b694850-2c3a-4599-85fb-7492f1208534,Jumia,I love jumia,5,2026-08-24,Google Play,Customer Review,https://play.google.com/store/apps/details?id=com.jumia.android&hl=en&gl=ng
d50372ca-583c-4175-8b1d-5af74a2a099d,Jumia,good thing,5,2026-08-24,Google Play,Customer Review,https://play.google.com/store/apps/details?id=com.jumia.android&hl=en&gl=ng
3091b416-a16d-439e-855c-1d142aa63c06,Jumia,good and truest,5,2026-08-24,Google Play,Customer Review,https://play.google.com/store/apps/details?id=com.jumia.android&hl=en&gl=ng
af386376-f716-46cc-a866-2505f12a1c63,Jumia,You have a very quality producy,5,2026-08-24,Google Play,Customer Review,https://play.google.com/store/apps/details?id=com.jumia.android&hl=en&gl=ng
655e1963-7f6b-4cca-9fe0-a67872e9d888,Jumia,good platform,3,2026-08-24,Google Play,Customer Review,https://play.google.com/store/apps/details?id=com.jumia.android&hl=en&gl=ng
e052756f-2b46-4232-9d66-126fafb311e0,Jumia,i really like the payment on delivery 🚚.. stuff,1,2026-08-24,Google Play,Customer Review,https://play.google.com/store/apps/details?id=com.jumia.android&hl=en&gl=ng
98e352a6-3ddd-4b43-a8a5-1cdc3280de6d,Jumia,Thank u so much for good products,3,2026-08-24,Google Play,Customer Review,https://play.google.com/store/apps/details?id=com.jumia.android&hl=en&gl=ng
95649a10-b07b-41df-81aa-164b2978f083,Jumia,Good,1,2026-08-24,Google Play,Customer Review,https://play.google.com/store/apps/details?id=com.jumia.android&hl=en&gl=ng
49c20f54-e11b-4ecb-8117-832d1d5012d9,Jumia,very easy and reliable I love it here,5,2026-08-24,Google Play,Customer Review,https://play.google.com/store/apps/details?id=com.jumia.android&hl=en&gl=ng
7aac453e-b3ec-449f-a88c-51ea8f3021e0,Jumia,Great,5,2026-08-24,Google Play,Customer Review,https://play.google.com/store/apps/details?id=com.jumia.android&hl=en&gl=ng
90a5bf3f-1098-448b-9b57-9a38bf42d0b6,Jumia,fast and reliable,5,2026-08-24,Google Play,Customer Review,https://play.google.com/store/apps/details?id=com.jumia.android&hl=en&gl=ng
65f2888c-4c42-41f4-9785-13844ba1759e,Jumia,so perfect and always easy to collect items,5,2026-08-24,Google Play,Customer Review,https://play.google.com/store/apps/details?id=com.jumia.android&hl=en&gl=ng
5ee4ba42-140d-4cdf-8d46-5fb012e8119e,Jumia,very good,2,2026-08-24,Google Play,Customer Review,https://play.google.com/store/apps/details?id=com.jumia.android&hl=en&gl=ng
027ed495-b845-41e7-a11b-ea4eeb188549,Jumia,Good,3,2026-08-24,Google Play,Customer Review,https://play.google.com/store/apps/details?id=com.jumia.android&hl=en&gl=ng
8a52f91c-8fea-46dc-bcde-fd3de9e6d3cf,Jumia,good,4,2026-08-24,Google Play,Customer Review,https://play.google.com/store/apps/details?id=com.jumia.android&hl=en&gl=ng
7ad2d286-f332-419c-bfa8-e6fb025b86bb,Jumia,great,5,2026-08-24,Google Play,Customer Review,https://play.google.com/store/apps/details?id=com.jumia.android&hl=en&gl=ng
293f5181-0608-4db2-a24a-8b88a87d1a6e,Jumia,very satisfied,5,2026-08-24,Google Play,Customer Review,https://play.google.com/store/apps/details?id=com.jumia.android&hl=en&gl=ng
cadd1549-6daa-4108-8064-bfef9b495acd,Jumia,excellent services,5,2026-08-24,Google Play,Customer Review,https://play.google.com/store/apps/details?id=com.jumia.android&hl=en&gl=ng
91166efe-b96a-44f1-9847-b7a6088e4959,Jumia,nice one,5,2026-08-24,Google Play,Customer Review,https://play.google.com/store/apps/details?id=com.jumia.android&hl=en&gl=ng
e58451ba-0159-4a6d-a2aa-bf75e2f6d6cf,Jumia,"very good app , I never buy fake products from jumia",3,2026-08-24,Google Play,Customer Review,https://play.google.com/store/apps/details?id=com.jumia.android&hl=en&gl=ng
51002a7d-0872-40d8-bb74-6d059439a987,Jumia,Jumia is the best,5,2026-08-24,Google Play,Customer Review,https://play.google.com/store/apps/details?id=com.jumia.android&hl=en&gl=ng
38131f9d-dfef-44fb-b9dd-f6ba368aaab7,Jumia,best online market place,5,2026-08-24,Google Play,Customer Review,https://play.google.com/store/apps/details?id=com.jumia.android&hl=en&gl=ng
78203bc8-4aa7-4a41-b52e-c85727a11930,Jumia,wonderfully easy,5,2026-08-24,Google Play,Customer Review,https://play.google.com/store/apps/details?id=com.jumia.android&hl=en&gl=ng
83917319-f2b2-41dc-8b06-9630b8894db8,Jumia,omo it's nice placing an order with my one and only jumia love you guys 🥰🥰,5,2026-08-24,Google Play,Customer Review,https://play.google.com/store/apps/details?id=com.jumia.android&hl=en&gl=ng
abc2db8d-8645-46f4-9d37-7a0eda696365,Jumia,good,5,2026-08-24,Google Play,Customer Review,https://play.google.com/store/apps/details?id=com.jumia.android&hl=en&gl=ng
896ed3bc-7ff9-4605-9e8f-3aad8a5f2c7c,Jumia,gud,5,2026-08-24,Google Play,Customer Review,https://play.google.com/store/apps/details?id=com.jumia.android&hl=en&gl=ng
5881c93f-df44-4b92-be62-c9e31effe027,Jumia,it's simple to use,4,2026-08-24,Google Play,Customer Review,https://play.google.com/store/apps/details?id=com.jumia.android&hl=en&gl=ng
3099b384-a70b-44ea-aca4-f2e02c41880e,Jumia,good,4,2026-08-24,Google Play,Customer Review,https://play.google.com/store/apps/details?id=com.jumia.android&hl=en&gl=ng
a42c2506-13fb-4042-8ebf-1f9247f758d8,Jumia,easy to use and stress free,5,2026-08-24,Google Play,Customer Review,https://play.google.com/store/apps/details?id=com.jumia.android&hl=en&gl=ng
5bce0f14-463e-4c84-a4d8-c9b16d34c0f8,Jumia,Jumia is 💯,5,2026-08-24,Google Play,Customer Review,https://play.google.com/store/apps/details?id=com.jumia.android&hl=en&gl=ng
682d98bf-7c04-4407-b0aa-6976aedbbc9d,Jumia,This deal is interesting,5,2026-08-24,Google Play,Customer Review,https://play.google.com/store/apps/details?id=com.jumia.android&hl=en&gl=ng
031bab31-9b47-478c-ba0b-c56ef12cf66e,Jumia,good,5,2026-08-24,Google Play,Customer Review,https://play.google.com/store/apps/details?id=com.jumia.android&hl=en&gl=ng
f42103d2-6cff-4665-83b4-abb270ca267a,Jumia,working good,4,2026-08-24,Google Play,Customer Review,https://play.google.com/store/apps/details?id=com.jumia.android&hl=en&gl=ng
ce81f0a4-49d7-40f6-82ad-82c09bd5f25d,Jumia,excellent services,5,2026-08-24,Google Play,Customer Review,https://play.google.com/store/apps/details?id=com.jumia.android&hl=en&gl=ng
0a12f2b3-4eec-4f01-b63d-ccfab8fd6efa,Jumia,I love jumia,5,2026-08-24,Google Play,Customer Review,https://play.google.com/store/apps/details?id=com.jumia.android&hl=en&gl=ng
2b6f3b7f-1bf0-427b-8bd7-0cdbb3e7781b,Jumia,Jumia is easy to use and delivers quality products.,5,2026-08-24,Google Play,Customer Review,https://play.google.com/store/apps/details?id=com.jumia.android&hl=en&gl=ng
412b3487-407d-467a-9a8a-51b473daad19,Jumia,good,5,2026-08-24,Google Play,Customer Review,https://play.google.com/store/apps/details?id=com.jumia.android&hl=en&gl=ng
ea1555c1-c99d-4011-8165-c335e2beadde,Jumia,Great,5,2026-08-24,Google Play,Customer Review,https://play.google.com/store/apps/details?id=com.jumia.android&hl=en&gl=ng
bbeaf57b-6db8-4bf6-96b7-57881af330b8,Jumia,excellent,5,2026-08-24,Google Play,Customer Review,https://play.google.com/store/apps/details?id=com.jumia.android&hl=en&gl=ng
10494f26-c52a-4e42-9de8-deb17c595422,Jumia,good,5,2026-08-24,Google Play,Customer Review,https://play.google.com/store/apps/details?id=com.jumia.android&hl=en&gl=ng
3c3de328-51c8-4a9d-858c-8ff964482437,Jumia,good,5,2026-08-24,Google Play,Customer Review,https://play.google.com/store/apps/details?id=com.jumia.android&hl=en&gl=ng
de96571c-3ec2-477e-8ac6-c49e05c2f33d,Jumia,best shopping platform,5,2026-08-24,Google Play,Customer Review,https://play.google.com/store/apps/details?id=com.jumia.android&hl=en&gl=ng
73b26a39-28d8-422c-97d0-c20c25c4130a,Jumia,cool,5,2026-08-24,Google Play,Customer Review,https://play.google.com/store/apps/details?id=com.jumia.android&hl=en&gl=ng
9da08a0e-04f4-4b45-9467-800ae8d333ed,Jumia,most reliable,5,2026-08-24,Google Play,Customer Review,https://play.google.com/store/apps/details?id=com.jumia.android&hl=en&gl=ng
640ef45d-d91c-4751-b102-5a066eecf1be,Jumia,best online shop in Nigeria,5,2026-08-24,Google Play,Customer Review,https://play.google.com/store/apps/details?id=com.jumia.android&hl=en&gl=ng
db0ba4b6-5fa1-4097-9ef2-f164d4c08e77,Jumia,"Everything is fine, but the rate at which clone items of some products are been sold is terrible. Improve upon them. Packaging and delivery is top notch.",5,2026-08-24,Google Play,Customer Review,https://play.google.com/store/apps/details?id=com.jumia.android&hl=en&gl=ng
d96bfc9f-d528-40e8-b684-31a762a126d9,Jumia,stress free,5,2026-08-24,Google Play,Customer Review,https://play.google.com/store/apps/details?id=com.jumia.android&hl=en&gl=ng
bc20a5b3-47f2-4e77-b547-91da55484c8a,Jumia,ur delivery fees is to much thank you,1,2026-08-24,Google Play,Customer Review,https://play.google.com/store/apps/details?id=com.jumia.android&hl=en&gl=ng
c7cdb985-d4a5-4cf8-b9b0-c6fd0ff56fa5,Jumia,was smooth and Great,4,2026-08-24,Google Play,Customer Review,https://play.google.com/store/apps/details?id=com.jumia.android&hl=en&gl=ng
3c1a470c-580e-46f8-a70a-cecf32ba5fb7,Jumia,iko poa sana,5,2026-08-24,Google Play,Customer Review,https://play.google.com/store/apps/details?id=com.jumia.android&hl=en&gl=ng
cdd22dd9-28cf-4c82-b56e-3a779ea4c7e7,Jumia,best sarvices,5,2026-08-24,Google Play,Customer Review,https://play.google.com/store/apps/details?id=com.jumia.android&hl=en&gl=ng
166316e7-38f2-4ca2-a353-1118a2c9da68,Jumia,the pay on delivery is excellent,5,2026-08-24,Google Play,Customer Review,https://play.google.com/store/apps/details?id=com.jumia.android&hl=en&gl=ng
0318e6d4-b356-4d19-b2e5-841f56c6edaf,Jumia,truly the best,5,2026-08-24,Google Play,Customer Review,https://play.google.com/store/apps/details?id=com.jumia.android&hl=en&gl=ng
a18d5cdc-a756-408f-a193-e26bf1bc55c2,Jumia,"when i recieve my order, I will give you all",3,2026-08-24,Google Play,Customer Review,https://play.google.com/store/apps/details?id=com.jumia.android&hl=en&gl=ng
aa3f63b9-31f2-40dc-ab3f-3f2b77a71490,Jumia,"I love this app, I prefer shopping online on jumia here than shopping offline. because whenever I go to market to buy something for the first time they always find a way to cheat me and whenever I come on jumia I will say that the price is more cheaper. I buy everything here on jumia except clothes",5,2026-08-24,Google Play,Customer Review,https://play.google.com/store/apps/details?id=com.jumia.android&hl=en&gl=ng
4bd5ae79-3a83-4f38-a525-488dab9140ef,Jumia,JUMIA is the best for me,3,2026-08-24,Google Play,Customer Review,https://play.google.com/store/apps/details?id=com.jumia.android&hl=en&gl=ng
b46a419f-a3b9-4c74-b2ce-a3e804385a52,Jumia,This is good,5,2026-08-24,Google Play,Customer Review,https://play.google.com/store/apps/details?id=com.jumia.android&hl=en&gl=ng
1d6b97e5-b496-44e5-8b7d-8684fae82596,Jumia,u are the best,5,2026-08-24,Google Play,Customer Review,https://play.google.com/store/apps/details?id=com.jumia.android&hl=en&gl=ng
8a58db12-44a9-48f6-ac8b-283519feecd2,Jumia,Excellent 👍🏾,4,2026-08-24,Google Play,Customer Review,https://play.google.com/store/apps/details?id=com.jumia.android&hl=en&gl=ng
ccb36f5a-1a6f-4307-b5d9-049afeee8774,Jumia,they are so fast wow,5,2026-08-24,Google Play,Customer Review,https://play.google.com/store/apps/details?id=com.jumia.android&hl=en&gl=ng
09d0ca26-5e09-4d7d-adcb-cdf68ad23c1e,Jumia,since yesterday the App is it Showing anything its not working,1,2026-08-24,Google Play,Customer Review,https://play.google.com/store/apps/details?id=com.jumia.android&hl=en&gl=ng
8b555803-8e7d-4eec-90e9-d6388aec6213,Jumia,Good and reliable,5,2026-08-23,Google Play,Customer Review,https://play.google.com/store/apps/details?id=com.jumia.android&hl=en&gl=ng
e7c77337-1817-400d-8eea-64232caac96b,Jumia,reduced the frequent the pop up ads on the full screen you can,3,2026-08-23,Google Play,Customer Review,https://play.google.com/store/apps/details?id=com.jumia.android&hl=en&gl=ng
0efeff01-d161-45de-9a58-58abe6b0ddf8,Jumia,👍,4,2026-08-23,Google Play,Customer Review,https://play.google.com/store/apps/details?id=com.jumia.android&hl=en&gl=ng
a926046f-8031-475b-8bca-e1c4dc51a6b4,Jumia,jumia is a nice and trusted app to place ur order,5,2026-08-23,Google Play,Customer Review,https://play.google.com/store/apps/details?id=com.jumia.android&hl=en&gl=ng
ed025f7f-d5f5-4d79-a864-b21ce4bf3514,Jumia,I will give you a detailed review when next I order. this order will determine it. thank you,4,2026-08-23,Google Play,Customer Review,https://play.google.com/store/apps/details?id=com.jumia.android&hl=en&gl=ng
b4b7fe5f-1a52-4567-a6cc-e00a60383771,Jumia,it has been good for me so it's good for you and I want a Pink iphone 15 but it's only black,5,2026-08-23,Google Play,Customer Review,https://play.google.com/store/apps/details?id=com.jumia.android&hl=en&gl=ng
0d8d4f4f-d966-428a-9d23-764cb0065fff,Jumia,"I love your service, keep it up",4,2026-08-23,Google Play,Customer Review,https://play.google.com/store/apps/details?id=com.jumia.android&hl=en&gl=ng
70c82865-680d-4ea3-8280-509c4c3bd30b,Jumia,jumia dose not refund money to me when order is canceled.,2,2026-08-23,Google Play,Customer Review,https://play.google.com/store/apps/details?id=com.jumia.android&hl=en&gl=ng
c1be1383-cbd7-4874-9562-fb4ba69feb43,Jumia,very nice and classy,5,2026-08-23,Google Play,Customer Review,https://play.google.com/store/apps/details?id=com.jumia.android&hl=en&gl=ng
61616344-4efd-4b47-8807-52bb0420ea01,Jumia,convenient,4,2026-08-23,Google Play,Customer Review,https://play.google.com/store/apps/details?id=com.jumia.android&hl=en&gl=ng
6c3bf53e-02d8-4880-8553-e967604d8436,Jumia,The thing the sell are expensive,1,2026-08-23,Google Play,Customer Review,https://play.google.com/store/apps/details?id=com.jumia.android&hl=en&gl=ng
85b32a55-7349-4532-9916-d61bed63ba0f,Jumia,best online shop,5,2026-08-23,Google Play,Customer Review,https://play.google.com/store/apps/details?id=com.jumia.android&hl=en&gl=ng
22459c04-fc94-4742-ad7c-01cf8f127b19,Jumia,Jumia is number one,5,2026-08-23,Google Play,Customer Review,https://play.google.com/store/apps/details?id=com.jumia.android&hl=en&gl=ng
ac319f2f-7e4c-4ed2-9069-6020ec2f670b,Jumia,very fast,5,2026-08-23,Google Play,Customer Review,https://play.google.com/store/apps/details?id=com.jumia.android&hl=en&gl=ng
6724e0ed-f7dd-49b4-b567-cf3be27b40b8,Jumia,very good to use,4,2026-08-23,Google Play,Customer Review,https://play.google.com/store/apps/details?id=com.jumia.android&hl=en&gl=ng
ade173b8-80a5-4e45-bce3-4fbdd9bb1370,Jumia,This is not jumia we used to know we tired of popping ads we can't even brows products remove popping ads,1,2026-08-23,Google Play,Customer Review,https://play.google.com/store/apps/details?id=com.jumia.android&hl=en&gl=ng
cb94ceed-51d5-46a0-b66b-4adab7c21ef0,Jumia,It was stressful to pay but secure,3,2026-08-23,Google Play,Customer Review,https://play.google.com/store/apps/details?id=com.jumia.android&hl=en&gl=ng
7bafe72e-6600-4406-b5a5-b316af1396e1,Jumia,this pay on delivery 🚚 is really a good option promotion for jumia..,5,2026-08-23,Google Play,Customer Review,https://play.google.com/store/apps/details?id=com.jumia.android&hl=en&gl=ng
1402dd0c-f679-405d-9bea-bf8c3c85e9e2,Jumia,jumia is thĕ ɓeșt,5,2026-08-23,Google Play,Customer Review,https://play.google.com/store/apps/details?id=com.jumia.android&hl=en&gl=ng
46d781d4-4fd0-453c-b393-280935031c22,Jumia,good,5,2026-08-23,Google Play,Customer Review,https://play.google.com/store/apps/details?id=com.jumia.android&hl=en&gl=ng
1a77c81c-4ac3-414f-893c-be94c4d36ce6,Jumia,great job.,4,2026-08-23,Google Play,Customer Review,https://play.google.com/store/apps/details?id=com.jumia.android&hl=en&gl=ng
9ee728c0-143e-452e-8c67-3df48dc44a4a,Jumia,Great shopping experience,5,2026-08-23,Google Play,Customer Review,https://play.google.com/store/apps/details?id=com.jumia.android&hl=en&gl=ng
ae149f27-a8e2-4ceb-99a5-a7e82c4172d7,Jumia,Perfect,4,2026-08-23,Google Play,Customer Review,https://play.google.com/store/apps/details?id=com.jumia.android&hl=en&gl=ng
d1591f71-eb6e-4d08-a4a1-20ef0d570a72,Jumia,so good,5,2026-08-23,Google Play,Customer Review,https://play.google.com/store/apps/details?id=com.jumia.android&hl=en&gl=ng
71e90a70-b026-415c-828b-ed7d539a8df7,Jumia,good,4,2026-08-23,Google Play,Customer Review,https://play.google.com/store/apps/details?id=com.jumia.android&hl=en&gl=ng
266bfeb4-92c1-4d49-895e-7af1eb32c55e,Jumia,Best buying platform Sir,5,2026-08-23,Google Play,Customer Review,https://play.google.com/store/apps/details?id=com.jumia.android&hl=en&gl=ng
f8409ba6-9a48-4f4e-b5be-9988881bb9e0,Jumia,You the best!!!😍😍😍,5,2026-08-23,Google Play,Customer Review,https://play.google.com/store/apps/details?id=com.jumia.android&hl=en&gl=ng
77363795-2984-4230-ae3c-e63436a330f9,Jumia,Real one of the best apps for online shopping....Just one slight issue you guys dont give our gift cards,4,2026-08-23,Google Play,Customer Review,https://play.google.com/store/apps/details?id=com.jumia.android&hl=en&gl=ng
2a0f2394-b3fe-42dc-a588-f51ab38608ff,Jumia,Have not yet received but I will give my feedback after delivery,5,2026-08-23,Google Play,Customer Review,https://play.google.com/store/apps/details?id=com.jumia.android&hl=en&gl=ng
fdc4a09a-8067-4299-b583-6359fc5aa853,Jumia,Trusted and Reliable Platform,4,2026-08-23,Google Play,Customer Review,https://play.google.com/store/apps/details?id=com.jumia.android&hl=en&gl=ng
1aeaf927-13a1-4bda-9fdb-d34a5a3fef4d,Jumia,I love this app very much it really helps me,5,2026-08-23,Google Play,Customer Review,https://play.google.com/store/apps/details?id=com.jumia.android&hl=en&gl=ng
ee5c5dae-3538-4876-bd63-359e09e4a077,Jumia,"work on your delivery fees. I paid different delivery fees for two separate items, ordered together, received the same day by your the same despatch rider.",4,2026-08-23,Google Play,Customer Review,https://play.google.com/store/apps/details?id=com.jumia.android&hl=en&gl=ng
f2051d0b-0ab8-4f30-b802-a1edb88e3152,Jumia,"easy to use, and excellent customer service",5,2026-08-23,Google Play,Customer Review,https://play.google.com/store/apps/details?id=com.jumia.android&hl=en&gl=ng
9f5da023-902d-4743-9042-82c15224b359,Jumia,reliable,3,2026-08-23,Google Play,Customer Review,https://play.google.com/store/apps/details?id=com.jumia.android&hl=en&gl=ng
40f63bcc-f355-409a-ad1f-543358f423f9,Jumia,Great,5,2026-08-23,Google Play,Customer Review,https://play.google.com/store/apps/details?id=com.jumia.android&hl=en&gl=ng
ce2f645e-c30e-4b70-9fec-714c5dc0e4ea,Jumia,Good platform,5,2026-08-23,Google Play,Customer Review,https://play.google.com/store/apps/details?id=com.jumia.android&hl=en&gl=ng
49c96b65-df9a-447b-a760-a8c82e32c13e,Jumia,"can't rate now ,cause I just ordered and am waiting for it",1,2026-08-23,Google Play,Customer Review,https://play.google.com/store/apps/details?id=com.jumia.android&hl=en&gl=ng
15a1f401-f5c3-4546-a01b-afd9aebe91fc,Jumia,good,5,2026-08-23,Google Play,Customer Review,https://play.google.com/store/apps/details?id=com.jumia.android&hl=en&gl=ng
02599b5c-0e94-43f6-93fd-fe8e6130949e,Jumia,nice,5,2026-08-23,Google Play,Customer Review,https://play.google.com/store/apps/details?id=com.jumia.android&hl=en&gl=ng
c53a3ba8-eb74-488f-983e-372c32fa4d1b,Jumia,nice app,5,2026-08-23,Google Play,Customer Review,https://play.google.com/store/apps/details?id=com.jumia.android&hl=en&gl=ng
22914a02-f93e-4dd7-ac31-3a84e81325ef,Jumia,good,5,2026-08-23,Google Play,Customer Review,https://play.google.com/store/apps/details?id=com.jumia.android&hl=en&gl=ng
d0df9903-a691-4fba-8ec7-757eb9754ac7,Jumia,most sizes are off stock but still yet they are Good quality,4,2026-08-23,Google Play,Customer Review,https://play.google.com/store/apps/details?id=com.jumia.android&hl=en&gl=ng
54f56fcf-1214-4a68-b0fd-f4d7cfb66307,Jumia,I really love this app. But work on your clothes especially maxi dresses. I want more and nice clothes there,4,2026-08-23,Google Play,Customer Review,https://play.google.com/store/apps/details?id=com.jumia.android&hl=en&gl=ng
66de4700-a392-4f5a-9bff-2f2305d016ea,Jumia,try to introduce express delivery...,4,2026-08-23,Google Play,Customer Review,https://play.google.com/store/apps/details?id=com.jumia.android&hl=en&gl=ng
689aaf95-62cb-4699-aaaf-3ad85f8a4824,Jumia,Fast and reliable,5,2026-08-23,Google Play,Customer Review,https://play.google.com/store/apps/details?id=com.jumia.android&hl=en&gl=ng
12e42feb-39ef-4313-afbc-4975d9572aa8,Jumia,fantastic,4,2026-08-23,Google Play,Customer Review,https://play.google.com/store/apps/details?id=com.jumia.android&hl=en&gl=ng
4c0845f1-f085-408b-ae79-22b68b1bca39,Jumia,Best Most Trusted And Reliable,5,2026-08-23,Google Play,Customer Review,https://play.google.com/store/apps/details?id=com.jumia.android&hl=en&gl=ng
1148e5df-30ec-444d-954f-d6d55d6a2c77,Jumia,Good,5,2026-08-23,Google Play,Customer Review,https://play.google.com/store/apps/details?id=com.jumia.android&hl=en&gl=ng
b4cac1b7-f772-494b-ae87-416dcf971c0c,Jumia,fast and reliable,5,2026-08-23,Google Play,Customer Review,https://play.google.com/store/apps/details?id=com.jumia.android&hl=en&gl=ng
53fbcd7c-0924-40b4-97b8-29bd650422e2,Jumia,It's a nice market place with quick delivery service.,5,2026-08-23,Google Play,Customer Review,https://play.google.com/store/apps/details?id=com.jumia.android&hl=en&gl=ng
c81c099d-fac4-4112-a853-f03833d1629c,Jumia,still sensible but some of your packages are fake,5,2026-08-23,Google Play,Customer Review,https://play.google.com/store/apps/details?id=com.jumia.android&hl=en&gl=ng
c7f176be-21d0-4e20-938e-5cd79d92a880,Jumia,"simple, easy and reliable",5,2026-08-23,Google Play,Customer Review,https://play.google.com/store/apps/details?id=com.jumia.android&hl=en&gl=ng
af332b89-ce15-4331-b172-fb9bea6558ae,Jumia,They are trying to be the best,5,2026-08-23,Google Play,Customer Review,https://play.google.com/store/apps/details?id=com.jumia.android&hl=en&gl=ng
4727579d-2a79-444a-bf8d-d9bcad83cebd,Jumia,"User friendly, fast delivery...",4,2026-08-23,Google Play,Customer Review,https://play.google.com/store/apps/details?id=com.jumia.android&hl=en&gl=ng
868a863f-8776-4c3a-ad6e-224d0e411552,Jumia,Good app for shopping,5,2026-08-23,Google Play,Customer Review,https://play.google.com/store/apps/details?id=com.jumia.android&hl=en&gl=ng
d3f62cfd-82b8-4c01-8185-d47e6810a877,Jumia,I lake it,5,2026-08-23,Google Play,Customer Review,https://play.google.com/store/apps/details?id=com.jumia.android&hl=en&gl=ng
43358531-dc97-4f91-8a94-c762039b1747,Jumia,best,5,2026-08-23,Google Play,Customer Review,https://play.google.com/store/apps/details?id=com.jumia.android&hl=en&gl=ng
a1330131-f696-4cce-8b4c-8d4f7b454a39,Jumia,👍 👍 👍 👍 good,5,2026-08-23,Google Play,Customer Review,https://play.google.com/store/apps/details?id=com.jumia.android&hl=en&gl=ng
bcaf130d-616a-4d5d-8b4d-68ce562f0839,Jumia,fast and reliable,5,2026-08-23,Google Play,Customer Review,https://play.google.com/store/apps/details?id=com.jumia.android&hl=en&gl=ng
aac7dbf4-fe17-4588-a631-7d1a723f8f4f,Jumia,"fast , reliable and quality goods",5,2026-08-23,Google Play,Customer Review,https://play.google.com/store/apps/details?id=com.jumia.android&hl=en&gl=ng
a86ae057-4a3c-4f30-8776-b63af69b49c6,Jumia,awesome app,5,2026-08-23,Google Play,Customer Review,https://play.google.com/store/apps/details?id=com.jumia.android&hl=en&gl=ng
4a9df035-0ff1-4208-82f0-67a136fba090,Jumia,this is my first order I will have fully trust until I get my package,3,2026-08-23,Google Play,Customer Review,https://play.google.com/store/apps/details?id=com.jumia.android&hl=en&gl=ng
d229d981-c404-46d5-91df-15b4520a793a,Jumia,Good,5,2026-08-23,Google Play,Customer Review,https://play.google.com/store/apps/details?id=com.jumia.android&hl=en&gl=ng
18d95013-5e2a-4519-a6ea-a9d7ff3baf32,Jumia,easy to use,4,2026-08-23,Google Play,Customer Review,https://play.google.com/store/apps/details?id=com.jumia.android&hl=en&gl=ng
82e9a246-bafe-4a20-967f-5cdda184d835,Jumia,good app,5,2026-08-23,Google Play,Customer Review,https://play.google.com/store/apps/details?id=com.jumia.android&hl=en&gl=ng
54be8c9b-0f6a-4b70-b98d-634899046d10,Jumia,good,5,2026-08-22,Google Play,Customer Review,https://play.google.com/store/apps/details?id=com.jumia.android&hl=en&gl=ng
95b02ade-909a-484c-a123-bab13691e4be,Jumia,very fast an reliable,5,2026-08-22,Google Play,Customer Review,https://play.google.com/store/apps/details?id=com.jumia.android&hl=en&gl=ng
16c81472-b817-413f-bc96-30ce848ab1c7,Jumia,"Jumia is one of the easiest online market place or E-commerce platforms I've used so far. Easy navigation and fastest logistics compared to other shopping apps/sites. Easy and convenient payment options and ordering is so easy . And the best part is the shipping fee (delivery fee), it's so affordable. Just make sure you read item descriptions and check the seller ratings to confirm whatever you want to buy. Buy from original store labelled and Jumia Express labelled items. I love Jumia promos",5,2026-08-22,Google Play,Customer Review,https://play.google.com/store/apps/details?id=com.jumia.android&hl=en&gl=ng
9551ef26-a1e2-4152-9480-9a542bc1d712,Jumia,Jumia is legit,5,2026-08-22,Google Play,Customer Review,https://play.google.com/store/apps/details?id=com.jumia.android&hl=en&gl=ng
1ec0394d-7701-4d86-ab67-cbdcded6cad3,Jumia,they are honest,1,2026-08-22,Google Play,Customer Review,https://play.google.com/store/apps/details?id=com.jumia.android&hl=en&gl=ng
1a1a9219-f1d7-4f66-accd-28a8bf34ab42,Jumia,yeah you guys are good,5,2026-08-22,Google Play,Customer Review,https://play.google.com/store/apps/details?id=com.jumia.android&hl=en&gl=ng
268d74df-15a9-4958-860e-8cfcbf814a62,Jumia,so nice and trusted,5,2026-08-22,Google Play,Customer Review,https://play.google.com/store/apps/details?id=com.jumia.android&hl=en&gl=ng
8a39c015-ebb8-4e09-8e30-ea18c1553586,Jumia,Most of the products are not quality but some are nice,2,2026-08-22,Google Play,Customer Review,https://play.google.com/store/apps/details?id=com.jumia.android&hl=en&gl=ng
78d04847-fd8d-451e-a995-d9d6ae0888dc,Jumia,love eet,5,2026-08-22,Google Play,Customer Review,https://play.google.com/store/apps/details?id=com.jumia.android&hl=en&gl=ng
34564009-9ea1-48f6-8622-5be3222ca38c,Jumia,very nice,5,2026-08-22,Google Play,Customer Review,https://play.google.com/store/apps/details?id=com.jumia.android&hl=en&gl=ng
9b08094b-8d12-43b8-bcf7-9faa11d102a9,Jumia,Excellent delivery,3,2026-08-22,Google Play,Customer Review,https://play.google.com/store/apps/details?id=com.jumia.android&hl=en&gl=ng
ae05467c-791d-4953-b64b-35bf1c1ea0d0,Jumia,best in action,4,2026-08-22,Google Play,Customer Review,https://play.google.com/store/apps/details?id=com.jumia.android&hl=en&gl=ng
3c0049c7-c269-42f4-8750-f394c6bc071e,Jumia,everything was cool here until I paid one huge transportation fee,3,2026-08-22,Google Play,Customer Review,https://play.google.com/store/apps/details?id=com.jumia.android&hl=en&gl=ng
37544d48-28f8-454a-b189-474c58d47805,Jumia,shop with Jumia,4,2026-08-22,Google Play,Customer Review,https://play.google.com/store/apps/details?id=com.jumia.android&hl=en&gl=ng
e5eefcae-f0db-437b-95de-0196fd663e7f,Jumia,great the best shopping app ever.,5,2026-08-22,Google Play,Customer Review,https://play.google.com/store/apps/details?id=com.jumia.android&hl=en&gl=ng
2a21db66-2167-4b68-a3d6-a3351fe59222,Jumia,fast and reliable,5,2026-08-22,Google Play,Customer Review,https://play.google.com/store/apps/details?id=com.jumia.android&hl=en&gl=ng
adf4894c-bf86-44ab-b8e8-d4b1961128d6,Jumia,very good,3,2026-08-22,Google Play,Customer Review,https://play.google.com/store/apps/details?id=com.jumia.android&hl=en&gl=ng
d654e407-c31c-4205-b97e-74378777156f,Jumia,great,5,2026-08-22,Google Play,Customer Review,https://play.google.com/store/apps/details?id=com.jumia.android&hl=en&gl=ng
a153c2ad-96bc-458e-89af-4a0f9b4f663d,Jumia,stressful,4,2026-08-22,Google Play,Customer Review,https://play.google.com/store/apps/details?id=com.jumia.android&hl=en&gl=ng
d6f1b9ec-eac0-4b98-a6d2-b146137e05cd,Jumia,It is very good with cheap and affordable prices for whatever item you choose.,5,2026-08-22,Google Play,Customer Review,https://play.google.com/store/apps/details?id=com.jumia.android&hl=en&gl=ng
d95e2da4-a2ea-4fb4-89c7-d34887038934,Jumia,The service is Exquisite. however there is a product tht was tagged free delivery but they have still charged me. so. yea🙂🥲,3,2026-08-22,Google Play,Customer Review,https://play.google.com/store/apps/details?id=com.jumia.android&hl=en&gl=ng
d95c97a1-7e8f-4c98-8a16-4e3c0f34544a,Jumia,it's okay 250/500,3,2026-08-22,Google Play,Customer Review,https://play.google.com/store/apps/details?id=com.jumia.android&hl=en&gl=ng
89ee88ac-29fc-4e4a-9a38-a63fa9c37e43,Jumia,Good,5,2026-08-22,Google Play,Customer Review,https://play.google.com/store/apps/details?id=com.jumia.android&hl=en&gl=ng
52c70d3f-e049-4b50-83f4-78ad8f87a855,Jumia,it's okay,4,2026-08-22,Google Play,Customer Review,https://play.google.com/store/apps/details?id=com.jumia.android&hl=en&gl=ng
ed023543-c491-4963-ae90-448b6eaed879,Jumia,good,5,2026-08-22,Google Play,Customer Review,https://play.google.com/store/apps/details?id=com.jumia.android&hl=en&gl=ng
8b89fbca-9766-4a0d-a429-df8c9311aea7,Jumia,good,4,2026-08-22,Google Play,Customer Review,https://play.google.com/store/apps/details?id=com.jumia.android&hl=en&gl=ng
53a80da8-4bcf-4e17-8395-bf49db72ec0d,Jumia,beginner friendly,4,2026-08-22,Google Play,Customer Review,https://play.google.com/store/apps/details?id=com.jumia.android&hl=en&gl=ng
57186dda-c458-482d-a11b-d463a830d7af,Jumia,reliable always,5,2026-08-22,Google Play,Customer Review,https://play.google.com/store/apps/details?id=com.jumia.android&hl=en&gl=ng
8e20749e-0a61-4389-a66a-2203586bbd16,Jumia,Very sweet 😍 and amazing 💟,5,2026-08-22,Google Play,Customer Review,https://play.google.com/store/apps/details?id=com.jumia.android&hl=en&gl=ng
6b9e0163-3353-4e35-a001-6afbb6091caf,Jumia,it is 100% true that this app is not scam app,5,2026-08-22,Google Play,Customer Review,https://play.google.com/store/apps/details?id=com.jumia.android&hl=en&gl=ng
9339f5a3-3b0c-43bd-ba37-18bf929ab38c,Jumia,reliable,5,2026-08-22,Google Play,Customer Review,https://play.google.com/store/apps/details?id=com.jumia.android&hl=en&gl=ng
df6f7693-ee44-4627-8f43-183295303bb9,Jumia,"Good. But they should just please help us improve their products quality, the way it is in the catalogue",5,2026-08-22,Google Play,Customer Review,https://play.google.com/store/apps/details?id=com.jumia.android&hl=en&gl=ng
797e3714-9918-489e-934b-a87a02efa3b6,Jumia,nice,3,2026-08-22,Google Play,Customer Review,https://play.google.com/store/apps/details?id=com.jumia.android&hl=en&gl=ng
92b10736-e4bd-470d-94a6-a9d9acf65a9b,Jumia,great 👌,5,2026-08-22,Google Play,Customer Review,https://play.google.com/store/apps/details?id=com.jumia.android&hl=en&gl=ng
56f785f6-ba7d-4ee9-aed5-25577d92ada9,Jumia,excellent,5,2026-08-22,Google Play,Customer Review,https://play.google.com/store/apps/details?id=com.jumia.android&hl=en&gl=ng
eb2151b9-ac37-4d69-ad72-dc644f748a41,Jumia,a reliable app.cost friendly,5,2026-08-22,Google Play,Customer Review,https://play.google.com/store/apps/details?id=com.jumia.android&hl=en&gl=ng
111d4912-c8d3-4d90-b6af-54867b63790e,Jumia,Am always happy and Comfortable ordering with you.,5,2026-08-22,Google Play,Customer Review,https://play.google.com/store/apps/details?id=com.jumia.android&hl=en&gl=ng
df9276b0-310e-4120-8a43-042101aefc35,Jumia,i love this app,5,2026-08-22,Google Play,Customer Review,https://play.google.com/store/apps/details?id=com.jumia.android&hl=en&gl=ng
e8d95e83-bff4-46e2-97ab-44d42e62fc15,Jumia,more locations around campus needed,3,2026-08-22,Google Play,Customer Review,https://play.google.com/store/apps/details?id=com.jumia.android&hl=en&gl=ng
07a9a79e-c977-4b2b-b267-4e1bd929a6d2,Jumia,Jumia you are the best,5,2026-08-22,Google Play,Customer Review,https://play.google.com/store/apps/details?id=com.jumia.android&hl=en&gl=ng
b50429e4-52a7-4bc5-a702-827117775f26,Jumia,I love you jumiaaaaaaaaaaaaa ❤️ 😍 excess love,5,2026-08-22,Google Play,Customer Review,https://play.google.com/store/apps/details?id=com.jumia.android&hl=en&gl=ng
5ed94ecd-a1fe-469d-a6b7-2392501100cb,Jumia,good service app,4,2026-08-22,Google Play,Customer Review,https://play.google.com/store/apps/details?id=com.jumia.android&hl=en&gl=ng
de3fb977-4afe-4f2c-87a3-b784a88eef6a,Jumia,not bad just that most times items are more expensive here than market place,3,2026-08-22,Google Play,Customer Review,https://play.google.com/store/apps/details?id=com.jumia.android&hl=en&gl=ng
817c42c2-34a7-43f3-adcb-ed791b0b6c2f,Jumia,Good and their goods are affordable,3,2026-08-22,Google Play,Customer Review,https://play.google.com/store/apps/details?id=com.jumia.android&hl=en&gl=ng
feb8cb5d-8fd0-48c6-aaa1-9e83e45bd17b,Jumia,really efficient,3,2026-08-22,Google Play,Customer Review,https://play.google.com/store/apps/details?id=com.jumia.android&hl=en&gl=ng
fd028a7d-799a-45c4-ba2e-c11332fc133a,Jumia,"I love Jumia app, and thier fast delivery",5,2026-08-22,Google Play,Customer Review,https://play.google.com/store/apps/details?id=com.jumia.android&hl=en&gl=ng
96c7c516-ac92-4c33-aa6a-b869acc1b09a,Jumia,They're the best,5,2026-08-22,Google Play,Customer Review,https://play.google.com/store/apps/details?id=com.jumia.android&hl=en&gl=ng
78d3ec0d-785c-4df9-84d0-c675ac10f289,Jumia,items here very affordable just that the shipping fee has become very high lately.,4,2026-08-22,Google Play,Customer Review,https://play.google.com/store/apps/details?id=com.jumia.android&hl=en&gl=ng
0d15021c-9445-4c24-96bc-4dd211d99236,Jumia,swift,5,2026-08-22,Google Play,Customer Review,https://play.google.com/store/apps/details?id=com.jumia.android&hl=en&gl=ng
96ba44fb-83a6-462c-bcfe-84d9dd12d40f,Jumia,good in delivery,5,2026-08-22,Google Play,Customer Review,https://play.google.com/store/apps/details?id=com.jumia.android&hl=en&gl=ng
2bf12f19-d4f3-41ae-8629-5adf990974b8,Jumia,تحفهههه,5,2026-08-22,Google Play,Customer Review,https://play.google.com/store/apps/details?id=com.jumia.android&hl=en&gl=ng
b07e2156-ee1a-4740-8104-579e900fd3d0,Jumia,ver good,5,2026-08-22,Google Play,Customer Review,https://play.google.com/store/apps/details?id=com.jumia.android&hl=en&gl=ng
e7d08e3f-8c62-49be-98f4-202f77edca3f,Jumia,the best online shopping application,5,2026-08-22,Google Play,Customer Review,https://play.google.com/store/apps/details?id=com.jumia.android&hl=en&gl=ng
5cf4defa-b6e4-47bc-bb41-87d8fd23a13e,Jumia,lovely,5,2026-08-22,Google Play,Customer Review,https://play.google.com/store/apps/details?id=com.jumia.android&hl=en&gl=ng
d6193778-5376-4d6f-b16c-d92a3f980842,Jumia,"I think delivery costs should always be reduced depending on the number of items ordered for at ago. Like the order I have placed now, is for me except for a 128GB Flash. The delivery costs are high. Please reduce for me",3,2026-08-22,Google Play,Customer Review,https://play.google.com/store/apps/details?id=com.jumia.android&hl=en&gl=ng
03939196-df88-4b46-81b7-c34004bfd4a4,Jumia,first time trying my first order arrived going tommmorow to see if its legit,1,2026-08-22,Google Play,Customer Review,https://play.google.com/store/apps/details?id=com.jumia.android&hl=en&gl=ng
6dc39e85-554d-4a89-9092-86994f60e778,Jumia,"Jumia has been the best online sales outlet for me judging from payment options, pickup stations or delivery, return system and several other factors",5,2026-08-22,Google Play,Customer Review,https://play.google.com/store/apps/details?id=com.jumia.android&hl=en&gl=ng
5868e40b-369f-4954-bf10-9c3be686256e,Jumia,amazing,5,2026-08-22,Google Play,Customer Review,https://play.google.com/store/apps/details?id=com.jumia.android&hl=en&gl=ng
5cd5ca38-1066-4cc6-b57c-24fb5fd76848,Jumia,Excellent,5,2026-08-22,Google Play,Customer Review,https://play.google.com/store/apps/details?id=com.jumia.android&hl=en&gl=ng
08fa4f41-1f0d-4bf5-bddb-9893c7fe924f,Jumia,perfect 👍,4,2026-08-22,Google Play,Customer Review,https://play.google.com/store/apps/details?id=com.jumia.android&hl=en&gl=ng
f235463a-c54d-40bc-b2f9-d3dcb39d57d6,Jumia,please i need quality things not aba made,5,2026-08-22,Google Play,Customer Review,https://play.google.com/store/apps/details?id=com.jumia.android&hl=en&gl=ng
941fdc60-56f3-46df-8f11-2b5875892916,Jumia,I like this app very n its good ✌,5,2026-08-21,Google Play,Customer Review,https://play.google.com/store/apps/details?id=com.jumia.android&hl=en&gl=ng
a6fbde39-37a3-42e9-83a2-28de0b2aff38,Jumia,l like there product,5,2026-08-21,Google Play,Customer Review,https://play.google.com/store/apps/details?id=com.jumia.android&hl=en&gl=ng
30eb4787-9e40-4999-87bc-dddcb5e48e61,Jumia,"Omo since I know Jumia, Nothing de bother me again, I swear",5,2026-08-21,Google Play,Customer Review,https://play.google.com/store/apps/details?id=com.jumia.android&hl=en&gl=ng
249ef2a0-b1a9-4b50-9c0d-47c24ceb79eb,Jumia,"It's unfortunate after more than a decade in the market, jumia is still failing at even basic sign up and sign in with their app.",1,2026-08-21,Google Play,Customer Review,https://play.google.com/store/apps/details?id=com.jumia.android&hl=en&gl=ng
e457f455-ec2e-44c4-b556-fad579db6b96,Jumia,good 👍,5,2026-08-21,Google Play,Customer Review,https://play.google.com/store/apps/details?id=com.jumia.android&hl=en&gl=ng
c2dfdce6-c1c0-4026-8d9e-38e79b6d1c8b,Jumia,I love jumia quality their products are not fake,5,2026-08-21,Google Play,Customer Review,https://play.google.com/store/apps/details?id=com.jumia.android&hl=en&gl=ng
77d8d3fb-7827-4c80-b432-1154340ca80a,Jumia,CAVIN Okech..it's so good,5,2026-08-21,Google Play,Customer Review,https://play.google.com/store/apps/details?id=com.jumia.android&hl=en&gl=ng
921717d6-2d4d-4f86-b101-2ec1d6f774ec,Jumia,I really like the app ☺️,2,2026-08-21,Google Play,Customer Review,https://play.google.com/store/apps/details?id=com.jumia.android&hl=en&gl=ng
0de544ef-de8f-4ae9-8b72-87293639e257,Jumia,you are making buying easy for everyone,4,2026-08-21,Google Play,Customer Review,https://play.google.com/store/apps/details?id=com.jumia.android&hl=en&gl=ng
72d56bd0-5cef-4203-9c18-c16abd1eb519,Jumia,it's great 😃,4,2026-08-21,Google Play,Customer Review,https://play.google.com/store/apps/details?id=com.jumia.android&hl=en&gl=ng
eae1c06c-517d-4746-8880-c9499247b73c,Jumia,lovely,5,2026-08-21,Google Play,Customer Review,https://play.google.com/store/apps/details?id=com.jumia.android&hl=en&gl=ng
712be19f-f01f-478b-9733-7b42706d5e2f,Jumia,Great 😃,5,2026-08-21,Google Play,Customer Review,https://play.google.com/store/apps/details?id=com.jumia.android&hl=en&gl=ng
b4c14f89-547c-4b5f-9379-c026c41d5b1f,Jumia,excellent,5,2026-08-21,Google Play,Customer Review,https://play.google.com/store/apps/details?id=com.jumia.android&hl=en&gl=ng
3ef507df-6607-4f08-afff-1973cdca86ca,Jumia,"Their clothes are damaged, especially LC Waikiki.",1,2026-08-21,Google Play,Customer Review,https://play.google.com/store/apps/details?id=com.jumia.android&hl=en&gl=ng
8a73266f-0802-47ba-b74c-d46ae96301c4,Jumia,Excellence,5,2026-08-21,Google Play,Customer Review,https://play.google.com/store/apps/details?id=com.jumia.android&hl=en&gl=ng
d1b2edff-875a-44fb-ab5f-50e3b7143ae2,Jumia,sellers should post the real products,4,2026-08-21,Google Play,Customer Review,https://play.google.com/store/apps/details?id=com.jumia.android&hl=en&gl=ng
b885fd14-b408-4c51-8030-8358ee0dc175,Jumia,love jumia,3,2026-08-21,Google Play,Customer Review,https://play.google.com/store/apps/details?id=com.jumia.android&hl=en&gl=ng
6d88ca4f-8bbc-472f-9a26-0e42c69e54c3,Jumia,A very nice App,5,2026-08-21,Google Play,Customer Review,https://play.google.com/store/apps/details?id=com.jumia.android&hl=en&gl=ng
a00435e1-795d-4a17-855b-8157a1ceda1c,Jumia,so good,5,2026-08-21,Google Play,Customer Review,https://play.google.com/store/apps/details?id=com.jumia.android&hl=en&gl=ng
4027afd1-3790-4282-b7c5-d4453445ff22,Jumia,very good 💯💯💯,5,2026-08-21,Google Play,Customer Review,https://play.google.com/store/apps/details?id=com.jumia.android&hl=en&gl=ng
fcec44b6-26c5-4f52-9ecd-3f3d30e40c7c,Jumia,Excellent,4,2026-08-21,Google Play,Customer Review,https://play.google.com/store/apps/details?id=com.jumia.android&hl=en&gl=ng
1435ef1a-541b-40f9-83d3-187e992bef8a,Jumia,Amazing Dealers 👏,5,2026-08-21,Google Play,Customer Review,https://play.google.com/store/apps/details?id=com.jumia.android&hl=en&gl=ng
8fa50531-0836-4827-8758-735080937af2,Jumia,good,5,2026-08-21,Google Play,Customer Review,https://play.google.com/store/apps/details?id=com.jumia.android&hl=en&gl=ng
681aa22d-bb07-4529-83e1-dc34c4377ec4,Jumia,Jumia never fails. I'M REGULAR CUSTOMER They refunds once you meet with requirements and the product is in order. Thanks Jumia.,5,2026-08-21,Google Play,Customer Review,https://play.google.com/store/apps/details?id=com.jumia.android&hl=en&gl=ng
0c599e79-f0da-4fc4-ad70-0568a70f9927,Jumia,too good 👍,5,2026-08-21,Google Play,Customer Review,https://play.google.com/store/apps/details?id=com.jumia.android&hl=en&gl=ng
b8bd39a7-c32a-4b1f-ba11-35fe6ac0a7f3,Jumia,good,3,2026-08-21,Google Play,Customer Review,https://play.google.com/store/apps/details?id=com.jumia.android&hl=en&gl=ng
79be7e3a-8e3f-448e-b780-fd9ea7f2f6d3,Jumia,very nice,5,2026-08-21,Google Play,Customer Review,https://play.google.com/store/apps/details?id=com.jumia.android&hl=en&gl=ng
00395b62-3f8c-4aec-9216-2cb50c5a5b19,Jumia,I love Jumia because I can place order with pay on delivery so this made me believe more in you. thanks,5,2026-08-21,Google Play,Customer Review,https://play.google.com/store/apps/details?id=com.jumia.android&hl=en&gl=ng
1a6cbaba-939a-45ed-a9e7-af4420d898ac,Jumia,great,5,2026-08-21,Google Play,Customer Review,https://play.google.com/store/apps/details?id=com.jumia.android&hl=en&gl=ng
b27a22db-71c9-470a-9e56-735a179e4cea,Jumia,please look for the transport fee is to high but the items are good,2,2026-08-21,Google Play,Customer Review,https://play.google.com/store/apps/details?id=com.jumia.android&hl=en&gl=ng
48b505b9-6523-4753-b8c5-ccce47850c2d,Jumia,nice app,5,2026-08-21,Google Play,Customer Review,https://play.google.com/store/apps/details?id=com.jumia.android&hl=en&gl=ng
2ceb5c56-457f-47c8-91f1-7b945d9dd912,Jumia,best online,5,2026-08-21,Google Play,Customer Review,https://play.google.com/store/apps/details?id=com.jumia.android&hl=en&gl=ng
09dff5ca-5f4f-4aae-8900-d506aac7336f,Jumia,i love the interface,5,2026-08-21,Google Play,Customer Review,https://play.google.com/store/apps/details?id=com.jumia.android&hl=en&gl=ng
cd18f3b8-6aee-4351-bc6f-922caa40fe0e,Jumia,Great,5,2026-08-21,Google Play,Customer Review,https://play.google.com/store/apps/details?id=com.jumia.android&hl=en&gl=ng
34154faf-404d-43e1-b68f-cb82af1a56dc,Jumia,the goods is well durable I'm really happy just that we need money to purchase more,5,2026-08-21,Google Play,Customer Review,https://play.google.com/store/apps/details?id=com.jumia.android&hl=en&gl=ng
03f86c39-2b01-4914-b2fd-17da8dfd32da,Jumia,it's good,4,2026-08-21,Google Play,Customer Review,https://play.google.com/store/apps/details?id=com.jumia.android&hl=en&gl=ng
793c012a-03fc-448c-bcba-6b282aac0e1e,Jumia,it's reliable and efficient way of shopping,4,2026-08-21,Google Play,Customer Review,https://play.google.com/store/apps/details?id=com.jumia.android&hl=en&gl=ng
9bfcf78c-33ea-44b9-b08b-cd788accbd48,Jumia,ok,5,2026-08-21,Google Play,Customer Review,https://play.google.com/store/apps/details?id=com.jumia.android&hl=en&gl=ng
eee52d9e-f87a-4dc3-ba54-ece8859c0fd8,Jumia,Straight forward steps and detailed info provided,5,2026-08-21,Google Play,Customer Review,https://play.google.com/store/apps/details?id=com.jumia.android&hl=en&gl=ng
d1a5d062-730e-4c71-b624-d09efa946d5b,Jumia,hmm it's too cheap for our liking,5,2026-08-21,Google Play,Customer Review,https://play.google.com/store/apps/details?id=com.jumia.android&hl=en&gl=ng
5916b866-bb71-457c-a682-31946a33b6da,Jumia,I am happy to order items in jumia,5,2026-08-21,Google Play,Customer Review,https://play.google.com/store/apps/details?id=com.jumia.android&hl=en&gl=ng
71720fad-6513-4a5e-bb1d-5f5ab3343996,Jumia,reliable and trustworthy,5,2026-08-21,Google Play,Customer Review,https://play.google.com/store/apps/details?id=com.jumia.android&hl=en&gl=ng
4fdc8291-118a-47fd-b7c3-30164f2f8f0b,Jumia,"I can testify that Jumia is the best online shopping app in Ghana. Their products, gadgets, devices, accessories and more are perfect and in good condition. You can also return the product within 15days after purchase if the product does not meet your conditions or specifications",5,2026-08-21,Google Play,Customer Review,https://play.google.com/store/apps/details?id=com.jumia.android&hl=en&gl=ng
0e7c3e78-5a57-4f70-b427-0a20857dcc84,Jumia,jumia are very good,5,2026-08-21,Google Play,Customer Review,https://play.google.com/store/apps/details?id=com.jumia.android&hl=en&gl=ng
0f4afe44-ccc5-44ee-9558-04ee8f435164,Jumia,So far so good jumia has been great and number one trusted Online platform best ever,5,2026-08-21,Google Play,Customer Review,https://play.google.com/store/apps/details?id=com.jumia.android&hl=en&gl=ng
df22d663-c3ba-4b6f-ba8d-717878cd156c,Jumia,Effective Customer service,5,2026-08-21,Google Play,Customer Review,https://play.google.com/store/apps/details?id=com.jumia.android&hl=en&gl=ng
a86f4461-4076-437c-93b6-3c4e5a1c29e9,Jumia,It's really fast and the items received are unexeptional,5,2026-08-21,Google Play,Customer Review,https://play.google.com/store/apps/details?id=com.jumia.android&hl=en&gl=ng
7139fa5c-4b2b-461a-b60d-101f78526378,Jumia,Great,1,2026-08-21,Google Play,Customer Review,https://play.google.com/store/apps/details?id=com.jumia.android&hl=en&gl=ng
d7e1265b-b172-4f6c-a666-225c6ab19ded,Jumia,Good app I just want open .. And I ordered payment on Delivery. Expensive,2,2026-08-21,Google Play,Customer Review,https://play.google.com/store/apps/details?id=com.jumia.android&hl=en&gl=ng
57644314-c2ce-4fb4-8292-1c53dfb79283,Jumia,nice,4,2026-08-21,Google Play,Customer Review,https://play.google.com/store/apps/details?id=com.jumia.android&hl=en&gl=ng
1c7bcbad-1a1b-4d46-8672-4663fc5aefbc,Jumia,good service,3,2026-08-21,Google Play,Customer Review,https://play.google.com/store/apps/details?id=com.jumia.android&hl=en&gl=ng
b2ca5a49-2d92-48eb-9ea3-d1371f98c0d5,Jumia,Excellent.👌,5,2026-08-21,Google Play,Customer Review,https://play.google.com/store/apps/details?id=com.jumia.android&hl=en&gl=ng
c9908d61-7956-44a8-9bbe-d81c8c4cadec,Jumia,a very reliable app for online shopping,3,2026-08-21,Google Play,Customer Review,https://play.google.com/store/apps/details?id=com.jumia.android&hl=en&gl=ng
b06a4ecd-0367-4d5f-88f3-e91b4544a048,Jumia,good and efficient,5,2026-08-21,Google Play,Customer Review,https://play.google.com/store/apps/details?id=com.jumia.android&hl=en&gl=ng
e06d2812-fe26-46b2-9454-5ea1c4f2d680,Jumia,good,4,2026-08-21,Google Play,Customer Review,https://play.google.com/store/apps/details?id=com.jumia.android&hl=en&gl=ng
e9becada-94b1-4473-9b5a-75a4a6ac2141,Jumia,nice service,4,2026-08-21,Google Play,Customer Review,https://play.google.com/store/apps/details?id=com.jumia.android&hl=en&gl=ng
b1b93a25-d68e-4fb0-bb52-89e291332758,Jumia,good,5,2026-08-21,Google Play,Customer Review,https://play.google.com/store/apps/details?id=com.jumia.android&hl=en&gl=ng
5d695ed0-256d-44a3-afed-f5538fdc293c,Jumia,Using Jumia for over a decade speaks very well for itself as a tested & trusted online purchase hub,5,2026-08-21,Google Play,Customer Review,https://play.google.com/store/apps/details?id=com.jumia.android&hl=en&gl=ng
e35947b3-4606-4962-8c4c-d7d9ea2ca0d2,Jumia,good,5,2026-08-21,Google Play,Customer Review,https://play.google.com/store/apps/details?id=com.jumia.android&hl=en&gl=ng
784d41ec-54f6-4445-b4ae-370acc2694a8,Jumia,I am waiting,3,2026-08-21,Google Play,Customer Review,https://play.google.com/store/apps/details?id=com.jumia.android&hl=en&gl=ng
9f2c8d1c-4ce6-49a0-900d-a858e797f20d,Jumia,excellent,5,2026-08-21,Google Play,Customer Review,https://play.google.com/store/apps/details?id=com.jumia.android&hl=en&gl=ng
5a99c67c-81b5-4fe5-97ba-703b207f2516,Jumia,The best online shopping app ever used.,5,2026-08-21,Google Play,Customer Review,https://play.google.com/store/apps/details?id=com.jumia.android&hl=en&gl=ng
7db25391-a1e1-4ef1-accf-001772ff8860,Jumia,the things take long to reach to the receiver,1,2026-08-21,Google Play,Customer Review,https://play.google.com/store/apps/details?id=com.jumia.android&hl=en&gl=ng
2acea337-125a-4f88-8fe5-8592563ff418,Jumia,"this app doesn't tell you where and when to pickup your good,s. second you search for a product but it shows you another product",3,2026-08-21,Google Play,Customer Review,https://play.google.com/store/apps/details?id=com.jumia.android&hl=en&gl=ng
d31c045c-3402-4726-8867-a792100fc8ce,Jumia,like,1,2026-08-21,Google Play,Customer Review,https://play.google.com/store/apps/details?id=com.jumia.android&hl=en&gl=ng
38245abc-5029-41df-a3d6-09d35c2bd552,Jumia,nice,5,2026-08-21,Google Play,Customer Review,https://play.google.com/store/apps/details?id=com.jumia.android&hl=en&gl=ng
48fc78e8-8666-4013-abe1-7238ece77fef,Jumia,"Very disappointing experience. The product I received did not perform as advertised, yet getting a refund feels unnecessarily difficult. Jumia needs to do better at verifying sellers and protecting customers from faulty or misleading products. And they use AI generated messages to respond instead of directly talking to an agent.",1,2026-08-21,Google Play,Customer Review,https://play.google.com/store/apps/details?id=com.jumia.android&hl=en&gl=ng
7c83330e-476d-4ef4-b350-0bf08736e0c1,Jumia,love it,5,2026-08-21,Google Play,Customer Review,https://play.google.com/store/apps/details?id=com.jumia.android&hl=en&gl=ng
2e871488-0b5a-45c5-bd75-3a8325e1ee64,Jumia,the app is working well now unlike before that will be rolling till eternal,4,2026-08-21,Google Play,Customer Review,https://play.google.com/store/apps/details?id=com.jumia.android&hl=en&gl=ng
c972ea90-798a-4c57-a152-32cb38c40f55,Jumia,good sales app,5,2026-08-21,Google Play,Customer Review,https://play.google.com/store/apps/details?id=com.jumia.android&hl=en&gl=ng
95e89678-a0c6-40cf-ac50-7b91b5c22cfd,Jumia,"Best ordering app and is easy to use. Actually the best thing in it is the price, is affordable and neat goods.",5,2026-08-21,Google Play,Customer Review,https://play.google.com/store/apps/details?id=com.jumia.android&hl=en&gl=ng
9093c8f5-81f9-430d-9b3a-7b701f7ade4e,Jumia,Best and quality services 🫡 MASHA ALLAH!,5,2026-08-21,Google Play,Customer Review,https://play.google.com/store/apps/details?id=com.jumia.android&hl=en&gl=ng
58c415cf-f865-478e-be76-049c677fac3a,Jumia,i like your products plus delivery,3,2026-08-21,Google Play,Customer Review,https://play.google.com/store/apps/details?id=com.jumia.android&hl=en&gl=ng
2d4a6196-9d9b-420e-9cb9-0a6f3e6c0fab,Jumia,goods are not quality for me,2,2026-08-21,Google Play,Customer Review,https://play.google.com/store/apps/details?id=com.jumia.android&hl=en&gl=ng
2692e0fe-b11a-41ba-81b2-431596afbfc5,Jumia,shipping fee is too high,2,2026-08-21,Google Play,Customer Review,https://play.google.com/store/apps/details?id=com.jumia.android&hl=en&gl=ng
91325513-1ff8-4f3d-9364-a6c09b7ca0b9,Jumia,There's no dark mode option for night users and also the interface isn't detailed enough.,3,2026-08-21,Google Play,Customer Review,https://play.google.com/store/apps/details?id=com.jumia.android&hl=en&gl=ng
de720b8c-c9fc-4190-bb2d-7d6004450ffc,Jumia,they deliver exactly what you ordered for,5,2026-08-21,Google Play,Customer Review,https://play.google.com/store/apps/details?id=com.jumia.android&hl=en&gl=ng
35df2751-b38c-4bc8-b71a-459e4cadc6ea,Jumia,they are very reliable,5,2026-08-21,Google Play,Customer Review,https://play.google.com/store/apps/details?id=com.jumia.android&hl=en&gl=ng
fa595ac7-711a-4173-b44b-81c0ef39d017,Jumia,love it 😎,5,2026-08-21,Google Play,Customer Review,https://play.google.com/store/apps/details?id=com.jumia.android&hl=en&gl=ng
42a17969-8902-4de3-ad8d-6131045b36c6,Jumia,good App,5,2026-08-21,Google Play,Customer Review,https://play.google.com/store/apps/details?id=com.jumia.android&hl=en&gl=ng
41cce7cb-c7ec-4129-a077-d8054604aa78,Jumia,its wow,5,2026-08-21,Google Play,Customer Review,https://play.google.com/store/apps/details?id=com.jumia.android&hl=en&gl=ng
ee463aaa-d1f9-46ac-992d-1fb15e37017a,Jumia,The best ever returnable policy and reviews that guides u,5,2026-08-21,Google Play,Customer Review,https://play.google.com/store/apps/details?id=com.jumia.android&hl=en&gl=ng
4e55dade-bca2-44c0-8230-faa23e4e39a0,Jumia,I love it 😀,5,2026-08-20,Google Play,Customer Review,https://play.google.com/store/apps/details?id=com.jumia.android&hl=en&gl=ng
ca111bdc-4b6a-4f96-9de7-e66d4e59abd8,Jumia,thank u,5,2026-08-20,Google Play,Customer Review,https://play.google.com/store/apps/details?id=com.jumia.android&hl=en&gl=ng
b513e11c-43ce-4c8d-9d99-5781e7bd2879,Jumia,it's a good and well doing app dat delivers ur package on time and doesn't disappoint,5,2026-08-20,Google Play,Customer Review,https://play.google.com/store/apps/details?id=com.jumia.android&hl=en&gl=ng
3a4be2cb-30ba-499f-8c70-34c3dbf8741b,Jumia,one of the best online apps for ordering items,4,2026-08-20,Google Play,Customer Review,https://play.google.com/store/apps/details?id=com.jumia.android&hl=en&gl=ng
a35c0141-5439-4a42-b285-b9ab997e43ea,Jumia,Ohh is really real appreciate everyone go check it up,1,2026-08-20,Google Play,Customer Review,https://play.google.com/store/apps/details?id=com.jumia.android&hl=en&gl=ng
bef46509-9177-4e85-864b-2915673db484,Jumia,very good 👍,5,2026-08-20,Google Play,Customer Review,https://play.google.com/store/apps/details?id=com.jumia.android&hl=en&gl=ng
31ac77e9-53ac-4493-a155-a502e1bc3aa4,Jumia,so good,5,2026-08-20,Google Play,Customer Review,https://play.google.com/store/apps/details?id=com.jumia.android&hl=en&gl=ng
5b6be760-cbd9-4c4e-8a28-430b16941a6a,Jumia,"What's with the pop ups guys? I have cleared data, cache, reinstalled but the banners are still annoyingly constant.",1,2026-08-20,Google Play,Customer Review,https://play.google.com/store/apps/details?id=com.jumia.android&hl=en&gl=ng
dfe70366-ee37-4216-8449-3a3cdd773a00,Jumia,It is fast and reliable,3,2026-08-20,Google Play,Customer Review,https://play.google.com/store/apps/details?id=com.jumia.android&hl=en&gl=ng
d9659ab0-aa20-49b9-8b22-932cb78817e4,Jumia,"i don't know if it just my phone but most time the app don't load up fast, too it show Internet connection, delete and install it again, yet is show the same thing, sometimes it opens normal i think this need to be work on",4,2026-08-20,Google Play,Customer Review,https://play.google.com/store/apps/details?id=com.jumia.android&hl=en&gl=ng
b194167b-474b-4231-9342-2fb487bb85da,Jumia,"I LOVE USING JUMIA APP SO MUCH BECAUSE OF THEIR PAY ON DELIVERY, BUT I WILL BE VERY VERY HAPPY IF THEY CAN BE BRINGING THEIR CONSUMER GOODS TO THEIR DOOR STEPS",5,2026-08-20,Google Play,Customer Review,https://play.google.com/store/apps/details?id=com.jumia.android&hl=en&gl=ng
11d72244-f237-41e2-be72-f05c688457f7,Jumia,the best among the best,5,2026-08-20,Google Play,Customer Review,https://play.google.com/store/apps/details?id=com.jumia.android&hl=en&gl=ng
b3fb58e5-def1-4adf-af8b-8f4dd6a0cfa8,Jumia,great,3,2026-08-20,Google Play,Customer Review,https://play.google.com/store/apps/details?id=com.jumia.android&hl=en&gl=ng
0fcb823c-fbf6-4c16-8e45-fb4af73d4002,Jumia,imagine I order power bank from jumia today and it's very faulty and it's doesn't work I regretted buying from jumia,1,2026-08-20,Google Play,Customer Review,https://play.google.com/store/apps/details?id=com.jumia.android&hl=en&gl=ng
0584f971-fa11-4991-8dd2-6c8b451c99b5,Jumia,best online shopping,5,2026-08-20,Google Play,Customer Review,https://play.google.com/store/apps/details?id=com.jumia.android&hl=en&gl=ng
752a130d-2c41-42bd-a91c-636eb79ef4f0,Jumia,jumia is very good app,5,2026-08-20,Google Play,Customer Review,https://play.google.com/store/apps/details?id=com.jumia.android&hl=en&gl=ng
3dd07317-a4ad-40a7-9a1c-6cfd9485fe79,Jumia,"jumia is the best,and the most legit online shopping organization iv seen,I rate it 5stars,",2,2026-08-20,Google Play,Customer Review,https://play.google.com/store/apps/details?id=com.jumia.android&hl=en&gl=ng
0ae1e454-6954-4e90-82cc-a13428550179,Jumia,Never disappoint,5,2026-08-20,Google Play,Customer Review,https://play.google.com/store/apps/details?id=com.jumia.android&hl=en&gl=ng
3c57aca3-80c6-4b3f-a1dc-a261f41534d8,Jumia,always reliable,4,2026-08-20,Google Play,Customer Review,https://play.google.com/store/apps/details?id=com.jumia.android&hl=en&gl=ng
63d55535-2d61-44c9-afae-4fac280924a7,Jumia,making order process is tiresome,2,2026-08-20,Google Play,Customer Review,https://play.google.com/store/apps/details?id=com.jumia.android&hl=en&gl=ng
9f064898-9713-41e4-b997-908ea849d770,Jumia,Multiple payment options. Trusted.,5,2026-08-20,Google Play,Customer Review,https://play.google.com/store/apps/details?id=com.jumia.android&hl=en&gl=ng
dccd4518-4c9c-4bd4-9a00-8304f4ae046b,Jumia,Jumia shopping app is fantastic. The speed with which items purchased are delivered is nwah!,5,2026-08-20,Google Play,Customer Review,https://play.google.com/store/apps/details?id=com.jumia.android&hl=en&gl=ng
2cea91fe-8bcd-46d6-8f20-795886f5834b,Jumia,is good app I've been buying all my things there,5,2026-08-20,Google Play,Customer Review,https://play.google.com/store/apps/details?id=com.jumia.android&hl=en&gl=ng
4187e953-d8c4-4b90-97e8-2a97d62c6b59,Jumia,"received the worst services especially with customer service they don't give accurate information,I wouldn't recommend it to anyone",1,2026-08-20,Google Play,Customer Review,https://play.google.com/store/apps/details?id=com.jumia.android&hl=en&gl=ng
0aa431ed-30c5-42c2-a288-8849164f516e,Jumia,there are no newcomers discounts 😔,4,2026-08-20,Google Play,Customer Review,https://play.google.com/store/apps/details?id=com.jumia.android&hl=en&gl=ng
35af229c-07d5-4650-9769-29b23780c49e,Jumia,good,5,2026-08-20,Google Play,Customer Review,https://play.google.com/store/apps/details?id=com.jumia.android&hl=en&gl=ng
ec511b9e-ac33-4ee1-a2ef-044622593c58,Jumia,Cool,2,2026-08-20,Google Play,Customer Review,https://play.google.com/store/apps/details?id=com.jumia.android&hl=en&gl=ng
46750811-7ad4-4af9-8ca9-65ad177e9293,Jumia,terrible customer support,1,2026-08-20,Google Play,Customer Review,https://play.google.com/store/apps/details?id=com.jumia.android&hl=en&gl=ng
848aed0d-9399-465b-a320-4f5e21cb3d03,Jumia,wonderful,5,2026-08-20,Google Play,Customer Review,https://play.google.com/store/apps/details?id=com.jumia.android&hl=en&gl=ng
e0a785c7-0b8f-4a8c-ad90-c3bbebd60925,Jumia,They are straight forward cuz they put the item U want to buy that that of Temu,5,2026-08-20,Google Play,Customer Review,https://play.google.com/store/apps/details?id=com.jumia.android&hl=en&gl=ng
e7c4f55e-f3ec-4d27-8dc7-ded07d2cad67,Jumia,Awesome 👍,5,2026-08-20,Google Play,Customer Review,https://play.google.com/store/apps/details?id=com.jumia.android&hl=en&gl=ng
970bf3dc-6548-49a4-8fb9-f8cd853dfb68,Jumia,معامله سيئه اشتريت تكييف وطلبت فاتورة ضريبيه عشان افعل الضمان واتأخروا جدا وفي تعمد للمماطله حاجه اخر قرف,1,2026-08-20,Google Play,Customer Review,https://play.google.com/store/apps/details?id=com.jumia.android&hl=en&gl=ng
dd1eab27-8d45-493e-8af8-9283f1a99d5e,Jumia,best,5,2026-08-20,Google Play,Customer Review,https://play.google.com/store/apps/details?id=com.jumia.android&hl=en&gl=ng
1077839a-d642-404c-9da7-68580143c002,Jumia,good,2,2026-08-20,Google Play,Customer Review,https://play.google.com/store/apps/details?id=com.jumia.android&hl=en&gl=ng
650dd0d2-8767-472e-b185-f6bcde685507,Jumia,good job,5,2026-08-20,Google Play,Customer Review,https://play.google.com/store/apps/details?id=com.jumia.android&hl=en&gl=ng
d4c8ca8a-9e1f-4e94-9474-19736846bb83,Jumia,Perfect 👍💯I really like the items of Jumia,5,2026-08-20,Google Play,Customer Review,https://play.google.com/store/apps/details?id=com.jumia.android&hl=en&gl=ng
aa3cbc89-bc60-41fd-b4db-bd645cb523ca,Jumia,"i so much love this site, i never regret buying anything from jumia very reliable and fast in delivery, i rate the site 5 stars",5,2026-08-20,Google Play,Customer Review,https://play.google.com/store/apps/details?id=com.jumia.android&hl=en&gl=ng
67a6d1b3-000d-4fbb-b486-12a25c88e49d,Jumia,easy to use,5,2026-08-20,Google Play,Customer Review,https://play.google.com/store/apps/details?id=com.jumia.android&hl=en&gl=ng
85a473f3-19bc-47b2-b9a2-7fcedcd7a7d6,Jumia,Best Among the Rest,5,2026-08-20,Google Play,Customer Review,https://play.google.com/store/apps/details?id=com.jumia.android&hl=en&gl=ng
66cae15e-ab4a-40d0-8ecd-a41ba3bb60b6,Jumia,very good app,5,2026-08-20,Google Play,Customer Review,https://play.google.com/store/apps/details?id=com.jumia.android&hl=en&gl=ng
966c086f-5db8-4417-8b66-7e14af5cfa3a,Jumia,best online shop,5,2026-08-20,Google Play,Customer Review,https://play.google.com/store/apps/details?id=com.jumia.android&hl=en&gl=ng
a5c1b2e7-dd2c-4254-be3a-3cf512c202ed,Jumia,thank you,5,2026-08-20,Google Play,Customer Review,https://play.google.com/store/apps/details?id=com.jumia.android&hl=en&gl=ng
30d7049d-71b1-480d-bf25-60d998051a9e,Jumia,simply the best,5,2026-08-20,Google Play,Customer Review,https://play.google.com/store/apps/details?id=com.jumia.android&hl=en&gl=ng
d7d2a222-9d2a-49a2-aa8f-f1d98fb31c96,Jumia,you guys are the best 👍,5,2026-08-20,Google Play,Customer Review,https://play.google.com/store/apps/details?id=com.jumia.android&hl=en&gl=ng
ad2a179a-0e00-4e22-83c7-4da7afcaefba,Jumia,Jumia is a nice place to make Ur order,5,2026-08-20,Google Play,Customer Review,https://play.google.com/store/apps/details?id=com.jumia.android&hl=en&gl=ng
1078d48d-b0f4-4e5a-9424-9ccf2a62c829,Jumia,good,5,2026-08-20,Google Play,Customer Review,https://play.google.com/store/apps/details?id=com.jumia.android&hl=en&gl=ng
8b48920f-f737-4ea3-8848-54633343f089,Jumia,quick and easy,1,2026-08-20,Google Play,Customer Review,https://play.google.com/store/apps/details?id=com.jumia.android&hl=en&gl=ng
77b34c1e-e387-4472-96b8-26ff463bc872,Jumia,Nice 🙂,5,2026-08-20,Google Play,Customer Review,https://play.google.com/store/apps/details?id=com.jumia.android&hl=en&gl=ng
9093fba2-85a0-4c79-9779-68897c180796,Jumia,very nice,5,2026-08-20,Google Play,Customer Review,https://play.google.com/store/apps/details?id=com.jumia.android&hl=en&gl=ng
80fe5b6e-8269-4a8e-bbae-4af076048f0f,Jumia,best online shop ever😍🤩🔥🔥,5,2026-08-20,Google Play,Customer Review,https://play.google.com/store/apps/details?id=com.jumia.android&hl=en&gl=ng
740709b0-6e92-4f36-a479-082fd163fd5a,Jumia,it has one of the quality products,5,2026-08-20,Google Play,Customer Review,https://play.google.com/store/apps/details?id=com.jumia.android&hl=en&gl=ng
f679316c-d809-470e-828f-e4a5e3adbb17,Jumia,Best online shopping app,5,2026-08-20,Google Play,Customer Review,https://play.google.com/store/apps/details?id=com.jumia.android&hl=en&gl=ng
6b8ee318-3b74-46ab-8492-bea782474206,Jumia,المفروض يسموها شركه الاعتذار مش جوميا عشان كل ما اطلب اوردر يتأخر و كل إلي عند خدمه العملاء إحنا بنعتذر جدا شطار آوي في الاعتذار بس,1,2026-08-20,Google Play,Customer Review,https://play.google.com/store/apps/details?id=com.jumia.android&hl=en&gl=ng
8d700c1b-7797-4123-bc86-10d65501698f,Jumia,it is the best shoping app,5,2026-08-20,Google Play,Customer Review,https://play.google.com/store/apps/details?id=com.jumia.android&hl=en&gl=ng
2aaccdef-167e-4cd0-a9d0-907298f6e029,Jumia,Sample Shopping 🤜🏿💪🏿,5,2026-08-20,Google Play,Customer Review,https://play.google.com/store/apps/details?id=com.jumia.android&hl=en&gl=ng
f358174f-918e-4271-8d03-9bf01aa82f2a,Jumia,Not good tried ordering something and then after payment by Mpesa I get an email saying order has cancelled because payment was not completed (mind you I even Got an Mpesa message confirming my payment so stressful 😒😒 worst app ever),1,2026-08-20,Google Play,Customer Review,https://play.google.com/store/apps/details?id=com.jumia.android&hl=en&gl=ng
cf18de50-a0e3-4d4d-bd61-7945f4691b60,Jumia,jumia is the best shopping app online,5,2026-08-20,Google Play,Customer Review,https://play.google.com/store/apps/details?id=com.jumia.android&hl=en&gl=ng
9c089247-8bb7-4d9d-8de9-0888d58b4c57,Jumia,this nice 👍🙂🙂🙂 oh my God 😂😂🤩😂😂😂🤩😂😂😂😂😂🤩😂🤩🤩🤩😂🤩🤩,5,2026-08-20,Google Play,Customer Review,https://play.google.com/store/apps/details?id=com.jumia.android&hl=en&gl=ng
379bb462-4dd9-4838-89eb-853a67e4e919,Jumia,Very affordbliiiuprisies,5,2026-08-20,Google Play,Customer Review,https://play.google.com/store/apps/details?id=com.jumia.android&hl=en&gl=ng
15b668dc-9e87-491e-97b5-bf125dd711ae,Jumia,Fast and reliable,5,2026-08-20,Google Play,Customer Review,https://play.google.com/store/apps/details?id=com.jumia.android&hl=en&gl=ng
3d5ed84c-c47b-4361-8494-73546e146b6f,Jumia,good 👍👍👍👍👍👍👍👍👍👍👍👍👍👍👍👍👍👍👍👍👍👍👍👍👍👍👍👍👍👍👍👍👍👍👍👍👍👍👍👍👍👍👍👍👍👍👍👍👍👍👍👍,5,2026-08-20,Google Play,Customer Review,https://play.google.com/store/apps/details?id=com.jumia.android&hl=en&gl=ng
de0f9258-a1ae-41b6-b365-b13ea5570851,Jumia,Trusted,5,2026-08-20,Google Play,Customer Review,https://play.google.com/store/apps/details?id=com.jumia.android&hl=en&gl=ng
f5d21d61-3665-4281-9259-e854f3058738,Jumia,good,5,2026-08-20,Google Play,Customer Review,https://play.google.com/store/apps/details?id=com.jumia.android&hl=en&gl=ng
de2e4820-9105-4b5f-ba88-3c1de65028d2,Jumia,superb🎉✅️,5,2026-08-20,Google Play,Customer Review,https://play.google.com/store/apps/details?id=com.jumia.android&hl=en&gl=ng
88ad2d5d-33e6-473f-8149-2f0032c0be83,Jumia,These services are satisfying,4,2026-08-20,Google Play,Customer Review,https://play.google.com/store/apps/details?id=com.jumia.android&hl=en&gl=ng
035bbbf5-c3a4-483d-89fa-4643a99c95e8,Jumia,GOOD WORK,5,2026-08-20,Google Play,Customer Review,https://play.google.com/store/apps/details?id=com.jumia.android&hl=en&gl=ng
9b605854-6254-410d-b59d-8a520c389f5e,Jumia,nice,3,2026-08-20,Google Play,Customer Review,https://play.google.com/store/apps/details?id=com.jumia.android&hl=en&gl=ng
cf357888-a3ff-4456-b4a0-a0a934fce646,Jumia,I love jumai,5,2026-08-20,Google Play,Customer Review,https://play.google.com/store/apps/details?id=com.jumia.android&hl=en&gl=ng
f61deec9-05d2-46ca-9f62-ee2c385637c2,Jumia,Great,4,2026-08-20,Google Play,Customer Review,https://play.google.com/store/apps/details?id=com.jumia.android&hl=en&gl=ng
5aa544ad-78ad-493c-96e1-51dcd815a220,Jumia,Well detailed and trusted,4,2026-08-20,Google Play,Customer Review,https://play.google.com/store/apps/details?id=com.jumia.android&hl=en&gl=ng
2b3735f7-6f1b-43fc-b200-3e03328351b4,Jumia,Good 👍,4,2026-08-20,Google Play,Customer Review,https://play.google.com/store/apps/details?id=com.jumia.android&hl=en&gl=ng
d25f200d-acf2-4951-86f9-1430edc4377b,Jumia,you are filtering customers reviews of products. you no longer post negative reviews especially when customers write a complaint of a product and they were cheated. you deny your customers right to know that some sellers are not trustworthy.,2,2026-08-20,Google Play,Customer Review,https://play.google.com/store/apps/details?id=com.jumia.android&hl=en&gl=ng
90d167fc-1357-48de-bb03-a76b0b76ed8c,Jumia,jumia is a very good place to place an order and delivery is so good,5,2026-08-20,Google Play,Customer Review,https://play.google.com/store/apps/details?id=com.jumia.android&hl=en&gl=ng
f07c381b-da2d-4415-9cd8-92eb9993297d,Jumia,reliable,1,2026-08-20,Google Play,Customer Review,https://play.google.com/store/apps/details?id=com.jumia.android&hl=en&gl=ng
3411ded5-8f46-4f49-8d91-1ca318a0380a,Jumia,very reliable,3,2026-08-20,Google Play,Customer Review,https://play.google.com/store/apps/details?id=com.jumia.android&hl=en&gl=ng
7838edbd-7493-481e-8e46-aba3d1a9804f,Jumia,very good,5,2026-08-20,Google Play,Customer Review,https://play.google.com/store/apps/details?id=com.jumia.android&hl=en&gl=ng
c5211c5b-8d30-4ea6-92d4-cc4c53229887,Jumia,"Shipping is no longer free for express products with the momo pay option. I used to get up to a GHS 50 offer that most at times cancelled out my shipping fees. Since last week, I haven't seen the offer for the products I have in my cart.",2,2026-08-20,Google Play,Customer Review,https://play.google.com/store/apps/details?id=com.jumia.android&hl=en&gl=ng
8a22f042-7c34-4f94-bb80-1aacd8c1c997,Jumia,"it's good shopping with jumia, but the Ads comes every time wn ur trying to check something, everytime they bring, how yo add Cart and welcome aboard, those two ads have annoyed me walai",4,2026-08-20,Google Play,Customer Review,https://play.google.com/store/apps/details?id=com.jumia.android&hl=en&gl=ng
8a2dbd47-a81c-4ac6-a697-d825d3bd2e61,Jumia,exceptional,5,2026-08-20,Google Play,Customer Review,https://play.google.com/store/apps/details?id=com.jumia.android&hl=en&gl=ng
91248b4b-34ba-440d-a358-16dde7e3b32d,Jumia,placing an order is harder,2,2026-08-20,Google Play,Customer Review,https://play.google.com/store/apps/details?id=com.jumia.android&hl=en&gl=ng
b1538b5c-2e1f-4fec-92db-4b996c37ffd2,Jumia,This is a good app fast delivery,1,2026-08-20,Google Play,Customer Review,https://play.google.com/store/apps/details?id=com.jumia.android&hl=en&gl=ng
0e8f74b2-5d01-4ab8-a51d-2f54535c4698,Jumia,good experience here,5,2026-08-20,Google Play,Customer Review,https://play.google.com/store/apps/details?id=com.jumia.android&hl=en&gl=ng
bbf769f1-835c-4ec9-a840-779faae967da,Jumia,good,4,2026-08-20,Google Play,Customer Review,https://play.google.com/store/apps/details?id=com.jumia.android&hl=en&gl=ng
a4bb589f-9414-41a3-8442-02ab2f8363b2,Jumia,Jumia is still the best,5,2026-08-20,Google Play,Customer Review,https://play.google.com/store/apps/details?id=com.jumia.android&hl=en&gl=ng
1c310824-718a-4e30-9967-4c1a26a79def,Jumia,I think this app is the most reliable app for shopping,5,2026-08-20,Google Play,Customer Review,https://play.google.com/store/apps/details?id=com.jumia.android&hl=en&gl=ng
8eea4860-d6b8-4192-8f66-fbeeccf4d502,Jumia,Jumia is not just reliable but extremely reliable. I get my orders on time as expected and I've never gotten anything different from what I ordered. I looooove it ❤️,5,2026-08-19,Google Play,Customer Review,https://play.google.com/store/apps/details?id=com.jumia.android&hl=en&gl=ng
d76a580b-25b1-4cab-8219-7e04f55545e7,Jumia,bad when it comes to gadget,5,2026-08-19,Google Play,Customer Review,https://play.google.com/store/apps/details?id=com.jumia.android&hl=en&gl=ng
26c438d5-7291-4660-aaa1-61772e0bfe73,Jumia,cool,3,2026-08-19,Google Play,Customer Review,https://play.google.com/store/apps/details?id=com.jumia.android&hl=en&gl=ng
3414f4fb-1da3-4119-a36d-51d2e7e150a6,Jumia,"I'm enjoying using jumia since 2021 till now, Very easy to place order, I'm even enjoying massive discounts 😊❤️❤️",5,2026-08-19,Google Play,Customer Review,https://play.google.com/store/apps/details?id=com.jumia.android&hl=en&gl=ng
c9a4c011-ad94-42d1-8582-9a74cdd84663,Jumia,great,5,2026-08-19,Google Play,Customer Review,https://play.google.com/store/apps/details?id=com.jumia.android&hl=en&gl=ng
f6f6a2a3-b58a-4215-8cf5-6b65648ae1aa,Jumia,good,4,2026-08-19,Google Play,Customer Review,https://play.google.com/store/apps/details?id=com.jumia.android&hl=en&gl=ng
4c1b35ec-0197-43d6-9d80-09c519d23dd7,Jumia,it works,3,2026-08-19,Google Play,Customer Review,https://play.google.com/store/apps/details?id=com.jumia.android&hl=en&gl=ng
5e50449d-8fad-491e-9b7f-033d50ef8662,Jumia,good,5,2026-08-19,Google Play,Customer Review,https://play.google.com/store/apps/details?id=com.jumia.android&hl=en&gl=ng
cef8e972-16c0-4b05-906e-686f49e0acf9,Jumia,good,5,2026-08-19,Google Play,Customer Review,https://play.google.com/store/apps/details?id=com.jumia.android&hl=en&gl=ng
f801c792-2426-4f9c-93bc-43a8e41b8480,Jumia,I really like this app,4,2026-08-19,Google Play,Customer Review,https://play.google.com/store/apps/details?id=com.jumia.android&hl=en&gl=ng
181f374e-d69e-4066-8118-771ae8c7ed8d,Jumia,very smooth and easy to make orders,4,2026-08-19,Google Play,Customer Review,https://play.google.com/store/apps/details?id=com.jumia.android&hl=en&gl=ng
0ace2439-e79e-4632-89b1-6a0b9367def4,Jumia,Superb products,4,2026-08-19,Google Play,Customer Review,https://play.google.com/store/apps/details?id=com.jumia.android&hl=en&gl=ng
6dd9c656-530b-4de6-8bb8-dc63e9b4a27d,Jumia,I will always recommend ordering from Jumia😁,5,2026-08-19,Google Play,Customer Review,https://play.google.com/store/apps/details?id=com.jumia.android&hl=en&gl=ng
bb2e0a5a-91aa-4506-982f-9643fd567b58,Jumia,reliable,5,2026-08-19,Google Play,Customer Review,https://play.google.com/store/apps/details?id=com.jumia.android&hl=en&gl=ng
c23d0a88-6458-4186-878a-6e36c7c34663,Jumia,Some things are just fake and not durable especially electrics and clothes.,1,2026-08-19,Google Play,Customer Review,https://play.google.com/store/apps/details?id=com.jumia.android&hl=en&gl=ng
e5ab54a8-72be-4889-83d8-d4a3fde05713,Jumia,very good buh some products are more expensive than market price,4,2026-08-19,Google Play,Customer Review,https://play.google.com/store/apps/details?id=com.jumia.android&hl=en&gl=ng
cace8e57-0ad5-4a51-93c9-82df0bdc1b76,Jumia,so good to use,5,2026-08-19,Google Play,Customer Review,https://play.google.com/store/apps/details?id=com.jumia.android&hl=en&gl=ng
e7d69cd6-35a1-4313-abdc-1e34874ba490,Jumia,I love ordering from Jumia because it's the best app ever,5,2026-08-19,Google Play,Customer Review,https://play.google.com/store/apps/details?id=com.jumia.android&hl=en&gl=ng
e1d19ec1-fa11-4d42-9e6f-ae82fa4210ab,Jumia,good,4,2026-08-19,Google Play,Customer Review,https://play.google.com/store/apps/details?id=com.jumia.android&hl=en&gl=ng
763bca12-a3a2-43b5-88a8-4318c7c29ec4,Jumia,convenient and easiest compared with other merchant platform.,5,2026-08-19,Google Play,Customer Review,https://play.google.com/store/apps/details?id=com.jumia.android&hl=en&gl=ng
19f0ef33-e08f-4e31-b939-4e9bf3d1df8e,Jumia,Always the best 🛵,5,2026-08-19,Google Play,Customer Review,https://play.google.com/store/apps/details?id=com.jumia.android&hl=en&gl=ng
7cef72ea-2004-4aec-998f-7ec182d67af6,Jumia,Jumia you have make my day bright 🌞 ✨️ you are the best online shopping 🛍 in Ghana 🇬🇭 Jumia my last question is that when you Cancelled an Order please bring delate box so that we can delete it ...,5,2026-08-19,Google Play,Customer Review,https://play.google.com/store/apps/details?id=com.jumia.android&hl=en&gl=ng
c2f7ad36-d071-4f57-9551-d4c9b2b6a88b,Jumia,jumia is the best shopping place online,4,2026-08-19,Google Play,Customer Review,https://play.google.com/store/apps/details?id=com.jumia.android&hl=en&gl=ng
ba859c3f-f3e4-411f-b448-ab5d3c6027e8,Jumia,more then 5stars,5,2026-08-19,Google Play,Customer Review,https://play.google.com/store/apps/details?id=com.jumia.android&hl=en&gl=ng
414149a7-9b0a-4275-8c82-447f72a0471d,Jumia,excellent,5,2026-08-19,Google Play,Customer Review,https://play.google.com/store/apps/details?id=com.jumia.android&hl=en&gl=ng
5ef210c2-8df8-4820-8553-b3e77afb355f,Jumia,i just love it,5,2026-08-19,Google Play,Customer Review,https://play.google.com/store/apps/details?id=com.jumia.android&hl=en&gl=ng
63b28e54-87c4-4f82-9eb0-831e663b69bd,Jumia,"good delivery service....but the delivery fee is outrageous. I mean, charging for 1 item is okay...but let's say I purchase 5 or multiple items in a single order, each item has a delivery fee and they're summed making the total delivery feel outrageous! Maybe you could just make the sum an average and that will be fine",2,2026-08-19,Google Play,Customer Review,https://play.google.com/store/apps/details?id=com.jumia.android&hl=en&gl=ng
2eaa91ab-8df7-48f7-8eac-c13d372fe1bb,Jumia,is good to use jumia...Jumia!!! You Do All.,4,2026-08-19,Google Play,Customer Review,https://play.google.com/store/apps/details?id=com.jumia.android&hl=en&gl=ng
c0b79956-b3c7-4b8c-b424-79116e5b067f,Jumia,amazing app,5,2026-08-19,Google Play,Customer Review,https://play.google.com/store/apps/details?id=com.jumia.android&hl=en&gl=ng
487a7128-9591-444c-98c5-cd650de9ffa2,Jumia,love it,5,2026-08-19,Google Play,Customer Review,https://play.google.com/store/apps/details?id=com.jumia.android&hl=en&gl=ng
5529826b-1fb8-4474-a4cb-aa7182395526,Jumia,Jumia is 100% rated in terms of trust and quality delivery products,5,2026-08-19,Google Play,Customer Review,https://play.google.com/store/apps/details?id=com.jumia.android&hl=en&gl=ng
436a584b-1fd4-47cc-8fb6-bc7975b4b6bb,Jumia,the best,5,2026-08-19,Google Play,Customer Review,https://play.google.com/store/apps/details?id=com.jumia.android&hl=en&gl=ng
2d21cd48-7925-4792-bcc0-6476a7523088,Jumia,"what do you mean, I can't have home delivery",3,2026-08-19,Google Play,Customer Review,https://play.google.com/store/apps/details?id=com.jumia.android&hl=en&gl=ng
34ea67dc-b3c7-41e8-b3be-a0f05b16d0ab,Jumia,Y'all if you are not using jumia.. you are missing a lot 🤗😎,5,2026-08-19,Google Play,Customer Review,https://play.google.com/store/apps/details?id=com.jumia.android&hl=en&gl=ng
cb5ae3af-ba76-4fd4-adff-8c1518957bce,Jumia,"it's a very nice app, fast delivery and affordable to buy",5,2026-08-19,Google Play,Customer Review,https://play.google.com/store/apps/details?id=com.jumia.android&hl=en&gl=ng
771da32d-5643-4003-84bc-b4dbe950f880,Jumia,Beautiful,5,2026-08-19,Google Play,Customer Review,https://play.google.com/store/apps/details?id=com.jumia.android&hl=en&gl=ng
91da687e-b9c6-4d46-9749-65fcd7030e79,Jumia,my best shopping app. Easy and smooth to navigate,4,2026-08-19,Google Play,Customer Review,https://play.google.com/store/apps/details?id=com.jumia.android&hl=en&gl=ng
9791a211-8a07-4d10-899e-6892355b6068,Jumia,very nice,5,2026-08-19,Google Play,Customer Review,https://play.google.com/store/apps/details?id=com.jumia.android&hl=en&gl=ng
2af8d1dd-07d0-4b3d-8124-ab19cfe2fc7f,Jumia,good service,5,2026-08-19,Google Play,Customer Review,https://play.google.com/store/apps/details?id=com.jumia.android&hl=en&gl=ng
4cea06f9-20fc-40a0-ab7a-56f658c6f0dc,Jumia,slow in delivery. don't deliver on the set date.,1,2026-08-19,Google Play,Customer Review,https://play.google.com/store/apps/details?id=com.jumia.android&hl=en&gl=ng
868051f6-9076-4aae-87b5-39d765b0348f,Jumia,very reliable,2,2026-08-19,Google Play,Customer Review,https://play.google.com/store/apps/details?id=com.jumia.android&hl=en&gl=ng
438afda3-5c9d-4d77-a9be-4112c7ad6322,Jumia,quality market,5,2026-08-19,Google Play,Customer Review,https://play.google.com/store/apps/details?id=com.jumia.android&hl=en&gl=ng
f667465e-daf6-4086-b42a-48ce855dda44,Jumia,is a gud campany,5,2026-08-19,Google Play,Customer Review,https://play.google.com/store/apps/details?id=com.jumia.android&hl=en&gl=ng
b7d19b4d-eda3-460f-93a3-7314bbef8b45,Jumia,every efficient,4,2026-08-19,Google Play,Customer Review,https://play.google.com/store/apps/details?id=com.jumia.android&hl=en&gl=ng
f87db5b8-e958-407f-a60b-8a03f49489e9,Jumia,satisfied,4,2026-08-19,Google Play,Customer Review,https://play.google.com/store/apps/details?id=com.jumia.android&hl=en&gl=ng
c5eae242-ed1e-41e9-bacf-2e37446fa4e8,Jumia,you people don't patronise customers giving them gifts after ordering,5,2026-08-19,Google Play,Customer Review,https://play.google.com/store/apps/details?id=com.jumia.android&hl=en&gl=ng
fa5606bb-c851-430b-b6c0-e90c40a649d3,Jumia,quick on delivery I appreciate it,5,2026-08-19,Google Play,Customer Review,https://play.google.com/store/apps/details?id=com.jumia.android&hl=en&gl=ng
856b7d00-f48e-4305-99cb-04d57424bc96,Jumia,some items are not what you ordered and they are not refundable,3,2026-08-19,Google Play,Customer Review,https://play.google.com/store/apps/details?id=com.jumia.android&hl=en&gl=ng
600ca50d-5a29-4939-8ce0-d6c1b8890a25,Jumia,a easy way to order,5,2026-08-19,Google Play,Customer Review,https://play.google.com/store/apps/details?id=com.jumia.android&hl=en&gl=ng
710b9e57-e919-4cbf-9fe2-b682602190e5,Jumia,not yet trust you bro,1,2026-08-19,Google Play,Customer Review,https://play.google.com/store/apps/details?id=com.jumia.android&hl=en&gl=ng
af729935-d870-4796-8ca5-f493b8feb395,Jumia,Thank you very much,5,2026-08-19,Google Play,Customer Review,https://play.google.com/store/apps/details?id=com.jumia.android&hl=en&gl=ng
8c14c9f5-46ed-4c5e-9312-45d932aaa84a,Jumia,Best plartform,5,2026-08-19,Google Play,Customer Review,https://play.google.com/store/apps/details?id=com.jumia.android&hl=en&gl=ng
843a3ffa-8753-42de-9ac5-4d4245865fdf,Jumia,something are taking lots of days to be delivered yet they are just few hours away,4,2026-08-19,Google Play,Customer Review,https://play.google.com/store/apps/details?id=com.jumia.android&hl=en&gl=ng
c642bb91-0eca-418d-9103-a957f6449f79,Jumia,Good,5,2026-08-19,Google Play,Customer Review,https://play.google.com/store/apps/details?id=com.jumia.android&hl=en&gl=ng
a759ff24-28a9-4332-985e-f93b6d7497e1,Jumia,it was difficult accessing the order. very stressful,1,2026-08-19,Google Play,Customer Review,https://play.google.com/store/apps/details?id=com.jumia.android&hl=en&gl=ng
9e1103c5-776c-4ae4-acce-509b10ce1714,Jumia,you are the best,5,2026-08-19,Google Play,Customer Review,https://play.google.com/store/apps/details?id=com.jumia.android&hl=en&gl=ng
0d136b87-ae68-4b54-9007-b0054ffc5143,Jumia,i think jumia deals in all necessities,5,2026-08-19,Google Play,Customer Review,https://play.google.com/store/apps/details?id=com.jumia.android&hl=en&gl=ng
763610e8-3e53-4b63-a7f9-4619bcfdde6f,Jumia,Things in this app are too expensive imagine a plane shirts costing more than an iPhone xsmax,1,2026-08-19,Google Play,Customer Review,https://play.google.com/store/apps/details?id=com.jumia.android&hl=en&gl=ng
7ea2a50d-fdaf-4aeb-9317-8234f89d23c4,Jumia,Best App,5,2026-08-19,Google Play,Customer Review,https://play.google.com/store/apps/details?id=com.jumia.android&hl=en&gl=ng
2869f20e-bdb2-45a8-b59a-852b9e268266,Jumia,I like it,5,2026-08-19,Google Play,Customer Review,https://play.google.com/store/apps/details?id=com.jumia.android&hl=en&gl=ng
fcf5e876-2424-434e-82ca-45c3b9d5e1e8,Jumia,This is amazing experience,5,2026-08-19,Google Play,Customer Review,https://play.google.com/store/apps/details?id=com.jumia.android&hl=en&gl=ng
4ef93496-c91b-4234-b206-39fce1c73707,Jumia,Reliable,5,2026-08-19,Google Play,Customer Review,https://play.google.com/store/apps/details?id=com.jumia.android&hl=en&gl=ng
f817c1fd-48db-48ac-a2b6-3456ecca08c6,Jumia,My first time trying it ..,5,2026-08-19,Google Play,Customer Review,https://play.google.com/store/apps/details?id=com.jumia.android&hl=en&gl=ng
3302b9db-dbaa-4ef5-8932-0ae41075fe2e,Jumia,good,5,2026-08-19,Google Play,Customer Review,https://play.google.com/store/apps/details?id=com.jumia.android&hl=en&gl=ng
ba5ff5ce-3ff0-42b5-ba27-ae275d2aa4cb,Jumia,good,5,2026-08-19,Google Play,Customer Review,https://play.google.com/store/apps/details?id=com.jumia.android&hl=en&gl=ng
a5827be2-92c7-4d71-a4cf-7a631fedefb4,Jumia,OK thanks 😊,5,2026-08-18,Google Play,Customer Review,https://play.google.com/store/apps/details?id=com.jumia.android&hl=en&gl=ng
7e34fbd1-4ce9-468b-8a84-c975ae61c1e5,Jumia,Good and reliable,4,2026-08-18,Google Play,Customer Review,https://play.google.com/store/apps/details?id=com.jumia.android&hl=en&gl=ng
1e81bd3f-c467-4cb7-87bc-c1dc0c217b29,Jumia,best in this,5,2026-08-18,Google Play,Customer Review,https://play.google.com/store/apps/details?id=com.jumia.android&hl=en&gl=ng
f4e0a10a-65e4-46b8-aa2a-5ec9eaeb247b,Jumia,Authentic and Trustworthy,5,2026-08-18,Google Play,Customer Review,https://play.google.com/store/apps/details?id=com.jumia.android&hl=en&gl=ng
5083a3de-9a07-4c0c-819c-07e9f798eb84,Jumia,Just started using the app. I'll give more feedback soon,3,2026-08-18,Google Play,Customer Review,https://play.google.com/store/apps/details?id=com.jumia.android&hl=en&gl=ng
2ae0164f-9f49-4297-b82c-c642517d6412,Jumia,Great,5,2026-08-18,Google Play,Customer Review,https://play.google.com/store/apps/details?id=com.jumia.android&hl=en&gl=ng
9adb5b35-e75f-4bd2-8d58-04f6bfdc3e7b,Jumia,reliable market,5,2026-08-18,Google Play,Customer Review,https://play.google.com/store/apps/details?id=com.jumia.android&hl=en&gl=ng
ec5e0688-afbd-43e5-bace-17317f2ecaef,Jumia,good,3,2026-08-18,Google Play,Customer Review,https://play.google.com/store/apps/details?id=com.jumia.android&hl=en&gl=ng
b8ae8f71-8b4e-48b3-9bb4-7a4599e1b7ae,Jumia,Good,5,2026-08-18,Google Play,Customer Review,https://play.google.com/store/apps/details?id=com.jumia.android&hl=en&gl=ng
b65e19a6-52a2-454c-8b44-3fffbf726a09,Jumia,well served.,5,2026-08-18,Google Play,Customer Review,https://play.google.com/store/apps/details?id=com.jumia.android&hl=en&gl=ng
27889d8a-f0da-4e73-83b3-0896af98b080,Jumia,this is the best app for online shopping,5,2026-08-18,Google Play,Customer Review,https://play.google.com/store/apps/details?id=com.jumia.android&hl=en&gl=ng
d4531a5f-bdb3-4e50-a54c-90587507dcc7,Jumia,you can count on jumia,5,2026-08-18,Google Play,Customer Review,https://play.google.com/store/apps/details?id=com.jumia.android&hl=en&gl=ng
d7e2bee2-c46f-448f-a72d-dfa59d571f3d,Jumia,very good,3,2026-08-18,Google Play,Customer Review,https://play.google.com/store/apps/details?id=com.jumia.android&hl=en&gl=ng
d6b02bd7-c2a7-4981-94ee-5075352d2292,Jumia,they don't give full cash back on returned items but their products are affordable and it has quality,3,2026-08-18,Google Play,Customer Review,https://play.google.com/store/apps/details?id=com.jumia.android&hl=en&gl=ng
8beeae3d-028b-413f-b78e-b6ae5271d899,Jumia,i love. jumia,4,2026-08-18,Google Play,Customer Review,https://play.google.com/store/apps/details?id=com.jumia.android&hl=en&gl=ng
c49421ea-3986-470d-ab8c-c6e8763379c4,Jumia,a very reliable store 👏 👌 👍 🙌 😀 😊,5,2026-08-18,Google Play,Customer Review,https://play.google.com/store/apps/details?id=com.jumia.android&hl=en&gl=ng
5ae5b59a-0d00-405f-ab79-e627f076f457,Jumia,It's ok,5,2026-08-18,Google Play,Customer Review,https://play.google.com/store/apps/details?id=com.jumia.android&hl=en&gl=ng
0c7d33d0-f3af-4fd4-9995-909a5e5ca257,Jumia,this is cool 😎,4,2026-08-18,Google Play,Customer Review,https://play.google.com/store/apps/details?id=com.jumia.android&hl=en&gl=ng
9fa8afe0-e0e6-4615-b90f-99a8116d8973,Jumia,poor quality of product,1,2026-08-18,Google Play,Customer Review,https://play.google.com/store/apps/details?id=com.jumia.android&hl=en&gl=ng
e66b1bd2-e11c-421e-8e09-8a269ee4671c,Jumia,Good,5,2026-08-18,Google Play,Customer Review,https://play.google.com/store/apps/details?id=com.jumia.android&hl=en&gl=ng
11de81fb-b802-4ee6-9342-feb74c048aae,Jumia,great,5,2026-08-18,Google Play,Customer Review,https://play.google.com/store/apps/details?id=com.jumia.android&hl=en&gl=ng
e551cee0-3b29-4440-bc68-0a5ce6bf1309,Jumia,use jumia and control con men please its the best,5,2026-08-18,Google Play,Customer Review,https://play.google.com/store/apps/details?id=com.jumia.android&hl=en&gl=ng
6bef37dc-3a76-4fbf-aa96-7434fbe0a5af,Jumia,it's the only trusted online shopping mall,5,2026-08-18,Google Play,Customer Review,https://play.google.com/store/apps/details?id=com.jumia.android&hl=en&gl=ng
f93e84fa-60ba-42a6-8c30-4d7a366d7d84,Jumia,Its convenient,5,2026-08-18,Google Play,Customer Review,https://play.google.com/store/apps/details?id=com.jumia.android&hl=en&gl=ng
45e94267-7a13-4076-860a-e3b82f053a59,Jumia,the best app ever,5,2026-08-18,Google Play,Customer Review,https://play.google.com/store/apps/details?id=com.jumia.android&hl=en&gl=ng
9ff34ef7-4367-415e-b5d5-50e1bd79da9a,Jumia,good,4,2026-08-18,Google Play,Customer Review,https://play.google.com/store/apps/details?id=com.jumia.android&hl=en&gl=ng
331a4176-74e5-4b39-b066-283e0665eae5,Jumia,quality plus delivery timeline matters 🙏,3,2026-08-18,Google Play,Customer Review,https://play.google.com/store/apps/details?id=com.jumia.android&hl=en&gl=ng
39ea2709-c50b-42fc-8332-2550713f0488,Jumia,dependable,5,2026-08-18,Google Play,Customer Review,https://play.google.com/store/apps/details?id=com.jumia.android&hl=en&gl=ng
9478211d-dbcf-4c37-91fe-d171dab74185,Jumia,amazing,5,2026-08-18,Google Play,Customer Review,https://play.google.com/store/apps/details?id=com.jumia.android&hl=en&gl=ng
36bbca3f-1e28-40b8-9e44-b02eaca83537,Jumia,good app shop well,4,2026-08-18,Google Play,Customer Review,https://play.google.com/store/apps/details?id=com.jumia.android&hl=en&gl=ng
07789b21-7b43-4b57-9232-9dd77e269d9d,Jumia,good,5,2026-08-18,Google Play,Customer Review,https://play.google.com/store/apps/details?id=com.jumia.android&hl=en&gl=ng
f8b92c0c-bef2-4645-bd51-1dd28310ee9e,Jumia,wow 😋,5,2026-08-18,Google Play,Customer Review,https://play.google.com/store/apps/details?id=com.jumia.android&hl=en&gl=ng
4f54eb0f-db9d-4ea1-8b37-fda969188091,Jumia,It's cool,5,2026-08-18,Google Play,Customer Review,https://play.google.com/store/apps/details?id=com.jumia.android&hl=en&gl=ng
1ac201f6-e410-4c85-9974-542a1aed68e0,Jumia,good,1,2026-08-18,Google Play,Customer Review,https://play.google.com/store/apps/details?id=com.jumia.android&hl=en&gl=ng
53cea98b-729f-414c-81e9-5bc4bc1724c3,Jumia,good,5,2026-08-18,Google Play,Customer Review,https://play.google.com/store/apps/details?id=com.jumia.android&hl=en&gl=ng
5b458a69-e4b3-475f-899c-3147d7e1397e,Jumia,easy to use,4,2026-08-18,Google Play,Customer Review,https://play.google.com/store/apps/details?id=com.jumia.android&hl=en&gl=ng
52eae305-3b96-4c50-a2ef-023c581c5a76,Jumia,very good and simple,4,2026-08-18,Google Play,Customer Review,https://play.google.com/store/apps/details?id=com.jumia.android&hl=en&gl=ng
e3ca807b-8c4b-457d-a764-db420e7796e9,Jumia,wonderful platform,5,2026-08-18,Google Play,Customer Review,https://play.google.com/store/apps/details?id=com.jumia.android&hl=en&gl=ng
f94961c6-d7ac-4ad7-9f0a-293c1033c9b3,Jumia,good service,5,2026-08-18,Google Play,Customer Review,https://play.google.com/store/apps/details?id=com.jumia.android&hl=en&gl=ng
be51876f-45e1-46aa-92e8-5c4a4ccf4dd0,Jumia,very efficient,5,2026-08-18,Google Play,Customer Review,https://play.google.com/store/apps/details?id=com.jumia.android&hl=en&gl=ng
3839ac5f-8a12-4acb-b2f4-b4c9368cc080,Jumia,the app is faster than browser,5,2026-08-18,Google Play,Customer Review,https://play.google.com/store/apps/details?id=com.jumia.android&hl=en&gl=ng
1f39e4a2-440d-431f-815c-48084b454421,Jumia,Quite reliable and easy refunding process🌼,4,2026-08-18,Google Play,Customer Review,https://play.google.com/store/apps/details?id=com.jumia.android&hl=en&gl=ng
9f72fae3-2318-40cc-b176-4925b4e293a6,Jumia,"Best online shopping app so far. it was on jumia, I realized some unknown brand has quality product with affordable price than the recognized brand that wanted to skin us alive. But always check review, before you make your final choice. I will be more than glad, if jumia can introduce pay by little plan. Una well done 👏",4,2026-08-18,Google Play,Customer Review,https://play.google.com/store/apps/details?id=com.jumia.android&hl=en&gl=ng
0f1e23b5-ab33-4f95-8faa-147079caf15f,Jumia,good,5,2026-08-18,Google Play,Customer Review,https://play.google.com/store/apps/details?id=com.jumia.android&hl=en&gl=ng
ed6c012f-73b8-41e9-acdb-f04b7ac8dcde,Jumia,Every good 😊😊😊,5,2026-08-18,Google Play,Customer Review,https://play.google.com/store/apps/details?id=com.jumia.android&hl=en&gl=ng
728426a9-1577-46ce-886e-c3319b2c2c7d,Jumia,great app but slow delivery process.,3,2026-08-18,Google Play,Customer Review,https://play.google.com/store/apps/details?id=com.jumia.android&hl=en&gl=ng
c413221a-616f-4d21-9af9-224c6701f578,Jumia,good,2,2026-08-18,Google Play,Customer Review,https://play.google.com/store/apps/details?id=com.jumia.android&hl=en&gl=ng
22351c06-1ad6-414e-95d8-eff3c54cb498,Jumia,excellent service,4,2026-08-18,Google Play,Customer Review,https://play.google.com/store/apps/details?id=com.jumia.android&hl=en&gl=ng
68323655-9493-4223-b370-e5bdc455a62b,Jumia,speedy delivery,5,2026-08-18,Google Play,Customer Review,https://play.google.com/store/apps/details?id=com.jumia.android&hl=en&gl=ng
5b48ca91-f32c-447c-9f1f-57b6b9270f84,Jumia,It's cool,5,2026-08-18,Google Play,Customer Review,https://play.google.com/store/apps/details?id=com.jumia.android&hl=en&gl=ng
db4425f6-9371-435d-aa85-5ad7bf8234c4,Jumia,excellent 👌,5,2026-08-18,Google Play,Customer Review,https://play.google.com/store/apps/details?id=com.jumia.android&hl=en&gl=ng
fb23bf14-2ee1-4a0a-8c26-cd15769a3f3e,Jumia,the best,5,2026-08-18,Google Play,Customer Review,https://play.google.com/store/apps/details?id=com.jumia.android&hl=en&gl=ng
241ee0e4-fd08-47c6-b863-3734a390ecd4,Jumia,good,5,2026-08-18,Google Play,Customer Review,https://play.google.com/store/apps/details?id=com.jumia.android&hl=en&gl=ng
b45db308-04b5-4ef4-82c9-9b0dd5fe994a,Jumia,good,5,2026-08-18,Google Play,Customer Review,https://play.google.com/store/apps/details?id=com.jumia.android&hl=en&gl=ng
5e722441-73d2-4349-8191-239cc93d2180,Jumia,good,3,2026-08-18,Google Play,Customer Review,https://play.google.com/store/apps/details?id=com.jumia.android&hl=en&gl=ng
aac3bcd2-f272-4112-8e8d-1f382735b9d5,Jumia,Good,5,2026-08-18,Google Play,Customer Review,https://play.google.com/store/apps/details?id=com.jumia.android&hl=en&gl=ng
3b470f15-625e-4177-ae71-c186adb121b7,Jumia,ممتاز,5,2026-08-18,Google Play,Customer Review,https://play.google.com/store/apps/details?id=com.jumia.android&hl=en&gl=ng
6eaf5361-9855-410e-9ab6-d55963e0e402,Jumia,Awesome app interface experience 👌🏾,5,2026-08-18,Google Play,Customer Review,https://play.google.com/store/apps/details?id=com.jumia.android&hl=en&gl=ng
8100eecb-7122-4895-88b1-8db226da8b30,Jumia,good,5,2026-08-18,Google Play,Customer Review,https://play.google.com/store/apps/details?id=com.jumia.android&hl=en&gl=ng
63e82b94-10af-4099-8acc-32d353d14431,Jumia,Thanks for doing business with you,4,2026-08-18,Google Play,Customer Review,https://play.google.com/store/apps/details?id=com.jumia.android&hl=en&gl=ng
9c00f35c-abc1-4b96-9a82-191bc7214d5b,Jumia,they are the best,5,2026-08-18,Google Play,Customer Review,https://play.google.com/store/apps/details?id=com.jumia.android&hl=en&gl=ng
ff568285-0cad-4737-b183-1d218fbec050,Jumia,"Good services, I like it",5,2026-08-18,Google Play,Customer Review,https://play.google.com/store/apps/details?id=com.jumia.android&hl=en&gl=ng
3e8413a2-7ca6-4520-9a0f-9f017129f7a0,Jumia,"Can't login to the app, It just keeps on loading forever no matter what I do",4,2026-08-18,Google Play,Customer Review,https://play.google.com/store/apps/details?id=com.jumia.android&hl=en&gl=ng
d64c9e73-465a-4f3c-ac3c-9981be9edd82,Jumia,Restocking most of your products takes too long. Work on it,4,2026-08-18,Google Play,Customer Review,https://play.google.com/store/apps/details?id=com.jumia.android&hl=en&gl=ng
20fc3bc5-c643-490d-b396-2307cf890150,Jumia,According to me it's the best online shopping application I've ever used.,5,2026-08-18,Google Play,Customer Review,https://play.google.com/store/apps/details?id=com.jumia.android&hl=en&gl=ng
01149703-3562-4171-b2cc-8e0e53a2fc24,Jumia,the app not open,5,2026-08-18,Google Play,Customer Review,https://play.google.com/store/apps/details?id=com.jumia.android&hl=en&gl=ng
1bbb7454-1cff-49e9-8db9-d5865bf15e1e,Jumia,very reliable,5,2026-08-18,Google Play,Customer Review,https://play.google.com/store/apps/details?id=com.jumia.android&hl=en&gl=ng
ab2f8b72-1a39-42a7-aae6-cfa17e17262b,Jumia,"mad mad mad, this app is just the best",5,2026-08-18,Google Play,Customer Review,https://play.google.com/store/apps/details?id=com.jumia.android&hl=en&gl=ng
bb3f4496-ac23-41e5-aa77-b36f4e5b0118,Jumia,иσт вα∂,5,2026-08-17,Google Play,Customer Review,https://play.google.com/store/apps/details?id=com.jumia.android&hl=en&gl=ng
7da5110f-9dde-4e2b-88dd-186deb534458,Jumia,great!!,3,2026-08-17,Google Play,Customer Review,https://play.google.com/store/apps/details?id=com.jumia.android&hl=en&gl=ng
f27c4ad5-995c-4fd6-b63d-6bdf05d88d99,Jumia,They're doing well,5,2026-08-17,Google Play,Customer Review,https://play.google.com/store/apps/details?id=com.jumia.android&hl=en&gl=ng
29013b30-e167-4725-87c0-964f92e61a08,Jumia,very good and nice,5,2026-08-17,Google Play,Customer Review,https://play.google.com/store/apps/details?id=com.jumia.android&hl=en&gl=ng
a777f086-f9ae-478b-ad69-6da185b3ddff,Jumia,great app,5,2026-08-17,Google Play,Customer Review,https://play.google.com/store/apps/details?id=com.jumia.android&hl=en&gl=ng
960651d3-5c51-483c-a470-86925665cb3c,Jumia,Good for buying things online,4,2026-08-17,Google Play,Customer Review,https://play.google.com/store/apps/details?id=com.jumia.android&hl=en&gl=ng
fdd362f1-fb80-4504-a703-b0a10f59fcf5,Jumia,"it's my 1st time using y' tvall, you have my money already, let's get reviews later, I'm already tripping",3,2026-08-17,Google Play,Customer Review,https://play.google.com/store/apps/details?id=com.jumia.android&hl=en&gl=ng
d8c6203a-9d0c-4150-9e77-c87ae49924c9,Jumia,"these days why the wierd pop ups that can't b3 closed while using the app, sort of like ads. nagging",1,2026-08-17,Google Play,Customer Review,https://play.google.com/store/apps/details?id=com.jumia.android&hl=en&gl=ng
271d3d3c-67cc-4da7-8db4-d5f623eaa41c,Jumia,excellent shopping,4,2026-08-17,Google Play,Customer Review,https://play.google.com/store/apps/details?id=com.jumia.android&hl=en&gl=ng
b830af5b-71fc-4edb-8fb0-1526e93eba91,Jumia,it's very good,5,2026-08-17,Google Play,Customer Review,https://play.google.com/store/apps/details?id=com.jumia.android&hl=en&gl=ng
dfd14a61-a054-4bff-8513-cae9f24d48a4,Jumia,I really love it,5,2026-08-17,Google Play,Customer Review,https://play.google.com/store/apps/details?id=com.jumia.android&hl=en&gl=ng
7e047034-8589-4dbf-afb7-c9d1b4c46802,Jumia,I order a product is not up to 3weeknis not more working,1,2026-08-17,Google Play,Customer Review,https://play.google.com/store/apps/details?id=com.jumia.android&hl=en&gl=ng
2339e48f-c216-4de7-94a5-aa885c466272,Jumia,interesting,5,2026-08-17,Google Play,Customer Review,https://play.google.com/store/apps/details?id=com.jumia.android&hl=en&gl=ng
8585ed1a-0042-4644-9531-e9553b41fee1,Jumia,good,4,2026-08-17,Google Play,Customer Review,https://play.google.com/store/apps/details?id=com.jumia.android&hl=en&gl=ng
2d8071bf-648f-4e15-9435-c071eeeb940a,Jumia,waiting for outcomes,3,2026-08-17,Google Play,Customer Review,https://play.google.com/store/apps/details?id=com.jumia.android&hl=en&gl=ng
3fbfc212-6e1c-4448-8a4a-0e087e01f1bf,Jumia,A very nice app,5,2026-08-17,Google Play,Customer Review,https://play.google.com/store/apps/details?id=com.jumia.android&hl=en&gl=ng
5da521bc-77ed-4c34-9103-d89468972d46,Jumia,👍👍👍👍,5,2026-08-17,Google Play,Customer Review,https://play.google.com/store/apps/details?id=com.jumia.android&hl=en&gl=ng
27f5f112-e827-41d0-b488-fd2ec4254ba7,Jumia,Excellent,5,2026-08-17,Google Play,Customer Review,https://play.google.com/store/apps/details?id=com.jumia.android&hl=en&gl=ng
2a444c56-0e52-4cf9-9c26-56bd9e6b5551,Jumia,Best of it kind,5,2026-08-17,Google Play,Customer Review,https://play.google.com/store/apps/details?id=com.jumia.android&hl=en&gl=ng
99513026-2dc8-40ff-aa1b-febc2c552845,Jumia,cool,5,2026-08-17,Google Play,Customer Review,https://play.google.com/store/apps/details?id=com.jumia.android&hl=en&gl=ng
08498559-97e9-44b1-bd0e-1dc7ede76ba6,Jumia,perfect,5,2026-08-17,Google Play,Customer Review,https://play.google.com/store/apps/details?id=com.jumia.android&hl=en&gl=ng
54da8eef-95bd-4e41-a0a7-c1d3f06d4388,Jumia,make the app more easier,3,2026-08-17,Google Play,Customer Review,https://play.google.com/store/apps/details?id=com.jumia.android&hl=en&gl=ng
8388e7a0-4d8b-4366-a0df-3f496d24ab39,Jumia,Very Simple And Good 👍 👌,5,2026-08-17,Google Play,Customer Review,https://play.google.com/store/apps/details?id=com.jumia.android&hl=en&gl=ng
8bbdb293-8730-4556-a4f5-70e6ccf8136e,Jumia,you increased the fee before I ordered,3,2026-08-17,Google Play,Customer Review,https://play.google.com/store/apps/details?id=com.jumia.android&hl=en&gl=ng
61b3dcf0-6cb3-45a2-b020-ac1b308145ec,Jumia,just good,3,2026-08-17,Google Play,Customer Review,https://play.google.com/store/apps/details?id=com.jumia.android&hl=en&gl=ng
ce20d1e3-7a6b-4cd2-b8c0-62878fd4f382,Jumia,very nice,1,2026-08-17,Google Play,Customer Review,https://play.google.com/store/apps/details?id=com.jumia.android&hl=en&gl=ng
aef54c78-bc3d-497c-b945-9e6783cf3f6d,Jumia,na so so stress this app Don stress me chai,4,2026-08-17,Google Play,Customer Review,https://play.google.com/store/apps/details?id=com.jumia.android&hl=en&gl=ng
8d6c67e0-fc7b-4fef-9f18-3435aeec9671,Jumia,fast and reliable,5,2026-08-17,Google Play,Customer Review,https://play.google.com/store/apps/details?id=com.jumia.android&hl=en&gl=ng
b733af97-32cc-4ae2-b5ae-78902360865a,Jumia,App isn't working anymore. It kept displaying enable JavaScript when nothing is actually wrong with it. Fix it,2,2026-08-17,Google Play,Customer Review,https://play.google.com/store/apps/details?id=com.jumia.android&hl=en&gl=ng
526d19ac-421a-48a9-9c5a-f9795d90596f,Jumia,it is the best online shopping app in kenya,4,2026-08-17,Google Play,Customer Review,https://play.google.com/store/apps/details?id=com.jumia.android&hl=en&gl=ng
0057e69e-1622-479e-87be-8e62df69e68b,Jumia,Jumia is the best 😍,4,2026-08-17,Google Play,Customer Review,https://play.google.com/store/apps/details?id=com.jumia.android&hl=en&gl=ng
8d580f59-45c0-4baf-a7a1-3968278a2141,Jumia,easy-to-use the software .,3,2026-08-17,Google Play,Customer Review,https://play.google.com/store/apps/details?id=com.jumia.android&hl=en&gl=ng
c98a88bb-26ff-4a95-a67f-53ec8c5d3390,Jumia,I just want to say a big thank you to jumia... the most trusted app I've ever seen,5,2026-08-17,Google Play,Customer Review,https://play.google.com/store/apps/details?id=com.jumia.android&hl=en&gl=ng
dd1d151c-c1ae-49f0-8f7b-bf238c75f90b,Jumia,excellent 👌,5,2026-08-17,Google Play,Customer Review,https://play.google.com/store/apps/details?id=com.jumia.android&hl=en&gl=ng
0be26d28-2f47-474a-932f-2a5c404c474e,Jumia,so far I'm so much enjoying placing orders from this app it so amazing,5,2026-08-17,Google Play,Customer Review,https://play.google.com/store/apps/details?id=com.jumia.android&hl=en&gl=ng
b30d6828-99ad-44d6-8293-31ffb01ac0e5,Jumia,better,5,2026-08-17,Google Play,Customer Review,https://play.google.com/store/apps/details?id=com.jumia.android&hl=en&gl=ng
32e0847e-af83-4b1b-a284-0518a0d27f6e,Jumia,good,4,2026-08-17,Google Play,Customer Review,https://play.google.com/store/apps/details?id=com.jumia.android&hl=en&gl=ng
000d47e1-c2bb-42fb-8826-6927ec826dcc,Jumia,wow nice shopping,5,2026-08-17,Google Play,Customer Review,https://play.google.com/store/apps/details?id=com.jumia.android&hl=en&gl=ng
5df88179-0289-4ec4-9507-5f2df2437d53,Jumia,Thanks for your good service... we appreciate.,5,2026-08-17,Google Play,Customer Review,https://play.google.com/store/apps/details?id=com.jumia.android&hl=en&gl=ng
96db1b6b-7785-4e07-a35d-3e2ea91a7103,Jumia,good,5,2026-08-17,Google Play,Customer Review,https://play.google.com/store/apps/details?id=com.jumia.android&hl=en&gl=ng
2f3bc742-82cf-4898-b60f-dfe1010b3a80,Jumia,amazing,5,2026-08-17,Google Play,Customer Review,https://play.google.com/store/apps/details?id=com.jumia.android&hl=en&gl=ng
6b412e36-1906-4abd-8765-57793dca4775,Jumia,moto. sana,5,2026-08-17,Google Play,Customer Review,https://play.google.com/store/apps/details?id=com.jumia.android&hl=en&gl=ng
9c7a18c8-2f7e-4879-9328-77013c23bd26,Jumia,Very nice services,5,2026-08-17,Google Play,Customer Review,https://play.google.com/store/apps/details?id=com.jumia.android&hl=en&gl=ng
6e6c0dda-e236-4307-af3e-ae6e167f6143,Jumia,very helpful and useful,5,2026-08-17,Google Play,Customer Review,https://play.google.com/store/apps/details?id=com.jumia.android&hl=en&gl=ng
b3f926c7-b4e5-4eec-af7e-9514fb6c46b7,Jumia,nice,5,2026-08-17,Google Play,Customer Review,https://play.google.com/store/apps/details?id=com.jumia.android&hl=en&gl=ng
776a69fa-4cb0-491b-badf-66f89295445b,Jumia,"not gonna lie,it really impressed me.i recommend",4,2026-08-17,Google Play,Customer Review,https://play.google.com/store/apps/details?id=com.jumia.android&hl=en&gl=ng
eba8d46c-ac47-4450-878d-957b9b2086e1,Jumia,Don't hesitate... Give 5 star and download to start enjoying the wonderful shopping experience 👍,5,2026-08-17,Google Play,Customer Review,https://play.google.com/store/apps/details?id=com.jumia.android&hl=en&gl=ng
2085c56f-6ac3-49a0-a39e-08cdf04bf11c,Jumia,nice app always delivers,5,2026-08-17,Google Play,Customer Review,https://play.google.com/store/apps/details?id=com.jumia.android&hl=en&gl=ng
96489139-d59e-4a19-af20-9786537d88ed,Jumia,perfect,5,2026-08-17,Google Play,Customer Review,https://play.google.com/store/apps/details?id=com.jumia.android&hl=en&gl=ng
3f25ed48-1985-44cf-b958-974808fbf9ad,Jumia,nice,5,2026-08-17,Google Play,Customer Review,https://play.google.com/store/apps/details?id=com.jumia.android&hl=en&gl=ng
c760b9b9-2772-463b-b53b-ebc487514fe3,Jumia,cool 😎,1,2026-08-17,Google Play,Customer Review,https://play.google.com/store/apps/details?id=com.jumia.android&hl=en&gl=ng
e657b9bd-1b05-4d1f-84e4-bf2d2b16e6be,Jumia,"feeling the vibes over here,keep the good work",4,2026-08-17,Google Play,Customer Review,https://play.google.com/store/apps/details?id=com.jumia.android&hl=en&gl=ng
3ac9307f-b254-4301-8e35-f4555f861e02,Jumia,best online market,5,2026-08-17,Google Play,Customer Review,https://play.google.com/store/apps/details?id=com.jumia.android&hl=en&gl=ng
8389f1bf-925a-4398-851a-8fbf5172bf8c,Jumia,Trusted brand and I love them so much,4,2026-08-17,Google Play,Customer Review,https://play.google.com/store/apps/details?id=com.jumia.android&hl=en&gl=ng
44cd7180-4a18-4681-8f3e-e2985f061d0e,Jumia,excellent,5,2026-08-17,Google Play,Customer Review,https://play.google.com/store/apps/details?id=com.jumia.android&hl=en&gl=ng
0985f1f2-8111-42ef-a6aa-d42712ce2c0c,Jumia,it's one of the best online shopping app,5,2026-08-17,Google Play,Customer Review,https://play.google.com/store/apps/details?id=com.jumia.android&hl=en&gl=ng
cba83270-a04e-44ad-a2b2-fc4c6e593761,Jumia,I love this app,5,2026-08-17,Google Play,Customer Review,https://play.google.com/store/apps/details?id=com.jumia.android&hl=en&gl=ng
0dd963d3-79af-4723-ac8c-4b5b4afba23a,Jumia,it Good,5,2026-08-17,Google Play,Customer Review,https://play.google.com/store/apps/details?id=com.jumia.android&hl=en&gl=ng
a2131da1-6339-4aa4-ba7e-fff11a913fb1,Jumia,The app is good,5,2026-08-17,Google Play,Customer Review,https://play.google.com/store/apps/details?id=com.jumia.android&hl=en&gl=ng
b173e750-082c-4a5d-9dbe-61ed75c93254,Jumia,good,5,2026-08-17,Google Play,Customer Review,https://play.google.com/store/apps/details?id=com.jumia.android&hl=en&gl=ng
33c1e67d-5196-4b22-a760-83b6c8d37d98,Jumia,"the app is really better than other shopping apps that I have used,also I would have given them five stars if they added a feature I think is necessary, into the app and web versions of jumia",4,2026-08-17,Google Play,Customer Review,https://play.google.com/store/apps/details?id=com.jumia.android&hl=en&gl=ng
8b10ec08-9420-49f0-be1d-b44b8081eef6,Jumia,good and fast,5,2026-08-17,Google Play,Customer Review,https://play.google.com/store/apps/details?id=com.jumia.android&hl=en&gl=ng
0fbb8956-8d98-402a-983b-863dd580e02a,Jumia,Very good 👍 app,5,2026-08-17,Google Play,Customer Review,https://play.google.com/store/apps/details?id=com.jumia.android&hl=en&gl=ng
c9c2bc30-ef4a-4812-b448-14f99c7139d6,Jumia,it is ok,5,2026-08-17,Google Play,Customer Review,https://play.google.com/store/apps/details?id=com.jumia.android&hl=en&gl=ng
bc6d1e88-5241-45d8-ac43-5b28b024e62c,Jumia,it's nice and cool and I love it,4,2026-08-17,Google Play,Customer Review,https://play.google.com/store/apps/details?id=com.jumia.android&hl=en&gl=ng
b52f7943-019f-4602-90b0-2b2162120ac1,Jumia,good,5,2026-08-17,Google Play,Customer Review,https://play.google.com/store/apps/details?id=com.jumia.android&hl=en&gl=ng
070ef57a-d4c9-41cd-b9e5-6f85361bf4db,Jumia,Timely,5,2026-08-17,Google Play,Customer Review,https://play.google.com/store/apps/details?id=com.jumia.android&hl=en&gl=ng
1457c6aa-8d97-4ddd-b485-1ecde606155a,Jumia,good,1,2026-08-17,Google Play,Customer Review,https://play.google.com/store/apps/details?id=com.jumia.android&hl=en&gl=ng
070556b2-f41e-411a-b662-337358cbd66e,Jumia,good,5,2026-08-17,Google Play,Customer Review,https://play.google.com/store/apps/details?id=com.jumia.android&hl=en&gl=ng
713961f9-8581-4573-bc94-b4aa05012b20,Jumia,this app is very trusted it gives you exactly what you order I have been using it for 3 years now,5,2026-08-17,Google Play,Customer Review,https://play.google.com/store/apps/details?id=com.jumia.android&hl=en&gl=ng
563192d1-d1b0-4d56-95d4-3d1bbdcd406e,Jumia,Good,4,2026-08-17,Google Play,Customer Review,https://play.google.com/store/apps/details?id=com.jumia.android&hl=en&gl=ng
01c2dbf3-034e-40a7-8a02-62470cdbf88d,Jumia,Very good,5,2026-08-17,Google Play,Customer Review,https://play.google.com/store/apps/details?id=com.jumia.android&hl=en&gl=ng
c3656496-548f-44d0-9c24-429687e70708,Jumia,they are fast and reliable,5,2026-08-17,Google Play,Customer Review,https://play.google.com/store/apps/details?id=com.jumia.android&hl=en&gl=ng
e607dbff-9af6-4801-9a28-dacc7a1b7f27,Jumia,🌝,5,2026-08-17,Google Play,Customer Review,https://play.google.com/store/apps/details?id=com.jumia.android&hl=en&gl=ng
5017b35a-b6d6-4229-a5e4-bde09aa2b35a,Jumia,good,5,2026-08-17,Google Play,Customer Review,https://play.google.com/store/apps/details?id=com.jumia.android&hl=en&gl=ng
af0a9309-f967-4733-8cab-df4eb9488844,Jumia,good,5,2026-08-16,Google Play,Customer Review,https://play.google.com/store/apps/details?id=com.jumia.android&hl=en&gl=ng
8dc7a6f8-554f-4c96-8c23-6bd69ef52af7,Jumia,trusted app,5,2026-08-16,Google Play,Customer Review,https://play.google.com/store/apps/details?id=com.jumia.android&hl=en&gl=ng
37cc2ffb-19cf-46fc-a947-a5298d824c4c,Jumia,Fast deliveries as always ✌️😎🤞,4,2026-08-16,Google Play,Customer Review,https://play.google.com/store/apps/details?id=com.jumia.android&hl=en&gl=ng
1d6537d0-2356-4c69-9d56-65e31e288690,Jumia,excellent,5,2026-08-16,Google Play,Customer Review,https://play.google.com/store/apps/details?id=com.jumia.android&hl=en&gl=ng
8dc7baec-6fc2-4961-aca1-d015810a5a9f,Jumia,Nice app.,2,2026-08-16,Google Play,Customer Review,https://play.google.com/store/apps/details?id=com.jumia.android&hl=en&gl=ng
dd5246fc-02e0-48a4-a68a-0d0b2c0856d5,Jumia,good 👍,5,2026-08-16,Google Play,Customer Review,https://play.google.com/store/apps/details?id=com.jumia.android&hl=en&gl=ng
153feb0b-d1b0-4f74-8664-4eb913e641fa,Jumia,perfect,5,2026-08-16,Google Play,Customer Review,https://play.google.com/store/apps/details?id=com.jumia.android&hl=en&gl=ng
680671be-8129-48c6-8b9a-cda419e32d5e,Jumia,nice,5,2026-08-16,Google Play,Customer Review,https://play.google.com/store/apps/details?id=com.jumia.android&hl=en&gl=ng
cab14199-9217-4303-a6f5-b369e79a1d6c,Jumia,I haven't seen it yet but I trust you guys due to others comment,3,2026-08-16,Google Play,Customer Review,https://play.google.com/store/apps/details?id=com.jumia.android&hl=en&gl=ng
26837bfc-9041-417f-8d5f-ad1c7361c0b9,Jumia,very late delivery,1,2026-08-16,Google Play,Customer Review,https://play.google.com/store/apps/details?id=com.jumia.android&hl=en&gl=ng
de81c21c-2375-4a60-b946-3a7be11845b8,Jumia,very good on service,5,2026-08-16,Google Play,Customer Review,https://play.google.com/store/apps/details?id=com.jumia.android&hl=en&gl=ng
f1e45348-5704-41db-85c0-84a140e4ba10,Jumia,on my first order you guys give me discount of 2k you did not allow me to use it..I was trying to use it it was showing fail is very annoying... am so disappointed in you guys,1,2026-08-16,Google Play,Customer Review,https://play.google.com/store/apps/details?id=com.jumia.android&hl=en&gl=ng
38b4fce2-b472-40c2-ae28-8fd73afa8634,Jumia,I love using this jumia app to shop,5,2026-08-16,Google Play,Customer Review,https://play.google.com/store/apps/details?id=com.jumia.android&hl=en&gl=ng
389ce276-c0a2-4073-868a-ffa526e69960,Jumia,easy use not difficult to order and also affordable product quality as well,4,2026-08-16,Google Play,Customer Review,https://play.google.com/store/apps/details?id=com.jumia.android&hl=en&gl=ng
e8599261-0bd4-45e9-8ef7-11168e5d411f,Jumia,blossom 👍,5,2026-08-16,Google Play,Customer Review,https://play.google.com/store/apps/details?id=com.jumia.android&hl=en&gl=ng
89869c9a-fd28-45c2-a6c4-440ec5a87324,Jumia,Good,5,2026-08-16,Google Play,Customer Review,https://play.google.com/store/apps/details?id=com.jumia.android&hl=en&gl=ng
943a7426-5aa5-46ff-a497-10b6aff0c1dd,Jumia,reliable and up to business standards,4,2026-08-16,Google Play,Customer Review,https://play.google.com/store/apps/details?id=com.jumia.android&hl=en&gl=ng
8ec8c1b8-a16a-4d47-94af-3a7c86f9c43d,Jumia,fast and reliable,5,2026-08-16,Google Play,Customer Review,https://play.google.com/store/apps/details?id=com.jumia.android&hl=en&gl=ng
f20b9d5f-c80f-4f68-b9b1-c31476a21c3c,Jumia,this application has enabled me get original items with low charges,5,2026-08-16,Google Play,Customer Review,https://play.google.com/store/apps/details?id=com.jumia.android&hl=en&gl=ng
470bfc00-2b6f-42ab-9176-836ae328675b,Jumia,jumia is trying in terms of delivery but the issue I have is their phone all there phone are do expensive and U can't see old version phone,4,2026-08-16,Google Play,Customer Review,https://play.google.com/store/apps/details?id=com.jumia.android&hl=en&gl=ng
386a0ff7-b2ac-4eb7-b48c-1c9f3dd84e6f,Jumia,nice app,3,2026-08-16,Google Play,Customer Review,https://play.google.com/store/apps/details?id=com.jumia.android&hl=en&gl=ng
79675283-e2d2-4985-8f97-f9b33264b2e0,Jumia,still awaiting order,5,2026-08-16,Google Play,Customer Review,https://play.google.com/store/apps/details?id=com.jumia.android&hl=en&gl=ng
63f48e18-f95a-4f8a-9e04-9525a0e573d2,Jumia,good,3,2026-08-16,Google Play,Customer Review,https://play.google.com/store/apps/details?id=com.jumia.android&hl=en&gl=ng
be28e935-ee58-4b8d-a199-698595b6e3fa,Jumia,nice,5,2026-08-16,Google Play,Customer Review,https://play.google.com/store/apps/details?id=com.jumia.android&hl=en&gl=ng
df9cf9d3-c570-4f65-a55e-f3d1f7f1215a,Jumia,Jumia is good and reliable,3,2026-08-16,Google Play,Customer Review,https://play.google.com/store/apps/details?id=com.jumia.android&hl=en&gl=ng
edd68a7a-05cd-4009-9a38-57c16cf28a1d,Jumia,"I really enjoyed making order from jumia guy, higher higher you go JUMIA",5,2026-08-16,Google Play,Customer Review,https://play.google.com/store/apps/details?id=com.jumia.android&hl=en&gl=ng
a374d1e3-69ca-4ff5-990b-208d58456c76,Jumia,the shipping price is too high and you guys keeps increasing it everyday,2,2026-08-16,Google Play,Customer Review,https://play.google.com/store/apps/details?id=com.jumia.android&hl=en&gl=ng
cb9f7a18-3e49-4d85-b6ec-cce5a6ca75a8,Jumia,very stupid pipo ads all over the app what are you guys doing 🙄 fix that before i log out of your app,1,2026-08-16,Google Play,Customer Review,https://play.google.com/store/apps/details?id=com.jumia.android&hl=en&gl=ng
da56bf89-48e9-49aa-b204-1a5bd5b0ec52,Jumia,peaceful services,5,2026-08-16,Google Play,Customer Review,https://play.google.com/store/apps/details?id=com.jumia.android&hl=en&gl=ng
d681808e-be11-48a8-8c71-9bfda6aa31ef,Jumia,love it,1,2026-08-16,Google Play,Customer Review,https://play.google.com/store/apps/details?id=com.jumia.android&hl=en&gl=ng
e93a10d0-0476-4597-94f9-a8d30969eeee,Jumia,jumia is the best for online shopping,5,2026-08-16,Google Play,Customer Review,https://play.google.com/store/apps/details?id=com.jumia.android&hl=en&gl=ng
d28f34cc-fbf3-4364-b379-34d102fe1e4c,Jumia,best of all,4,2026-08-16,Google Play,Customer Review,https://play.google.com/store/apps/details?id=com.jumia.android&hl=en&gl=ng
9cd71a28-5d7e-4754-9a66-6fa7e7f309f7,Jumia,best option,5,2026-08-16,Google Play,Customer Review,https://play.google.com/store/apps/details?id=com.jumia.android&hl=en&gl=ng
5c6eaf5c-14a5-4040-99bd-4c5e696cbda0,Jumia,التعامل زفت والاورد اتلغي علشان البيه المندوب مش عايز يوصل الاوردر وحاجة آخر قرف,1,2026-08-16,Google Play,Customer Review,https://play.google.com/store/apps/details?id=com.jumia.android&hl=en&gl=ng
4e66490f-9bb6-420c-872a-6e7c796f6800,Jumia,I won a voucher code and it wasn't given to me,1,2026-08-16,Google Play,Customer Review,https://play.google.com/store/apps/details?id=com.jumia.android&hl=en&gl=ng
186367d7-bbe5-4f89-bb1b-75e881d2b735,Jumia,cool,5,2026-08-16,Google Play,Customer Review,https://play.google.com/store/apps/details?id=com.jumia.android&hl=en&gl=ng
bece01a3-4237-49ab-b6b9-54084d1b7239,Jumia,great,5,2026-08-16,Google Play,Customer Review,https://play.google.com/store/apps/details?id=com.jumia.android&hl=en&gl=ng
01096fbf-f541-422d-9ea8-dd0e576e6060,Jumia,they are so fast in uganda,5,2026-08-16,Google Play,Customer Review,https://play.google.com/store/apps/details?id=com.jumia.android&hl=en&gl=ng
8b347146-ada4-494e-87a2-7767afb4932d,Jumia,I love it,5,2026-08-16,Google Play,Customer Review,https://play.google.com/store/apps/details?id=com.jumia.android&hl=en&gl=ng
c3d88bd4-f9f8-4e41-bcec-a20cc4e9ffef,Jumia,It's good to shop on Jumia,5,2026-08-16,Google Play,Customer Review,https://play.google.com/store/apps/details?id=com.jumia.android&hl=en&gl=ng
b9feac0d-e665-4229-bdab-0cfe9d2cabef,Jumia,amazing experience,3,2026-08-16,Google Play,Customer Review,https://play.google.com/store/apps/details?id=com.jumia.android&hl=en&gl=ng
18b4853f-8ae1-4948-b75b-ccdb4da37bcd,Jumia,they deliver consistently,5,2026-08-16,Google Play,Customer Review,https://play.google.com/store/apps/details?id=com.jumia.android&hl=en&gl=ng
4c23a008-7e56-4695-92e6-09f0930edfd7,Jumia,nice app,5,2026-08-16,Google Play,Customer Review,https://play.google.com/store/apps/details?id=com.jumia.android&hl=en&gl=ng
99a3b089-abdb-4252-a423-207e332fe443,Jumia,good,2,2026-08-16,Google Play,Customer Review,https://play.google.com/store/apps/details?id=com.jumia.android&hl=en&gl=ng
e36b6fb1-402e-49aa-85e7-7657ace024ae,Jumia,is good,3,2026-08-16,Google Play,Customer Review,https://play.google.com/store/apps/details?id=com.jumia.android&hl=en&gl=ng
9d73b928-ac2c-4dd2-9e5b-3075e97d6869,Jumia,the delivery fee is too much please do something about it,4,2026-08-16,Google Play,Customer Review,https://play.google.com/store/apps/details?id=com.jumia.android&hl=en&gl=ng
16f3b19c-ccbc-4fdf-97bf-934ae3695e53,Jumia,nice,4,2026-08-16,Google Play,Customer Review,https://play.google.com/store/apps/details?id=com.jumia.android&hl=en&gl=ng
e35a56c4-697b-4435-b8ea-68334506101b,Jumia,they are so reliable,4,2026-08-16,Google Play,Customer Review,https://play.google.com/store/apps/details?id=com.jumia.android&hl=en&gl=ng
281a41b1-2e85-4bc4-96a5-04c7d7014aae,Jumia,good one,5,2026-08-16,Google Play,Customer Review,https://play.google.com/store/apps/details?id=com.jumia.android&hl=en&gl=ng
2befd4f9-73a2-4452-a247-5784e667f646,Jumia,easy to use,3,2026-08-16,Google Play,Customer Review,https://play.google.com/store/apps/details?id=com.jumia.android&hl=en&gl=ng
c90f4f5e-1f18-4185-b6d0-f79def62231a,Jumia,good,5,2026-08-16,Google Play,Customer Review,https://play.google.com/store/apps/details?id=com.jumia.android&hl=en&gl=ng
99f4e0b7-9c69-481f-aed4-416c22a9b670,Jumia,the best,5,2026-08-16,Google Play,Customer Review,https://play.google.com/store/apps/details?id=com.jumia.android&hl=en&gl=ng
220d609c-6cf9-49fb-86c3-c8cee26728e8,Jumia,fast and trusted,5,2026-08-16,Google Play,Customer Review,https://play.google.com/store/apps/details?id=com.jumia.android&hl=en&gl=ng
b6e2f79a-fba0-48f2-bf14-9ba76da97078,Jumia,"I cannot login to my account (Facebook) on my new phone, admin kindly look into this. Still can't login into my account, all my wish list are tie to the Facebook. why can I still not log in using Facebook",2,2026-08-16,Google Play,Customer Review,https://play.google.com/store/apps/details?id=com.jumia.android&hl=en&gl=ng
e90dc230-4e27-47c2-ab1f-acef0d97a1b9,Jumia,Excellent 👌,5,2026-08-16,Google Play,Customer Review,https://play.google.com/store/apps/details?id=com.jumia.android&hl=en&gl=ng
3ef1c92d-141e-4985-ad37-0d5a6b26abd5,Jumia,I've been enjoying Jumia online shops for. I love it. But remove or reduce delivery fee to attract more subscribers.,4,2026-08-16,Google Play,Customer Review,https://play.google.com/store/apps/details?id=com.jumia.android&hl=en&gl=ng
d05f275f-f011-49e2-b038-9d0259b202fe,Jumia,best app ever. my house is full of jumia items. I recommend u here 👌,4,2026-08-16,Google Play,Customer Review,https://play.google.com/store/apps/details?id=com.jumia.android&hl=en&gl=ng
f146206d-525e-4948-b0cf-78501fc96468,Jumia,super good,5,2026-08-16,Google Play,Customer Review,https://play.google.com/store/apps/details?id=com.jumia.android&hl=en&gl=ng
b0bb9be5-ecc3-4cb4-8003-259e27c27eb8,Jumia,fast and easy,5,2026-08-16,Google Play,Customer Review,https://play.google.com/store/apps/details?id=com.jumia.android&hl=en&gl=ng
9b74d836-aae3-4998-87af-6a1fd11df197,Jumia,amazing,4,2026-08-16,Google Play,Customer Review,https://play.google.com/store/apps/details?id=com.jumia.android&hl=en&gl=ng
02d10ce1-a2af-4a4b-ad50-3d3e99774deb,Jumia,Ssenkima Ronald this is my second time to make an order,5,2026-08-16,Google Play,Customer Review,https://play.google.com/store/apps/details?id=com.jumia.android&hl=en&gl=ng
ca927f49-00aa-4a64-a116-c517ebe1efc3,Jumia,very nice app for shopping and affordable prices,5,2026-08-16,Google Play,Customer Review,https://play.google.com/store/apps/details?id=com.jumia.android&hl=en&gl=ng
6823b1b4-ce41-485c-af46-74af0c81c2c8,Jumia,Easy to use application,4,2026-08-16,Google Play,Customer Review,https://play.google.com/store/apps/details?id=com.jumia.android&hl=en&gl=ng
ce1ffdee-8bf2-401f-bb73-fa64abb966a5,Jumia,jumia is the best,2,2026-08-16,Google Play,Customer Review,https://play.google.com/store/apps/details?id=com.jumia.android&hl=en&gl=ng
29b35551-2973-4e27-aec5-12e2999867ac,Jumia,perfect assistance,5,2026-08-16,Google Play,Customer Review,https://play.google.com/store/apps/details?id=com.jumia.android&hl=en&gl=ng
ea75ecb6-1130-4628-8f54-b8022ef1914e,Jumia,you do it well and supports our earnings. wow smart jumia,4,2026-08-16,Google Play,Customer Review,https://play.google.com/store/apps/details?id=com.jumia.android&hl=en&gl=ng
01e458a6-edf8-4d4b-ae8e-1b754f5e36a0,Jumia,nice app,4,2026-08-16,Google Play,Customer Review,https://play.google.com/store/apps/details?id=com.jumia.android&hl=en&gl=ng
7a08fb70-4ef9-40c6-9614-7c9403cad730,Jumia,it's the simple way to get anything you want thank you jumia,5,2026-08-16,Google Play,Customer Review,https://play.google.com/store/apps/details?id=com.jumia.android&hl=en&gl=ng
bce4bc4b-064b-4a84-8844-bf54046a0e4f,Jumia,Perfecto,5,2026-08-16,Google Play,Customer Review,https://play.google.com/store/apps/details?id=com.jumia.android&hl=en&gl=ng
3e18c144-f41d-4adb-b073-6e600491a84a,Jumia,excellent,5,2026-08-15,Google Play,Customer Review,https://play.google.com/store/apps/details?id=com.jumia.android&hl=en&gl=ng
e870c101-4d05-4133-aeaf-215c17c5445c,Jumia,Jumia market is most trusted,5,2026-08-15,Google Play,Customer Review,https://play.google.com/store/apps/details?id=com.jumia.android&hl=en&gl=ng
d899143b-6f92-4fbd-862d-dfa82aefb9ce,Jumia,good 👍,5,2026-08-15,Google Play,Customer Review,https://play.google.com/store/apps/details?id=com.jumia.android&hl=en&gl=ng
32a2bdf5-7a77-41bd-bc33-569024416d2a,Jumia,you guys are the best 💖💖💖💖💖,5,2026-08-15,Google Play,Customer Review,https://play.google.com/store/apps/details?id=com.jumia.android&hl=en&gl=ng
703b1cfc-6501-4179-98dd-42734381497c,Jumia,just good,5,2026-08-15,Google Play,Customer Review,https://play.google.com/store/apps/details?id=com.jumia.android&hl=en&gl=ng
581c43ff-b8f1-41b3-a5b3-95bdf6b8c5bb,Jumia,good and easy to use,4,2026-08-15,Google Play,Customer Review,https://play.google.com/store/apps/details?id=com.jumia.android&hl=en&gl=ng
0628d1ba-7d76-4a59-bd19-47f3092772f8,Jumia,nice one,3,2026-08-15,Google Play,Customer Review,https://play.google.com/store/apps/details?id=com.jumia.android&hl=en&gl=ng
a8d8c8e3-78aa-42fb-8300-84d349a94677,Jumia,great shopping app and website,5,2026-08-15,Google Play,Customer Review,https://play.google.com/store/apps/details?id=com.jumia.android&hl=en&gl=ng
c2710c33-d984-4021-a26c-2c77556e5145,Jumia,good 👍,5,2026-08-15,Google Play,Customer Review,https://play.google.com/store/apps/details?id=com.jumia.android&hl=en&gl=ng
7713fe67-29ff-4441-9fc7-f1fedc93b51c,Jumia,JUMIA Is a very good app for online shopping with authentic products,5,2026-08-15,Google Play,Customer Review,https://play.google.com/store/apps/details?id=com.jumia.android&hl=en&gl=ng
d44b4f00-aa06-4029-aa9d-cfae62b98cd5,Jumia,fantastic effort,5,2026-08-15,Google Play,Customer Review,https://play.google.com/store/apps/details?id=com.jumia.android&hl=en&gl=ng
4898784b-968b-4aad-a30e-c37fe41472d1,Jumia,"very nice,",4,2026-08-15,Google Play,Customer Review,https://play.google.com/store/apps/details?id=com.jumia.android&hl=en&gl=ng
b9237c91-a658-43a4-b955-94b48ff8ea4e,Jumia,"Jumia really needs to pay more attention to inspecting products from sellers before they are sent out to buyers. Some sellers are sending products that are very poor quality, fake, or completely different from what is advertised. Jumia should take more time to inspect packages at their hubs before dispatching them to customers and improving seller quality control. I give you only 1 ⭐ bought many things from jumia and end up giving out to people and some got spoiled within a few weeks of usage",1,2026-08-15,Google Play,Customer Review,https://play.google.com/store/apps/details?id=com.jumia.android&hl=en&gl=ng
67bd0a47-e103-4a77-858f-b0e1e64175a6,Jumia,Nice I love you,5,2026-08-15,Google Play,Customer Review,https://play.google.com/store/apps/details?id=com.jumia.android&hl=en&gl=ng
925cb299-2a61-467f-bfbd-4a2a1cd41e5a,Jumia,Good waiting for delivery,5,2026-08-15,Google Play,Customer Review,https://play.google.com/store/apps/details?id=com.jumia.android&hl=en&gl=ng
2f8e7c23-9655-460b-b4a1-f5fc712137fd,Jumia,good 👍,5,2026-08-15,Google Play,Customer Review,https://play.google.com/store/apps/details?id=com.jumia.android&hl=en&gl=ng
94a0845d-8d3c-4d9b-aae2-ff86bc915d2e,Jumia,good,5,2026-08-15,Google Play,Customer Review,https://play.google.com/store/apps/details?id=com.jumia.android&hl=en&gl=ng
664dd774-6df8-4752-8d82-143f987087b4,Jumia,👌,5,2026-08-15,Google Play,Customer Review,https://play.google.com/store/apps/details?id=com.jumia.android&hl=en&gl=ng
fbf92a90-a821-48b9-a24c-1c442d30c4ab,Jumia,perfect,4,2026-08-15,Google Play,Customer Review,https://play.google.com/store/apps/details?id=com.jumia.android&hl=en&gl=ng
0972800c-ed56-4965-8115-c75622a68a1d,Jumia,really great,5,2026-08-15,Google Play,Customer Review,https://play.google.com/store/apps/details?id=com.jumia.android&hl=en&gl=ng
49d50bd3-a24a-439e-9f74-8c6d4fa4a4a7,Jumia,Freshhhhhhh as always,4,2026-08-15,Google Play,Customer Review,https://play.google.com/store/apps/details?id=com.jumia.android&hl=en&gl=ng
bad09d4f-db93-4d08-9117-7a1105741530,Jumia,Good,1,2026-08-15,Google Play,Customer Review,https://play.google.com/store/apps/details?id=com.jumia.android&hl=en&gl=ng
403c1088-f95b-4831-939a-1df647be36b1,Jumia,good,5,2026-08-15,Google Play,Customer Review,https://play.google.com/store/apps/details?id=com.jumia.android&hl=en&gl=ng
7a96077a-0a28-4513-9bd6-43fe73f66b87,Jumia,"This is my first order from jumia, I will review after collect my order",4,2026-08-15,Google Play,Customer Review,https://play.google.com/store/apps/details?id=com.jumia.android&hl=en&gl=ng
8479fae9-b22c-4c8a-8e4c-189f02d1a236,Jumia,is Nana AKWASI 🤩🤩🤩 I love this app because is very unique and easy to place order ♥️♥️😘😘,5,2026-08-15,Google Play,Customer Review,https://play.google.com/store/apps/details?id=com.jumia.android&hl=en&gl=ng
3ed54f1a-320b-4186-87ea-8768c927be0c,Jumia,easy to use and very reliable,5,2026-08-15,Google Play,Customer Review,https://play.google.com/store/apps/details?id=com.jumia.android&hl=en&gl=ng
55a2997a-b9fc-4f44-9914-0d3c1fdf4dc7,Jumia,very convenient...,4,2026-08-15,Google Play,Customer Review,https://play.google.com/store/apps/details?id=com.jumia.android&hl=en&gl=ng
cb397521-46b6-4c8e-8ae6-ab87d30e1a0c,Jumia,good,5,2026-08-15,Google Play,Customer Review,https://play.google.com/store/apps/details?id=com.jumia.android&hl=en&gl=ng
55b6945f-2f52-46b3-8a55-c5d796e0e608,Jumia,good,3,2026-08-15,Google Play,Customer Review,https://play.google.com/store/apps/details?id=com.jumia.android&hl=en&gl=ng
f0707e8b-2315-4207-824f-36a5967da776,Jumia,"I bought a phone for around 2400ghs and just after 3 weeks the phone just went off and won't turn on again. It just went totally dead just like that. I realized after a research, other people have same problems after buying the phone. Jumia knew the product is bad and yet they're selling it to people! That's fraud! Very bad! They don't even have any good warranty for their products. I'm very disappointed in them for this bad behavior!",1,2026-08-15,Google Play,Customer Review,https://play.google.com/store/apps/details?id=com.jumia.android&hl=en&gl=ng
fc3e774c-e678-4afe-9c20-a2c9ec589e74,Jumia,perfect 👍👍👍🥰,5,2026-08-15,Google Play,Customer Review,https://play.google.com/store/apps/details?id=com.jumia.android&hl=en&gl=ng
1389e819-dab4-4f4c-8687-c330a0be4745,Jumia,very reliable,5,2026-08-15,Google Play,Customer Review,https://play.google.com/store/apps/details?id=com.jumia.android&hl=en&gl=ng
30c00955-34e5-4aba-b7a4-f44b7fd1fc32,Jumia,Nice shopping experience,4,2026-08-15,Google Play,Customer Review,https://play.google.com/store/apps/details?id=com.jumia.android&hl=en&gl=ng
e655d649-374d-43b7-9148-e71ff756b755,Jumia,Awesome 👌,3,2026-08-15,Google Play,Customer Review,https://play.google.com/store/apps/details?id=com.jumia.android&hl=en&gl=ng
4cca19d5-e1cc-4e5b-a2e3-9d0f8b9fb37d,Jumia,I will be happy when I receive,5,2026-08-15,Google Play,Customer Review,https://play.google.com/store/apps/details?id=com.jumia.android&hl=en&gl=ng
8aa441ce-d3b8-4ae4-bb26-6353e09e2b87,Jumia,Reliable,5,2026-08-15,Google Play,Customer Review,https://play.google.com/store/apps/details?id=com.jumia.android&hl=en&gl=ng
a575195a-b7d8-45e7-b277-edac96f5e0ad,Jumia,"terrible the transportation fee is getting high and the customer services at pick up are not satisfactory, unlike others shopping apps, I advice you to work on it",1,2026-08-15,Google Play,Customer Review,https://play.google.com/store/apps/details?id=com.jumia.android&hl=en&gl=ng
35b8f422-84a8-4d94-bd70-07a23ba761ae,Jumia,It's arguably one of the best online shops .,5,2026-08-15,Google Play,Customer Review,https://play.google.com/store/apps/details?id=com.jumia.android&hl=en&gl=ng
e52e849f-b7a6-423d-8988-01b4120ab141,Jumia,منتجاتها حلوة و طريقة الاسترجاع ممتازة مريحة في التعامل,5,2026-08-15,Google Play,Customer Review,https://play.google.com/store/apps/details?id=com.jumia.android&hl=en&gl=ng
d778cd73-d9b9-4cde-8de3-c0ee0e5845bb,Jumia,Really nice shopping app and it is fast and seamless,5,2026-08-15,Google Play,Customer Review,https://play.google.com/store/apps/details?id=com.jumia.android&hl=en&gl=ng
94706cae-c22d-4276-a427-e493f3cd5a64,Jumia,best,5,2026-08-15,Google Play,Customer Review,https://play.google.com/store/apps/details?id=com.jumia.android&hl=en&gl=ng
b72f44f6-fa37-4a39-a3ab-f1bf29376af7,Jumia,it good a thing to order but it delay too long to recieve,2,2026-08-15,Google Play,Customer Review,https://play.google.com/store/apps/details?id=com.jumia.android&hl=en&gl=ng
407841b8-e9c0-44d0-91c2-ddef8be48444,Jumia,great👏,5,2026-08-15,Google Play,Customer Review,https://play.google.com/store/apps/details?id=com.jumia.android&hl=en&gl=ng
95f51624-d28d-4b89-9cdd-a50f578e031f,Jumia,It's a wonderful app. The only issue is that their delivery is quite pricey. They should work on that.,4,2026-08-15,Google Play,Customer Review,https://play.google.com/store/apps/details?id=com.jumia.android&hl=en&gl=ng
e058c476-e76c-48a6-bef4-72278465a835,Jumia,some seller lie about product description,4,2026-08-15,Google Play,Customer Review,https://play.google.com/store/apps/details?id=com.jumia.android&hl=en&gl=ng
8418ee5e-a468-4e77-a5f1-490160691397,Jumia,easy to order,4,2026-08-15,Google Play,Customer Review,https://play.google.com/store/apps/details?id=com.jumia.android&hl=en&gl=ng
ab57a68c-ceef-4a9e-8c1b-9941ce55fe80,Jumia,so sweet company,5,2026-08-15,Google Play,Customer Review,https://play.google.com/store/apps/details?id=com.jumia.android&hl=en&gl=ng
567881df-f406-4113-812d-97c061782c1c,Jumia,Ghana Amazon,5,2026-08-15,Google Play,Customer Review,https://play.google.com/store/apps/details?id=com.jumia.android&hl=en&gl=ng
3bf336ed-f093-43fc-9460-4382af5f3c93,Jumia,excellent,5,2026-08-15,Google Play,Customer Review,https://play.google.com/store/apps/details?id=com.jumia.android&hl=en&gl=ng
4d5bae45-1590-4c1e-86d3-7d1babc9802d,Jumia,it okay,5,2026-08-15,Google Play,Customer Review,https://play.google.com/store/apps/details?id=com.jumia.android&hl=en&gl=ng
adb747a6-d4a1-425c-a2af-f72645e04871,Jumia,God bless jumia,5,2026-08-15,Google Play,Customer Review,https://play.google.com/store/apps/details?id=com.jumia.android&hl=en&gl=ng
e3070707-63fa-4b07-bafa-14e41d6795cf,Jumia,good,5,2026-08-15,Google Play,Customer Review,https://play.google.com/store/apps/details?id=com.jumia.android&hl=en&gl=ng
996414b0-6712-4875-87e5-d2d5a9c09b97,Jumia,reliable,5,2026-08-15,Google Play,Customer Review,https://play.google.com/store/apps/details?id=com.jumia.android&hl=en&gl=ng
6dd3b6a3-f551-48e2-a450-2bd6da01d465,Jumia,awesome,4,2026-08-15,Google Play,Customer Review,https://play.google.com/store/apps/details?id=com.jumia.android&hl=en&gl=ng
894ff3fc-47e9-4bd0-83e1-8d63a5272f61,Jumia,Very wonderful place to shop products 😀,5,2026-08-15,Google Play,Customer Review,https://play.google.com/store/apps/details?id=com.jumia.android&hl=en&gl=ng
df8a49d4-2e8c-464a-a113-b70a95315fc9,Jumia,jumia your the best,5,2026-08-15,Google Play,Customer Review,https://play.google.com/store/apps/details?id=com.jumia.android&hl=en&gl=ng
2b9a835c-d488-4924-85e6-d5e6819b4fed,Jumia,"very good and reliable, I love shopping on jumia but not all needed iterms are available sometimes especially the sizes iterms. besides jumia still sounds safe for shopping 👍.",5,2026-08-15,Google Play,Customer Review,https://play.google.com/store/apps/details?id=com.jumia.android&hl=en&gl=ng
f7ed75e6-e283-4e04-a4f3-58a53436ce52,Jumia,Good customer service,5,2026-08-15,Google Play,Customer Review,https://play.google.com/store/apps/details?id=com.jumia.android&hl=en&gl=ng
bebf0066-3207-4706-a12b-fc22168861db,Jumia,Great,5,2026-08-15,Google Play,Customer Review,https://play.google.com/store/apps/details?id=com.jumia.android&hl=en&gl=ng
a69656c7-4829-433d-94ce-97f681f463f0,Jumia,good,5,2026-08-15,Google Play,Customer Review,https://play.google.com/store/apps/details?id=com.jumia.android&hl=en&gl=ng
42c36122-37a0-433e-8cd9-f773ca54f890,Jumia,exellent,5,2026-08-15,Google Play,Customer Review,https://play.google.com/store/apps/details?id=com.jumia.android&hl=en&gl=ng
67a8d7fb-3746-46f9-9b1d-247e829f23d5,Jumia,good 👍,5,2026-08-15,Google Play,Customer Review,https://play.google.com/store/apps/details?id=com.jumia.android&hl=en&gl=ng
f39edce8-fa92-4693-9749-557d54bdd18e,Jumia,Very good and reliable online shopping app,4,2026-08-15,Google Play,Customer Review,https://play.google.com/store/apps/details?id=com.jumia.android&hl=en&gl=ng
7cf14f71-c631-440c-9b74-70d4cd3bd0e4,Jumia,quality goods,5,2026-08-15,Google Play,Customer Review,https://play.google.com/store/apps/details?id=com.jumia.android&hl=en&gl=ng
f974e17c-7724-48c3-9458-f1493fd6b853,Jumia,good,5,2026-08-15,Google Play,Customer Review,https://play.google.com/store/apps/details?id=com.jumia.android&hl=en&gl=ng
ed57f2ce-334d-49eb-b21a-ebc4e5e620dd,Jumia,Jumia is so good and they deliver very fast,4,2026-08-15,Google Play,Customer Review,https://play.google.com/store/apps/details?id=com.jumia.android&hl=en&gl=ng
64c359bc-6933-427e-8a49-a05e96c88faa,Jumia,Jumia is the best platform to order.,5,2026-08-15,Google Play,Customer Review,https://play.google.com/store/apps/details?id=com.jumia.android&hl=en&gl=ng
ca195377-d0c0-4847-b783-becaa9f3bd2a,Jumia,good 👍,3,2026-08-15,Google Play,Customer Review,https://play.google.com/store/apps/details?id=com.jumia.android&hl=en&gl=ng
c9691669-5178-4f58-ba1a-e5472ade89d1,Jumia,"this is very safe, and reliable",5,2026-08-15,Google Play,Customer Review,https://play.google.com/store/apps/details?id=com.jumia.android&hl=en&gl=ng
f72fd494-3da2-4444-a88a-eb416f138dc6,Jumia,Excellent,3,2026-08-15,Google Play,Customer Review,https://play.google.com/store/apps/details?id=com.jumia.android&hl=en&gl=ng
7820b3cc-7839-45df-9448-a374f2dc7b7d,Jumia,trusted and reliable Jumia,5,2026-08-15,Google Play,Customer Review,https://play.google.com/store/apps/details?id=com.jumia.android&hl=en&gl=ng
64e6a447-2f90-4998-82dd-4585db6fdc45,Jumia,very good,5,2026-08-14,Google Play,Customer Review,https://play.google.com/store/apps/details?id=com.jumia.android&hl=en&gl=ng
ee6a5154-8db7-45c9-9eb2-63c680b0837e,Jumia,reliable and trustworthy,4,2026-08-14,Google Play,Customer Review,https://play.google.com/store/apps/details?id=com.jumia.android&hl=en&gl=ng
43eba0f2-dcc5-4efa-b52c-1862cd822429,Jumia,reliable,5,2026-08-14,Google Play,Customer Review,https://play.google.com/store/apps/details?id=com.jumia.android&hl=en&gl=ng
dd18cc2e-f33b-481d-a05a-d37734cb84a9,Jumia,"my experience was not good, at least not enough. I'd like there to be a camera option for visual search for goods, it would save the stress of typing and not finding exactly what is needed.",3,2026-08-14,Google Play,Customer Review,https://play.google.com/store/apps/details?id=com.jumia.android&hl=en&gl=ng
dad6f3dd-5f23-460f-ba73-1bc11bc8a7fa,Jumia,Best for me so far,5,2026-08-14,Google Play,Customer Review,https://play.google.com/store/apps/details?id=com.jumia.android&hl=en&gl=ng
ea1eb6cf-4658-4f22-83eb-9dc74a797198,Jumia,I very greatful with your app very trust and fast reliable,5,2026-08-14,Google Play,Customer Review,https://play.google.com/store/apps/details?id=com.jumia.android&hl=en&gl=ng
bfb23749-1bd2-43c8-94ab-6afa4dde06ac,Jumia,Very reliable.,5,2026-08-14,Google Play,Customer Review,https://play.google.com/store/apps/details?id=com.jumia.android&hl=en&gl=ng
b718217d-814a-4463-b365-8b1c598fcae6,Jumia,professional,5,2026-08-14,Google Play,Customer Review,https://play.google.com/store/apps/details?id=com.jumia.android&hl=en&gl=ng
62a5030b-dc23-44fa-b5f9-3d10825e5315,Jumia,very good,5,2026-08-14,Google Play,Customer Review,https://play.google.com/store/apps/details?id=com.jumia.android&hl=en&gl=ng
ff651717-daea-4442-8006-c9e81ab5d3ae,Jumia,I love jumia sha,5,2026-08-14,Google Play,Customer Review,https://play.google.com/store/apps/details?id=com.jumia.android&hl=en&gl=ng
2c1bb206-368c-48ba-bead-c6590dcfdb39,Jumia,good,4,2026-08-14,Google Play,Customer Review,https://play.google.com/store/apps/details?id=com.jumia.android&hl=en&gl=ng
5c5ae095-97f6-4d72-95e5-cb67e1b8b473,Jumia,fair enough,5,2026-08-14,Google Play,Customer Review,https://play.google.com/store/apps/details?id=com.jumia.android&hl=en&gl=ng
4811e1d5-9994-491a-a78b-97a9e3dd5b34,Jumia,very reliable,5,2026-08-14,Google Play,Customer Review,https://play.google.com/store/apps/details?id=com.jumia.android&hl=en&gl=ng
a0cf658c-8d4b-4511-8451-a02cc51daeac,Jumia,it's been awhile since I used jumia now am here and I can't see mpesa option no option of pay on delivery,1,2026-08-14,Google Play,Customer Review,https://play.google.com/store/apps/details?id=com.jumia.android&hl=en&gl=ng
25b37e2f-4a61-46e1-914a-fe134dbb9d6b,Jumia,very good products,5,2026-08-14,Google Play,Customer Review,https://play.google.com/store/apps/details?id=com.jumia.android&hl=en&gl=ng
143d97de-c5ce-4f5c-b12c-597073703a8d,Jumia,good app,5,2026-08-14,Google Play,Customer Review,https://play.google.com/store/apps/details?id=com.jumia.android&hl=en&gl=ng
b7317ccb-af74-45c1-952b-975e7ee2e8be,Jumia,I ordered a sneaker and it was exactly what I expected 💯,4,2026-08-14,Google Play,Customer Review,https://play.google.com/store/apps/details?id=com.jumia.android&hl=en&gl=ng
7f2fb825-a727-43ca-8f50-71677bf7b078,Jumia,"FIX YOUR APP, what an absolute drivel...Why is my basket being EMPTIED even before I finish browsing?? So na me no get wetin I go use my time do na to dey search up and down hundren billion tmes just to add items to my basket and then it deletes them? I also cannot search, keeps coming up with errors!",1,2026-08-14,Google Play,Customer Review,https://play.google.com/store/apps/details?id=com.jumia.android&hl=en&gl=ng
752e7abb-9c61-4300-9a30-6d69ac64272e,Jumia,very good and reliable,5,2026-08-14,Google Play,Customer Review,https://play.google.com/store/apps/details?id=com.jumia.android&hl=en&gl=ng
88ff6ba0-772b-4a0f-a77b-c76e14f57364,Jumia,"Not bad, I receive packages on tym",3,2026-08-14,Google Play,Customer Review,https://play.google.com/store/apps/details?id=com.jumia.android&hl=en&gl=ng
7a11c361-6b31-46de-93d3-e6ff0ef3558c,Jumia,Nice App for purchasing varieties of products,5,2026-08-14,Google Play,Customer Review,https://play.google.com/store/apps/details?id=com.jumia.android&hl=en&gl=ng
f018b7ff-e99f-46c6-8b1e-4577c9bdb0b3,Jumia,user friendly,4,2026-08-14,Google Play,Customer Review,https://play.google.com/store/apps/details?id=com.jumia.android&hl=en&gl=ng
1f29b520-c73b-434f-9992-71e47dec26f6,Jumia,perfect,5,2026-08-14,Google Play,Customer Review,https://play.google.com/store/apps/details?id=com.jumia.android&hl=en&gl=ng
98a7cda7-6365-407a-9167-409f8b7c5fd8,Jumia,"I used to get electronic modules like lithium charger module, amplifier module, bucket convertors boards sensors and many more.... now I can't get any of those stuff anymore. please bring them back",1,2026-08-14,Google Play,Customer Review,https://play.google.com/store/apps/details?id=com.jumia.android&hl=en&gl=ng
792edaa3-ab50-4b87-9304-9b8c0b18e286,Jumia,fine,5,2026-08-14,Google Play,Customer Review,https://play.google.com/store/apps/details?id=com.jumia.android&hl=en&gl=ng
0cb26d34-1bf8-40b3-b9d8-b78f0f19b27c,Jumia,excellent,5,2026-08-14,Google Play,Customer Review,https://play.google.com/store/apps/details?id=com.jumia.android&hl=en&gl=ng
2c915946-9de6-4f4e-9dce-987121c3e00e,Jumia,Nice product,3,2026-08-14,Google Play,Customer Review,https://play.google.com/store/apps/details?id=com.jumia.android&hl=en&gl=ng
f612571e-753a-47a0-b629-21487178c226,Jumia,simple the best,3,2026-08-14,Google Play,Customer Review,https://play.google.com/store/apps/details?id=com.jumia.android&hl=en&gl=ng
3cea5942-6a77-40ef-b9f0-5f9e4c20a341,Jumia,perfect,5,2026-08-14,Google Play,Customer Review,https://play.google.com/store/apps/details?id=com.jumia.android&hl=en&gl=ng
2941a0e3-2b7c-4938-85ca-f8288c73a6b7,Jumia,💯,5,2026-08-14,Google Play,Customer Review,https://play.google.com/store/apps/details?id=com.jumia.android&hl=en&gl=ng
59365196-daa2-4d9f-8fb8-54d50dbaba88,Jumia,it is a place for quality things,4,2026-08-14,Google Play,Customer Review,https://play.google.com/store/apps/details?id=com.jumia.android&hl=en&gl=ng
33e7a76c-b764-4c6a-8a7a-5e8d0d4a7434,Jumia,am waiting for my package,5,2026-08-14,Google Play,Customer Review,https://play.google.com/store/apps/details?id=com.jumia.android&hl=en&gl=ng
1e617f75-bc67-47ad-88d4-e442e3bcaee9,Jumia,Fast,5,2026-08-14,Google Play,Customer Review,https://play.google.com/store/apps/details?id=com.jumia.android&hl=en&gl=ng
8d4a8c2f-f993-412e-b5b8-edd3579f727f,Jumia,"app interface is very easy to use, but most products don't give enough description like other shopping app.",4,2026-08-14,Google Play,Customer Review,https://play.google.com/store/apps/details?id=com.jumia.android&hl=en&gl=ng
42378a33-b53e-4f9a-be2e-7f7276800f8f,Jumia,It's the best,5,2026-08-14,Google Play,Customer Review,https://play.google.com/store/apps/details?id=com.jumia.android&hl=en&gl=ng
7d28843f-ead4-46a7-b9de-bc3f6f02971e,Jumia,Best Market place ever,5,2026-08-14,Google Play,Customer Review,https://play.google.com/store/apps/details?id=com.jumia.android&hl=en&gl=ng
8b5bb67a-0f84-482b-a0e0-dccb6d96e12e,Jumia,well done,4,2026-08-14,Google Play,Customer Review,https://play.google.com/store/apps/details?id=com.jumia.android&hl=en&gl=ng
d636a457-3011-471c-991a-694f0f05a6d1,Jumia,so first jumia number one,5,2026-08-14,Google Play,Customer Review,https://play.google.com/store/apps/details?id=com.jumia.android&hl=en&gl=ng
6ce56b34-c1f1-4055-a2bb-b48519454197,Jumia,"safe and liable,they have not fail any order that l have made.l always recieve my items and they sell good product.JUMIA ALWAYS THE BEST!!!!!...",4,2026-08-14,Google Play,Customer Review,https://play.google.com/store/apps/details?id=com.jumia.android&hl=en&gl=ng
3ef080be-d304-4bd4-b1db-fc057f81ede4,Jumia,best online shop to place your order,5,2026-08-14,Google Play,Customer Review,https://play.google.com/store/apps/details?id=com.jumia.android&hl=en&gl=ng
e07ccc03-69f1-4c0a-8da1-de6fd01c2e5f,Jumia,perfect thanks.,5,2026-08-14,Google Play,Customer Review,https://play.google.com/store/apps/details?id=com.jumia.android&hl=en&gl=ng
5ac2b7bf-d126-49bf-8b04-109d723634a9,Jumia,Everwhere is good with Jumia....,4,2026-08-14,Google Play,Customer Review,https://play.google.com/store/apps/details?id=com.jumia.android&hl=en&gl=ng
efdf0023-7791-459b-82e0-a636e136ae99,Jumia,"I trust Jumia. Relatively fast delivery. I used to get exactly what I ordered. please maintain the quality of the product especially for those of us that use it to buy electronic gadgets. I personally, faced with the challenge of getting a corrupted product, not an expected product and several frustrations using other platforms. BUT NOT WITH JUMIA. keep up the good work...",5,2026-08-14,Google Play,Customer Review,https://play.google.com/store/apps/details?id=com.jumia.android&hl=en&gl=ng
6b982026-0475-4ec8-ab2d-0c7da33f1646,Jumia,perfect,5,2026-08-14,Google Play,Customer Review,https://play.google.com/store/apps/details?id=com.jumia.android&hl=en&gl=ng
faf92ba3-ac15-4d4b-bc54-1b76c5df3445,Jumia,it's and very easy to access,4,2026-08-14,Google Play,Customer Review,https://play.google.com/store/apps/details?id=com.jumia.android&hl=en&gl=ng
57a6a219-dd3b-4cf7-835f-20308879b0ab,Jumia,Jumia is the best place to shop,5,2026-08-14,Google Play,Customer Review,https://play.google.com/store/apps/details?id=com.jumia.android&hl=en&gl=ng
1d5d664b-6462-41c5-bf37-3315fee941b7,Jumia,exceptional,4,2026-08-14,Google Play,Customer Review,https://play.google.com/store/apps/details?id=com.jumia.android&hl=en&gl=ng
e8884e51-c63f-4560-85a0-e273673b605e,Jumia,good 👍👍,3,2026-08-14,Google Play,Customer Review,https://play.google.com/store/apps/details?id=com.jumia.android&hl=en&gl=ng
804c5582-416c-479a-806e-cc5e6aadeb31,Jumia,Reduce on steps,5,2026-08-14,Google Play,Customer Review,https://play.google.com/store/apps/details?id=com.jumia.android&hl=en&gl=ng
586475d7-207f-42db-be0c-9fd6a378002f,Jumia,wonderful,5,2026-08-14,Google Play,Customer Review,https://play.google.com/store/apps/details?id=com.jumia.android&hl=en&gl=ng
3876b855-b37e-400c-9d4f-0d19f0ad0476,Jumia,exceptional services 🙂🙂,4,2026-08-14,Google Play,Customer Review,https://play.google.com/store/apps/details?id=com.jumia.android&hl=en&gl=ng
fd95d5b7-097f-4993-811f-b7eb47982dd6,Jumia,good in everything,5,2026-08-14,Google Play,Customer Review,https://play.google.com/store/apps/details?id=com.jumia.android&hl=en&gl=ng
0db97e53-a290-44e3-8d8e-c57938432fd2,Jumia,excellent,5,2026-08-14,Google Play,Customer Review,https://play.google.com/store/apps/details?id=com.jumia.android&hl=en&gl=ng
f1ca6ff9-6373-4b40-bb5d-a6db0b6b1a62,Jumia,excellent,5,2026-08-14,Google Play,Customer Review,https://play.google.com/store/apps/details?id=com.jumia.android&hl=en&gl=ng
671463e6-48d2-429b-ac81-c3ee466a7d7b,Jumia,Jumia is the greatest app I have ever seen,5,2026-08-14,Google Play,Customer Review,https://play.google.com/store/apps/details?id=com.jumia.android&hl=en&gl=ng
7b711194-f359-465e-8c46-78676a1c1847,Jumia,very good online shopping,5,2026-08-14,Google Play,Customer Review,https://play.google.com/store/apps/details?id=com.jumia.android&hl=en&gl=ng
462ea92d-a11f-45cd-b3f3-2f1ec2fca8cf,Jumia,love it,5,2026-08-14,Google Play,Customer Review,https://play.google.com/store/apps/details?id=com.jumia.android&hl=en&gl=ng
ed6f7bdc-98b9-440a-a025-8a7cd2abf1f5,Jumia,just given a try,3,2026-08-14,Google Play,Customer Review,https://play.google.com/store/apps/details?id=com.jumia.android&hl=en&gl=ng
5f890f1e-edc8-48d3-aa35-e6345275ef49,Jumia,efficient,4,2026-08-14,Google Play,Customer Review,https://play.google.com/store/apps/details?id=com.jumia.android&hl=en&gl=ng
9f75ea76-5d39-45ba-bbb9-5fd27b98dc59,Jumia,it's amazing to shop on jumia,5,2026-08-14,Google Play,Customer Review,https://play.google.com/store/apps/details?id=com.jumia.android&hl=en&gl=ng
5742d190-49bf-4c54-ae6d-1ace474bd277,Jumia,"worst platform, can't deliver the products on time. they demand you to pay for the product before delivery, and they still have the guts to delay the delivery. purchase here at your own risk.",1,2026-08-14,Google Play,Customer Review,https://play.google.com/store/apps/details?id=com.jumia.android&hl=en&gl=ng
5418d97f-4952-42e1-b72b-65118d7da69d,Jumia,A good convenient app.,5,2026-08-14,Google Play,Customer Review,https://play.google.com/store/apps/details?id=com.jumia.android&hl=en&gl=ng
f90f783e-d1ec-4d1b-9bd6-631d8b85a87f,Jumia,very solid,5,2026-08-14,Google Play,Customer Review,https://play.google.com/store/apps/details?id=com.jumia.android&hl=en&gl=ng
b24f7d8b-7059-490e-85c4-493ef475abdc,Jumia,jumia the best,5,2026-08-14,Google Play,Customer Review,https://play.google.com/store/apps/details?id=com.jumia.android&hl=en&gl=ng
ff6bfe8c-d089-405c-bdeb-9f97077fae40,Jumia,I like it,5,2026-08-14,Google Play,Customer Review,https://play.google.com/store/apps/details?id=com.jumia.android&hl=en&gl=ng
2cc7a97f-e169-45f9-929c-71469d63d315,Jumia,effective and reliable e-commerce services,4,2026-08-14,Google Play,Customer Review,https://play.google.com/store/apps/details?id=com.jumia.android&hl=en&gl=ng
b472c657-8f47-4fcc-94af-90b3e7b78a64,Jumia,A big thank you to jumai,5,2026-08-14,Google Play,Customer Review,https://play.google.com/store/apps/details?id=com.jumia.android&hl=en&gl=ng
23f62046-29bc-4f6c-a4f9-0d5776a9425e,Jumia,"my first order , I ordered football shoes and they brought the exact shoe I wanted. I really do appreciate jumia for their services and good quality items 👍👍👍👍",5,2026-08-14,Google Play,Customer Review,https://play.google.com/store/apps/details?id=com.jumia.android&hl=en&gl=ng
58a8e246-35ef-49c3-8226-d772b7e11cc5,Jumia,very high quality product,5,2026-08-14,Google Play,Customer Review,https://play.google.com/store/apps/details?id=com.jumia.android&hl=en&gl=ng
1943a457-24e9-434e-b9c9-5cfd1cf5a27b,Jumia,good products reliable,3,2026-08-14,Google Play,Customer Review,https://play.google.com/store/apps/details?id=com.jumia.android&hl=en&gl=ng
fae7d0c3-9249-4e48-a23c-3521d2e097f6,Jumia,good,3,2026-08-14,Google Play,Customer Review,https://play.google.com/store/apps/details?id=com.jumia.android&hl=en&gl=ng
c5de392e-8860-4ae9-aa67-36127c2283dc,Jumia,Good,4,2026-08-14,Google Play,Customer Review,https://play.google.com/store/apps/details?id=com.jumia.android&hl=en&gl=ng
f2e978c2-0718-41b2-b518-5fd9638dd645,Jumia,Good app,5,2026-08-13,Google Play,Customer Review,https://play.google.com/store/apps/details?id=com.jumia.android&hl=en&gl=ng
017d6ce6-6d1f-494d-a965-437e2d8838ad,Jumia,منتجاته سيئة للأسف و بيتعامل مع طبقه رديئة من التجار، اشتريت كذا حاجه بايظه ومش عارف ارجعها,1,2026-08-13,Google Play,Customer Review,https://play.google.com/store/apps/details?id=com.jumia.android&hl=en&gl=ng
d0138078-d3d2-4e09-b2bb-fa29e2690403,Jumia,Simple,4,2026-08-13,Google Play,Customer Review,https://play.google.com/store/apps/details?id=com.jumia.android&hl=en&gl=ng
45e63c19-b52e-4681-a662-004fbdc9a818,Jumia,nice,5,2026-08-13,Google Play,Customer Review,https://play.google.com/store/apps/details?id=com.jumia.android&hl=en&gl=ng
62f1285a-e38c-4257-b39a-26a32fc29365,Jumia,good,5,2026-08-13,Google Play,Customer Review,https://play.google.com/store/apps/details?id=com.jumia.android&hl=en&gl=ng
1255fd1e-1525-4048-9021-96cd97492f3f,Jumia,"it amazing, 🤩 stress free and smooth delivery 🚚 services.",5,2026-08-13,Google Play,Customer Review,https://play.google.com/store/apps/details?id=com.jumia.android&hl=en&gl=ng
e83d3752-c4c9-49be-a7b0-385c83388350,Jumia,Good,4,2026-08-13,Google Play,Customer Review,https://play.google.com/store/apps/details?id=com.jumia.android&hl=en&gl=ng
2dd2fae4-b6a5-49e7-8128-4d1429ff0281,Jumia,they really supplies good product,5,2026-08-13,Google Play,Customer Review,https://play.google.com/store/apps/details?id=com.jumia.android&hl=en&gl=ng
4fa24f97-01ae-46d1-bfed-4e44bfed1823,Jumia,Fast payment and delivery,4,2026-08-13,Google Play,Customer Review,https://play.google.com/store/apps/details?id=com.jumia.android&hl=en&gl=ng
1784a154-6603-47b0-b3fa-e6e51b55568f,Jumia,jumia has become unusable. ads keep popping on screen every 5 seconds. full screen ads by the way. very terrible,1,2026-08-13,Google Play,Customer Review,https://play.google.com/store/apps/details?id=com.jumia.android&hl=en&gl=ng
f570401e-dd73-4b1b-bce9-c17fca3bd3f3,Jumia,Best,3,2026-08-13,Google Play,Customer Review,https://play.google.com/store/apps/details?id=com.jumia.android&hl=en&gl=ng
bc25020e-25d0-4122-b5d6-9ec31196777c,Jumia,good market 🥰🥰🥰,4,2026-08-13,Google Play,Customer Review,https://play.google.com/store/apps/details?id=com.jumia.android&hl=en&gl=ng
a911746b-f708-4fde-8e7c-d760f28776e0,Jumia,good and quality products are sold here,5,2026-08-13,Google Play,Customer Review,https://play.google.com/store/apps/details?id=com.jumia.android&hl=en&gl=ng
1ebf4c96-2a5b-44b8-aa92-ab0b2b2b616f,Jumia,nice,5,2026-08-13,Google Play,Customer Review,https://play.google.com/store/apps/details?id=com.jumia.android&hl=en&gl=ng
a30068cd-cbea-48cc-bdf0-170a558af016,Jumia,Very good but sometimes difficult looking for other items,4,2026-08-13,Google Play,Customer Review,https://play.google.com/store/apps/details?id=com.jumia.android&hl=en&gl=ng
fc89ff78-9fe1-442d-963e-e4414433d01a,Jumia,first time of placing an order on jumia. very fast and accessible,5,2026-08-13,Google Play,Customer Review,https://play.google.com/store/apps/details?id=com.jumia.android&hl=en&gl=ng
88b136f1-b662-4331-a575-e30d48922dbd,Jumia,perfect,5,2026-08-13,Google Play,Customer Review,https://play.google.com/store/apps/details?id=com.jumia.android&hl=en&gl=ng
0f7c7dbc-ca63-42aa-bfd6-4d1de2c555df,Jumia,good,3,2026-08-13,Google Play,Customer Review,https://play.google.com/store/apps/details?id=com.jumia.android&hl=en&gl=ng
ba094f82-df8a-42e9-bf2f-e2a27911ba83,Jumia,very good but sometimes delivery delays,4,2026-08-13,Google Play,Customer Review,https://play.google.com/store/apps/details?id=com.jumia.android&hl=en&gl=ng
21af9bd3-3ddb-414e-b096-09584f3885a2,Jumia,it is good 😊,1,2026-08-13,Google Play,Customer Review,https://play.google.com/store/apps/details?id=com.jumia.android&hl=en&gl=ng
9bd50796-4c58-4247-a3d7-d84bb4da7673,Jumia,doing great,3,2026-08-13,Google Play,Customer Review,https://play.google.com/store/apps/details?id=com.jumia.android&hl=en&gl=ng
436d8c73-a50a-4a14-932c-a49c8c883953,Jumia,Very reliable,5,2026-08-13,Google Play,Customer Review,https://play.google.com/store/apps/details?id=com.jumia.android&hl=en&gl=ng
1d624bd1-7884-41c4-8d4e-61a69a790be3,Jumia,one of the best market app so far keep improving and adding laymen needs insignificant needs on the app and I will give you 5star,4,2026-08-13,Google Play,Customer Review,https://play.google.com/store/apps/details?id=com.jumia.android&hl=en&gl=ng
394bfd91-4643-4fca-bcef-5809be35d72a,Jumia,excellent,5,2026-08-13,Google Play,Customer Review,https://play.google.com/store/apps/details?id=com.jumia.android&hl=en&gl=ng
b59e84a9-8059-4070-bfab-766e5fb737fa,Jumia,jumia is the best,3,2026-08-13,Google Play,Customer Review,https://play.google.com/store/apps/details?id=com.jumia.android&hl=en&gl=ng
209fd84f-6b96-484a-89a6-9b6fa2391021,Jumia,Easy to Shop,5,2026-08-13,Google Play,Customer Review,https://play.google.com/store/apps/details?id=com.jumia.android&hl=en&gl=ng
c6d4f3f7-b394-497e-849d-6312b34b0789,Jumia,Good and reliable try it 😊,4,2026-08-13,Google Play,Customer Review,https://play.google.com/store/apps/details?id=com.jumia.android&hl=en&gl=ng
9266923c-e308-44df-8fb0-90cdc3bb4be5,Jumia,very good,5,2026-08-13,Google Play,Customer Review,https://play.google.com/store/apps/details?id=com.jumia.android&hl=en&gl=ng
2ea3c73f-4ed4-43fd-8fec-d3fe2f358cc8,Jumia,the best,5,2026-08-13,Google Play,Customer Review,https://play.google.com/store/apps/details?id=com.jumia.android&hl=en&gl=ng
90ee671d-a33d-4366-bcf1-c5b9a417e094,Jumia,It's okay but you guys should bring nice and cute items for the girls,3,2026-08-13,Google Play,Customer Review,https://play.google.com/store/apps/details?id=com.jumia.android&hl=en&gl=ng
067caf70-7258-4342-9bc6-f874ab877938,Jumia,very good app,5,2026-08-13,Google Play,Customer Review,https://play.google.com/store/apps/details?id=com.jumia.android&hl=en&gl=ng
e1d5b969-32ba-449b-9950-9b6fe666f273,Jumia,Nice to be here,4,2026-08-13,Google Play,Customer Review,https://play.google.com/store/apps/details?id=com.jumia.android&hl=en&gl=ng
1c61c336-e2bd-4e8f-9c52-a477f4e1e728,Jumia,very good,5,2026-08-13,Google Play,Customer Review,https://play.google.com/store/apps/details?id=com.jumia.android&hl=en&gl=ng
08b85d76-4573-481b-b28e-1de02905ef9b,Jumia,love you,5,2026-08-13,Google Play,Customer Review,https://play.google.com/store/apps/details?id=com.jumia.android&hl=en&gl=ng
e7d503b9-197e-4c70-80e4-051e2b265056,Jumia,love u guys,5,2026-08-13,Google Play,Customer Review,https://play.google.com/store/apps/details?id=com.jumia.android&hl=en&gl=ng
930ae11f-34dd-49ea-9078-59eb09940580,Jumia,very good product,5,2026-08-13,Google Play,Customer Review,https://play.google.com/store/apps/details?id=com.jumia.android&hl=en&gl=ng
523f5d45-c53d-43f8-ab24-7585eb499d0b,Jumia,Cool,5,2026-08-13,Google Play,Customer Review,https://play.google.com/store/apps/details?id=com.jumia.android&hl=en&gl=ng
58904b27-fbe0-4bde-b6b4-4de5ec7a8ea5,Jumia,jumia always remain the best,4,2026-08-13,Google Play,Customer Review,https://play.google.com/store/apps/details?id=com.jumia.android&hl=en&gl=ng
9c8a4311-9e52-45e2-bd50-5a1d17b7b9d7,Jumia,nice of you thank,5,2026-08-13,Google Play,Customer Review,https://play.google.com/store/apps/details?id=com.jumia.android&hl=en&gl=ng
aa0d67fa-9d3c-419c-9659-656679594a2c,Jumia,jumia is the best online shopping app,5,2026-08-13,Google Play,Customer Review,https://play.google.com/store/apps/details?id=com.jumia.android&hl=en&gl=ng
39832d28-cb7b-4f4e-b541-5cefbaccf1c2,Jumia,for a month now I'm on able to log in to my account and my order got cancelled by you people in few days to delivery when I used the website. That's bad.😔,1,2026-08-13,Google Play,Customer Review,https://play.google.com/store/apps/details?id=com.jumia.android&hl=en&gl=ng
21ecf957-a456-46c0-8c82-bf28e14441b1,Jumia,very efficient always remember to read product description and check reviews,3,2026-08-13,Google Play,Customer Review,https://play.google.com/store/apps/details?id=com.jumia.android&hl=en&gl=ng
a58abd00-8d1f-49fd-a4d0-d0c41832eb61,Jumia,Good,4,2026-08-13,Google Play,Customer Review,https://play.google.com/store/apps/details?id=com.jumia.android&hl=en&gl=ng
b5ef3556-870f-4f5e-9d52-7dc1cf196075,Jumia,"your vendors are not cool, but one last try and am done",1,2026-08-13,Google Play,Customer Review,https://play.google.com/store/apps/details?id=com.jumia.android&hl=en&gl=ng
d943ca90-db09-42d1-8fdb-03ab5254bd72,Jumia,"very good machine , the company is also good in terms of delivery",3,2026-08-13,Google Play,Customer Review,https://play.google.com/store/apps/details?id=com.jumia.android&hl=en&gl=ng
dfef6850-327f-4564-8c11-c9d7b652b197,Jumia,Best Service,5,2026-08-13,Google Play,Customer Review,https://play.google.com/store/apps/details?id=com.jumia.android&hl=en&gl=ng
04920e4b-38f3-446c-88b2-134d99248903,Jumia,I have never been disappointed since 2015 I started using Jumia,4,2026-08-13,Google Play,Customer Review,https://play.google.com/store/apps/details?id=com.jumia.android&hl=en&gl=ng
aee1b85f-871e-4116-8046-189502d16a6d,Jumia,All Must buy from Jumia more reliable,5,2026-08-13,Google Play,Customer Review,https://play.google.com/store/apps/details?id=com.jumia.android&hl=en&gl=ng
05cd5ff3-5295-4a36-98dd-e50af5b7a9a3,Jumia,best app ever,4,2026-08-13,Google Play,Customer Review,https://play.google.com/store/apps/details?id=com.jumia.android&hl=en&gl=ng
30cca4ef-346e-4c7d-b15e-adf4fc7796e9,Jumia,cool,5,2026-08-13,Google Play,Customer Review,https://play.google.com/store/apps/details?id=com.jumia.android&hl=en&gl=ng
7dac1968-4542-41e3-83a4-a3dde35a6582,Jumia,"With Jumia shopping 🛒 has been made easy, You people deserve 5star ratings.",5,2026-08-13,Google Play,Customer Review,https://play.google.com/store/apps/details?id=com.jumia.android&hl=en&gl=ng
7e5b5ab8-c98c-48f0-aa49-ef6ea373ba4c,Jumia,very good one,4,2026-08-13,Google Play,Customer Review,https://play.google.com/store/apps/details?id=com.jumia.android&hl=en&gl=ng
2eff27da-c53d-4530-bea0-46285d6cea8a,Jumia,legit in delivering apo kwa returns,4,2026-08-13,Google Play,Customer Review,https://play.google.com/store/apps/details?id=com.jumia.android&hl=en&gl=ng
6a476534-b480-442d-b4df-44e0de026163,Jumia,the best,5,2026-08-13,Google Play,Customer Review,https://play.google.com/store/apps/details?id=com.jumia.android&hl=en&gl=ng
371af123-b48a-4df9-b730-019f01ffb30f,Jumia,Awesome,5,2026-08-13,Google Play,Customer Review,https://play.google.com/store/apps/details?id=com.jumia.android&hl=en&gl=ng
afb7be25-a355-49bb-8194-846c3b24ff8f,Jumia,love it received my order early and in good shape,5,2026-08-13,Google Play,Customer Review,https://play.google.com/store/apps/details?id=com.jumia.android&hl=en&gl=ng
00de9eaa-bc5a-4e9c-9469-f8142268dbdc,Jumia,best app ever,5,2026-08-13,Google Play,Customer Review,https://play.google.com/store/apps/details?id=com.jumia.android&hl=en&gl=ng
b101526a-ef0d-4a0d-af28-f6b23bb21f25,Jumia,Jumia is always reliable and unbeatable,5,2026-08-13,Google Play,Customer Review,https://play.google.com/store/apps/details?id=com.jumia.android&hl=en&gl=ng
891e0bc2-b02d-4266-a103-03acf6635ba4,Jumia,we appreciate for your service,5,2026-08-13,Google Play,Customer Review,https://play.google.com/store/apps/details?id=com.jumia.android&hl=en&gl=ng
ae834e6a-4f79-4d72-bde1-d25bb42e52a6,Jumia,well reliable,5,2026-08-13,Google Play,Customer Review,https://play.google.com/store/apps/details?id=com.jumia.android&hl=en&gl=ng
c08a0fd2-80fc-433d-a501-6adb53f0d9cc,Jumia,it is good and reliable,5,2026-08-13,Google Play,Customer Review,https://play.google.com/store/apps/details?id=com.jumia.android&hl=en&gl=ng
e8b04e5a-41b9-4cd4-94d6-69cb1fdd0f28,Jumia,it is so excellent,5,2026-08-13,Google Play,Customer Review,https://play.google.com/store/apps/details?id=com.jumia.android&hl=en&gl=ng
5a80cf9c-c22e-4c89-988d-8e62b04e982f,Jumia,good,4,2026-08-13,Google Play,Customer Review,https://play.google.com/store/apps/details?id=com.jumia.android&hl=en&gl=ng
89111055-95ac-44de-a43c-7bbcb5cfb7ff,Jumia,I like your service but the transfer levy is to high,3,2026-08-13,Google Play,Customer Review,https://play.google.com/store/apps/details?id=com.jumia.android&hl=en&gl=ng
ba568b85-571d-4aab-a033-cd4cadad31f7,Jumia,perfect,5,2026-08-13,Google Play,Customer Review,https://play.google.com/store/apps/details?id=com.jumia.android&hl=en&gl=ng
2c792317-6f4d-40af-9381-349cb346e624,Jumia,jumia is the best online shopping,5,2026-08-13,Google Play,Customer Review,https://play.google.com/store/apps/details?id=com.jumia.android&hl=en&gl=ng
498b9af5-7b86-4dae-beca-a328bde6a23b,Jumia,this app is reliable,5,2026-08-13,Google Play,Customer Review,https://play.google.com/store/apps/details?id=com.jumia.android&hl=en&gl=ng
7cd39b2a-e4c4-4610-901e-0eb30b97f058,Jumia,good,1,2026-08-13,Google Play,Customer Review,https://play.google.com/store/apps/details?id=com.jumia.android&hl=en&gl=ng
aad52bfd-1ebb-4203-9268-ffcc3e1c1966,Jumia,"Fantastic, Fantabulous, Fantasy",5,2026-08-13,Google Play,Customer Review,https://play.google.com/store/apps/details?id=com.jumia.android&hl=en&gl=ng
d3e788c4-9b09-4f9f-8284-912374a0653c,Jumia,a very legit business,5,2026-08-13,Google Play,Customer Review,https://play.google.com/store/apps/details?id=com.jumia.android&hl=en&gl=ng
5b9b0493-e6f1-4eeb-a970-a3de9eb58131,Jumia,I enjoy buy on jumia because it's safe and reliable.,5,2026-08-13,Google Play,Customer Review,https://play.google.com/store/apps/details?id=com.jumia.android&hl=en&gl=ng
aa53e9ca-cf85-4fa2-9037-6f1076c99cf9,Jumia,very good easy fast and reliable,5,2026-08-13,Google Play,Customer Review,https://play.google.com/store/apps/details?id=com.jumia.android&hl=en&gl=ng
e75f2f55-b376-41b4-8c37-d2aa9b7904a7,Jumia,good,5,2026-08-13,Google Play,Customer Review,https://play.google.com/store/apps/details?id=com.jumia.android&hl=en&gl=ng
9d2f6ba0-0989-4ff3-9149-9ca884bfd9fd,Jumia,good,3,2026-08-13,Google Play,Customer Review,https://play.google.com/store/apps/details?id=com.jumia.android&hl=en&gl=ng
b48b8bd3-3e83-49ca-a5f2-ceb4655626e2,Jumia,simply impeccable ❤️,5,2026-08-13,Google Play,Customer Review,https://play.google.com/store/apps/details?id=com.jumia.android&hl=en&gl=ng
70002143-9706-4c9e-bcc3-41dc7d941bea,Jumia,"Easy to buy but delays a bit: say two weeks, depending on your location",5,2026-08-13,Google Play,Customer Review,https://play.google.com/store/apps/details?id=com.jumia.android&hl=en&gl=ng
18f93814-3d9c-4101-a4db-8114414e972d,Jumia,"I rated it 3 star because,I have been trying to deposit money into my account make no way to make a deposit for saving",3,2026-08-13,Google Play,Customer Review,https://play.google.com/store/apps/details?id=com.jumia.android&hl=en&gl=ng
e28e1133-f8b4-41df-ad03-843d5c1a9625,Jumia,"I've been hearing excellent about them, and now here to weakness it myself",5,2026-08-13,Google Play,Customer Review,https://play.google.com/store/apps/details?id=com.jumia.android&hl=en&gl=ng
704bf8c3-ca63-4d39-a7a3-3570bb436119,Jumia,بيلغي الاوردر بعد كذا يوم وبعد ما وصلني استلامهم للمنتج عشان المنتج نفذ من المخزون وده حصل اصلا بعد ما اتأخروا في التسليم ومش اول مرة يحصل كده,1,2026-08-12,Google Play,Customer Review,https://play.google.com/store/apps/details?id=com.jumia.android&hl=en&gl=ng
9b436b15-3bcf-4e78-bcb5-55769bec7543,Jumia,"Jumia is just awesome and so so exciting. You get what you ordered fast and easy, no stress or hassle. Thank you Jumia",5,2026-08-12,Google Play,Customer Review,https://play.google.com/store/apps/details?id=com.jumia.android&hl=en&gl=ng
2cd7a465-cce9-4ea5-b288-6daba8d9e30f,Jumia,network issues sometimes,1,2026-08-12,Google Play,Customer Review,https://play.google.com/store/apps/details?id=com.jumia.android&hl=en&gl=ng
14cb6928-9dfe-4fa6-a767-e50bad29eba1,Jumia,is great app,3,2026-08-12,Google Play,Customer Review,https://play.google.com/store/apps/details?id=com.jumia.android&hl=en&gl=ng
6a15b4c2-cf2e-4516-9e05-98f6f26b74a1,Jumia,Why does the app insist on running in the background even after force closed?,3,2026-08-12,Google Play,Customer Review,https://play.google.com/store/apps/details?id=com.jumia.android&hl=en&gl=ng
7402cbf5-84d5-485e-a25e-231d4b7c8e3f,Jumia,never get feedback on my rejected order,1,2026-08-12,Google Play,Customer Review,https://play.google.com/store/apps/details?id=com.jumia.android&hl=en&gl=ng
42b6b295-4cd2-4b2f-93dc-36002ee92a0d,Jumia,i got exactly what I ordered,5,2026-08-12,Google Play,Customer Review,https://play.google.com/store/apps/details?id=com.jumia.android&hl=en&gl=ng
c7fc24b8-f61e-43b4-8d70-49080c092a5b,Jumia,good service. excellent customer service,4,2026-08-12,Google Play,Customer Review,https://play.google.com/store/apps/details?id=com.jumia.android&hl=en&gl=ng
408ab8fb-f873-4b83-aeef-38285861f53e,Jumia,👍,1,2026-08-12,Google Play,Customer Review,https://play.google.com/store/apps/details?id=com.jumia.android&hl=en&gl=ng
dfafc0fe-6643-41c7-8d36-e0517c56d42e,Jumia,Very Good,5,2026-08-12,Google Play,Customer Review,https://play.google.com/store/apps/details?id=com.jumia.android&hl=en&gl=ng
dd653aa1-2ef2-41b2-a102-ef6dcdb7a632,Jumia,Jumia is very good,5,2026-08-12,Google Play,Customer Review,https://play.google.com/store/apps/details?id=com.jumia.android&hl=en&gl=ng
e13e7a58-8a35-4908-9df9-4774516b32e0,Jumia,Jumia is the best online shopping,5,2026-08-12,Google Play,Customer Review,https://play.google.com/store/apps/details?id=com.jumia.android&hl=en&gl=ng
454a3add-0cb1-403b-8304-64a088ccf0b0,Jumia,cool,5,2026-08-12,Google Play,Customer Review,https://play.google.com/store/apps/details?id=com.jumia.android&hl=en&gl=ng
2ed90303-499e-424a-98c6-3cc53202ab1f,Jumia,this app is good,5,2026-08-12,Google Play,Customer Review,https://play.google.com/store/apps/details?id=com.jumia.android&hl=en&gl=ng
0076d48f-9f96-4a0b-ab9b-6908ccc1b97a,Jumia,nice,5,2026-08-12,Google Play,Customer Review,https://play.google.com/store/apps/details?id=com.jumia.android&hl=en&gl=ng
7d3c690e-02bf-43fa-b8ec-2c3a8d0a404d,Jumia,I ordered boxers in jumia and I found that it was very big from my size and i refused them the boxers and I ask them to refund my money and they said that they have refunded the money but I have not received the money since last month and up still now I have not received my money. the reason why I am reporting this is because I need my money back. please kindly send me my money. thank you,1,2026-08-12,Google Play,Customer Review,https://play.google.com/store/apps/details?id=com.jumia.android&hl=en&gl=ng
95115e6e-e17d-4369-92e7-958c212b1b1c,Jumia,"Jumia is the safest online shopping app all the way.. Fast, convenient and reliable 💯💪",5,2026-08-12,Google Play,Customer Review,https://play.google.com/store/apps/details?id=com.jumia.android&hl=en&gl=ng
37ddc993-cc8b-4a2a-af43-057f0c1d333a,Jumia,the best app,1,2026-08-12,Google Play,Customer Review,https://play.google.com/store/apps/details?id=com.jumia.android&hl=en&gl=ng
c9955bb6-a5a2-4ea2-8019-31635ae3b4cf,Jumia,this app is stupid I went to pick up my package on the byazhin branch then they started insulting me the people there at the pick up station Abuja they were two boys. I will never go through such humiliation again 🤬🤬🤬,1,2026-08-12,Google Play,Customer Review,https://play.google.com/store/apps/details?id=com.jumia.android&hl=en&gl=ng
2c079779-c2e5-43e1-b306-762efebea3ab,Jumia,good,3,2026-08-12,Google Play,Customer Review,https://play.google.com/store/apps/details?id=com.jumia.android&hl=en&gl=ng
fb40e99d-520a-4a30-a4bf-5dab29b3f4d3,Jumia,hope it wont delay coz I dont like delays,5,2026-08-12,Google Play,Customer Review,https://play.google.com/store/apps/details?id=com.jumia.android&hl=en&gl=ng
027e66be-b55c-4078-9a3f-205a42a060e6,Jumia,Is good to have,4,2026-08-12,Google Play,Customer Review,https://play.google.com/store/apps/details?id=com.jumia.android&hl=en&gl=ng
2ed300c1-4494-432d-94f0-c1164832810c,Jumia,quite frankly,5,2026-08-12,Google Play,Customer Review,https://play.google.com/store/apps/details?id=com.jumia.android&hl=en&gl=ng
9925a66a-d36d-47c7-beaa-469d6379ee83,Jumia,nice to buy many things that helps life 🧬,5,2026-08-12,Google Play,Customer Review,https://play.google.com/store/apps/details?id=com.jumia.android&hl=en&gl=ng
504d1369-ab27-4619-822d-cf16cc55a72c,Jumia,I like your products coz they are genuine,4,2026-08-12,Google Play,Customer Review,https://play.google.com/store/apps/details?id=com.jumia.android&hl=en&gl=ng
75c02fe8-b895-465d-835d-0531ffbcaf3d,Jumia,nice,4,2026-08-12,Google Play,Customer Review,https://play.google.com/store/apps/details?id=com.jumia.android&hl=en&gl=ng
72a51eb5-8d39-4249-8c84-9b21aa4d908b,Jumia,"lately, the deliveries are wrong, and have to be returned. waste of time",1,2026-08-12,Google Play,Customer Review,https://play.google.com/store/apps/details?id=com.jumia.android&hl=en&gl=ng
54d46026-697e-4b37-82a2-ec9aba292920,Jumia,jumia is actually a nice app,5,2026-08-12,Google Play,Customer Review,https://play.google.com/store/apps/details?id=com.jumia.android&hl=en&gl=ng
00eb1986-4da9-402b-8143-3042e3e79423,Jumia,returns 100%,5,2026-08-12,Google Play,Customer Review,https://play.google.com/store/apps/details?id=com.jumia.android&hl=en&gl=ng
46d80e3a-c118-41da-8062-6dd16c2d7755,Jumia,best and straightforward,5,2026-08-12,Google Play,Customer Review,https://play.google.com/store/apps/details?id=com.jumia.android&hl=en&gl=ng
df8a6e81-0ae3-4510-bd73-61893d7b3d94,Jumia,Why are there so many pop up ads and they are always constantly disturbing It's so annoying,1,2026-08-12,Google Play,Customer Review,https://play.google.com/store/apps/details?id=com.jumia.android&hl=en&gl=ng
dac3a1e1-2ea5-4ad5-80c4-594082863c95,Jumia,very good,5,2026-08-12,Google Play,Customer Review,https://play.google.com/store/apps/details?id=com.jumia.android&hl=en&gl=ng
d033b713-f455-4e52-9d87-7daeea654494,Jumia,good,5,2026-08-12,Google Play,Customer Review,https://play.google.com/store/apps/details?id=com.jumia.android&hl=en&gl=ng
71fd8f23-a7c9-4851-bab6-e2403ce185ef,Jumia,absolutely good service,4,2026-08-12,Google Play,Customer Review,https://play.google.com/store/apps/details?id=com.jumia.android&hl=en&gl=ng
7837b1b0-592f-4a52-9373-936ebca21bb3,Jumia,good app simplifies shopping,5,2026-08-12,Google Play,Customer Review,https://play.google.com/store/apps/details?id=com.jumia.android&hl=en&gl=ng
b137af4f-3b2a-42c6-8213-898e7b6e8cb8,Jumia,So far so good,4,2026-08-12,Google Play,Customer Review,https://play.google.com/store/apps/details?id=com.jumia.android&hl=en&gl=ng
9e6b3e38-3ffb-40d4-83eb-43bddb644447,Jumia,شركة محترمة,5,2026-08-12,Google Play,Customer Review,https://play.google.com/store/apps/details?id=com.jumia.android&hl=en&gl=ng
aeceea94-279a-4d98-9f47-8ef251a6f626,Jumia,trusted and reliable,5,2026-08-12,Google Play,Customer Review,https://play.google.com/store/apps/details?id=com.jumia.android&hl=en&gl=ng
eb03c5e0-3113-453d-8252-607959f92ede,Jumia,very good,5,2026-08-12,Google Play,Customer Review,https://play.google.com/store/apps/details?id=com.jumia.android&hl=en&gl=ng
52c4f121-70a7-492a-a7ad-5db1ccb31303,Jumia,Great,5,2026-08-12,Google Play,Customer Review,https://play.google.com/store/apps/details?id=com.jumia.android&hl=en&gl=ng
085f17c6-73d2-4797-b08e-c35720c79a17,Jumia,الاوردر بيتأخر,1,2026-08-12,Google Play,Customer Review,https://play.google.com/store/apps/details?id=com.jumia.android&hl=en&gl=ng
abc0c81b-029d-4722-91eb-9bbfab5222d3,Jumia,it a wonderful app,5,2026-08-12,Google Play,Customer Review,https://play.google.com/store/apps/details?id=com.jumia.android&hl=en&gl=ng
4614104c-0903-4a81-a8d6-de92c602061a,Jumia,This is a reliable source to place orders for items,3,2026-08-12,Google Play,Customer Review,https://play.google.com/store/apps/details?id=com.jumia.android&hl=en&gl=ng
16836f07-5f32-45b3-aa27-fdee86defead,Jumia,good,5,2026-08-12,Google Play,Customer Review,https://play.google.com/store/apps/details?id=com.jumia.android&hl=en&gl=ng
13360419-4743-4e20-9a0a-dbdc6c1f2083,Jumia,jumia is good,1,2026-08-12,Google Play,Customer Review,https://play.google.com/store/apps/details?id=com.jumia.android&hl=en&gl=ng
8c8e5e64-78bb-47c6-9a7c-07dda1b43c23,Jumia,great,5,2026-08-12,Google Play,Customer Review,https://play.google.com/store/apps/details?id=com.jumia.android&hl=en&gl=ng
c64cd381-5c93-4924-b8ec-a076e485c7bd,Jumia,just superb,5,2026-08-12,Google Play,Customer Review,https://play.google.com/store/apps/details?id=com.jumia.android&hl=en&gl=ng
df9226d8-2359-4613-8449-8e3bbfa33f49,Jumia,my order delayed in delivering and there was no form of apology.,1,2026-08-12,Google Play,Customer Review,https://play.google.com/store/apps/details?id=com.jumia.android&hl=en&gl=ng
9f7bdefa-5acb-4540-8855-e99643372305,Jumia,Reliable,3,2026-08-12,Google Play,Customer Review,https://play.google.com/store/apps/details?id=com.jumia.android&hl=en&gl=ng
63bc8eaa-e8f4-49a6-a7cc-d55f5a09ec07,Jumia,"Jumia is reliable, it's the best app I use for my online shopping. Jumia is tested and trusted, I do recommend people to download jumia app and shop from them.",4,2026-08-12,Google Play,Customer Review,https://play.google.com/store/apps/details?id=com.jumia.android&hl=en&gl=ng
81dd694c-9703-4171-8636-b6888d29e542,Jumia,expensive,1,2026-08-12,Google Play,Customer Review,https://play.google.com/store/apps/details?id=com.jumia.android&hl=en&gl=ng
12c7d035-841f-487a-81b6-4e1d95ab70ce,Jumia,"Jumia is Good, safe, convenient, fast Delivery.",5,2026-08-12,Google Play,Customer Review,https://play.google.com/store/apps/details?id=com.jumia.android&hl=en&gl=ng
6fbfceb2-3242-4279-b46c-5e8c45797c90,Jumia,The Best. Shop daily.,5,2026-08-12,Google Play,Customer Review,https://play.google.com/store/apps/details?id=com.jumia.android&hl=en&gl=ng
7a7ef172-f2c2-496f-8752-05328198df3b,Jumia,keep being the best,5,2026-08-12,Google Play,Customer Review,https://play.google.com/store/apps/details?id=com.jumia.android&hl=en&gl=ng
352a918e-2d81-4465-8526-9f6477a9b004,Jumia,Good business done here,5,2026-08-12,Google Play,Customer Review,https://play.google.com/store/apps/details?id=com.jumia.android&hl=en&gl=ng
4e1147ef-ed47-4186-b858-f12b477038b1,Jumia,Excellent,5,2026-08-12,Google Play,Customer Review,https://play.google.com/store/apps/details?id=com.jumia.android&hl=en&gl=ng
77ccfb2f-767c-4fb7-915c-9c40997e85ac,Jumia,perfect,5,2026-08-12,Google Play,Customer Review,https://play.google.com/store/apps/details?id=com.jumia.android&hl=en&gl=ng
bfd0e27b-2f06-47e1-b0a5-d6b09bf035fa,Jumia,jumia is the best online shopping app,5,2026-08-12,Google Play,Customer Review,https://play.google.com/store/apps/details?id=com.jumia.android&hl=en&gl=ng
d5bf44ca-1ec3-43e3-a511-ddca5edfea34,Jumia,"wonderful company, keep it up.",5,2026-08-12,Google Play,Customer Review,https://play.google.com/store/apps/details?id=com.jumia.android&hl=en&gl=ng
f510b430-f8fd-41c3-9a36-9e0ca3057771,Jumia,I enjoyed the service on delivery on time,5,2026-08-12,Google Play,Customer Review,https://play.google.com/store/apps/details?id=com.jumia.android&hl=en&gl=ng
49a91bbe-35f9-49b0-84ac-32a03769881e,Jumia,easy and reliable,3,2026-08-12,Google Play,Customer Review,https://play.google.com/store/apps/details?id=com.jumia.android&hl=en&gl=ng
60c83e8c-4eed-4055-8732-5dd3c14d65bc,Jumia,good,5,2026-08-12,Google Play,Customer Review,https://play.google.com/store/apps/details?id=com.jumia.android&hl=en&gl=ng
5d8b1010-e7c5-49c6-a742-bd980a408f4f,Jumia,perfect app,5,2026-08-12,Google Play,Customer Review,https://play.google.com/store/apps/details?id=com.jumia.android&hl=en&gl=ng
fa7af25a-3139-496a-8ba8-15142906e912,Jumia,Great App,5,2026-08-12,Google Play,Customer Review,https://play.google.com/store/apps/details?id=com.jumia.android&hl=en&gl=ng
c258c2f8-cf30-4e71-a8f2-9e623ca4adc6,Jumia,good,5,2026-08-12,Google Play,Customer Review,https://play.google.com/store/apps/details?id=com.jumia.android&hl=en&gl=ng
598bc76d-e481-4e18-8d2a-3285db7ee0fe,Jumia,it is good,5,2026-08-12,Google Play,Customer Review,https://play.google.com/store/apps/details?id=com.jumia.android&hl=en&gl=ng
0d5d3141-6a08-454d-a526-af5e91eaf041,Jumia,it's a nice and friendly online shopping,1,2026-08-12,Google Play,Customer Review,https://play.google.com/store/apps/details?id=com.jumia.android&hl=en&gl=ng
1d8c95d3-9109-4289-9576-98313fc347b5,Jumia,Cool,5,2026-08-12,Google Play,Customer Review,https://play.google.com/store/apps/details?id=com.jumia.android&hl=en&gl=ng
bd631f1c-7338-4bdd-9c37-6bd833ed2958,Jumia,so reliable and trustworthy to partner with,3,2026-08-12,Google Play,Customer Review,https://play.google.com/store/apps/details?id=com.jumia.android&hl=en&gl=ng
23de0a7f-d8da-41c1-b1b5-2b75438e47a2,Jumia,good,5,2026-08-12,Google Play,Customer Review,https://play.google.com/store/apps/details?id=com.jumia.android&hl=en&gl=ng
431e9bbe-a823-4926-9605-4b8481fa2117,Jumia,"This app is more than anything ever I just love thus app,love you jumia",5,2026-08-12,Google Play,Customer Review,https://play.google.com/store/apps/details?id=com.jumia.android&hl=en&gl=ng
d6e90afb-5174-4752-9b92-5a2139edd59a,Jumia,no stress... very easy to get things,5,2026-08-12,Google Play,Customer Review,https://play.google.com/store/apps/details?id=com.jumia.android&hl=en&gl=ng
229c6089-1f2a-4ee4-bd2a-5b52257cb017,Jumia,feel better,5,2026-08-12,Google Play,Customer Review,https://play.google.com/store/apps/details?id=com.jumia.android&hl=en&gl=ng
f3821f5a-67f2-4469-9148-8d1564dad64e,Jumia,Excellent online shopping,5,2026-08-12,Google Play,Customer Review,https://play.google.com/store/apps/details?id=com.jumia.android&hl=en&gl=ng
b0da005f-41c4-4dc7-a7f8-49ce9b8b5cbd,Jumia,sharp and garanteee,5,2026-08-12,Google Play,Customer Review,https://play.google.com/store/apps/details?id=com.jumia.android&hl=en&gl=ng
4f70bd47-1a9b-4a6f-ad44-9b531371f547,Jumia,is good 👍,5,2026-08-11,Google Play,Customer Review,https://play.google.com/store/apps/details?id=com.jumia.android&hl=en&gl=ng
476e2415-71a4-43b1-9cc5-3f0a81421df7,Jumia,it has really subsidised prices,5,2026-08-11,Google Play,Customer Review,https://play.google.com/store/apps/details?id=com.jumia.android&hl=en&gl=ng
3e6db0d6-dd2d-4ea3-8796-6727c58dfbd2,Jumia,i love jumia but they dont give me promo,5,2026-08-11,Google Play,Customer Review,https://play.google.com/store/apps/details?id=com.jumia.android&hl=en&gl=ng
4b3ab1e5-ca1f-4481-9ded-d9b79e4bd618,Jumia,Wonderful,5,2026-08-11,Google Play,Customer Review,https://play.google.com/store/apps/details?id=com.jumia.android&hl=en&gl=ng
ba73942d-384c-4e67-8e85-93c4e42c5050,Jumia,Please 🙏 help us and add dark theme in the app,5,2026-08-11,Google Play,Customer Review,https://play.google.com/store/apps/details?id=com.jumia.android&hl=en&gl=ng
9be88d3d-a036-4df1-b3e6-4481b3a0b0d0,Jumia,just amazing 👏,5,2026-08-11,Google Play,Customer Review,https://play.google.com/store/apps/details?id=com.jumia.android&hl=en&gl=ng
6c1be6c8-ec50-4c27-ba70-83c7e3ba232b,Jumia,jumai is a very good and nice shopping app with lots of goodies at affordable prices I love you jumai,4,2026-08-11,Google Play,Customer Review,https://play.google.com/store/apps/details?id=com.jumia.android&hl=en&gl=ng
768f9be8-a290-4dc3-b5e6-f85a7ea1f176,Jumia,best,5,2026-08-11,Google Play,Customer Review,https://play.google.com/store/apps/details?id=com.jumia.android&hl=en&gl=ng
0296133a-89fa-418d-84c6-eeaa2c2027bf,Jumia,good,3,2026-08-11,Google Play,Customer Review,https://play.google.com/store/apps/details?id=com.jumia.android&hl=en&gl=ng
a2a2077b-50eb-40fa-bcf6-2dd8f8ca1770,Jumia,"I'm waiting until my goods are delivered,, am a first timer",3,2026-08-11,Google Play,Customer Review,https://play.google.com/store/apps/details?id=com.jumia.android&hl=en&gl=ng
e381c495-7cd0-404d-b094-603f4803e2b9,Jumia,trustworthy and easy to use,4,2026-08-11,Google Play,Customer Review,https://play.google.com/store/apps/details?id=com.jumia.android&hl=en&gl=ng
f6f781c0-24b6-40dd-9d0b-594f3dfd71e0,Jumia,"it's very efficient ,your oder gets on time and in perfect condition 👌",4,2026-08-11,Google Play,Customer Review,https://play.google.com/store/apps/details?id=com.jumia.android&hl=en&gl=ng
46424658-116b-4758-a1f4-7b1adcd00310,Jumia,perfect,4,2026-08-11,Google Play,Customer Review,https://play.google.com/store/apps/details?id=com.jumia.android&hl=en&gl=ng
9cbfc48d-de9b-4835-a61e-4d3e3d982a88,Jumia,the best app ever it's faster efficient and improved it works really well now along with the new updates,5,2026-08-11,Google Play,Customer Review,https://play.google.com/store/apps/details?id=com.jumia.android&hl=en&gl=ng
4132887f-502a-4661-838a-ffa584d22178,Jumia,cool,5,2026-08-11,Google Play,Customer Review,https://play.google.com/store/apps/details?id=com.jumia.android&hl=en&gl=ng
59fbad1a-e73b-4a90-9bc6-5739650d6bdb,Jumia,jumia the best option,3,2026-08-11,Google Play,Customer Review,https://play.google.com/store/apps/details?id=com.jumia.android&hl=en&gl=ng
eb5da5e0-c81f-4c3c-addb-efeffe925a3b,Jumia,good and reliable for Shopping 🎉👍👍,5,2026-08-11,Google Play,Customer Review,https://play.google.com/store/apps/details?id=com.jumia.android&hl=en&gl=ng
fd23c0f8-84ca-40ca-9e5c-02cea2f43751,Jumia,"Jumia has always been great, but there are so many problems with the app, it doesn't work with poor network, it doesn't work over wifi (but of course, ads keep popping up with poor network or wifi) and there are so many bugs. Please work on the app urgently",3,2026-08-11,Google Play,Customer Review,https://play.google.com/store/apps/details?id=com.jumia.android&hl=en&gl=ng
f7fe60c7-1619-4e9b-bbf6-2c1a7d34198d,Jumia,It's comfortable,5,2026-08-11,Google Play,Customer Review,https://play.google.com/store/apps/details?id=com.jumia.android&hl=en&gl=ng
8f1b68cb-6381-4dd2-9d58-b00e1c6b3baf,Jumia,awesome 👍,4,2026-08-11,Google Play,Customer Review,https://play.google.com/store/apps/details?id=com.jumia.android&hl=en&gl=ng
3f9225bd-b4b7-4d66-8742-b038d1946740,Jumia,Jumia is the best 😘,5,2026-08-11,Google Play,Customer Review,https://play.google.com/store/apps/details?id=com.jumia.android&hl=en&gl=ng
4fa57ff8-5204-41b4-afb0-7c61f956be10,Jumia,Great app but I really wish the reviews can include pictures or videos to make it easier to select which item is fake or not,3,2026-08-11,Google Play,Customer Review,https://play.google.com/store/apps/details?id=com.jumia.android&hl=en&gl=ng
805b3a2c-ba3b-4ae9-abee-e86702b13224,Jumia,nice,3,2026-08-11,Google Play,Customer Review,https://play.google.com/store/apps/details?id=com.jumia.android&hl=en&gl=ng
b57966d9-0059-4864-bb96-2c2d5258712e,Jumia,very satisfying,5,2026-08-11,Google Play,Customer Review,https://play.google.com/store/apps/details?id=com.jumia.android&hl=en&gl=ng
55599ae1-1f67-4835-a273-a87f94272a32,Jumia,"Shopping on Jumia is an absolute breeze thanks to their intuitive app, transparent tracking, and reliable delivery times. I was impressed by the vast product selection and the great deals available on top brands. Whenever I need hassle-free online shopping with trustworthy customer service, Jumia is always my go-to platform.",5,2026-08-11,Google Play,Customer Review,https://play.google.com/store/apps/details?id=com.jumia.android&hl=en&gl=ng
990d4585-bedb-48eb-9e79-12ca6823a1fb,Jumia,Great and conveniece shopping from home,4,2026-08-11,Google Play,Customer Review,https://play.google.com/store/apps/details?id=com.jumia.android&hl=en&gl=ng
cc410345-8e1f-407f-be72-e0b9bb3ca271,Jumia,good,5,2026-08-11,Google Play,Customer Review,https://play.google.com/store/apps/details?id=com.jumia.android&hl=en&gl=ng
2fd7252b-dd2e-4f4f-9627-1e12a12fd20a,Jumia,realistic,5,2026-08-11,Google Play,Customer Review,https://play.google.com/store/apps/details?id=com.jumia.android&hl=en&gl=ng
54d7e8dc-208f-4f3b-ae25-44565c24e35b,Jumia,this is the Best Order and Delivery of goods ever,5,2026-08-11,Google Play,Customer Review,https://play.google.com/store/apps/details?id=com.jumia.android&hl=en&gl=ng
5f1e2ccd-9965-4c22-abcf-7ef823713241,Jumia,Very reliable and fast in delivering. Worth the stop.,5,2026-08-11,Google Play,Customer Review,https://play.google.com/store/apps/details?id=com.jumia.android&hl=en&gl=ng
5984da7e-f0f5-4181-9939-54e3b98f02e6,Jumia,it's reliable and fast,5,2026-08-11,Google Play,Customer Review,https://play.google.com/store/apps/details?id=com.jumia.android&hl=en&gl=ng
46112b95-8dbe-4432-a013-de31a78ddb21,Jumia,delivered on time,5,2026-08-11,Google Play,Customer Review,https://play.google.com/store/apps/details?id=com.jumia.android&hl=en&gl=ng
a4ff7347-59e1-41e6-9194-79580097b377,Jumia,good,5,2026-08-11,Google Play,Customer Review,https://play.google.com/store/apps/details?id=com.jumia.android&hl=en&gl=ng
e76630c9-f8a7-4633-9723-5945c82ad666,Jumia,nice,5,2026-08-11,Google Play,Customer Review,https://play.google.com/store/apps/details?id=com.jumia.android&hl=en&gl=ng
f50afd79-e40d-4059-9dba-4e46204829ae,Jumia,still looking forward to receive my first order,3,2026-08-11,Google Play,Customer Review,https://play.google.com/store/apps/details?id=com.jumia.android&hl=en&gl=ng
53860652-eb09-484f-ac1a-e163370f0621,Jumia,Thank you for your good services you offer to us country wide,5,2026-08-11,Google Play,Customer Review,https://play.google.com/store/apps/details?id=com.jumia.android&hl=en&gl=ng
f69f5601-afa1-4ff1-8add-830c9bcc383d,Jumia,excellent,5,2026-08-11,Google Play,Customer Review,https://play.google.com/store/apps/details?id=com.jumia.android&hl=en&gl=ng
c5438e8d-4cf9-457c-82f6-d2011ea12d91,Jumia,love this app highly recommended,5,2026-08-11,Google Play,Customer Review,https://play.google.com/store/apps/details?id=com.jumia.android&hl=en&gl=ng
e2359581-11bc-446f-a4af-9332e4cf750a,Jumia,jumia is good,5,2026-08-11,Google Play,Customer Review,https://play.google.com/store/apps/details?id=com.jumia.android&hl=en&gl=ng
b22991f3-22e1-43c7-86a0-f1b1092ef8d9,Jumia,past delivery,5,2026-08-11,Google Play,Customer Review,https://play.google.com/store/apps/details?id=com.jumia.android&hl=en&gl=ng
7e315a06-51c5-48bc-9304-ee37b9d2c567,Jumia,"Great company by all standards but please update the articles / goods every week. There are too many things on Temu that are not found on Jumia. Meanwhile, you're our preferred company of choice.",4,2026-08-11,Google Play,Customer Review,https://play.google.com/store/apps/details?id=com.jumia.android&hl=en&gl=ng
19f6c953-5cb1-46e7-b5d1-ec8c61093749,Jumia,Excellent,3,2026-08-11,Google Play,Customer Review,https://play.google.com/store/apps/details?id=com.jumia.android&hl=en&gl=ng
13fee7fe-0359-429d-ba96-ea697ac131a6,Jumia,Amazing 😍,5,2026-08-11,Google Play,Customer Review,https://play.google.com/store/apps/details?id=com.jumia.android&hl=en&gl=ng
1bf4c3ae-895d-46a6-a67a-e663d9cdae9f,Jumia,some products I bought have poor quality and strength,3,2026-08-11,Google Play,Customer Review,https://play.google.com/store/apps/details?id=com.jumia.android&hl=en&gl=ng
730321a3-2dd4-45f6-b6ef-9db6b6cb8309,Jumia,fast and accurate,5,2026-08-11,Google Play,Customer Review,https://play.google.com/store/apps/details?id=com.jumia.android&hl=en&gl=ng
3e68f8e8-f64d-4710-9733-964ef27e57d8,Jumia,order processed successfully and picked up.,3,2026-08-11,Google Play,Customer Review,https://play.google.com/store/apps/details?id=com.jumia.android&hl=en&gl=ng
75386bf1-3d7f-4404-9e25-f9de0acabc21,Jumia,good 👍,5,2026-08-11,Google Play,Customer Review,https://play.google.com/store/apps/details?id=com.jumia.android&hl=en&gl=ng
ec74f387-0d4c-4269-a4d4-fb3333dcca4d,Jumia,Good and reliable! you can improve user experience by adding menu at the landing page for different categories of stuff.,5,2026-08-11,Google Play,Customer Review,https://play.google.com/store/apps/details?id=com.jumia.android&hl=en&gl=ng
0e0d298d-e5bd-422e-9296-79574321a65c,Jumia,reliable online app,5,2026-08-11,Google Play,Customer Review,https://play.google.com/store/apps/details?id=com.jumia.android&hl=en&gl=ng
90b123a7-bdc2-4006-9eba-7e2b3c0380fd,Jumia,Authentic,5,2026-08-11,Google Play,Customer Review,https://play.google.com/store/apps/details?id=com.jumia.android&hl=en&gl=ng
0dc77f62-16d2-41b5-abbe-c571bdc39d4f,Jumia,good 👍,5,2026-08-11,Google Play,Customer Review,https://play.google.com/store/apps/details?id=com.jumia.android&hl=en&gl=ng
a622a90b-ba47-46c9-8bd7-f2957704320d,Jumia,very fast,5,2026-08-11,Google Play,Customer Review,https://play.google.com/store/apps/details?id=com.jumia.android&hl=en&gl=ng
0ad6ea7c-e37c-4067-a16b-7b47f254f99a,Jumia,it's was so good 👍,5,2026-08-11,Google Play,Customer Review,https://play.google.com/store/apps/details?id=com.jumia.android&hl=en&gl=ng
64c093f4-9ef9-444e-be7d-69002edfde44,Jumia,good,5,2026-08-11,Google Play,Customer Review,https://play.google.com/store/apps/details?id=com.jumia.android&hl=en&gl=ng
ef299351-e09b-450e-9177-3109ea21d166,Jumia,simple and secure platform,5,2026-08-11,Google Play,Customer Review,https://play.google.com/store/apps/details?id=com.jumia.android&hl=en&gl=ng
5b5d25aa-a967-4cb6-8fea-285ba375557b,Jumia,Very good app I love it 🤏👌,5,2026-08-11,Google Play,Customer Review,https://play.google.com/store/apps/details?id=com.jumia.android&hl=en&gl=ng
a5328131-b6a4-49bd-a12d-3387f332a868,Jumia,excellent services,5,2026-08-11,Google Play,Customer Review,https://play.google.com/store/apps/details?id=com.jumia.android&hl=en&gl=ng
8b3cab36-8536-4aab-adcd-0ee1223a7d07,Jumia,Very good,5,2026-08-11,Google Play,Customer Review,https://play.google.com/store/apps/details?id=com.jumia.android&hl=en&gl=ng
98427705-03d0-498f-ad92-e7752fb834e5,Jumia,nice,3,2026-08-11,Google Play,Customer Review,https://play.google.com/store/apps/details?id=com.jumia.android&hl=en&gl=ng
d23d8e6f-36e2-4e54-85fc-40c2a5b72054,Jumia,it's perfect 😁,5,2026-08-11,Google Play,Customer Review,https://play.google.com/store/apps/details?id=com.jumia.android&hl=en&gl=ng
5ec70d6b-c1b7-4cd7-983f-da4beae975c5,Jumia,It's a nice online trading App,5,2026-08-11,Google Play,Customer Review,https://play.google.com/store/apps/details?id=com.jumia.android&hl=en&gl=ng
6f5d32ec-8040-448e-bfbf-22b11ba8ac41,Jumia,blessed,5,2026-08-11,Google Play,Customer Review,https://play.google.com/store/apps/details?id=com.jumia.android&hl=en&gl=ng
f9452b24-2fff-4adf-9844-9d7f71048cd3,Jumia,most items are exactly what you ordered,4,2026-08-10,Google Play,Customer Review,https://play.google.com/store/apps/details?id=com.jumia.android&hl=en&gl=ng
94ca42d4-d474-4418-b5e0-c5454bf30920,Jumia,I had my first order with them already lets see how it goes ❤️,5,2026-08-10,Google Play,Customer Review,https://play.google.com/store/apps/details?id=com.jumia.android&hl=en&gl=ng
4bac25d7-f04c-4dc1-b183-ee9874bc16fe,Jumia,good 👍,5,2026-08-10,Google Play,Customer Review,https://play.google.com/store/apps/details?id=com.jumia.android&hl=en&gl=ng
b44522bb-7fed-42fc-93fc-18e6f1472510,Jumia,Reliable to use. Just excellent.,5,2026-08-10,Google Play,Customer Review,https://play.google.com/store/apps/details?id=com.jumia.android&hl=en&gl=ng
2125a27e-825e-4216-adf2-9179b72daa72,Jumia,good,5,2026-08-10,Google Play,Customer Review,https://play.google.com/store/apps/details?id=com.jumia.android&hl=en&gl=ng
be6311e0-ec94-4a04-8d5e-90c1bf4555d0,Jumia,𝙶𝚛𝚎𝚊𝚝,5,2026-08-10,Google Play,Customer Review,https://play.google.com/store/apps/details?id=com.jumia.android&hl=en&gl=ng
f520d3f5-b4b5-4ce6-aa8a-a6d72ec2011a,Jumia,Always there for good product 💯,3,2026-08-10,Google Play,Customer Review,https://play.google.com/store/apps/details?id=com.jumia.android&hl=en&gl=ng
399fc36b-ce91-4a7a-9ad0-73456f79fb30,Jumia,"faster, reliable",5,2026-08-10,Google Play,Customer Review,https://play.google.com/store/apps/details?id=com.jumia.android&hl=en&gl=ng
e8a71f77-495b-437a-854b-78b1c70514fd,Jumia,تطبيق جوميا رائع في كل حاجة وفي إلغاء الطلب بس المشكلة إن الاوردر اللي بتطلبه وبيوصلك لازم يكون فيه عطل او مشكلة,4,2026-08-10,Google Play,Customer Review,https://play.google.com/store/apps/details?id=com.jumia.android&hl=en&gl=ng
591c980c-28d4-42ad-99f7-0b453b7ba22d,Jumia,Great,5,2026-08-10,Google Play,Customer Review,https://play.google.com/store/apps/details?id=com.jumia.android&hl=en&gl=ng
8e3922fa-1e72-41ae-a4d5-bc18620897a8,Jumia,fast and reliable,5,2026-08-10,Google Play,Customer Review,https://play.google.com/store/apps/details?id=com.jumia.android&hl=en&gl=ng
463fd8e4-704e-4318-b2ac-76d0f5d37de3,Jumia,good,1,2026-08-10,Google Play,Customer Review,https://play.google.com/store/apps/details?id=com.jumia.android&hl=en&gl=ng
595f5f13-67a3-4766-83fe-ac499fe7521e,Jumia,I love the service,5,2026-08-10,Google Play,Customer Review,https://play.google.com/store/apps/details?id=com.jumia.android&hl=en&gl=ng
38132ebf-5d7e-4d14-841b-67f5e65d592b,Jumia,good,5,2026-08-10,Google Play,Customer Review,https://play.google.com/store/apps/details?id=com.jumia.android&hl=en&gl=ng
fd0da292-63ae-4102-8cd9-cc614ae52038,Jumia,it's not bad,5,2026-08-10,Google Play,Customer Review,https://play.google.com/store/apps/details?id=com.jumia.android&hl=en&gl=ng
89e36b1d-b990-4d15-bcb8-a0af139bf983,Jumia,"please, 🙏 you guy should refund my money because what I ordered for is not what I got even the wig sef no size me. please and please 🙏 you guys should refund my money",1,2026-08-10,Google Play,Customer Review,https://play.google.com/store/apps/details?id=com.jumia.android&hl=en&gl=ng
2f7453fb-6dd2-4807-8310-f267baf8bb19,Jumia,trust worthy,5,2026-08-10,Google Play,Customer Review,https://play.google.com/store/apps/details?id=com.jumia.android&hl=en&gl=ng
03092bb9-0502-44fd-acef-4da260a8d4e7,Jumia,very good better than before keep it up,5,2026-08-10,Google Play,Customer Review,https://play.google.com/store/apps/details?id=com.jumia.android&hl=en&gl=ng
bac9552f-8b83-4d71-9e0c-41a91fcd616c,Jumia,good,5,2026-08-10,Google Play,Customer Review,https://play.google.com/store/apps/details?id=com.jumia.android&hl=en&gl=ng
f4d45968-abd1-4616-882a-87f9e23be7d0,Jumia,please I'm waiting,5,2026-08-10,Google Play,Customer Review,https://play.google.com/store/apps/details?id=com.jumia.android&hl=en&gl=ng
4f3b4b21-d396-4c3a-b332-35a5f652943c,Jumia,صعوبة التواصل مع خدمة العملاء,3,2026-08-10,Google Play,Customer Review,https://play.google.com/store/apps/details?id=com.jumia.android&hl=en&gl=ng
934d4379-0f0b-42bb-9efb-e9b6a59fec42,Jumia,Amazing,5,2026-08-10,Google Play,Customer Review,https://play.google.com/store/apps/details?id=com.jumia.android&hl=en&gl=ng
3bd33691-9830-4287-a4f4-29ab24ad0d5e,Jumia,good,5,2026-08-10,Google Play,Customer Review,https://play.google.com/store/apps/details?id=com.jumia.android&hl=en&gl=ng
c0c25752-568e-4178-99d2-d5210316e006,Jumia,it's a good online mall,5,2026-08-10,Google Play,Customer Review,https://play.google.com/store/apps/details?id=com.jumia.android&hl=en&gl=ng
d8eec39b-f5f1-4170-a1ea-a4e74d91e62b,Jumia,nice,5,2026-08-10,Google Play,Customer Review,https://play.google.com/store/apps/details?id=com.jumia.android&hl=en&gl=ng
2d9cad06-6be9-49cb-b762-063009acc53c,Jumia,jumia to the world 🌍,5,2026-08-10,Google Play,Customer Review,https://play.google.com/store/apps/details?id=com.jumia.android&hl=en&gl=ng
6ba50561-50f7-41c2-8f7f-bd6b77789125,Jumia,good,1,2026-08-10,Google Play,Customer Review,https://play.google.com/store/apps/details?id=com.jumia.android&hl=en&gl=ng
336732cd-bff3-4acc-bc04-f433b31b84b5,Jumia,Good,4,2026-08-10,Google Play,Customer Review,https://play.google.com/store/apps/details?id=com.jumia.android&hl=en&gl=ng
4c67e188-8b22-4121-aaa1-8acb02271443,Jumia,l'application est bien mais le design est moche,3,2026-08-10,Google Play,Customer Review,https://play.google.com/store/apps/details?id=com.jumia.android&hl=en&gl=ng
d273ac94-a270-411c-bb43-0c1bb90f7888,Jumia,very serious company,5,2026-08-10,Google Play,Customer Review,https://play.google.com/store/apps/details?id=com.jumia.android&hl=en&gl=ng
641d859f-2f96-4242-99c6-1720ccef062a,Jumia,excellent,4,2026-08-10,Google Play,Customer Review,https://play.google.com/store/apps/details?id=com.jumia.android&hl=en&gl=ng
8dacedbf-ca06-46ee-b67a-a9c812ed13d0,Jumia,Jumia is the best way to buy things from,5,2026-08-10,Google Play,Customer Review,https://play.google.com/store/apps/details?id=com.jumia.android&hl=en&gl=ng
da387e12-5bd4-48e4-8fb7-7b5dd0307bd1,Jumia,good,5,2026-08-10,Google Play,Customer Review,https://play.google.com/store/apps/details?id=com.jumia.android&hl=en&gl=ng
8a72f376-5dda-4521-b301-2d3043f420cf,Jumia,Great Little to no scams,5,2026-08-10,Google Play,Customer Review,https://play.google.com/store/apps/details?id=com.jumia.android&hl=en&gl=ng
406cdd48-6357-498c-aefd-f0201b0d1c55,Jumia,great app,4,2026-08-10,Google Play,Customer Review,https://play.google.com/store/apps/details?id=com.jumia.android&hl=en&gl=ng
ad834525-9c37-497a-b185-3992db181974,Jumia,good,5,2026-08-10,Google Play,Customer Review,https://play.google.com/store/apps/details?id=com.jumia.android&hl=en&gl=ng
b8d28381-d453-4d48-a9cf-1f88f9b01868,Jumia,I've been ordering through Jumia for years now and their products have always been meeting my expectations,5,2026-08-10,Google Play,Customer Review,https://play.google.com/store/apps/details?id=com.jumia.android&hl=en&gl=ng
2cb30622-0770-4a9e-bff8-fe1336b7d4d7,Jumia,good,4,2026-08-10,Google Play,Customer Review,https://play.google.com/store/apps/details?id=com.jumia.android&hl=en&gl=ng
b4a65b34-0369-4f82-bd4d-2bb2c668adf2,Jumia,they are fast and reliable,5,2026-08-10,Google Play,Customer Review,https://play.google.com/store/apps/details?id=com.jumia.android&hl=en&gl=ng
4985ba62-7b0f-459d-b26c-aaa1b3f74252,Jumia,good,5,2026-08-10,Google Play,Customer Review,https://play.google.com/store/apps/details?id=com.jumia.android&hl=en&gl=ng
c0294f51-b602-4d93-9b1b-53f3639b8efd,Jumia,fast and reliable,5,2026-08-10,Google Play,Customer Review,https://play.google.com/store/apps/details?id=com.jumia.android&hl=en&gl=ng
a2fa7397-80e3-40b4-815f-e4b3a9e2f73d,Jumia,easy tobuse,5,2026-08-10,Google Play,Customer Review,https://play.google.com/store/apps/details?id=com.jumia.android&hl=en&gl=ng
45195dda-12dc-4bcd-bf6d-a50cffd08c89,Jumia,it's the easiest trading app. fast and reliable,4,2026-08-10,Google Play,Customer Review,https://play.google.com/store/apps/details?id=com.jumia.android&hl=en&gl=ng
8b099d93-b198-41fc-ac35-fe35b6e299ca,Jumia,love it,5,2026-08-10,Google Play,Customer Review,https://play.google.com/store/apps/details?id=com.jumia.android&hl=en&gl=ng
05f981ae-3a76-49d8-910b-91d414cc08ad,Jumia,Fast and easy,4,2026-08-10,Google Play,Customer Review,https://play.google.com/store/apps/details?id=com.jumia.android&hl=en&gl=ng
0873485b-8a39-459e-86b5-082a22f24a27,Jumia,best company,5,2026-08-10,Google Play,Customer Review,https://play.google.com/store/apps/details?id=com.jumia.android&hl=en&gl=ng
d30db5be-13bc-407f-b488-c6b9c463b2fc,Jumia,"The app is full of ad popups every 5 seconds an ad pops up while im trying to browse through. The most annoying thing is the popup is telling you nothing useful, telling me to check out products that im already checking",1,2026-08-10,Google Play,Customer Review,https://play.google.com/store/apps/details?id=com.jumia.android&hl=en&gl=ng
20b7d5ab-d442-4227-8092-13da5efbc0b8,Jumia,Excellent,5,2026-08-10,Google Play,Customer Review,https://play.google.com/store/apps/details?id=com.jumia.android&hl=en&gl=ng
95a978e5-46bc-4ac3-b097-9d0ae2136fef,Jumia,excellent,5,2026-08-10,Google Play,Customer Review,https://play.google.com/store/apps/details?id=com.jumia.android&hl=en&gl=ng
687b055f-a214-4575-ad52-60e849ae10d0,Jumia,jumia rock,5,2026-08-10,Google Play,Customer Review,https://play.google.com/store/apps/details?id=com.jumia.android&hl=en&gl=ng
4f621992-1447-4e98-b3aa-39fa65f9fa98,Jumia,Am enjoying there services,5,2026-08-10,Google Play,Customer Review,https://play.google.com/store/apps/details?id=com.jumia.android&hl=en&gl=ng
5b1a7042-e52b-4ebe-91dd-fd65dcb52fa4,Jumia,good shopping,5,2026-08-10,Google Play,Customer Review,https://play.google.com/store/apps/details?id=com.jumia.android&hl=en&gl=ng
2a1086bb-5409-4913-8788-194d96acb7f6,Jumia,u guys are doing great,4,2026-08-10,Google Play,Customer Review,https://play.google.com/store/apps/details?id=com.jumia.android&hl=en&gl=ng
ce71a2a0-23fc-4f12-8d2b-5e61898f58c0,Jumia,good,4,2026-08-10,Google Play,Customer Review,https://play.google.com/store/apps/details?id=com.jumia.android&hl=en&gl=ng
191fc8ba-dff6-447e-8ba3-b1892311c12d,Jumia,A good app but there's now so much Ads unlike before,3,2026-08-10,Google Play,Customer Review,https://play.google.com/store/apps/details?id=com.jumia.android&hl=en&gl=ng
b0ee230f-d3c5-4256-b71e-1a5735797525,Jumia,good,5,2026-08-10,Google Play,Customer Review,https://play.google.com/store/apps/details?id=com.jumia.android&hl=en&gl=ng
385da65e-d289-4402-a1b4-48a004d1f85b,Jumia,good,3,2026-08-10,Google Play,Customer Review,https://play.google.com/store/apps/details?id=com.jumia.android&hl=en&gl=ng
a7dfcc12-0a90-466c-8a1b-5672f049e932,Jumia,so much good,5,2026-08-10,Google Play,Customer Review,https://play.google.com/store/apps/details?id=com.jumia.android&hl=en&gl=ng
0e8de75c-ced0-4e1f-96f6-7158484daf25,Jumia,so far good. need supply good quality. team ensure the quality to sustain in the competive MKT,4,2026-08-10,Google Play,Customer Review,https://play.google.com/store/apps/details?id=com.jumia.android&hl=en&gl=ng
d3327408-1d0f-43a1-80ad-c548d7145336,Jumia,Gratitude,3,2026-08-10,Google Play,Customer Review,https://play.google.com/store/apps/details?id=com.jumia.android&hl=en&gl=ng
0c9641cd-7465-423c-b581-0e0bfe6b6dca,Jumia,This is a very good app for buying goods but they are costly,5,2026-08-10,Google Play,Customer Review,https://play.google.com/store/apps/details?id=com.jumia.android&hl=en&gl=ng
6e6b9990-641e-4547-8c4d-a66d65bad243,Jumia,very good,5,2026-08-10,Google Play,Customer Review,https://play.google.com/store/apps/details?id=com.jumia.android&hl=en&gl=ng
1134228a-45bc-4b9a-893b-7efe6bc0394d,Jumia,excellent,4,2026-08-10,Google Play,Customer Review,https://play.google.com/store/apps/details?id=com.jumia.android&hl=en&gl=ng
6b47027e-5f9a-41a2-a302-456d1514dc91,Jumia,nice one,5,2026-08-09,Google Play,Customer Review,https://play.google.com/store/apps/details?id=com.jumia.android&hl=en&gl=ng
c5f1875a-3645-4058-8d61-2b260d044389,Jumia,good,5,2026-08-09,Google Play,Customer Review,https://play.google.com/store/apps/details?id=com.jumia.android&hl=en&gl=ng
753d9958-4430-4d50-a499-0500fa916354,Jumia,very good,5,2026-08-09,Google Play,Customer Review,https://play.google.com/store/apps/details?id=com.jumia.android&hl=en&gl=ng
f94d6a68-1372-4103-a140-0eb8f83c5a35,Jumia,very nice,3,2026-08-09,Google Play,Customer Review,https://play.google.com/store/apps/details?id=com.jumia.android&hl=en&gl=ng
d2cc2cd4-e25f-4487-b344-4b8faad5a99e,Jumia,great dealing with you guys 😀😜😀,3,2026-08-09,Google Play,Customer Review,https://play.google.com/store/apps/details?id=com.jumia.android&hl=en&gl=ng
d16d55bd-442b-4908-96df-f93937df8949,Jumia,I've been using this app and all there electronics are good but I'm just trying there clothing and I wish they're better.,4,2026-08-09,Google Play,Customer Review,https://play.google.com/store/apps/details?id=com.jumia.android&hl=en&gl=ng
aa6b8c3b-5a2a-4e86-b8ec-e062cb7becdb,Jumia,good,4,2026-08-09,Google Play,Customer Review,https://play.google.com/store/apps/details?id=com.jumia.android&hl=en&gl=ng
ed6a7914-7469-4e91-8072-d1791dcde8fc,Jumia,"i was expecting a voucher after trying to purchase above 60k goods, but disappointed 😞",3,2026-08-09,Google Play,Customer Review,https://play.google.com/store/apps/details?id=com.jumia.android&hl=en&gl=ng
d75b4768-8202-404a-8e06-6ad3c1e04e95,Jumia,good and great,5,2026-08-09,Google Play,Customer Review,https://play.google.com/store/apps/details?id=com.jumia.android&hl=en&gl=ng
68acee35-a2d1-446e-873c-1e19999b31a6,Jumia,okay,5,2026-08-09,Google Play,Customer Review,https://play.google.com/store/apps/details?id=com.jumia.android&hl=en&gl=ng
2371697f-1f21-49fb-94af-b8016172ba89,Jumia,reliable,5,2026-08-09,Google Play,Customer Review,https://play.google.com/store/apps/details?id=com.jumia.android&hl=en&gl=ng
42f9a7fd-647e-4755-8d68-f394e43c0889,Jumia,I get quality and affordable products on Jumia,4,2026-08-09,Google Play,Customer Review,https://play.google.com/store/apps/details?id=com.jumia.android&hl=en&gl=ng
653713d2-7fdc-4c43-a349-aae1b31f90a9,Jumia,it's 👍,1,2026-08-09,Google Play,Customer Review,https://play.google.com/store/apps/details?id=com.jumia.android&hl=en&gl=ng
0b7c7ae0-4ef9-4c6b-a262-05b30c08c578,Jumia,good,5,2026-08-09,Google Play,Customer Review,https://play.google.com/store/apps/details?id=com.jumia.android&hl=en&gl=ng
fe04c9e2-db7b-490d-adfb-d39906a6ec50,Jumia,this is a better market ever with no scrambling in conmen😁😁😁🙏,5,2026-08-09,Google Play,Customer Review,https://play.google.com/store/apps/details?id=com.jumia.android&hl=en&gl=ng
b1621dd3-aad4-480e-a492-97f567dbcd82,Jumia,"wow,its better",5,2026-08-09,Google Play,Customer Review,https://play.google.com/store/apps/details?id=com.jumia.android&hl=en&gl=ng
906b97dc-452f-4ae6-86c5-df52df9dd3bc,Jumia,really good,5,2026-08-09,Google Play,Customer Review,https://play.google.com/store/apps/details?id=com.jumia.android&hl=en&gl=ng
00e2a07c-8356-4e79-8d50-446e5696a6d1,Jumia,very reliable,5,2026-08-09,Google Play,Customer Review,https://play.google.com/store/apps/details?id=com.jumia.android&hl=en&gl=ng
84f58aa6-314c-4644-9a40-06aa9ad50762,Jumia,delivered on time,5,2026-08-09,Google Play,Customer Review,https://play.google.com/store/apps/details?id=com.jumia.android&hl=en&gl=ng
e8a67d8c-e365-43b2-9225-cb4e505e0a42,Jumia,best,5,2026-08-09,Google Play,Customer Review,https://play.google.com/store/apps/details?id=com.jumia.android&hl=en&gl=ng
ccf98f4c-1dd0-4f09-81b6-8e279f2c0db9,Jumia,شركة لا تحترم العميل، طلبت موبايل وحاولت إرجاعه شهر من المماطلة، خدمة ما بعد البيع سيئة للغاية لا أنصح بالشراء منهم أبدا خصوصاً المنتجات الإلكترونية والأجهزة,1,2026-08-09,Google Play,Customer Review,https://play.google.com/store/apps/details?id=com.jumia.android&hl=en&gl=ng
547647dd-aa62-47d9-beeb-fdca080e4b57,Jumia,مع اول تجربة المندوب بيقولي مفيش معايانة ومينفعش تفتح الباكيدج بتدفع وتستلم وبس,1,2026-08-09,Google Play,Customer Review,https://play.google.com/store/apps/details?id=com.jumia.android&hl=en&gl=ng
12976510-98a6-469b-a27f-7827ba3ca05e,Jumia,Best app,5,2026-08-09,Google Play,Customer Review,https://play.google.com/store/apps/details?id=com.jumia.android&hl=en&gl=ng
8862728a-4264-4e39-bf28-d1b66d5a6877,Jumia,good app for shopping but the price are high the price should reduce,4,2026-08-09,Google Play,Customer Review,https://play.google.com/store/apps/details?id=com.jumia.android&hl=en&gl=ng
3e8fd589-be13-4588-a841-8331c1b8cf4e,Jumia,This app helps me to know the price of everything,5,2026-08-09,Google Play,Customer Review,https://play.google.com/store/apps/details?id=com.jumia.android&hl=en&gl=ng
c32b0fc8-8b20-4aa5-b67e-3e3daa72dc41,Jumia,It's wonderful thanks God bless you,5,2026-08-09,Google Play,Customer Review,https://play.google.com/store/apps/details?id=com.jumia.android&hl=en&gl=ng
6c586038-63a5-4d19-89b0-0a596fbcf27b,Jumia,excellent,5,2026-08-09,Google Play,Customer Review,https://play.google.com/store/apps/details?id=com.jumia.android&hl=en&gl=ng
b9aa1daa-3564-45bb-88f0-67b91ba08bd6,Jumia,never regret using them as a meduim of ordering anything,5,2026-08-09,Google Play,Customer Review,https://play.google.com/store/apps/details?id=com.jumia.android&hl=en&gl=ng
8ef99b1a-9b3b-4bd7-bec3-337446aa86b8,Jumia,reliable,4,2026-08-09,Google Play,Customer Review,https://play.google.com/store/apps/details?id=com.jumia.android&hl=en&gl=ng
aa54ef89-f165-4559-801c-bc273d1397d9,Jumia,Good luck,5,2026-08-09,Google Play,Customer Review,https://play.google.com/store/apps/details?id=com.jumia.android&hl=en&gl=ng
97e2995a-dd53-4fa4-abf5-8a3d1d00ac2a,Jumia,the best,5,2026-08-09,Google Play,Customer Review,https://play.google.com/store/apps/details?id=com.jumia.android&hl=en&gl=ng
f967f6f3-5eb9-47a6-ae1e-e8b341fb6d17,Jumia,The prices of the products are bigger,5,2026-08-09,Google Play,Customer Review,https://play.google.com/store/apps/details?id=com.jumia.android&hl=en&gl=ng
0d2f846f-4d9b-46cc-8251-36f0f8bfa978,Jumia,Your services are okay,5,2026-08-09,Google Play,Customer Review,https://play.google.com/store/apps/details?id=com.jumia.android&hl=en&gl=ng
5a1bdaf8-b813-43ba-8185-ac3a48208838,Jumia,Good,4,2026-08-09,Google Play,Customer Review,https://play.google.com/store/apps/details?id=com.jumia.android&hl=en&gl=ng
23025b4a-da93-4d4c-9c5b-7a77e30ee34e,Jumia,Jumia is the best shopping apps online but at times their Goods are quite experience compared to the normal market price,5,2026-08-09,Google Play,Customer Review,https://play.google.com/store/apps/details?id=com.jumia.android&hl=en&gl=ng
015eaf7d-713b-4bd8-bd73-61a194a29e3d,Jumia,Good,4,2026-08-09,Google Play,Customer Review,https://play.google.com/store/apps/details?id=com.jumia.android&hl=en&gl=ng
e48aed8d-24a8-4158-b24e-9490be44ad21,Jumia,great shopping,5,2026-08-09,Google Play,Customer Review,https://play.google.com/store/apps/details?id=com.jumia.android&hl=en&gl=ng
08b56eb6-ed4a-4996-bbc8-0a445825b219,Jumia,Effortless and requires no knowledge,5,2026-08-09,Google Play,Customer Review,https://play.google.com/store/apps/details?id=com.jumia.android&hl=en&gl=ng
7c7c23f8-5a73-456a-a8f7-33c3b9cb2013,Jumia,variety of options and easy use,5,2026-08-09,Google Play,Customer Review,https://play.google.com/store/apps/details?id=com.jumia.android&hl=en&gl=ng
28db7bf0-64cf-4cb6-a255-bd2babc4406f,Jumia,super,5,2026-08-09,Google Play,Customer Review,https://play.google.com/store/apps/details?id=com.jumia.android&hl=en&gl=ng
ab75ec81-e337-411c-83fb-e363f88abdbc,Jumia,good,5,2026-08-09,Google Play,Customer Review,https://play.google.com/store/apps/details?id=com.jumia.android&hl=en&gl=ng
357e0bfd-b181-4045-bcdc-087f5566f508,Jumia,Cheap,5,2026-08-09,Google Play,Customer Review,https://play.google.com/store/apps/details?id=com.jumia.android&hl=en&gl=ng
77dc5571-f8ab-4fca-bfac-85c61ee6840c,Jumia,best,1,2026-08-09,Google Play,Customer Review,https://play.google.com/store/apps/details?id=com.jumia.android&hl=en&gl=ng
fec13f9c-9f9e-40e8-aebd-c5c8d49cb0a7,Jumia,👍,5,2026-08-09,Google Play,Customer Review,https://play.google.com/store/apps/details?id=com.jumia.android&hl=en&gl=ng
ede4a0d8-297e-4578-99a8-55006b178786,Jumia,Una dey mumu sometimes,3,2026-08-09,Google Play,Customer Review,https://play.google.com/store/apps/details?id=com.jumia.android&hl=en&gl=ng
b49b6954-2f07-4dc7-a0ba-10f410eec2ba,Jumia,easy user interface and good customer service.,4,2026-08-09,Google Play,Customer Review,https://play.google.com/store/apps/details?id=com.jumia.android&hl=en&gl=ng
7d9eab25-ba9e-4e7a-9b7c-f3666e0a07ce,Jumia,it's very easy and reliable to use,3,2026-08-09,Google Play,Customer Review,https://play.google.com/store/apps/details?id=com.jumia.android&hl=en&gl=ng
e756726d-a91c-47ca-a2fc-f165449467dc,Jumia,Best online services,5,2026-08-09,Google Play,Customer Review,https://play.google.com/store/apps/details?id=com.jumia.android&hl=en&gl=ng
d879d322-bc51-4a4e-b28b-4e934b77353e,Jumia,good,5,2026-08-09,Google Play,Customer Review,https://play.google.com/store/apps/details?id=com.jumia.android&hl=en&gl=ng
0b143f42-da0f-4269-9ef0-6bc1c54c81aa,Jumia,its good but its takes more days to deliver a product than even expected,4,2026-08-09,Google Play,Customer Review,https://play.google.com/store/apps/details?id=com.jumia.android&hl=en&gl=ng
e2df6e04-9e33-4a58-9da1-b93b160b899c,Jumia,"your call order numbers and Jumia numbers don't go through, close down their mallam branch without informing customer",1,2026-08-09,Google Play,Customer Review,https://play.google.com/store/apps/details?id=com.jumia.android&hl=en&gl=ng
7caf98fb-385b-48bd-a65f-4d42f5d72ab7,Jumia,I can say it's a nice one,4,2026-08-09,Google Play,Customer Review,https://play.google.com/store/apps/details?id=com.jumia.android&hl=en&gl=ng
75dc48a3-b49c-4e82-abd7-3c08e6958b80,Jumia,reliable,4,2026-08-09,Google Play,Customer Review,https://play.google.com/store/apps/details?id=com.jumia.android&hl=en&gl=ng
0f7c6a53-37f8-48c5-be7f-83a7f752cdf5,Jumia,One of the best online shopping centre👍🏽,4,2026-08-09,Google Play,Customer Review,https://play.google.com/store/apps/details?id=com.jumia.android&hl=en&gl=ng
886b5827-98a2-4df2-92bd-26c697eeccd8,Jumia,love it,5,2026-08-09,Google Play,Customer Review,https://play.google.com/store/apps/details?id=com.jumia.android&hl=en&gl=ng
5b66812e-2dfc-439d-9cfc-43a14b8a3a27,Jumia,jumia keep doing payment on delivery,5,2026-08-09,Google Play,Customer Review,https://play.google.com/store/apps/details?id=com.jumia.android&hl=en&gl=ng
0103209a-9e62-47a7-bd39-d3b4f39314e1,Jumia,Jumia is best in what they do. They are reliable and good. Place your order and be rest assured they'll deliver.,5,2026-08-09,Google Play,Customer Review,https://play.google.com/store/apps/details?id=com.jumia.android&hl=en&gl=ng
01c86d67-2544-44b0-8185-75d60c4705a5,Jumia,best of all time,5,2026-08-08,Google Play,Customer Review,https://play.google.com/store/apps/details?id=com.jumia.android&hl=en&gl=ng
3775132e-e9d1-4fb6-8819-270e6a5f4203,Jumia,nice app for online shopping,5,2026-08-08,Google Play,Customer Review,https://play.google.com/store/apps/details?id=com.jumia.android&hl=en&gl=ng
1ab3a7df-c653-44a2-b99e-0d2e29c381eb,Jumia,always deliver,5,2026-08-08,Google Play,Customer Review,https://play.google.com/store/apps/details?id=com.jumia.android&hl=en&gl=ng
acb27db6-d0a9-45f3-825b-6f37c21157d9,Jumia,best thanks,5,2026-08-08,Google Play,Customer Review,https://play.google.com/store/apps/details?id=com.jumia.android&hl=en&gl=ng
ce515ad4-ecfe-428c-879b-1e3b19a92d7d,Jumia,I like the fact that I have choice to pay for my order on arrival. thank you jumia,5,2026-08-08,Google Play,Customer Review,https://play.google.com/store/apps/details?id=com.jumia.android&hl=en&gl=ng
77c5bd01-e70e-43c6-b98f-047025a96462,Jumia,It's incredebly reliable,5,2026-08-08,Google Play,Customer Review,https://play.google.com/store/apps/details?id=com.jumia.android&hl=en&gl=ng
67787817-de43-4068-b19f-8ea316e1e7b1,Jumia,good,5,2026-08-08,Google Play,Customer Review,https://play.google.com/store/apps/details?id=com.jumia.android&hl=en&gl=ng
bbe2068d-bbc9-48df-bcee-685b21167c6a,Jumia,it's too much,3,2026-08-08,Google Play,Customer Review,https://play.google.com/store/apps/details?id=com.jumia.android&hl=en&gl=ng
01dd972e-d933-437f-9e53-8d583b221be9,Jumia,Good,3,2026-08-08,Google Play,Customer Review,https://play.google.com/store/apps/details?id=com.jumia.android&hl=en&gl=ng
f1af0911-9d5c-4c23-9d7f-b1fd1e4b640d,Jumia,Easy to order,5,2026-08-08,Google Play,Customer Review,https://play.google.com/store/apps/details?id=com.jumia.android&hl=en&gl=ng
0c50d59b-a305-4afd-b685-aff47a1df1e8,Jumia,Nice platform for real business,5,2026-08-08,Google Play,Customer Review,https://play.google.com/store/apps/details?id=com.jumia.android&hl=en&gl=ng
b857ccb7-5b5d-478c-84cb-d5c1d223830f,Jumia,Best online shopping partner,4,2026-08-08,Google Play,Customer Review,https://play.google.com/store/apps/details?id=com.jumia.android&hl=en&gl=ng
af0004b7-2d62-48fa-b0d3-ce72a8cb809d,Jumia,unique shopping 🛍 experience,5,2026-08-08,Google Play,Customer Review,https://play.google.com/store/apps/details?id=com.jumia.android&hl=en&gl=ng
091e300c-c902-40e0-806f-7db7b231a0eb,Jumia,its the best app have never used,5,2026-08-08,Google Play,Customer Review,https://play.google.com/store/apps/details?id=com.jumia.android&hl=en&gl=ng
21a4ce78-4ed9-4fe0-9895-d90243174e8a,Jumia,Fun to market with,3,2026-08-08,Google Play,Customer Review,https://play.google.com/store/apps/details?id=com.jumia.android&hl=en&gl=ng
4ccfa79b-d07c-4a5f-b26c-3e89dda44410,Jumia,good 👍,4,2026-08-08,Google Play,Customer Review,https://play.google.com/store/apps/details?id=com.jumia.android&hl=en&gl=ng
b12481dd-d306-4c7f-be3a-d9a09174ef2f,Jumia,the design is very good,5,2026-08-08,Google Play,Customer Review,https://play.google.com/store/apps/details?id=com.jumia.android&hl=en&gl=ng
0111ff1a-2d6a-455d-962a-7c6defa645e5,Jumia,Excellent for premium delivery,4,2026-08-08,Google Play,Customer Review,https://play.google.com/store/apps/details?id=com.jumia.android&hl=en&gl=ng
b5033fcb-4b61-4907-bbd4-cfe73f03d720,Jumia,good,4,2026-08-08,Google Play,Customer Review,https://play.google.com/store/apps/details?id=com.jumia.android&hl=en&gl=ng
7a44c636-50e4-4bac-8322-ca1c19c70005,Jumia,easy shopping affordable shopping interest accuracy,4,2026-08-08,Google Play,Customer Review,https://play.google.com/store/apps/details?id=com.jumia.android&hl=en&gl=ng
b3706526-59ae-4426-aed4-09f15e8edd0f,Jumia,an amazing online shop 😍,4,2026-08-08,Google Play,Customer Review,https://play.google.com/store/apps/details?id=com.jumia.android&hl=en&gl=ng
ae8b7103-bc22-4143-ac6a-e60dc1feb5d9,Jumia,very affordable,5,2026-08-08,Google Play,Customer Review,https://play.google.com/store/apps/details?id=com.jumia.android&hl=en&gl=ng
8c745cd3-1b3a-419f-b47e-3a92c06646ca,Jumia,great deals,3,2026-08-08,Google Play,Customer Review,https://play.google.com/store/apps/details?id=com.jumia.android&hl=en&gl=ng
8e1a7943-c380-46cf-9063-e4ef71d67b2e,Jumia,Good and reliable,4,2026-08-08,Google Play,Customer Review,https://play.google.com/store/apps/details?id=com.jumia.android&hl=en&gl=ng
11e2d1fc-d584-4b74-8a2e-02fbfe8d31ef,Jumia,"it's good, fast and secure",5,2026-08-08,Google Play,Customer Review,https://play.google.com/store/apps/details?id=com.jumia.android&hl=en&gl=ng
6895f9ce-4943-4c1e-b492-bc845f5d7ff5,Jumia,wow,1,2026-08-08,Google Play,Customer Review,https://play.google.com/store/apps/details?id=com.jumia.android&hl=en&gl=ng
2c49203c-341a-4a05-84f4-db0c7bbc71ac,Jumia,Bad experience with prices support doesn't care after many callls I think the whole app are suck,1,2026-08-08,Google Play,Customer Review,https://play.google.com/store/apps/details?id=com.jumia.android&hl=en&gl=ng
3fc7e0e7-b130-4b75-8f82-3a22ea222db4,Jumia,best,4,2026-08-08,Google Play,Customer Review,https://play.google.com/store/apps/details?id=com.jumia.android&hl=en&gl=ng
fcf135f9-1b4e-4d29-8eb6-ae4f440a2629,Jumia,the best,5,2026-08-08,Google Play,Customer Review,https://play.google.com/store/apps/details?id=com.jumia.android&hl=en&gl=ng
5caca9b0-a6e7-4590-9c9b-cc6125fa9e11,Jumia,network glitches,2,2026-08-08,Google Play,Customer Review,https://play.google.com/store/apps/details?id=com.jumia.android&hl=en&gl=ng
a52ae6a5-a4ea-4301-9747-e4cede164d80,Jumia,Quite reliable,5,2026-08-08,Google Play,Customer Review,https://play.google.com/store/apps/details?id=com.jumia.android&hl=en&gl=ng
9fc86aae-474c-445f-a85d-c57639104bd8,Jumia,lovely,5,2026-08-08,Google Play,Customer Review,https://play.google.com/store/apps/details?id=com.jumia.android&hl=en&gl=ng
53627a96-ad25-41a3-b7ec-b13a5899dbd1,Jumia,good,5,2026-08-08,Google Play,Customer Review,https://play.google.com/store/apps/details?id=com.jumia.android&hl=en&gl=ng
b41c885a-fbb4-4832-bf6b-f9e67e042f06,Jumia,so good,4,2026-08-08,Google Play,Customer Review,https://play.google.com/store/apps/details?id=com.jumia.android&hl=en&gl=ng
7790f8ff-a346-4129-b74e-90b03179c27d,Jumia,ok,5,2026-08-08,Google Play,Customer Review,https://play.google.com/store/apps/details?id=com.jumia.android&hl=en&gl=ng
ce105bad-34a0-4b5b-ad25-d624da29e054,Jumia,very good,5,2026-08-08,Google Play,Customer Review,https://play.google.com/store/apps/details?id=com.jumia.android&hl=en&gl=ng
8704dcbd-6d47-4899-bfb0-57f925107d42,Jumia,it's the best,1,2026-08-08,Google Play,Customer Review,https://play.google.com/store/apps/details?id=com.jumia.android&hl=en&gl=ng
b5e819c3-6b63-44d9-800e-e2ebaab0f37b,Jumia,Jumia is the best app ever,5,2026-08-08,Google Play,Customer Review,https://play.google.com/store/apps/details?id=com.jumia.android&hl=en&gl=ng
e6b686c5-9427-4aa4-9c3c-943139503140,Jumia,"My experience with your app this days are terrible, sometimes I will click on a product and will not find it in cart, searching for a product is another stress not connected why other apps are opening. My advice kindly work on the app before it getting out of hand. After that your 5star is guarantee.",2,2026-08-08,Google Play,Customer Review,https://play.google.com/store/apps/details?id=com.jumia.android&hl=en&gl=ng
dd6ffb22-0c95-447c-a7a2-3ba7cb65a8fb,Jumia,The app has too many pop-up adds that one can't scroll through comfortably!! It is so frustrating 😤,1,2026-08-08,Google Play,Customer Review,https://play.google.com/store/apps/details?id=com.jumia.android&hl=en&gl=ng
390f7e0b-6aec-4cdd-9c2f-a7644d7878e6,Jumia,🤍,5,2026-08-08,Google Play,Customer Review,https://play.google.com/store/apps/details?id=com.jumia.android&hl=en&gl=ng
9585b254-e9dd-41bd-ada0-abce3dca4730,Jumia,the best of all,4,2026-08-08,Google Play,Customer Review,https://play.google.com/store/apps/details?id=com.jumia.android&hl=en&gl=ng
e9da777e-975b-4206-97e1-b8c08dfbbfe3,Jumia,good,5,2026-08-08,Google Play,Customer Review,https://play.google.com/store/apps/details?id=com.jumia.android&hl=en&gl=ng
8a92478d-1de9-47b9-a688-13ee6149c85c,Jumia,their the best shopping platform with best prices but the of some products is what we want,4,2026-08-08,Google Play,Customer Review,https://play.google.com/store/apps/details?id=com.jumia.android&hl=en&gl=ng
82fe35f5-96e4-4f53-9c29-c2b11ad0503c,Jumia,jumia it's a good shopping place reliable and delivered on time,4,2026-08-08,Google Play,Customer Review,https://play.google.com/store/apps/details?id=com.jumia.android&hl=en&gl=ng
a063e1ab-f1a1-4f68-a8dc-7b945795ec3b,Jumia,good 👍,3,2026-08-08,Google Play,Customer Review,https://play.google.com/store/apps/details?id=com.jumia.android&hl=en&gl=ng
f5cc68d4-8ca7-4622-8aad-3850831fa6b3,Jumia,makes My shopping easier,2,2026-08-08,Google Play,Customer Review,https://play.google.com/store/apps/details?id=com.jumia.android&hl=en&gl=ng
1de08de6-cbe2-4b94-a127-83b5f6015619,Jumia,good,5,2026-08-08,Google Play,Customer Review,https://play.google.com/store/apps/details?id=com.jumia.android&hl=en&gl=ng
995a9217-7a5d-4c5f-a3d9-43ed1901fdf3,Jumia,Their delivery is fast and reliable,5,2026-08-08,Google Play,Customer Review,https://play.google.com/store/apps/details?id=com.jumia.android&hl=en&gl=ng
0feba6cb-958e-4eb2-b603-6a235554cbe9,Jumia,it's okay,5,2026-08-08,Google Play,Customer Review,https://play.google.com/store/apps/details?id=com.jumia.android&hl=en&gl=ng
e5c5dde9-ffcd-4a10-983c-9f157f1add4f,Jumia,Jumia can always be trusted 💯💯💯,5,2026-08-08,Google Play,Customer Review,https://play.google.com/store/apps/details?id=com.jumia.android&hl=en&gl=ng
2d2a66c7-9dd5-4114-87d5-cf4825ae81e6,Jumia,Get better sooner,2,2026-08-08,Google Play,Customer Review,https://play.google.com/store/apps/details?id=com.jumia.android&hl=en&gl=ng
0b2e54cf-c64b-4776-b96c-f92323ffe016,Jumia,slow delivery,5,2026-08-08,Google Play,Customer Review,https://play.google.com/store/apps/details?id=com.jumia.android&hl=en&gl=ng
4d9f39ad-2217-4427-a529-daf4fdaca093,Jumia,good 👍,4,2026-08-08,Google Play,Customer Review,https://play.google.com/store/apps/details?id=com.jumia.android&hl=en&gl=ng
546f9a44-e75e-4ee5-b3b1-bc90308a6a8e,Jumia,First time of purchasing goods on @jumia hopefully the delivery comes easy and my goods come as perfect,5,2026-08-08,Google Play,Customer Review,https://play.google.com/store/apps/details?id=com.jumia.android&hl=en&gl=ng
87c936cf-a461-4e6a-a554-226ccda34584,Jumia,great,5,2026-08-08,Google Play,Customer Review,https://play.google.com/store/apps/details?id=com.jumia.android&hl=en&gl=ng
df191bf4-0a2f-4ef4-a6b3-9d7930f84c28,Jumia,awesome 👍,4,2026-08-08,Google Play,Customer Review,https://play.google.com/store/apps/details?id=com.jumia.android&hl=en&gl=ng
5048d60b-0a53-42fd-85b0-1853e7d1391e,Jumia,Delivery and customer service are great,5,2026-08-08,Google Play,Customer Review,https://play.google.com/store/apps/details?id=com.jumia.android&hl=en&gl=ng
929acd5e-92dd-4522-b6ee-d1a54eeb824b,Jumia,delivery not certain to be at your doorstep,3,2026-08-08,Google Play,Customer Review,https://play.google.com/store/apps/details?id=com.jumia.android&hl=en&gl=ng
885ea7a9-08b9-435d-b77b-9c597f385be6,Jumia,Great App,5,2026-08-08,Google Play,Customer Review,https://play.google.com/store/apps/details?id=com.jumia.android&hl=en&gl=ng
a96346d9-c5ea-4326-aebe-bdda5282c8cc,Jumia,good one,5,2026-08-08,Google Play,Customer Review,https://play.google.com/store/apps/details?id=com.jumia.android&hl=en&gl=ng
a6562f17-0dda-4731-a840-697fe632dcd3,Jumia,I was Scam on jumia fake people,5,2026-08-08,Google Play,Customer Review,https://play.google.com/store/apps/details?id=com.jumia.android&hl=en&gl=ng
ba7e5f70-413b-40a4-80a8-415b20886432,Jumia,I love jumia,5,2026-08-08,Google Play,Customer Review,https://play.google.com/store/apps/details?id=com.jumia.android&hl=en&gl=ng
d2b814cc-8076-4344-8832-71ebe52ceec2,Jumia,This app is good for everyone,1,2026-08-07,Google Play,Customer Review,https://play.google.com/store/apps/details?id=com.jumia.android&hl=en&gl=ng
eb6362eb-6e39-4ce9-a3f9-7b12396dbaa0,Jumia,I love it,5,2026-08-07,Google Play,Customer Review,https://play.google.com/store/apps/details?id=com.jumia.android&hl=en&gl=ng
0d593450-9a1d-4196-82b1-ac67706d783a,Jumia,The best,5,2026-08-07,Google Play,Customer Review,https://play.google.com/store/apps/details?id=com.jumia.android&hl=en&gl=ng
f6714dc1-dc7c-49d5-aad5-6bc4173b4ac8,Jumia,Extremely excellent app and an awesome reception at the Dodowa pick up station 👌,5,2026-08-07,Google Play,Customer Review,https://play.google.com/store/apps/details?id=com.jumia.android&hl=en&gl=ng
c3667d72-2db4-437c-8679-023d1aafd6f5,Jumia,Good,5,2026-08-07,Google Play,Customer Review,https://play.google.com/store/apps/details?id=com.jumia.android&hl=en&gl=ng
d7875001-2300-4882-bd7b-75b05ff23717,Jumia,🤩,5,2026-08-07,Google Play,Customer Review,https://play.google.com/store/apps/details?id=com.jumia.android&hl=en&gl=ng
1c352879-2f48-4780-90ab-78bf3d571b01,Jumia,very bad app management,1,2026-08-07,Google Play,Customer Review,https://play.google.com/store/apps/details?id=com.jumia.android&hl=en&gl=ng
589329fd-f111-4478-83a9-5684b9840c0a,Jumia,Excellent,4,2026-08-07,Google Play,Customer Review,https://play.google.com/store/apps/details?id=com.jumia.android&hl=en&gl=ng
14e03e96-1340-4c58-b269-43f0fa6bda01,Jumia,lack of unlimited titles on search bar,4,2026-08-07,Google Play,Customer Review,https://play.google.com/store/apps/details?id=com.jumia.android&hl=en&gl=ng
dcf7fba7-4b24-40bd-9446-79b6ad6b95c4,Jumia,good 👍,4,2026-08-07,Google Play,Customer Review,https://play.google.com/store/apps/details?id=com.jumia.android&hl=en&gl=ng
82209902-1ea8-441f-a4f3-414fd6664406,Jumia,thank you jumia,5,2026-08-07,Google Play,Customer Review,https://play.google.com/store/apps/details?id=com.jumia.android&hl=en&gl=ng
09bffc75-d288-49f9-838d-9b776384a38a,Jumia,شكرا,5,2026-08-07,Google Play,Customer Review,https://play.google.com/store/apps/details?id=com.jumia.android&hl=en&gl=ng
78e16b38-515f-4aca-a367-51754d5ce002,Jumia,ur the best ever.. keep it up,5,2026-08-07,Google Play,Customer Review,https://play.google.com/store/apps/details?id=com.jumia.android&hl=en&gl=ng
97c59566-5f86-410a-94e6-ef75a3658fe0,Jumia,very reliable and trustworthy app the services they provide are top notch,5,2026-08-07,Google Play,Customer Review,https://play.google.com/store/apps/details?id=com.jumia.android&hl=en&gl=ng
91baac4b-4934-456e-b113-40f9375e49f5,Jumia,is good but expensive 🫰,5,2026-08-07,Google Play,Customer Review,https://play.google.com/store/apps/details?id=com.jumia.android&hl=en&gl=ng
e2b4f751-5f46-4f40-a629-75568ac28853,Jumia,very much good to order the best,5,2026-08-07,Google Play,Customer Review,https://play.google.com/store/apps/details?id=com.jumia.android&hl=en&gl=ng
8240e895-bf01-4521-8630-d6dffd9c9566,Jumia,efficient,4,2026-08-07,Google Play,Customer Review,https://play.google.com/store/apps/details?id=com.jumia.android&hl=en&gl=ng
356554a9-36ff-46f7-90c4-03c3a1a5449d,Jumia,fast and reliable app,5,2026-08-07,Google Play,Customer Review,https://play.google.com/store/apps/details?id=com.jumia.android&hl=en&gl=ng
c571ee23-36a0-437c-b9f6-f609484cbf33,Jumia,I always get the best items here at discounted rates 😁,5,2026-08-07,Google Play,Customer Review,https://play.google.com/store/apps/details?id=com.jumia.android&hl=en&gl=ng
139c6a5f-994f-45d0-a9a8-36af5f6c4f92,Jumia,better,5,2026-08-07,Google Play,Customer Review,https://play.google.com/store/apps/details?id=com.jumia.android&hl=en&gl=ng
0b2497eb-48ea-4718-a711-a93f2e670332,Jumia,very good,5,2026-08-07,Google Play,Customer Review,https://play.google.com/store/apps/details?id=com.jumia.android&hl=en&gl=ng
992e15ae-26fa-49dc-b3bf-c1eca81a0863,Jumia,I like jumia 👍,4,2026-08-07,Google Play,Customer Review,https://play.google.com/store/apps/details?id=com.jumia.android&hl=en&gl=ng
b35ba79d-1415-4a8d-afd8-6806f3b6397f,Jumia,Good,5,2026-08-07,Google Play,Customer Review,https://play.google.com/store/apps/details?id=com.jumia.android&hl=en&gl=ng
3983bae5-8dfd-4b38-9c91-e0eb2aa03b9f,Jumia,reliable,4,2026-08-07,Google Play,Customer Review,https://play.google.com/store/apps/details?id=com.jumia.android&hl=en&gl=ng
28a30b4e-48c7-4eb6-8fc5-1b9b77269acf,Jumia,i love this app,5,2026-08-07,Google Play,Customer Review,https://play.google.com/store/apps/details?id=com.jumia.android&hl=en&gl=ng
d19802d5-563d-4c77-ae16-f7cc4e9f549f,Jumia,superb experience,5,2026-08-07,Google Play,Customer Review,https://play.google.com/store/apps/details?id=com.jumia.android&hl=en&gl=ng
8a040616-33b9-474c-a9b2-7ab55c7c1e95,Jumia,excellent,5,2026-08-07,Google Play,Customer Review,https://play.google.com/store/apps/details?id=com.jumia.android&hl=en&gl=ng
6f8e9672-300e-4ed9-9dce-e4ed0b561032,Jumia,"Jumia is a reliable online market, but please try and update your app for picture search",5,2026-08-07,Google Play,Customer Review,https://play.google.com/store/apps/details?id=com.jumia.android&hl=en&gl=ng
8af895f2-a311-4c7b-a948-1c56b8cc2f7e,Jumia,Just as it shown,4,2026-08-07,Google Play,Customer Review,https://play.google.com/store/apps/details?id=com.jumia.android&hl=en&gl=ng
129ceb5d-1772-4ce4-8153-15677c9af950,Jumia,The goods was not complete four things were on the picture but u received 3 only,1,2026-08-07,Google Play,Customer Review,https://play.google.com/store/apps/details?id=com.jumia.android&hl=en&gl=ng
03958c7d-90a5-44bf-bd70-2205cc98ecfe,Jumia,best online shopping app though some items are of poor quality,4,2026-08-07,Google Play,Customer Review,https://play.google.com/store/apps/details?id=com.jumia.android&hl=en&gl=ng
e318addd-1697-49dc-a255-8a98c12de60b,Jumia,good app,4,2026-08-07,Google Play,Customer Review,https://play.google.com/store/apps/details?id=com.jumia.android&hl=en&gl=ng
cd1ed81f-acee-4e1a-bb97-ca966fa9f0cc,Jumia,very easy to use and very reliable,5,2026-08-07,Google Play,Customer Review,https://play.google.com/store/apps/details?id=com.jumia.android&hl=en&gl=ng
e2553bec-c6a2-4741-bf1c-fdac9f49c112,Jumia,"jumia the best you can place an order then pay on delivery , which i find it great for me",4,2026-08-07,Google Play,Customer Review,https://play.google.com/store/apps/details?id=com.jumia.android&hl=en&gl=ng
c9c48f60-a567-422c-8e97-21804c7031d7,Jumia,Excellent,5,2026-08-07,Google Play,Customer Review,https://play.google.com/store/apps/details?id=com.jumia.android&hl=en&gl=ng
54b1a812-bbb2-4681-9b55-66356cbf42ac,Jumia,good,5,2026-08-07,Google Play,Customer Review,https://play.google.com/store/apps/details?id=com.jumia.android&hl=en&gl=ng
2482f9b5-bde0-4dc5-89c7-1c6aeead4b2b,Jumia,I want to trust you so no scam,2,2026-08-07,Google Play,Customer Review,https://play.google.com/store/apps/details?id=com.jumia.android&hl=en&gl=ng
078f215f-0147-4e27-9cb1-5f2a253876cf,Jumia,this is great 👍👍👍,4,2026-08-07,Google Play,Customer Review,https://play.google.com/store/apps/details?id=com.jumia.android&hl=en&gl=ng
409418e2-6170-446d-a1b0-1574bd7ba942,Jumia,great experience,5,2026-08-07,Google Play,Customer Review,https://play.google.com/store/apps/details?id=com.jumia.android&hl=en&gl=ng
6da49936-ad4f-44b3-bb04-e7e341f3e073,Jumia,"Retuning defective goods now takes days to get my refunds right....but when it comes to collecting my money, you even called to reassure me that the good is genuine after I changed my mind to buy it. and that's not all, I mean no disrespect but how has a pick-up station become a family business where the shabby dressed (almost looking homeless) pregnant wife and 4 children serve in a pick-up station, and clearly raging with hormones talk rudely to your customers #Temu dey, continue",1,2026-08-07,Google Play,Customer Review,https://play.google.com/store/apps/details?id=com.jumia.android&hl=en&gl=ng
11f565a6-8fdb-46db-a7df-4ff31e284c97,Jumia,cooll,5,2026-08-07,Google Play,Customer Review,https://play.google.com/store/apps/details?id=com.jumia.android&hl=en&gl=ng
f5c092ce-1221-4c3b-a64e-b46bfea266e3,Jumia,good,5,2026-08-07,Google Play,Customer Review,https://play.google.com/store/apps/details?id=com.jumia.android&hl=en&gl=ng
cba96517-e8cc-4111-9660-cae72b1b8caa,Jumia,Excellent thanks,5,2026-08-07,Google Play,Customer Review,https://play.google.com/store/apps/details?id=com.jumia.android&hl=en&gl=ng
7d2a2e8f-3b28-467f-8c74-a32665016920,Jumia,i would also love to have a 5 by 6 bed but I didn't find one,5,2026-08-07,Google Play,Customer Review,https://play.google.com/store/apps/details?id=com.jumia.android&hl=en&gl=ng
91dd987b-7aec-4d66-afb5-c675708f62af,Jumia,"ur promotion voucher don't work, very fake",1,2026-08-07,Google Play,Customer Review,https://play.google.com/store/apps/details?id=com.jumia.android&hl=en&gl=ng
6efe746b-f01e-4f70-b1e0-99fff43c173c,Jumia,great,5,2026-08-07,Google Play,Customer Review,https://play.google.com/store/apps/details?id=com.jumia.android&hl=en&gl=ng
eba6ff8d-d7a7-4d32-8a41-138963113551,Jumia,great for the local area,5,2026-08-07,Google Play,Customer Review,https://play.google.com/store/apps/details?id=com.jumia.android&hl=en&gl=ng
d40ae609-b41b-4330-a444-3f08af720144,Jumia,it's absolutely nice and easy to have things and it's less tress,5,2026-08-07,Google Play,Customer Review,https://play.google.com/store/apps/details?id=com.jumia.android&hl=en&gl=ng
3b68a23e-c34f-43c3-874e-f06e54d2552f,Jumia,Good app,3,2026-08-07,Google Play,Customer Review,https://play.google.com/store/apps/details?id=com.jumia.android&hl=en&gl=ng
dc9a1a95-2479-42d2-a3fc-55fd60d147d1,Jumia,love it 🤩,5,2026-08-07,Google Play,Customer Review,https://play.google.com/store/apps/details?id=com.jumia.android&hl=en&gl=ng
76e52391-b92f-4ac7-b534-9c8a0a7b1d9f,Jumia,their services r Okay,5,2026-08-07,Google Play,Customer Review,https://play.google.com/store/apps/details?id=com.jumia.android&hl=en&gl=ng
5476f648-dfd3-46ca-a63b-54594e008c88,Jumia,nice,5,2026-08-07,Google Play,Customer Review,https://play.google.com/store/apps/details?id=com.jumia.android&hl=en&gl=ng
98087a1f-a400-4443-8e48-f790640f09b8,Jumia,best app ever,5,2026-08-07,Google Play,Customer Review,https://play.google.com/store/apps/details?id=com.jumia.android&hl=en&gl=ng
86d659fc-cd73-4dee-92bd-fc5197f50dcb,Jumia,Unexpectedly swift and sharp,5,2026-08-07,Google Play,Customer Review,https://play.google.com/store/apps/details?id=com.jumia.android&hl=en&gl=ng
311f5528-bdc2-4194-82ba-f4f6a62c356b,Jumia,nice,5,2026-08-07,Google Play,Customer Review,https://play.google.com/store/apps/details?id=com.jumia.android&hl=en&gl=ng
29da0fc8-6323-44c9-8bcb-54f307bdbb4d,Jumia,excellent,5,2026-08-07,Google Play,Customer Review,https://play.google.com/store/apps/details?id=com.jumia.android&hl=en&gl=ng
e285d2e2-9dcf-4c75-a708-7cf101a79711,Jumia,it's very efficient and reliable online shopping center,5,2026-08-07,Google Play,Customer Review,https://play.google.com/store/apps/details?id=com.jumia.android&hl=en&gl=ng
fb87b695-270f-42ab-a203-e2226950e168,Jumia,Jumia online is the best one ever,5,2026-08-07,Google Play,Customer Review,https://play.google.com/store/apps/details?id=com.jumia.android&hl=en&gl=ng
bc09d7cc-c636-47ac-a914-c484f52565ef,Jumia,good,4,2026-08-07,Google Play,Customer Review,https://play.google.com/store/apps/details?id=com.jumia.android&hl=en&gl=ng
400bbd42-17ef-4a36-8dba-cc38e8380f7c,Jumia,Jumia is very good,5,2026-08-07,Google Play,Customer Review,https://play.google.com/store/apps/details?id=com.jumia.android&hl=en&gl=ng
cb34b6b9-7771-482c-805b-50cf678c7d36,Jumia,this app is better no need to go to nairobbery,4,2026-08-07,Google Play,Customer Review,https://play.google.com/store/apps/details?id=com.jumia.android&hl=en&gl=ng
1e25acea-56c2-4228-81be-6015b5d704f3,Jumia,"I can't login into my account, I don't know why it's just not logging in, it's giving me a hard time",1,2026-08-07,Google Play,Customer Review,https://play.google.com/store/apps/details?id=com.jumia.android&hl=en&gl=ng
091d3c55-6d5c-4c85-827f-c9cdc18128cf,Jumia,"best , better and more reliable than others",5,2026-08-07,Google Play,Customer Review,https://play.google.com/store/apps/details?id=com.jumia.android&hl=en&gl=ng
4a2246c4-5222-4d2d-b6bd-4a5f6fd394a8,Jumia,just so easy and straight forward,5,2026-08-07,Google Play,Customer Review,https://play.google.com/store/apps/details?id=com.jumia.android&hl=en&gl=ng
f565a6ee-5221-4620-bf5f-74ca8106e4b9,Jumia,"l actually enjoy my Jumia app so much, very easy to use and lots of goodies for all 😍😍🥰",5,2026-08-07,Google Play,Customer Review,https://play.google.com/store/apps/details?id=com.jumia.android&hl=en&gl=ng
d37205dc-762b-49ce-8ae4-cd1253897c0e,Jumia,good,5,2026-08-07,Google Play,Customer Review,https://play.google.com/store/apps/details?id=com.jumia.android&hl=en&gl=ng
ef5eac2a-6192-47b9-908b-750a820fc8e7,Jumia,"Delivery fees are too much, especially for multiple items in a single order",3,2026-08-07,Google Play,Customer Review,https://play.google.com/store/apps/details?id=com.jumia.android&hl=en&gl=ng
f244e1a8-e4fc-4d5b-8295-764366873717,Jumia,So far everything i brought from Jumia is ok and works very perfect,5,2026-08-07,Google Play,Customer Review,https://play.google.com/store/apps/details?id=com.jumia.android&hl=en&gl=ng
0a1749ff-4879-497b-b6dd-e49d871285bd,Jumia,very good,5,2026-08-06,Google Play,Customer Review,https://play.google.com/store/apps/details?id=com.jumia.android&hl=en&gl=ng
99165b67-2c19-47e2-a73a-782d6f50650f,Jumia,good,5,2026-08-06,Google Play,Customer Review,https://play.google.com/store/apps/details?id=com.jumia.android&hl=en&gl=ng
220f53ce-a95f-4231-bbe1-2ce3f4970d07,Jumia,very good,4,2026-08-06,Google Play,Customer Review,https://play.google.com/store/apps/details?id=com.jumia.android&hl=en&gl=ng
4580d085-4f57-4a32-a260-33c05b6d7562,Jumia,outstanding,5,2026-08-06,Google Play,Customer Review,https://play.google.com/store/apps/details?id=com.jumia.android&hl=en&gl=ng
a6a13286-7c78-4b61-a3c1-37720c917388,Jumia,good,3,2026-08-06,Google Play,Customer Review,https://play.google.com/store/apps/details?id=com.jumia.android&hl=en&gl=ng
2238c7da-8fc8-4da8-95c6-8ea4d01a7d3e,Jumia,gud service,3,2026-08-06,Google Play,Customer Review,https://play.google.com/store/apps/details?id=com.jumia.android&hl=en&gl=ng
5d5bf5d8-6826-41d8-909b-a17fea9675aa,Jumia,so excited,5,2026-08-06,Google Play,Customer Review,https://play.google.com/store/apps/details?id=com.jumia.android&hl=en&gl=ng
c8f2ead3-42e5-4e5e-b4e1-8fdc26af6517,Jumia,good product always,5,2026-08-06,Google Play,Customer Review,https://play.google.com/store/apps/details?id=com.jumia.android&hl=en&gl=ng
84af2d47-f2a0-4d6e-8e54-c0c57b468f0d,Jumia,I love shopping with Julia. the bet online shipping,4,2026-08-06,Google Play,Customer Review,https://play.google.com/store/apps/details?id=com.jumia.android&hl=en&gl=ng
7d32dbb7-2a15-427d-b86b-884636a0e7c0,Jumia,good,4,2026-08-06,Google Play,Customer Review,https://play.google.com/store/apps/details?id=com.jumia.android&hl=en&gl=ng
510555fb-d5cf-4704-b3e3-92308dab4c08,Jumia,"reliable app,best",5,2026-08-06,Google Play,Customer Review,https://play.google.com/store/apps/details?id=com.jumia.android&hl=en&gl=ng
f0b27811-4ca7-4b81-9530-a1acb5d64193,Jumia,simple and easy to use,5,2026-08-06,Google Play,Customer Review,https://play.google.com/store/apps/details?id=com.jumia.android&hl=en&gl=ng
f18cd2e8-b1e0-4161-a4dd-64a8222f74b1,Jumia,good,4,2026-08-06,Google Play,Customer Review,https://play.google.com/store/apps/details?id=com.jumia.android&hl=en&gl=ng
f0b1ed63-2bdb-438b-adb6-ae7057e8acf6,Jumia,I love jumia,3,2026-08-06,Google Play,Customer Review,https://play.google.com/store/apps/details?id=com.jumia.android&hl=en&gl=ng
31bb664d-c736-4a99-8bc5-0583092a9975,Jumia,𝑔𝑜𝑜𝑑 𝑖𝑡𝑒𝑚𝑠,4,2026-08-06,Google Play,Customer Review,https://play.google.com/store/apps/details?id=com.jumia.android&hl=en&gl=ng
8a7ed720-237a-42fb-a620-ec957175b375,Jumia,good,5,2026-08-06,Google Play,Customer Review,https://play.google.com/store/apps/details?id=com.jumia.android&hl=en&gl=ng
6c7a00f3-f14d-408e-a80f-5c1451af4942,Jumia,nice app🤩,5,2026-08-06,Google Play,Customer Review,https://play.google.com/store/apps/details?id=com.jumia.android&hl=en&gl=ng
b3b7accc-1f13-4adf-a28f-f60f7c00d270,Jumia,Hope will be as good as it looks,5,2026-08-06,Google Play,Customer Review,https://play.google.com/store/apps/details?id=com.jumia.android&hl=en&gl=ng
11ce513d-8503-491a-94af-b4fdbfc93c3a,Jumia,I have been using jumia since 2019 and the service is really good but please I know you can't force it but fix the ordering receive date please,5,2026-08-06,Google Play,Customer Review,https://play.google.com/store/apps/details?id=com.jumia.android&hl=en&gl=ng
0cd8709a-1d6b-460c-bf71-9e0672b0fa3a,Jumia,it a good app but please make your delivery faster,4,2026-08-06,Google Play,Customer Review,https://play.google.com/store/apps/details?id=com.jumia.android&hl=en&gl=ng
9101beda-8757-4bdd-9f92-1bdf31d3e226,Jumia,Reliable,5,2026-08-06,Google Play,Customer Review,https://play.google.com/store/apps/details?id=com.jumia.android&hl=en&gl=ng
1e3be1b7-6736-4b3c-9e5c-58ea8cbaa69b,Jumia,nice app,5,2026-08-06,Google Play,Customer Review,https://play.google.com/store/apps/details?id=com.jumia.android&hl=en&gl=ng
0d1e8cf2-b915-4f45-b022-93be739a4967,Jumia,I've been buying things from them for a long time and i can bodly say they're very good and well trust... Thank you,5,2026-08-06,Google Play,Customer Review,https://play.google.com/store/apps/details?id=com.jumia.android&hl=en&gl=ng
057c6f39-7ea3-4cf5-911f-c30df6276aa7,Jumia,perfect,5,2026-08-06,Google Play,Customer Review,https://play.google.com/store/apps/details?id=com.jumia.android&hl=en&gl=ng
5e7eceac-7e8b-4d63-a965-37725c7e0520,Jumia,very fast and reliable,4,2026-08-06,Google Play,Customer Review,https://play.google.com/store/apps/details?id=com.jumia.android&hl=en&gl=ng
1d810a00-f014-4006-8111-f991b3441d65,Jumia,They're trying in their delivery service,4,2026-08-06,Google Play,Customer Review,https://play.google.com/store/apps/details?id=com.jumia.android&hl=en&gl=ng
cb6065ca-2119-483d-b81e-685396c992a1,Jumia,reliable,4,2026-08-06,Google Play,Customer Review,https://play.google.com/store/apps/details?id=com.jumia.android&hl=en&gl=ng
c732d631-a5c0-4a91-b47a-e575da6bb66b,Jumia,It's quite good,3,2026-08-06,Google Play,Customer Review,https://play.google.com/store/apps/details?id=com.jumia.android&hl=en&gl=ng
f43619d4-5b11-4b50-82c8-d35d8e73fc0e,Jumia,Good one,5,2026-08-06,Google Play,Customer Review,https://play.google.com/store/apps/details?id=com.jumia.android&hl=en&gl=ng
62336e7d-2984-4c84-9d8c-d805778bbe64,Jumia,I like this app so much,5,2026-08-06,Google Play,Customer Review,https://play.google.com/store/apps/details?id=com.jumia.android&hl=en&gl=ng
84addb03-da74-4fd3-b3c9-bfb41e5bb07d,Jumia,coool,5,2026-08-06,Google Play,Customer Review,https://play.google.com/store/apps/details?id=com.jumia.android&hl=en&gl=ng
3be86a94-6957-41c3-8930-8b71a566bb25,Jumia,accessible,5,2026-08-06,Google Play,Customer Review,https://play.google.com/store/apps/details?id=com.jumia.android&hl=en&gl=ng
878b2cd4-9307-40e7-920c-6254bf50058b,Jumia,best app,4,2026-08-06,Google Play,Customer Review,https://play.google.com/store/apps/details?id=com.jumia.android&hl=en&gl=ng
0168b580-400d-4b59-a06b-f041fd255a43,Jumia,I don't have interest,1,2026-08-06,Google Play,Customer Review,https://play.google.com/store/apps/details?id=com.jumia.android&hl=en&gl=ng
f273f816-25c3-4069-ac6f-e000b399848f,Jumia,best of the best,5,2026-08-06,Google Play,Customer Review,https://play.google.com/store/apps/details?id=com.jumia.android&hl=en&gl=ng
4ef9db53-feb6-4cb0-9d69-72ea5759d4b9,Jumia,very good app,5,2026-08-06,Google Play,Customer Review,https://play.google.com/store/apps/details?id=com.jumia.android&hl=en&gl=ng
359c4058-63a1-4f69-bcf0-05ba0bd4ceb4,Jumia,the number 1 best 👌,5,2026-08-06,Google Play,Customer Review,https://play.google.com/store/apps/details?id=com.jumia.android&hl=en&gl=ng
029a45c9-9f51-4266-a6e1-33f49cfc576c,Jumia,JUMIA is the best 👌,5,2026-08-06,Google Play,Customer Review,https://play.google.com/store/apps/details?id=com.jumia.android&hl=en&gl=ng
64f760e6-9a66-48d4-83b1-68b0820af11a,Jumia,very good ordering app,5,2026-08-06,Google Play,Customer Review,https://play.google.com/store/apps/details?id=com.jumia.android&hl=en&gl=ng
9758fa3e-9e48-4d18-8a46-ed3bb31c4c0f,Jumia,very bad services,1,2026-08-06,Google Play,Customer Review,https://play.google.com/store/apps/details?id=com.jumia.android&hl=en&gl=ng
6a9d6e3b-7b81-4f58-b0da-69aa98d9a3b5,Jumia,is good,5,2026-08-06,Google Play,Customer Review,https://play.google.com/store/apps/details?id=com.jumia.android&hl=en&gl=ng
4f8e0866-f9b3-4014-9a0a-d9cb52f94a57,Jumia,best,5,2026-08-06,Google Play,Customer Review,https://play.google.com/store/apps/details?id=com.jumia.android&hl=en&gl=ng
f505a1a4-2f7b-4491-91da-d97b633c602a,Jumia,Great,5,2026-08-06,Google Play,Customer Review,https://play.google.com/store/apps/details?id=com.jumia.android&hl=en&gl=ng
2a438636-4be7-4a8f-881b-8a42b9be7cb6,Jumia,I just like it,5,2026-08-06,Google Play,Customer Review,https://play.google.com/store/apps/details?id=com.jumia.android&hl=en&gl=ng
9ef4b44d-65f2-47c9-8f0b-aa5e8072afe7,Jumia,very best,5,2026-08-06,Google Play,Customer Review,https://play.google.com/store/apps/details?id=com.jumia.android&hl=en&gl=ng
e639511e-8513-4902-93b2-541c5ae7563b,Jumia,شركة سيئة جداً، عدم مصدقية وعدم احترافية في التعامل,1,2026-08-06,Google Play,Customer Review,https://play.google.com/store/apps/details?id=com.jumia.android&hl=en&gl=ng
d67282d3-3231-4da6-8116-d3e19387fc6e,Jumia,👍,5,2026-08-06,Google Play,Customer Review,https://play.google.com/store/apps/details?id=com.jumia.android&hl=en&gl=ng
c5dcb8e2-4394-49c2-8637-6b4452dae968,Jumia,My go to store for anything I don't have the time to go purchase offline.,4,2026-08-06,Google Play,Customer Review,https://play.google.com/store/apps/details?id=com.jumia.android&hl=en&gl=ng
6498ece2-734f-4224-bf37-d2cbe84ae074,Jumia,Jumia have been of great and wonderful experience thus far... I look forward to ordering a lot more from them as they are to me the best in what they do 🤍☺️,5,2026-08-06,Google Play,Customer Review,https://play.google.com/store/apps/details?id=com.jumia.android&hl=en&gl=ng
6020f579-24ff-4f63-8921-17e33d39cde9,Jumia,it's alright 🥱 whatever,5,2026-08-06,Google Play,Customer Review,https://play.google.com/store/apps/details?id=com.jumia.android&hl=en&gl=ng
e63b1471-b18f-43c8-9337-cf75db3a7f61,Jumia,best shopping center,5,2026-08-06,Google Play,Customer Review,https://play.google.com/store/apps/details?id=com.jumia.android&hl=en&gl=ng
6c43efa2-f53f-432b-ae36-24fa4933b963,Jumia,amazing,5,2026-08-06,Google Play,Customer Review,https://play.google.com/store/apps/details?id=com.jumia.android&hl=en&gl=ng
4317dd97-c9f7-49bc-8b28-aff2852c6ff9,Jumia,wonderful tested and trusted,4,2026-08-06,Google Play,Customer Review,https://play.google.com/store/apps/details?id=com.jumia.android&hl=en&gl=ng
ca270fe9-18d7-4602-9a30-6034af7bc632,Jumia,reliable,5,2026-08-06,Google Play,Customer Review,https://play.google.com/store/apps/details?id=com.jumia.android&hl=en&gl=ng
49348690-0a23-405a-807e-8163422a4b39,Jumia,fast and reliable,4,2026-08-06,Google Play,Customer Review,https://play.google.com/store/apps/details?id=com.jumia.android&hl=en&gl=ng
67565ea0-e09b-480a-a4ea-a40880031b71,Jumia,very cool and nice,5,2026-08-06,Google Play,Customer Review,https://play.google.com/store/apps/details?id=com.jumia.android&hl=en&gl=ng
91f2fbb5-20b1-4b96-bcf3-3c082b7c694a,Jumia,cool,5,2026-08-06,Google Play,Customer Review,https://play.google.com/store/apps/details?id=com.jumia.android&hl=en&gl=ng
f415ad68-4f93-43c0-82df-9e5c7d822bb0,Jumia,I have done some transactions with Jumia and it's been good experiences so far,5,2026-08-06,Google Play,Customer Review,https://play.google.com/store/apps/details?id=com.jumia.android&hl=en&gl=ng
d852b1e1-46fc-464f-b59d-d1837c8e85a4,Jumia,Good experience,4,2026-08-06,Google Play,Customer Review,https://play.google.com/store/apps/details?id=com.jumia.android&hl=en&gl=ng
9b95324d-b269-4f0b-a96d-283622df032e,Jumia,I like it,5,2026-08-06,Google Play,Customer Review,https://play.google.com/store/apps/details?id=com.jumia.android&hl=en&gl=ng
e5bfd498-66e7-4d2e-a8b8-5151f5655297,Jumia,"Charging a transport fee on every single item makes the convenience feel unreliable. This pricing model should be revised because it comes across as unfair and almost feels like a scam. For example, if I order 20 items at a go, will I be charged transport 20 times? That doesn't seem convenient at all. A single delivery fee per order would make much more sense and provide a better customer experience.",2,2026-08-06,Google Play,Customer Review,https://play.google.com/store/apps/details?id=com.jumia.android&hl=en&gl=ng
245ec820-2d4b-48da-a3dd-f570e8c9e4f4,Jumia,quick and reliable,5,2026-08-06,Google Play,Customer Review,https://play.google.com/store/apps/details?id=com.jumia.android&hl=en&gl=ng
2ae45f5e-2877-477a-b467-6164b3db514e,Jumia,"Compared to other shopping apps , Jumia is trying on product described delivery. Qualities of products delivered are according to description.",4,2026-08-06,Google Play,Customer Review,https://play.google.com/store/apps/details?id=com.jumia.android&hl=en&gl=ng
0ff8d88b-91ed-4761-973f-e28d118330b0,Jumia,good,5,2026-08-06,Google Play,Customer Review,https://play.google.com/store/apps/details?id=com.jumia.android&hl=en&gl=ng
19ebf523-09d2-46a5-979a-b026663e5542,Jumia,Jumia is an excellent online store. Their services are okay. Their customer service is good and the Jumia app is very easy to use. I placed an order and the item arrived the pickup station very fast. All the items that I bought on Jumia are working well in good conditions. The prices of items are so amazing. Kudos to them.,5,2026-08-05,Google Play,Customer Review,https://play.google.com/store/apps/details?id=com.jumia.android&hl=en&gl=ng
27048bd0-a284-4320-8851-f76897f30f03,Jumia,fast and legit,5,2026-08-05,Google Play,Customer Review,https://play.google.com/store/apps/details?id=com.jumia.android&hl=en&gl=ng
4bc53f3f-5c9f-4039-b5ee-3f3b39f42847,Jumia,very good to me,5,2026-08-05,Google Play,Customer Review,https://play.google.com/store/apps/details?id=com.jumia.android&hl=en&gl=ng
8f9b47ab-54ad-4c34-8b74-d191f2e82d72,Jumia,all the products have been delivered successfully,5,2026-08-05,Google Play,Customer Review,https://play.google.com/store/apps/details?id=com.jumia.android&hl=en&gl=ng
dc0dbbcf-f3ff-446f-bdb3-8f9467319a05,Jumia,I love this pp so much ❤️‍🩹❤️‍🩹,5,2026-08-05,Google Play,Customer Review,https://play.google.com/store/apps/details?id=com.jumia.android&hl=en&gl=ng
c38c65ad-e124-475f-95eb-e23723fac9c6,Jumia,I just placed an order till then,1,2026-08-05,Google Play,Customer Review,https://play.google.com/store/apps/details?id=com.jumia.android&hl=en&gl=ng
2237042a-9f02-4381-aef6-ca498131a745,Jumia,love this shi,5,2026-08-05,Google Play,Customer Review,https://play.google.com/store/apps/details?id=com.jumia.android&hl=en&gl=ng
166f36b9-75ca-4397-802d-dd1be59a33fc,Jumia,jumis is good,5,2026-08-05,Google Play,Customer Review,https://play.google.com/store/apps/details?id=com.jumia.android&hl=en&gl=ng
3f27333c-61e2-442d-be9f-3497eb882d26,Jumia,"Very bad experience with my very first order on Jumia. On Day 1, the driver falsely claimed I wasn't home. On Day 2, he marked the order as delivered, but I never received it. He couldn't have entered my estate without security authorization from me, and delivery also requires a Jumia verification code from me. Despite this, Jumia says I must wait 48 hours while they contact the driver before processing a refund. This is unacceptable and feels like a scam.",1,2026-08-05,Google Play,Customer Review,https://play.google.com/store/apps/details?id=com.jumia.android&hl=en&gl=ng
6aa2f196-b269-4c37-97c0-70dcef2c4b8e,Jumia,your product look affordable and unique.,5,2026-08-05,Google Play,Customer Review,https://play.google.com/store/apps/details?id=com.jumia.android&hl=en&gl=ng
6d6e9234-8dab-415b-b3f6-3e4d54cc8108,Jumia,its wow,5,2026-08-05,Google Play,Customer Review,https://play.google.com/store/apps/details?id=com.jumia.android&hl=en&gl=ng
a12c623a-a21b-4bfb-9eb8-4ed62f562619,Jumia,بيلغو الاوردر من نفسهم بدون الرجوع للمشتري وبيعدلو في الاسعار من نفسهم بعد الطلب,1,2026-08-05,Google Play,Customer Review,https://play.google.com/store/apps/details?id=com.jumia.android&hl=en&gl=ng
09201d3a-3c2c-465e-b48d-54e0e5cf2b70,Jumia,The best app ever,5,2026-08-05,Google Play,Customer Review,https://play.google.com/store/apps/details?id=com.jumia.android&hl=en&gl=ng
51a17158-420a-4e56-8296-9f7f63b22d60,Jumia,fast and cheap products,4,2026-08-05,Google Play,Customer Review,https://play.google.com/store/apps/details?id=com.jumia.android&hl=en&gl=ng
d81ae44f-7f2d-47dc-856b-ebf294f7fa8c,Jumia,Always Ask With Jumia To Be Delivered With Smile And Flexibility 😊,5,2026-08-05,Google Play,Customer Review,https://play.google.com/store/apps/details?id=com.jumia.android&hl=en&gl=ng
a93801c7-4c75-451c-a5aa-df574fa0913f,Jumia,the network is too bad,1,2026-08-05,Google Play,Customer Review,https://play.google.com/store/apps/details?id=com.jumia.android&hl=en&gl=ng
5472fee5-99bb-4c43-923f-1db856947ccf,Jumia,good item,5,2026-08-05,Google Play,Customer Review,https://play.google.com/store/apps/details?id=com.jumia.android&hl=en&gl=ng
03324960-7b95-4666-8922-6e821d89ff36,Jumia,nice and easy marketing,5,2026-08-05,Google Play,Customer Review,https://play.google.com/store/apps/details?id=com.jumia.android&hl=en&gl=ng
ba39f5ee-5096-4091-b822-efaba2804d97,Jumia,Great app,5,2026-08-05,Google Play,Customer Review,https://play.google.com/store/apps/details?id=com.jumia.android&hl=en&gl=ng
f8d826cb-3d65-4f54-bc0a-4e5c4ef36207,Jumia,Very good,3,2026-08-05,Google Play,Customer Review,https://play.google.com/store/apps/details?id=com.jumia.android&hl=en&gl=ng
d4b834c6-d88c-4989-bf68-1c0adbf9f7ec,Jumia,The new update doesn't allow you to sign in which is very frustrating 😭😔 Something must be done about it ASAP,1,2026-08-05,Google Play,Customer Review,https://play.google.com/store/apps/details?id=com.jumia.android&hl=en&gl=ng
192715f6-5dd1-4c71-b4e1-89131d013dde,Jumia,good items,4,2026-08-05,Google Play,Customer Review,https://play.google.com/store/apps/details?id=com.jumia.android&hl=en&gl=ng
7d900ed9-4cf9-4272-abe8-e5e94a832c7a,Jumia,very good it not like useless temu,5,2026-08-05,Google Play,Customer Review,https://play.google.com/store/apps/details?id=com.jumia.android&hl=en&gl=ng
8e19f402-4b8b-452b-9cd4-db0ffd291ac9,Jumia,I like it because it's easy to use and reliable,5,2026-08-05,Google Play,Customer Review,https://play.google.com/store/apps/details?id=com.jumia.android&hl=en&gl=ng
1e933ab3-88b8-4fdf-a8f7-b31eda50f6e7,Jumia,why my voucher is invalid.,5,2026-08-05,Google Play,Customer Review,https://play.google.com/store/apps/details?id=com.jumia.android&hl=en&gl=ng
33ee928d-33ad-454a-a68f-71b259110830,Jumia,excellent,5,2026-08-05,Google Play,Customer Review,https://play.google.com/store/apps/details?id=com.jumia.android&hl=en&gl=ng
2d287453-5248-4cf6-af54-d5db5243f71c,Jumia,A very good online platform to Shop.....,5,2026-08-05,Google Play,Customer Review,https://play.google.com/store/apps/details?id=com.jumia.android&hl=en&gl=ng
c01dcfd9-8bc1-46ba-bf23-23b390db8377,Jumia,very easy,5,2026-08-05,Google Play,Customer Review,https://play.google.com/store/apps/details?id=com.jumia.android&hl=en&gl=ng
75123dcc-b156-4ffa-9102-299a04aca185,Jumia,not bad,4,2026-08-05,Google Play,Customer Review,https://play.google.com/store/apps/details?id=com.jumia.android&hl=en&gl=ng
69f65cf4-5110-4715-953f-e1f420705fb9,Jumia,this is the best,4,2026-08-05,Google Play,Customer Review,https://play.google.com/store/apps/details?id=com.jumia.android&hl=en&gl=ng
1e2750d7-2637-4e82-8b8f-fdbb86c53e58,Jumia,so far it's great no complain,3,2026-08-05,Google Play,Customer Review,https://play.google.com/store/apps/details?id=com.jumia.android&hl=en&gl=ng
6a1f078c-d5cc-4c9e-ac04-dadfdccc0651,Jumia,"I love Jumia, the app is user friendly the customer orientation is beautiful, the prices are moderate, everything is just stress less. Just need to work on the too much notification and messages.",5,2026-08-05,Google Play,Customer Review,https://play.google.com/store/apps/details?id=com.jumia.android&hl=en&gl=ng
4a21163e-69c6-4bc3-9d38-d08d9c66e07f,Jumia,Jumia service superb they never fail me even for once,5,2026-08-05,Google Play,Customer Review,https://play.google.com/store/apps/details?id=com.jumia.android&hl=en&gl=ng
8332f4a1-ff59-45c4-9cdc-05290cbb864f,Jumia,The app is good,1,2026-08-05,Google Play,Customer Review,https://play.google.com/store/apps/details?id=com.jumia.android&hl=en&gl=ng
ac1b21b7-a3e0-480b-bceb-c4b95e93f7a2,Jumia,good company,5,2026-08-05,Google Play,Customer Review,https://play.google.com/store/apps/details?id=com.jumia.android&hl=en&gl=ng
74c759fa-da6c-4912-b2cf-85728537d44f,Jumia,i Love it,5,2026-08-05,Google Play,Customer Review,https://play.google.com/store/apps/details?id=com.jumia.android&hl=en&gl=ng
620ea35d-cb3c-4cb3-ae6e-2373da6a812a,Jumia,good to use,5,2026-08-05,Google Play,Customer Review,https://play.google.com/store/apps/details?id=com.jumia.android&hl=en&gl=ng
800afaec-51fd-44e0-b64b-5f89bd52dfaa,Jumia,good,5,2026-08-05,Google Play,Customer Review,https://play.google.com/store/apps/details?id=com.jumia.android&hl=en&gl=ng
32476876-953a-43b3-9632-5dd326ec976d,Jumia,hoping to get my product delivered,2,2026-08-05,Google Play,Customer Review,https://play.google.com/store/apps/details?id=com.jumia.android&hl=en&gl=ng
b4e0385c-b6d6-4232-8192-b8c41ab09464,Jumia,"of late, the app has become really bad and almost impossible to use EDIT: ever since I made an update to the app, although it was almost impossible to use before, now, it is definitely impossible to use.",1,2026-08-05,Google Play,Customer Review,https://play.google.com/store/apps/details?id=com.jumia.android&hl=en&gl=ng
2a25dbc3-9eb8-437b-8608-c5b775f85f54,Jumia,please you guys should bring refurbished/renewed tecno pova to the market,4,2026-08-05,Google Play,Customer Review,https://play.google.com/store/apps/details?id=com.jumia.android&hl=en&gl=ng
ba7fba6e-31d2-4323-854e-f75a1857035e,Jumia,Good,5,2026-08-05,Google Play,Customer Review,https://play.google.com/store/apps/details?id=com.jumia.android&hl=en&gl=ng
dee4ea4d-0e76-49a1-a8a0-c04fc8e86fa3,Jumia,Very amazing shopping app. Get good quality products at affordable prices.,5,2026-08-05,Google Play,Customer Review,https://play.google.com/store/apps/details?id=com.jumia.android&hl=en&gl=ng
fe5b3b49-4050-4bdc-95d8-12b6b3438e0f,Jumia,"Recently I've noticed that the app glitches which can be frustrating. I'll add things to cart, about to check out, or check things in my cart, it will revert and keep no record. This has been happening oftentimes now and it's becoming frustrating, and then when I try to search for available items it says couldn't load your content",3,2026-08-05,Google Play,Customer Review,https://play.google.com/store/apps/details?id=com.jumia.android&hl=en&gl=ng
a84c08ab-7ff0-49cb-80d3-dd842a1d6f2c,Jumia,jumia is where you supposed to be,5,2026-08-05,Google Play,Customer Review,https://play.google.com/store/apps/details?id=com.jumia.android&hl=en&gl=ng
9d4fb910-36b6-4aa6-a49e-d07255c230e1,Jumia,nice 👍 company,5,2026-08-05,Google Play,Customer Review,https://play.google.com/store/apps/details?id=com.jumia.android&hl=en&gl=ng
693ad13e-6400-4af5-ad1e-17107216b2e6,Jumia,وحشين جدا في سياسة الاسترجاع,1,2026-08-05,Google Play,Customer Review,https://play.google.com/store/apps/details?id=com.jumia.android&hl=en&gl=ng
b324e8df-a1c5-4e54-b058-339407a3535f,Jumia,items are delivered escalty as seen and on time too with good deals,5,2026-08-05,Google Play,Customer Review,https://play.google.com/store/apps/details?id=com.jumia.android&hl=en&gl=ng
980f8da1-4d92-44e8-a1da-925f456c514f,Jumia,great app,5,2026-08-05,Google Play,Customer Review,https://play.google.com/store/apps/details?id=com.jumia.android&hl=en&gl=ng
498153ef-9b8c-480b-aa2e-d793604d5eef,Jumia,it's very great,5,2026-08-05,Google Play,Customer Review,https://play.google.com/store/apps/details?id=com.jumia.android&hl=en&gl=ng
5756e088-7a23-4825-946a-c0213fa7604a,Jumia,Rendering accurate services,4,2026-08-05,Google Play,Customer Review,https://play.google.com/store/apps/details?id=com.jumia.android&hl=en&gl=ng
df2d55c1-b288-4ab4-bc5f-ff7914b7a2bb,Jumia,clean job,5,2026-08-05,Google Play,Customer Review,https://play.google.com/store/apps/details?id=com.jumia.android&hl=en&gl=ng
6abc8ffe-1720-4138-aba9-acccadc1d2c9,Jumia,very nice and affordable,3,2026-08-05,Google Play,Customer Review,https://play.google.com/store/apps/details?id=com.jumia.android&hl=en&gl=ng
49494dd1-3dcd-4a1f-92a0-baf069562257,Jumia,I love jumia,5,2026-08-05,Google Play,Customer Review,https://play.google.com/store/apps/details?id=com.jumia.android&hl=en&gl=ng
e981ee29-9915-4d41-b654-0078f0f6394a,Jumia,excellent,5,2026-08-05,Google Play,Customer Review,https://play.google.com/store/apps/details?id=com.jumia.android&hl=en&gl=ng
9ae5f56e-124e-4e52-93f0-46a0130e5dcb,Jumia,very good service,3,2026-08-05,Google Play,Customer Review,https://play.google.com/store/apps/details?id=com.jumia.android&hl=en&gl=ng
b3ed76a1-6bee-4516-96ad-71d0bee06d4e,Jumia,Very fantastic experience,5,2026-08-05,Google Play,Customer Review,https://play.google.com/store/apps/details?id=com.jumia.android&hl=en&gl=ng
3b714bfd-3d1c-4aca-91a9-13d695373fbc,Jumia,جميل جدا,5,2026-08-05,Google Play,Customer Review,https://play.google.com/store/apps/details?id=com.jumia.android&hl=en&gl=ng
ded42788-eac2-4b6b-b16d-332c26b5bd6b,Jumia,very reliable,5,2026-08-05,Google Play,Customer Review,https://play.google.com/store/apps/details?id=com.jumia.android&hl=en&gl=ng
51859d0a-f361-4a42-ad3b-bd0f3afdf17f,Jumia,JUMIA IS RELIABLE AND LOYAL.please I need retinol anti aging cream.,5,2026-08-05,Google Play,Customer Review,https://play.google.com/store/apps/details?id=com.jumia.android&hl=en&gl=ng
c18684cf-862f-4e1a-a266-72c019f723cf,Jumia,greatest but cost,5,2026-08-05,Google Play,Customer Review,https://play.google.com/store/apps/details?id=com.jumia.android&hl=en&gl=ng
ce9ba217-10ee-44ab-8e31-e6ef95e44e5e,Jumia,"Shopping on Jumia is safe, convenient and stress free. A trial will convince you",5,2026-08-05,Google Play,Customer Review,https://play.google.com/store/apps/details?id=com.jumia.android&hl=en&gl=ng
26a8620c-2a9f-4560-9dd9-f6b8cdec47ce,Jumia,"very nice app, recommended for shopping",5,2026-08-05,Google Play,Customer Review,https://play.google.com/store/apps/details?id=com.jumia.android&hl=en&gl=ng
3f6ab50c-123b-4c8a-a1cc-014a6f19086b,Jumia,jumia to the world🔥,5,2026-08-05,Google Play,Customer Review,https://play.google.com/store/apps/details?id=com.jumia.android&hl=en&gl=ng
7feac25c-46a8-41a0-8717-152e8778ac47,Jumia,so accurate,5,2026-08-05,Google Play,Customer Review,https://play.google.com/store/apps/details?id=com.jumia.android&hl=en&gl=ng
d8b44890-17b5-4bd2-aa7c-7f11067f1dcb,Jumia,good,5,2026-08-05,Google Play,Customer Review,https://play.google.com/store/apps/details?id=com.jumia.android&hl=en&gl=ng
69c62c44-8d1a-4b01-af37-97a44c00f060,Jumia,jumia is the best world wide 🙏🏻,5,2026-08-05,Google Play,Customer Review,https://play.google.com/store/apps/details?id=com.jumia.android&hl=en&gl=ng
18c5ea60-d7f8-46e7-83c5-901934b3e30e,Jumia,it's a nice app to buy,5,2026-08-05,Google Play,Customer Review,https://play.google.com/store/apps/details?id=com.jumia.android&hl=en&gl=ng
79b12591-dd03-4c6a-9f79-020de9256389,Jumia,Delivery on time. love it,5,2026-08-05,Google Play,Customer Review,https://play.google.com/store/apps/details?id=com.jumia.android&hl=en&gl=ng
36a05a53-d596-4171-b72c-316d535b140c,Jumia,very nice app to buy,5,2026-08-05,Google Play,Customer Review,https://play.google.com/store/apps/details?id=com.jumia.android&hl=en&gl=ng
f3653507-062e-4d52-bde4-74da34e8ddd6,Jumia,nice,3,2026-08-05,Google Play,Customer Review,https://play.google.com/store/apps/details?id=com.jumia.android&hl=en&gl=ng
c1f29671-fb9b-4c8a-b76f-acb5deeabb30,Jumia,nice one,5,2026-08-05,Google Play,Customer Review,https://play.google.com/store/apps/details?id=com.jumia.android&hl=en&gl=ng
5b3ee570-ace6-4625-87d0-49b77a2398e9,Jumia,✅✅💯,4,2026-08-05,Google Play,Customer Review,https://play.google.com/store/apps/details?id=com.jumia.android&hl=en&gl=ng
e2400d3e-e85f-4c17-b84c-dee39a8af051,Jumia,𝗷𝘂𝗺𝗶𝗮 the best place to shop online,5,2026-08-05,Google Play,Customer Review,https://play.google.com/store/apps/details?id=com.jumia.android&hl=en&gl=ng
f9ed42b4-68ed-41ac-b0a0-82c82c7fe1da,Jumia,"love jumia so much, they are very ok.",5,2026-08-05,Google Play,Customer Review,https://play.google.com/store/apps/details?id=com.jumia.android&hl=en&gl=ng
b16d4092-5d14-4b7e-aa83-caa864d2c2fe,Jumia,fast and reliable,5,2026-08-05,Google Play,Customer Review,https://play.google.com/store/apps/details?id=com.jumia.android&hl=en&gl=ng
2dca452a-67ff-45ef-aedb-802dd0aaa5f3,Jumia,Excellent,5,2026-08-05,Google Play,Customer Review,https://play.google.com/store/apps/details?id=com.jumia.android&hl=en&gl=ng
a74b57e7-42bf-42c7-92dc-1af08fd481b1,Jumia,Their service is 100 percent.,5,2026-08-05,Google Play,Customer Review,https://play.google.com/store/apps/details?id=com.jumia.android&hl=en&gl=ng
f7b886c5-4a2e-49a1-8d00-6fc40baa361e,Jumia,good 👍,5,2026-08-05,Google Play,Customer Review,https://play.google.com/store/apps/details?id=com.jumia.android&hl=en&gl=ng
457320bf-0c4a-4b4f-8d2e-aee90be2e226,Jumia,jumia is always better,4,2026-08-05,Google Play,Customer Review,https://play.google.com/store/apps/details?id=com.jumia.android&hl=en&gl=ng
260909d9-a524-4169-9e14-67de727a0d81,Jumia,great product,5,2026-08-05,Google Play,Customer Review,https://play.google.com/store/apps/details?id=com.jumia.android&hl=en&gl=ng
31635ea8-a187-4941-a8d8-658e8c6ebcff,Jumia,Excellent...,5,2026-08-04,Google Play,Customer Review,https://play.google.com/store/apps/details?id=com.jumia.android&hl=en&gl=ng
1f6976ac-e132-40ad-b3d7-5fd2ad8d290c,Jumia,"work on the search bar, the query doesn't work on the app I always get . ""sorry we couldn't load your content""",2,2026-08-04,Google Play,Customer Review,https://play.google.com/store/apps/details?id=com.jumia.android&hl=en&gl=ng
c096a4c7-9e70-43d3-ac01-b2854accfc31,Jumia,I love it 💖💖,5,2026-08-04,Google Play,Customer Review,https://play.google.com/store/apps/details?id=com.jumia.android&hl=en&gl=ng
4a49b475-8f0f-4d2e-94b2-717439b64330,Jumia,ok,2,2026-08-04,Google Play,Customer Review,https://play.google.com/store/apps/details?id=com.jumia.android&hl=en&gl=ng
a1541afb-626e-464f-8472-2ed7ab64e0b4,Jumia,satisfactory,5,2026-08-04,Google Play,Customer Review,https://play.google.com/store/apps/details?id=com.jumia.android&hl=en&gl=ng
4d0fe3c0-318a-4172-ac3e-443fe07ab73f,Jumia,Shopping at the comfort of your home,5,2026-08-04,Google Play,Customer Review,https://play.google.com/store/apps/details?id=com.jumia.android&hl=en&gl=ng
3ec76932-9ce9-4fa9-8aa3-0e70898a36fd,Jumia,Good,5,2026-08-04,Google Play,Customer Review,https://play.google.com/store/apps/details?id=com.jumia.android&hl=en&gl=ng
468bacc0-a505-4b44-a61a-bd1943f29402,Jumia,good app,5,2026-08-04,Google Play,Customer Review,https://play.google.com/store/apps/details?id=com.jumia.android&hl=en&gl=ng
c0f0942a-76c5-44b6-9e0d-8354084b0696,Jumia,I love them,5,2026-08-04,Google Play,Customer Review,https://play.google.com/store/apps/details?id=com.jumia.android&hl=en&gl=ng
1aac8085-e279-45df-a4db-4d0dc610642a,Jumia,good,5,2026-08-04,Google Play,Customer Review,https://play.google.com/store/apps/details?id=com.jumia.android&hl=en&gl=ng
c7badf7a-97c1-49ff-b1bb-064dae4ccb26,Jumia,good app,5,2026-08-04,Google Play,Customer Review,https://play.google.com/store/apps/details?id=com.jumia.android&hl=en&gl=ng
933c8ca2-5c19-4ffe-98b3-2a124ef4a8fe,Jumia,great app,5,2026-08-04,Google Play,Customer Review,https://play.google.com/store/apps/details?id=com.jumia.android&hl=en&gl=ng
93dfd03b-4d0e-479e-8680-d64c9c965d86,Jumia,Great,5,2026-08-04,Google Play,Customer Review,https://play.google.com/store/apps/details?id=com.jumia.android&hl=en&gl=ng
69be9a28-4ed2-48c9-9a16-c0d5afef51e2,Jumia,good,5,2026-08-04,Google Play,Customer Review,https://play.google.com/store/apps/details?id=com.jumia.android&hl=en&gl=ng
bebe6eb0-2a45-4c7f-ad40-4683eaf9ba2b,Jumia,very good app,5,2026-08-04,Google Play,Customer Review,https://play.google.com/store/apps/details?id=com.jumia.android&hl=en&gl=ng
9cf2c112-9b3a-44e2-8a20-346f5c6c5982,Jumia,it takes time to open,3,2026-08-04,Google Play,Customer Review,https://play.google.com/store/apps/details?id=com.jumia.android&hl=en&gl=ng
55285625-f88e-44d4-b24b-b9f76664c061,Jumia,simple and easy,5,2026-08-04,Google Play,Customer Review,https://play.google.com/store/apps/details?id=com.jumia.android&hl=en&gl=ng
a58b99cd-36e2-473e-84fd-adb0348114b4,Jumia,Great app,5,2026-08-04,Google Play,Customer Review,https://play.google.com/store/apps/details?id=com.jumia.android&hl=en&gl=ng
e135020f-c694-4221-adeb-4c999ec4dcc6,Jumia,best of all,5,2026-08-04,Google Play,Customer Review,https://play.google.com/store/apps/details?id=com.jumia.android&hl=en&gl=ng
f09d88e4-b843-48e3-834c-e528bb984b25,Jumia,Nice,4,2026-08-04,Google Play,Customer Review,https://play.google.com/store/apps/details?id=com.jumia.android&hl=en&gl=ng
6d0277d5-6355-4c86-a251-b8a7c3c48639,Jumia,ok,4,2026-08-04,Google Play,Customer Review,https://play.google.com/store/apps/details?id=com.jumia.android&hl=en&gl=ng
94268b1f-60c0-405c-b110-5d5a627b6c74,Jumia,good 😊💯,5,2026-08-04,Google Play,Customer Review,https://play.google.com/store/apps/details?id=com.jumia.android&hl=en&gl=ng
a2353cbe-8153-4ccb-9e1d-e44acc233809,Jumia,"Everything about Jumia is good👌, the item i ordered is the same I received from them,very reliable and quality items. i recommend Jumia app for you to shop on anytime,any day.",5,2026-08-04,Google Play,Customer Review,https://play.google.com/store/apps/details?id=com.jumia.android&hl=en&gl=ng
99edb076-6109-4839-a1d8-a6e4dcd0ed70,Jumia,Nice service,3,2026-08-04,Google Play,Customer Review,https://play.google.com/store/apps/details?id=com.jumia.android&hl=en&gl=ng
d2b77b1f-ad7e-4ccb-9651-b201636d1bae,Jumia,my 3rd time of dealing with jumia.on time delivery and product is good,5,2026-08-04,Google Play,Customer Review,https://play.google.com/store/apps/details?id=com.jumia.android&hl=en&gl=ng
95307299-ad75-4cbd-91e8-6b1444ee8807,Jumia,nice,5,2026-08-04,Google Play,Customer Review,https://play.google.com/store/apps/details?id=com.jumia.android&hl=en&gl=ng
130f97bf-1771-451e-a73b-8b7284b6a614,Jumia,nice,5,2026-08-04,Google Play,Customer Review,https://play.google.com/store/apps/details?id=com.jumia.android&hl=en&gl=ng
7a46ffae-15f6-4834-9a64-5a125f7407fa,Jumia,good,5,2026-08-04,Google Play,Customer Review,https://play.google.com/store/apps/details?id=com.jumia.android&hl=en&gl=ng
6833c4d0-85f8-4682-82e7-e09f226c22d3,Jumia,good,5,2026-08-04,Google Play,Customer Review,https://play.google.com/store/apps/details?id=com.jumia.android&hl=en&gl=ng
0f592243-8e00-41ec-97d3-db3c37c2796b,Jumia,good and awesome,5,2026-08-04,Google Play,Customer Review,https://play.google.com/store/apps/details?id=com.jumia.android&hl=en&gl=ng
10e631db-7373-49f4-a6d6-f6b29061dc2e,Jumia,very effective,4,2026-08-04,Google Play,Customer Review,https://play.google.com/store/apps/details?id=com.jumia.android&hl=en&gl=ng
8cfa10d6-44a6-4112-b611-602bd2741024,Jumia,good,4,2026-08-04,Google Play,Customer Review,https://play.google.com/store/apps/details?id=com.jumia.android&hl=en&gl=ng
b3456cc4-6bbd-477a-9174-89b59e2438de,Jumia,they're scammers in disguise,1,2026-08-04,Google Play,Customer Review,https://play.google.com/store/apps/details?id=com.jumia.android&hl=en&gl=ng
a88cb4a4-654f-4686-b024-b66d6e824520,Jumia,best for online shopping,5,2026-08-04,Google Play,Customer Review,https://play.google.com/store/apps/details?id=com.jumia.android&hl=en&gl=ng
affcbaa8-f53c-45ca-af49-c4988084f4a7,Jumia,"Jumia is the the best when it comes to online purchases.But please, try to add more products especially healthy supplements and herb medicine such as Alarsin bangshil tablets, it highly demanding. 👍👍",4,2026-08-04,Google Play,Customer Review,https://play.google.com/store/apps/details?id=com.jumia.android&hl=en&gl=ng
a762abb6-e8b2-4b99-b0a9-a9310b780e85,Jumia,Great App for buying products,5,2026-08-04,Google Play,Customer Review,https://play.google.com/store/apps/details?id=com.jumia.android&hl=en&gl=ng
4df6f98b-45e8-496a-9e8f-e0efae0e405b,Jumia,reliable,3,2026-08-04,Google Play,Customer Review,https://play.google.com/store/apps/details?id=com.jumia.android&hl=en&gl=ng
062bd0e8-6d35-49eb-8cbf-74af778439da,Jumia,good job done but avoid selling fake items.,4,2026-08-04,Google Play,Customer Review,https://play.google.com/store/apps/details?id=com.jumia.android&hl=en&gl=ng
3aa8d3ec-7a27-417d-9005-55fc3eb379d7,Jumia,Good 👍,5,2026-08-04,Google Play,Customer Review,https://play.google.com/store/apps/details?id=com.jumia.android&hl=en&gl=ng
8ebefed7-0044-487a-a39f-8505ef200b50,Jumia,Am Greatful,4,2026-08-04,Google Play,Customer Review,https://play.google.com/store/apps/details?id=com.jumia.android&hl=en&gl=ng
17670722-55b1-4049-8a25-473cd416be82,Jumia,I just want to confirm online shopping if it's true I and trustable,5,2026-08-04,Google Play,Customer Review,https://play.google.com/store/apps/details?id=com.jumia.android&hl=en&gl=ng
eb71cddb-13b4-428a-9841-fab95e3db59f,Jumia,I think it's okay,5,2026-08-04,Google Play,Customer Review,https://play.google.com/store/apps/details?id=com.jumia.android&hl=en&gl=ng
72518bd5-10ea-4c31-ad73-c7769957ca49,Jumia,jumiua is so good,5,2026-08-04,Google Play,Customer Review,https://play.google.com/store/apps/details?id=com.jumia.android&hl=en&gl=ng
56cf514c-e3cc-433c-be41-09f2ae2a590d,Jumia,Excellent.,5,2026-08-04,Google Play,Customer Review,https://play.google.com/store/apps/details?id=com.jumia.android&hl=en&gl=ng
e0470a90-ef72-4b13-86a5-f058320e00f4,Jumia,perfect,5,2026-08-04,Google Play,Customer Review,https://play.google.com/store/apps/details?id=com.jumia.android&hl=en&gl=ng
3414fe81-b0c1-441c-8c12-26cbb31ca711,Jumia,sensational,4,2026-08-04,Google Play,Customer Review,https://play.google.com/store/apps/details?id=com.jumia.android&hl=en&gl=ng
191425a7-88cd-4afe-ae4a-f3d89a327581,Jumia,very nice to do business with,3,2026-08-04,Google Play,Customer Review,https://play.google.com/store/apps/details?id=com.jumia.android&hl=en&gl=ng
f7e798b1-dc0d-4e3a-9d44-2ee88c0d0d9e,Jumia,delivering fees are expensive and some product are received not the way they're advertised.,4,2026-08-04,Google Play,Customer Review,https://play.google.com/store/apps/details?id=com.jumia.android&hl=en&gl=ng
76848e15-f5cb-43f6-9e2d-ae21e0d3674f,Jumia,good,5,2026-08-04,Google Play,Customer Review,https://play.google.com/store/apps/details?id=com.jumia.android&hl=en&gl=ng
ed3659f5-200e-44bb-b645-e5361a8e9bb2,Jumia,good,3,2026-08-04,Google Play,Customer Review,https://play.google.com/store/apps/details?id=com.jumia.android&hl=en&gl=ng
5cf94473-9db8-4d01-871b-3cccbc0924d3,Jumia,very speedy in delivery and rendering services,3,2026-08-04,Google Play,Customer Review,https://play.google.com/store/apps/details?id=com.jumia.android&hl=en&gl=ng
ffaa11f2-4946-4fef-83d9-3583ac63538d,Jumia,jumia is good,5,2026-08-04,Google Play,Customer Review,https://play.google.com/store/apps/details?id=com.jumia.android&hl=en&gl=ng
52b75ea3-07fe-430b-9ce2-fb4d14bb60c5,Jumia,the best among the rest,5,2026-08-04,Google Play,Customer Review,https://play.google.com/store/apps/details?id=com.jumia.android&hl=en&gl=ng
1a0eee30-386d-43dc-bd5c-a735134a97ff,Jumia,great organization and interactive app.,5,2026-08-04,Google Play,Customer Review,https://play.google.com/store/apps/details?id=com.jumia.android&hl=en&gl=ng
fd6d68e3-08e2-4732-9115-dd6c7017c9b4,Jumia,efficient and hustle free operations,5,2026-08-04,Google Play,Customer Review,https://play.google.com/store/apps/details?id=com.jumia.android&hl=en&gl=ng
102f1ce2-1ae0-4b14-9eb8-320ccf41d92b,Jumia,good 👍,1,2026-08-04,Google Play,Customer Review,https://play.google.com/store/apps/details?id=com.jumia.android&hl=en&gl=ng
73c52506-2423-4d79-b5e8-e4e8bda11096,Jumia,good,3,2026-08-04,Google Play,Customer Review,https://play.google.com/store/apps/details?id=com.jumia.android&hl=en&gl=ng
d53d3b37-3cbf-46dc-b8bb-791c04096d59,Jumia,nice app so far,5,2026-08-04,Google Play,Customer Review,https://play.google.com/store/apps/details?id=com.jumia.android&hl=en&gl=ng
b6b8fedc-a59f-4d52-a9fc-0cec07c194a4,Jumia,good,3,2026-08-04,Google Play,Customer Review,https://play.google.com/store/apps/details?id=com.jumia.android&hl=en&gl=ng
51774b01-5041-4e3a-8173-389791c87287,Jumia,Excellent choice I'll recommend anyone to use it and the results are amazing,5,2026-08-04,Google Play,Customer Review,https://play.google.com/store/apps/details?id=com.jumia.android&hl=en&gl=ng
049577b6-fb26-4aee-973c-cb633333307c,Jumia,good,5,2026-08-04,Google Play,Customer Review,https://play.google.com/store/apps/details?id=com.jumia.android&hl=en&gl=ng
7a31748e-7229-4fd4-b752-2bd946cf27f2,Jumia,best order app with little delivery fees 🥰🛒❤️💃,5,2026-08-04,Google Play,Customer Review,https://play.google.com/store/apps/details?id=com.jumia.android&hl=en&gl=ng
b99df2d2-56e2-4894-946d-0b5355774bd4,Jumia,very good,4,2026-08-04,Google Play,Customer Review,https://play.google.com/store/apps/details?id=com.jumia.android&hl=en&gl=ng
5456890a-028d-4412-84f1-256d2f8c34ce,Jumia,feel good,5,2026-08-04,Google Play,Customer Review,https://play.google.com/store/apps/details?id=com.jumia.android&hl=en&gl=ng
25e0b934-a109-4cc7-a838-8eb9df07b4a8,Jumia,"the app is nice, just that sometimes you people can be annoying 😑",3,2026-08-04,Google Play,Customer Review,https://play.google.com/store/apps/details?id=com.jumia.android&hl=en&gl=ng
6302459d-2094-4c58-bf22-2086a88059d5,Jumia,very good experience,5,2026-08-04,Google Play,Customer Review,https://play.google.com/store/apps/details?id=com.jumia.android&hl=en&gl=ng
7de1ea4c-0aa1-43b8-b961-4a8e80d678f8,Jumia,excellent,4,2026-08-04,Google Play,Customer Review,https://play.google.com/store/apps/details?id=com.jumia.android&hl=en&gl=ng
7655f45b-9322-49d9-8a3f-62dd3a028224,Jumia,Good,4,2026-08-04,Google Play,Customer Review,https://play.google.com/store/apps/details?id=com.jumia.android&hl=en&gl=ng
e93b0e74-17d6-4f83-b9a0-7429cd34ca39,Jumia,good service,4,2026-08-04,Google Play,Customer Review,https://play.google.com/store/apps/details?id=com.jumia.android&hl=en&gl=ng
2ba93e0d-006a-460f-a847-2976b86bc433,Jumia,"pls, include EU45 in the safety booth I recently purchased",4,2026-08-04,Google Play,Customer Review,https://play.google.com/store/apps/details?id=com.jumia.android&hl=en&gl=ng
23f8a47e-0d6f-473e-9864-d64e77b6ad57,Jumia,Excellent app guys great job done guys.,5,2026-08-04,Google Play,Customer Review,https://play.google.com/store/apps/details?id=com.jumia.android&hl=en&gl=ng
e7016115-932f-479e-8543-f485928b511b,Jumia,words are not enough to describe the comfort you provide to your cherished customers.,5,2026-08-04,Google Play,Customer Review,https://play.google.com/store/apps/details?id=com.jumia.android&hl=en&gl=ng
56b13b49-6df8-4490-a905-5c82766cbb08,Jumia,good app fast response,5,2026-08-04,Google Play,Customer Review,https://play.google.com/store/apps/details?id=com.jumia.android&hl=en&gl=ng
60480375-0d77-4a83-a9a4-c97d07836d23,Jumia,the best I've ever seen,5,2026-08-04,Google Play,Customer Review,https://play.google.com/store/apps/details?id=com.jumia.android&hl=en&gl=ng
23d3e03d-7fdf-4a6a-9435-110ead26e411,Jumia,so good 👍,1,2026-08-04,Google Play,Customer Review,https://play.google.com/store/apps/details?id=com.jumia.android&hl=en&gl=ng
1dd5454a-689a-4690-be1a-f7bfbeff3b19,Jumia,"ever since I have been shopping with jumia, I have no problems.. nice 👍 keep it up",5,2026-08-04,Google Play,Customer Review,https://play.google.com/store/apps/details?id=com.jumia.android&hl=en&gl=ng
12f053d1-4519-48ab-84ab-5696dc57d7e0,Jumia,I had a great shopping experience 😌 ☺️ 😊,4,2026-08-04,Google Play,Customer Review,https://play.google.com/store/apps/details?id=com.jumia.android&hl=en&gl=ng
352994b5-3449-4ebc-a85c-ae2f76a12d70,Jumia,"Jumia is truly the best online app out there 🌟 With fantastic customer service, transparency, and trustworthiness, it stands out from other unreliable apps. I’ll always recommend Jumia to anyone looking for a great shopping experience. 😊",5,2026-08-03,Google Play,Customer Review,https://play.google.com/store/apps/details?id=com.jumia.android&hl=en&gl=ng
6246eff1-6cbf-4535-b2fc-971df99804ef,Jumia,it's nice and trusted app 🌹,5,2026-08-03,Google Play,Customer Review,https://play.google.com/store/apps/details?id=com.jumia.android&hl=en&gl=ng
26cd8150-5269-4eba-aa5d-674b3be3cf2e,Jumia,Best shopping app so far,5,2026-08-03,Google Play,Customer Review,https://play.google.com/store/apps/details?id=com.jumia.android&hl=en&gl=ng
85d5ba8b-79cc-4081-97f4-4384c88c5303,Jumia,good 👍,3,2026-08-03,Google Play,Customer Review,https://play.google.com/store/apps/details?id=com.jumia.android&hl=en&gl=ng
95e10a50-639b-4be1-a47a-475083ac6860,Jumia,jumia is the best,5,2026-08-03,Google Play,Customer Review,https://play.google.com/store/apps/details?id=com.jumia.android&hl=en&gl=ng
dbd72781-aa75-4d82-8464-a57103080c1a,Jumia,good,5,2026-08-03,Google Play,Customer Review,https://play.google.com/store/apps/details?id=com.jumia.android&hl=en&gl=ng
f77160cc-111b-4b16-a908-49e323d8d041,Jumia,👍,5,2026-08-03,Google Play,Customer Review,https://play.google.com/store/apps/details?id=com.jumia.android&hl=en&gl=ng
bb0efbb8-6cae-43a2-a4be-ad13a393b482,Jumia,good,5,2026-08-03,Google Play,Customer Review,https://play.google.com/store/apps/details?id=com.jumia.android&hl=en&gl=ng
4e653f95-d5cb-4769-902b-53f6a068c4a3,Jumia,"excellent,🤝",4,2026-08-03,Google Play,Customer Review,https://play.google.com/store/apps/details?id=com.jumia.android&hl=en&gl=ng
b2d17fca-fd7d-4a37-9cb2-8d4e584e800d,Jumia,very good,5,2026-08-03,Google Play,Customer Review,https://play.google.com/store/apps/details?id=com.jumia.android&hl=en&gl=ng
100aa477-46e5-4776-8efb-6e704c400f34,Jumia,nice,2,2026-08-03,Google Play,Customer Review,https://play.google.com/store/apps/details?id=com.jumia.android&hl=en&gl=ng
18edf8fc-acac-44c0-9134-fb597aac6b48,Jumia,haven't receive my order yet but I trust the process,4,2026-08-03,Google Play,Customer Review,https://play.google.com/store/apps/details?id=com.jumia.android&hl=en&gl=ng
53c4be82-fcd5-41a0-b831-2caef1e2453e,Jumia,good services,5,2026-08-03,Google Play,Customer Review,https://play.google.com/store/apps/details?id=com.jumia.android&hl=en&gl=ng
1def13ee-98d1-4b88-bc59-daf53e834c37,Jumia,"it's my first time, so I have to test",4,2026-08-03,Google Play,Customer Review,https://play.google.com/store/apps/details?id=com.jumia.android&hl=en&gl=ng
cd2d2476-b0c7-4b60-a787-fc9f819d5fa2,Jumia,very good 👍,5,2026-08-03,Google Play,Customer Review,https://play.google.com/store/apps/details?id=com.jumia.android&hl=en&gl=ng
38d0f2a7-f377-48c8-9aac-2e7dd4d4ea4f,Jumia,why am I logged out every time,3,2026-08-03,Google Play,Customer Review,https://play.google.com/store/apps/details?id=com.jumia.android&hl=en&gl=ng
9dac75cd-300d-40ff-8efc-dd3c3abfd753,Jumia,it's flawless and very good customer care,5,2026-08-03,Google Play,Customer Review,https://play.google.com/store/apps/details?id=com.jumia.android&hl=en&gl=ng
29bd5e1c-e054-4fdf-93d2-8c223e607199,Jumia,dope,5,2026-08-03,Google Play,Customer Review,https://play.google.com/store/apps/details?id=com.jumia.android&hl=en&gl=ng
f53cc6d4-420e-4aae-8f44-4faa653465b0,Jumia,it was so trusted,5,2026-08-03,Google Play,Customer Review,https://play.google.com/store/apps/details?id=com.jumia.android&hl=en&gl=ng
b9ce74ea-2443-4caf-8a7c-898058ee58b0,Jumia,Amazing,5,2026-08-03,Google Play,Customer Review,https://play.google.com/store/apps/details?id=com.jumia.android&hl=en&gl=ng
6e446204-a4d5-40fd-8011-3d228dff850f,Jumia,it's better for online shopping,5,2026-08-03,Google Play,Customer Review,https://play.google.com/store/apps/details?id=com.jumia.android&hl=en&gl=ng
d1d630cc-346a-4d37-a66e-d3b03123624d,Jumia,good app,4,2026-08-03,Google Play,Customer Review,https://play.google.com/store/apps/details?id=com.jumia.android&hl=en&gl=ng
3631217f-0937-451d-9442-93581cebfa2c,Jumia,awesome,5,2026-08-03,Google Play,Customer Review,https://play.google.com/store/apps/details?id=com.jumia.android&hl=en&gl=ng
74544c38-e590-47e8-8ac8-9acba1c2a36b,Jumia,"If there's anything higher than 5 stars, trust me you guys are getting it from me.. It's the best platform when it comes to quality and affordable products. Thank you Jumia",5,2026-08-03,Google Play,Customer Review,https://play.google.com/store/apps/details?id=com.jumia.android&hl=en&gl=ng
7ef346f6-1c2b-452f-a0f3-8c1c58d1ba8a,Jumia,موقع مريح👌,4,2026-08-03,Google Play,Customer Review,https://play.google.com/store/apps/details?id=com.jumia.android&hl=en&gl=ng
aef4e61a-f428-4bb4-b97a-769f14a3189f,Jumia,"Fast, simple, and reliable,Jumia keeps its promise.If you’re shopping on Jumia, the process is smooth and reliable. I'm looking forward to pickup.",5,2026-08-03,Google Play,Customer Review,https://play.google.com/store/apps/details?id=com.jumia.android&hl=en&gl=ng
b820f982-cd44-41d7-aa20-2aa7ff8e9821,Jumia,good,5,2026-08-03,Google Play,Customer Review,https://play.google.com/store/apps/details?id=com.jumia.android&hl=en&gl=ng
8cf29fdc-5560-4946-9178-64095eafab4e,Jumia,nice 👍,5,2026-08-03,Google Play,Customer Review,https://play.google.com/store/apps/details?id=com.jumia.android&hl=en&gl=ng
aaba8c12-06c0-4326-86e5-ebd21fba1043,Jumia,good,5,2026-08-03,Google Play,Customer Review,https://play.google.com/store/apps/details?id=com.jumia.android&hl=en&gl=ng
1ba53300-9063-4def-8d15-c04055c205b3,Jumia,it good and reliable,5,2026-08-03,Google Play,Customer Review,https://play.google.com/store/apps/details?id=com.jumia.android&hl=en&gl=ng
3e70b0d1-5e0c-4107-a3e0-8a9300aa3df3,Jumia,good service,5,2026-08-03,Google Play,Customer Review,https://play.google.com/store/apps/details?id=com.jumia.android&hl=en&gl=ng
15c90e4f-6d41-4943-90ce-0503808b6b92,Jumia,"The prices are very attractive, but the problem is I've been trying to sign up but it only loads a blank page. I have tried multiple times to no avail. The Help Center is pretty useless. Edit: I was able to sign after after updating the app. The promos are amazing and the products are really nice. The Help Center is still useless.",5,2026-08-03,Google Play,Customer Review,https://play.google.com/store/apps/details?id=com.jumia.android&hl=en&gl=ng
bbf37b3c-4a7e-42a1-ae96-ab528a790d17,Jumia,Dem dey try sometimes 😁,5,2026-08-03,Google Play,Customer Review,https://play.google.com/store/apps/details?id=com.jumia.android&hl=en&gl=ng
f986a07a-6a00-4bb7-af15-892423162198,Jumia,it's complex,3,2026-08-03,Google Play,Customer Review,https://play.google.com/store/apps/details?id=com.jumia.android&hl=en&gl=ng
6cba11cc-df03-4e1d-88c4-212dbbdc47fe,Jumia,good,5,2026-08-03,Google Play,Customer Review,https://play.google.com/store/apps/details?id=com.jumia.android&hl=en&gl=ng
b9d24479-38b6-4ccf-b37b-102c24051c2f,Jumia,Good quality and unmatched prices.,5,2026-08-03,Google Play,Customer Review,https://play.google.com/store/apps/details?id=com.jumia.android&hl=en&gl=ng
1d8a3944-7a64-49e5-af10-f0b9177b694c,Jumia,I love it,4,2026-08-03,Google Play,Customer Review,https://play.google.com/store/apps/details?id=com.jumia.android&hl=en&gl=ng
fd9aa713-2ac0-40e5-b314-dcd0039ebd3d,Jumia,am a first timer on jumia and what what I ordered for is 20000mah itel powerbank and they delivered epec 20000mah powerbank which I apply for a refund since 30th of last month but they've not refund me till now abeg help me to find something to do with it,1,2026-08-03,Google Play,Customer Review,https://play.google.com/store/apps/details?id=com.jumia.android&hl=en&gl=ng
7a766675-16ff-4d6e-9873-e2bba8c58aa5,Jumia,cool,5,2026-08-03,Google Play,Customer Review,https://play.google.com/store/apps/details?id=com.jumia.android&hl=en&gl=ng
79d6d32b-adde-408c-8bf4-c5b478509c2f,Jumia,Thanks for accepting to make payment on delivery.,5,2026-08-03,Google Play,Customer Review,https://play.google.com/store/apps/details?id=com.jumia.android&hl=en&gl=ng
8b4e06c7-4bef-45b8-8f5d-934a39013941,Jumia,jumia is the best online chopping,5,2026-08-03,Google Play,Customer Review,https://play.google.com/store/apps/details?id=com.jumia.android&hl=en&gl=ng
86ed7097-c942-4b3f-8b49-2d800b382ce7,Jumia,very good 👍😊,4,2026-08-03,Google Play,Customer Review,https://play.google.com/store/apps/details?id=com.jumia.android&hl=en&gl=ng
57d0619d-aafe-4337-9b5a-3fe6184e7835,Jumia,nice job,5,2026-08-03,Google Play,Customer Review,https://play.google.com/store/apps/details?id=com.jumia.android&hl=en&gl=ng
d0b323d4-41ec-423f-9a8b-3a7924f305d0,Jumia,best,5,2026-08-03,Google Play,Customer Review,https://play.google.com/store/apps/details?id=com.jumia.android&hl=en&gl=ng
23fe8b33-f634-4465-b9a5-66a79500d31e,Jumia,good,5,2026-08-03,Google Play,Customer Review,https://play.google.com/store/apps/details?id=com.jumia.android&hl=en&gl=ng
c80cd031-91ff-4481-a20e-f209bf228953,Jumia,good,1,2026-08-03,Google Play,Customer Review,https://play.google.com/store/apps/details?id=com.jumia.android&hl=en&gl=ng
eb3157d3-f6ad-483d-b957-ef2c4e1dda33,Jumia,it is good for ordering,1,2026-08-03,Google Play,Customer Review,https://play.google.com/store/apps/details?id=com.jumia.android&hl=en&gl=ng
23927988-cc2d-4f86-8d99-5dcb972cad61,Jumia,best app,5,2026-08-03,Google Play,Customer Review,https://play.google.com/store/apps/details?id=com.jumia.android&hl=en&gl=ng
c41b3ad7-5762-41de-8e6b-426fbb69fb84,Jumia,good 💯,5,2026-08-03,Google Play,Customer Review,https://play.google.com/store/apps/details?id=com.jumia.android&hl=en&gl=ng
814d0bc2-e8c1-4749-a6b8-8e22ee3dc0f2,Jumia,nice 👍,5,2026-08-03,Google Play,Customer Review,https://play.google.com/store/apps/details?id=com.jumia.android&hl=en&gl=ng
8b0b03a0-afcb-42f5-88b7-aeb0a8fd5179,Jumia,good,5,2026-08-03,Google Play,Customer Review,https://play.google.com/store/apps/details?id=com.jumia.android&hl=en&gl=ng
9c9de080-f57e-481e-a61f-007e2f9e0d94,Jumia,nice,5,2026-08-03,Google Play,Customer Review,https://play.google.com/store/apps/details?id=com.jumia.android&hl=en&gl=ng
0fea108f-ab80-401c-af25-bcc4d62e628b,Jumia,very good and reliable,5,2026-08-03,Google Play,Customer Review,https://play.google.com/store/apps/details?id=com.jumia.android&hl=en&gl=ng
1cdc9c4e-2efd-4da3-a7c3-1db0e0114c25,Jumia,Very good app,5,2026-08-03,Google Play,Customer Review,https://play.google.com/store/apps/details?id=com.jumia.android&hl=en&gl=ng
df0f0eea-d6e9-4a2c-9cd0-3c85028f4979,Jumia,delivering earlier is a plus.good customer care relations and excellent discount opportunity,5,2026-08-03,Google Play,Customer Review,https://play.google.com/store/apps/details?id=com.jumia.android&hl=en&gl=ng
357179d8-0334-49b7-8b43-9e151eb6c2c3,Jumia,soo good,4,2026-08-03,Google Play,Customer Review,https://play.google.com/store/apps/details?id=com.jumia.android&hl=en&gl=ng
92cdc41b-a0f6-4578-a1b2-c52f5fd9fe73,Jumia,good 0,4,2026-08-03,Google Play,Customer Review,https://play.google.com/store/apps/details?id=com.jumia.android&hl=en&gl=ng
300f42b7-7c84-4e58-8a65-ca45ae525caf,Jumia,very good,5,2026-08-03,Google Play,Customer Review,https://play.google.com/store/apps/details?id=com.jumia.android&hl=en&gl=ng
0815149e-1fa9-492d-a814-5064f02a407e,Jumia,I hope for the best.,2,2026-08-03,Google Play,Customer Review,https://play.google.com/store/apps/details?id=com.jumia.android&hl=en&gl=ng
f88a5b4a-aa80-46b7-978e-b245c2e352e8,Jumia,Jumia has been of great service to me and to my family...one of the most entrusted company of all times that delivers quality products..Thank you Jumia!!🥳💯,4,2026-08-03,Google Play,Customer Review,https://play.google.com/store/apps/details?id=com.jumia.android&hl=en&gl=ng
86786145-f41a-43fa-8ee2-987673827f93,Jumia,good,4,2026-08-03,Google Play,Customer Review,https://play.google.com/store/apps/details?id=com.jumia.android&hl=en&gl=ng
f971a6b1-63b5-49be-a57e-369aa9c3ee91,Jumia,𝕛𝕦𝕞𝕚𝕒 𝕚𝕤 𝕥𝕙𝕖 𝕓𝕖𝕤𝕥 𝕒𝕡𝕡 𝕥𝕠 𝕘𝕠 𝕗𝕠𝕣 𝕪𝕠𝕦𝕣 𝕤𝕙𝕠𝕡𝕡𝕚𝕟𝕘,5,2026-08-03,Google Play,Customer Review,https://play.google.com/store/apps/details?id=com.jumia.android&hl=en&gl=ng
dfa5e43c-aa95-4e9e-923c-43abebaeb5eb,Jumia,very helpful,5,2026-08-03,Google Play,Customer Review,https://play.google.com/store/apps/details?id=com.jumia.android&hl=en&gl=ng
fec19968-aa78-48ef-9832-0900936fd337,Jumia,was really great and fast,5,2026-08-03,Google Play,Customer Review,https://play.google.com/store/apps/details?id=com.jumia.android&hl=en&gl=ng
f75ff38f-e956-41b0-a383-0fc3d9618017,Jumia,good,5,2026-08-03,Google Play,Customer Review,https://play.google.com/store/apps/details?id=com.jumia.android&hl=en&gl=ng
80c627a6-1446-4743-8560-16e30a8fd3e1,Jumia,"its safe and trust, Jumia gives peace",4,2026-08-03,Google Play,Customer Review,https://play.google.com/store/apps/details?id=com.jumia.android&hl=en&gl=ng
ca858286-e01a-46bb-ac11-39f4946f7f4e,Jumia,Good services✅ Excellent customer care services✅ Delivery on time ✅ I have never had a bad experience honestly from them I definitely recommend to anyone,5,2026-08-03,Google Play,Customer Review,https://play.google.com/store/apps/details?id=com.jumia.android&hl=en&gl=ng
6e4fcce7-d3fb-426f-b7fb-0fa61b9c106a,Jumia,Not bad,4,2026-08-03,Google Play,Customer Review,https://play.google.com/store/apps/details?id=com.jumia.android&hl=en&gl=ng
6af61314-dfa9-48ff-8446-b5693ddde936,Jumia,Good,5,2026-08-03,Google Play,Customer Review,https://play.google.com/store/apps/details?id=com.jumia.android&hl=en&gl=ng
05bbfd61-baf9-4857-8160-b62e732126bc,Jumia,very easy to use,5,2026-08-03,Google Play,Customer Review,https://play.google.com/store/apps/details?id=com.jumia.android&hl=en&gl=ng
ee35c7fe-8688-43a8-aa3e-5ee5ec49eb69,Jumia,"When it doesn't send verification code, it looks like don't use me",1,2026-08-03,Google Play,Customer Review,https://play.google.com/store/apps/details?id=com.jumia.android&hl=en&gl=ng
65a4b423-3f37-4456-905d-bde220ce6328,Jumia,good 👍,5,2026-08-03,Google Play,Customer Review,https://play.google.com/store/apps/details?id=com.jumia.android&hl=en&gl=ng
13317063-5c18-424c-9e17-b19ed6bcdf44,Jumia,am filling good 👍,5,2026-08-03,Google Play,Customer Review,https://play.google.com/store/apps/details?id=com.jumia.android&hl=en&gl=ng
edeaf4cc-0790-432d-a3c1-e3a6e814ccb2,Jumia,best ever,5,2026-08-03,Google Play,Customer Review,https://play.google.com/store/apps/details?id=com.jumia.android&hl=en&gl=ng
592da3b8-db2a-4821-b667-34e3266d96cd,Jumia,I'm new here I can't believe it now until I see what I order for,5,2026-08-02,Google Play,Customer Review,https://play.google.com/store/apps/details?id=com.jumia.android&hl=en&gl=ng
e909fcac-eaee-46c2-aaca-d33bd434c20c,Jumia,the best,5,2026-08-02,Google Play,Customer Review,https://play.google.com/store/apps/details?id=com.jumia.android&hl=en&gl=ng
19519c11-0b54-41f9-a881-9383f5fd612b,Jumia,these is real business with us,5,2026-08-02,Google Play,Customer Review,https://play.google.com/store/apps/details?id=com.jumia.android&hl=en&gl=ng
1d0f5c0a-018a-49e8-b2e6-2b932b602dbd,Jumia,Nice,4,2026-08-02,Google Play,Customer Review,https://play.google.com/store/apps/details?id=com.jumia.android&hl=en&gl=ng
a3fa7e97-503a-45a7-a231-7f96776f8cc4,Jumia,it's very fast and reliable ordering app .and it also allows you to make returns if you are not satisfied with the order,5,2026-08-02,Google Play,Customer Review,https://play.google.com/store/apps/details?id=com.jumia.android&hl=en&gl=ng
b6f7fa80-aab7-4aad-a660-991ad6bf8039,Jumia,Good,5,2026-08-02,Google Play,Customer Review,https://play.google.com/store/apps/details?id=com.jumia.android&hl=en&gl=ng
df5fa868-28e6-43f2-a9ac-7a0a9133577b,Jumia,the best,5,2026-08-02,Google Play,Customer Review,https://play.google.com/store/apps/details?id=com.jumia.android&hl=en&gl=ng
facf29f6-23b6-43d2-9976-3a2211e56e23,Jumia,Easy with you,2,2026-08-02,Google Play,Customer Review,https://play.google.com/store/apps/details?id=com.jumia.android&hl=en&gl=ng
a8527fde-5bfd-4bd1-bc2f-5041c0c2ad74,Jumia,Jumia's products are sometimes very good,5,2026-08-02,Google Play,Customer Review,https://play.google.com/store/apps/details?id=com.jumia.android&hl=en&gl=ng
2ca06558-30e5-44df-9ff9-d91905940227,Jumia,the best in Nigeria,4,2026-08-02,Google Play,Customer Review,https://play.google.com/store/apps/details?id=com.jumia.android&hl=en&gl=ng
b783d8b0-95be-4c9c-8852-ccd561778147,Jumia,Good price and quick delivery.,5,2026-08-02,Google Play,Customer Review,https://play.google.com/store/apps/details?id=com.jumia.android&hl=en&gl=ng
89606b71-dd78-4012-a093-23e41cd7e75f,Jumia,Awesome,4,2026-08-02,Google Play,Customer Review,https://play.google.com/store/apps/details?id=com.jumia.android&hl=en&gl=ng
346289e2-1f6f-420b-afc4-0d2bdd021b38,Jumia,great deal,4,2026-08-02,Google Play,Customer Review,https://play.google.com/store/apps/details?id=com.jumia.android&hl=en&gl=ng
4f5f2944-919e-43f2-b7a4-8d63a634b3f0,Jumia,Easy to and navigate,5,2026-08-02,Google Play,Customer Review,https://play.google.com/store/apps/details?id=com.jumia.android&hl=en&gl=ng
1c2382f2-43c1-49e7-b36b-7476f0ca282e,Jumia,good,5,2026-08-02,Google Play,Customer Review,https://play.google.com/store/apps/details?id=com.jumia.android&hl=en&gl=ng
4ada9f70-9e67-41bf-82f7-42c306599fd1,Jumia,Very good adapter for fast charging of all phones,5,2026-08-02,Google Play,Customer Review,https://play.google.com/store/apps/details?id=com.jumia.android&hl=en&gl=ng
47f32682-def1-4304-8e60-7311434bb4d0,Jumia,I enjoy shopping on Jumia because it gives me what I want with fast delivery and different payments method.,5,2026-08-02,Google Play,Customer Review,https://play.google.com/store/apps/details?id=com.jumia.android&hl=en&gl=ng
a33a4dda-643d-493d-8c7c-f8dd9b246700,Jumia,Good 👍,5,2026-08-02,Google Play,Customer Review,https://play.google.com/store/apps/details?id=com.jumia.android&hl=en&gl=ng
6d4eb364-e3b2-4d8d-98cd-654dfbdb2c3c,Jumia,good,5,2026-08-02,Google Play,Customer Review,https://play.google.com/store/apps/details?id=com.jumia.android&hl=en&gl=ng
ebc1955c-77d1-496c-8398-5b4ae0c9871d,Jumia,the app can be confusing sometimes.,3,2026-08-02,Google Play,Customer Review,https://play.google.com/store/apps/details?id=com.jumia.android&hl=en&gl=ng
318c22fd-4f65-4c11-9f99-8fbeb3790d12,Jumia,"Great app for those who boycott amazon and noon, need mor variety of goods to keep the competition",4,2026-08-02,Google Play,Customer Review,https://play.google.com/store/apps/details?id=com.jumia.android&hl=en&gl=ng
30f4c5e6-18fb-459c-84a5-9c9b5a0bd50c,Jumia,it okay,5,2026-08-02,Google Play,Customer Review,https://play.google.com/store/apps/details?id=com.jumia.android&hl=en&gl=ng
3db2f1ab-26fe-408d-b9fc-9ee5d36a5721,Jumia,Very good jumia,5,2026-08-02,Google Play,Customer Review,https://play.google.com/store/apps/details?id=com.jumia.android&hl=en&gl=ng
f4368239-acc4-4378-b453-8a0c859a408b,Jumia,jumia ia a little bit expensive but reliable check out,5,2026-08-02,Google Play,Customer Review,https://play.google.com/store/apps/details?id=com.jumia.android&hl=en&gl=ng
ab1621bc-a8e9-451f-b584-969598a32461,Jumia,nicev,3,2026-08-02,Google Play,Customer Review,https://play.google.com/store/apps/details?id=com.jumia.android&hl=en&gl=ng
ac47f79d-c7e8-49b0-9f9a-d5641713c97e,Jumia,fast,1,2026-08-02,Google Play,Customer Review,https://play.google.com/store/apps/details?id=com.jumia.android&hl=en&gl=ng
9cad9663-9e7c-45de-af9b-b0494e92a282,Jumia,The place to shop,5,2026-08-02,Google Play,Customer Review,https://play.google.com/store/apps/details?id=com.jumia.android&hl=en&gl=ng
16c8fa59-640b-4611-85de-d074836f0f88,Jumia,I love it.... it's easier for people to pick things on the day it arrives,3,2026-08-02,Google Play,Customer Review,https://play.google.com/store/apps/details?id=com.jumia.android&hl=en&gl=ng
a32ca7d8-bf74-490a-bc47-d6168d0327bd,Jumia,"very fast delivery, customer friendly service and products bought good. if faulty refund takes just one day after receipt. thanks",5,2026-08-02,Google Play,Customer Review,https://play.google.com/store/apps/details?id=com.jumia.android&hl=en&gl=ng
c6f031e8-4a8d-4cf7-b64b-04d6331de1bc,Jumia,good,2,2026-08-02,Google Play,Customer Review,https://play.google.com/store/apps/details?id=com.jumia.android&hl=en&gl=ng
ebbc3ea7-4438-4748-818e-16ba557b9e33,Jumia,one of the best,5,2026-08-02,Google Play,Customer Review,https://play.google.com/store/apps/details?id=com.jumia.android&hl=en&gl=ng
e25c4a37-a85c-4ba7-8f28-2838bf624d2b,Jumia,Good delivery site,5,2026-08-02,Google Play,Customer Review,https://play.google.com/store/apps/details?id=com.jumia.android&hl=en&gl=ng
b0066e6e-619b-47c9-a9a0-47c855e230eb,Jumia,good,4,2026-08-02,Google Play,Customer Review,https://play.google.com/store/apps/details?id=com.jumia.android&hl=en&gl=ng
04387768-e149-474f-842e-c015d23e2ef8,Jumia,it's good,5,2026-08-02,Google Play,Customer Review,https://play.google.com/store/apps/details?id=com.jumia.android&hl=en&gl=ng
236de286-e13a-45ed-a17a-e354a6391fea,Jumia,they don't order food,1,2026-08-02,Google Play,Customer Review,https://play.google.com/store/apps/details?id=com.jumia.android&hl=en&gl=ng
6f857264-1f16-41a4-8895-be5bc57deb8f,Jumia,good,5,2026-08-02,Google Play,Customer Review,https://play.google.com/store/apps/details?id=com.jumia.android&hl=en&gl=ng
54beefd0-51e0-40cd-8238-96fec74d9e42,Jumia,"the cart page has a bug, that unless you relaunch the app you won't see what you've selected to buy",3,2026-08-02,Google Play,Customer Review,https://play.google.com/store/apps/details?id=com.jumia.android&hl=en&gl=ng
b6af5b35-7072-49aa-af70-3a8aa083bbc8,Jumia,one of the best online selling platforms,4,2026-08-02,Google Play,Customer Review,https://play.google.com/store/apps/details?id=com.jumia.android&hl=en&gl=ng
6f5dec83-6114-4569-8f84-e6ee9aacb578,Jumia,nice,2,2026-08-02,Google Play,Customer Review,https://play.google.com/store/apps/details?id=com.jumia.android&hl=en&gl=ng
74554647-e706-41c4-a0cc-42b8dbd7f5d5,Jumia,you're very good,3,2026-08-02,Google Play,Customer Review,https://play.google.com/store/apps/details?id=com.jumia.android&hl=en&gl=ng
95a536a8-5faa-4193-b399-6cf9fa16dc48,Jumia,The best,4,2026-08-02,Google Play,Customer Review,https://play.google.com/store/apps/details?id=com.jumia.android&hl=en&gl=ng
7d9f1464-dec3-4247-91e7-5ffb4cbae84b,Jumia,awesome,5,2026-08-02,Google Play,Customer Review,https://play.google.com/store/apps/details?id=com.jumia.android&hl=en&gl=ng
9bb111d8-2050-4103-977b-178423751cfa,Jumia,good quality,1,2026-08-02,Google Play,Customer Review,https://play.google.com/store/apps/details?id=com.jumia.android&hl=en&gl=ng
bc806d7f-f4ee-4a9b-acf5-66030430a802,Jumia,You already know they gatch you,5,2026-08-02,Google Play,Customer Review,https://play.google.com/store/apps/details?id=com.jumia.android&hl=en&gl=ng
2097d842-6bf8-4a67-a676-8de546e7dfa8,Jumia,yeah,5,2026-08-02,Google Play,Customer Review,https://play.google.com/store/apps/details?id=com.jumia.android&hl=en&gl=ng
b88db343-4ea9-4a0c-9fc2-8d290faefae5,Jumia,"your services are good and excellent, am a tiler but I don't see most of the tiling machines and tools on the app, just a few, I will be happy if see more of the morden machines, tools and equipment on the app, thanks you.",4,2026-08-02,Google Play,Customer Review,https://play.google.com/store/apps/details?id=com.jumia.android&hl=en&gl=ng
ab82aec8-fc38-4a0a-881b-a246030dd851,Jumia,so good,5,2026-08-02,Google Play,Customer Review,https://play.google.com/store/apps/details?id=com.jumia.android&hl=en&gl=ng
714de21a-b80d-4cb3-8e85-507bcf1eb69d,Jumia,good,3,2026-08-02,Google Play,Customer Review,https://play.google.com/store/apps/details?id=com.jumia.android&hl=en&gl=ng
985d9a1a-e131-4f58-b7e5-4b3685c01401,Jumia,great job jumia,4,2026-08-02,Google Play,Customer Review,https://play.google.com/store/apps/details?id=com.jumia.android&hl=en&gl=ng
2384546d-974f-4456-b6d7-8bb7e94d5156,Jumia,Great shopping place,5,2026-08-02,Google Play,Customer Review,https://play.google.com/store/apps/details?id=com.jumia.android&hl=en&gl=ng
76517e7b-1d2b-403a-8f0f-9568db6a9af9,Jumia,I love this app it good and reliable,3,2026-08-02,Google Play,Customer Review,https://play.google.com/store/apps/details?id=com.jumia.android&hl=en&gl=ng
8d6c5dc4-d574-4e9e-8cf9-99ee3b003dce,Jumia,great darling with jumia,5,2026-08-02,Google Play,Customer Review,https://play.google.com/store/apps/details?id=com.jumia.android&hl=en&gl=ng
6ec7c088-b8ed-473e-a7cf-72f72ef1a4d5,Jumia,good,5,2026-08-02,Google Play,Customer Review,https://play.google.com/store/apps/details?id=com.jumia.android&hl=en&gl=ng
c877e56e-cfe9-410e-bad0-48850295e862,Jumia,nice,2,2026-08-02,Google Play,Customer Review,https://play.google.com/store/apps/details?id=com.jumia.android&hl=en&gl=ng
9ee043f9-f4b1-4e6f-902f-96e8af4b1fdb,Jumia,reliable online shopping,3,2026-08-02,Google Play,Customer Review,https://play.google.com/store/apps/details?id=com.jumia.android&hl=en&gl=ng
17d34bd4-b328-45a1-8afb-60dfa4097403,Jumia,good price and good product,3,2026-08-02,Google Play,Customer Review,https://play.google.com/store/apps/details?id=com.jumia.android&hl=en&gl=ng
599203ed-94be-4d88-b430-787b1f2fad9b,Jumia,I'll like the delivery fees to be lesser to make customer's buy more but in all I love jumia service,2,2026-08-02,Google Play,Customer Review,https://play.google.com/store/apps/details?id=com.jumia.android&hl=en&gl=ng
d7d1bcd4-b9f0-409e-9aff-5cf19d4dc7a3,Jumia,so gud 👍 and truth,5,2026-08-02,Google Play,Customer Review,https://play.google.com/store/apps/details?id=com.jumia.android&hl=en&gl=ng
7c04f055-d621-4aa5-9198-f8c078515d65,Jumia,good app,5,2026-08-02,Google Play,Customer Review,https://play.google.com/store/apps/details?id=com.jumia.android&hl=en&gl=ng
0861fc4b-7fa7-43b5-8bb7-b11ccfda9a2e,Jumia,Excellent,5,2026-08-02,Google Play,Customer Review,https://play.google.com/store/apps/details?id=com.jumia.android&hl=en&gl=ng
73feffc0-2a9d-4cea-8f70-f260e4d038c5,Jumia,less stressful,3,2026-08-02,Google Play,Customer Review,https://play.google.com/store/apps/details?id=com.jumia.android&hl=en&gl=ng
ca19e392-ebb6-4787-8df3-10a098d93ee0,Jumia,better,4,2026-08-02,Google Play,Customer Review,https://play.google.com/store/apps/details?id=com.jumia.android&hl=en&gl=ng
27e8a642-0577-4fef-a054-36ac51549d82,Jumia,it good but slowly,5,2026-08-02,Google Play,Customer Review,https://play.google.com/store/apps/details?id=com.jumia.android&hl=en&gl=ng
1f30749a-f82b-45c3-8057-550790b0c941,Jumia,Gut,5,2026-08-02,Google Play,Customer Review,https://play.google.com/store/apps/details?id=com.jumia.android&hl=en&gl=ng
b62c90c0-fe72-4611-929b-492d894d26c8,Jumia,Fast payment and accurate result,5,2026-08-02,Google Play,Customer Review,https://play.google.com/store/apps/details?id=com.jumia.android&hl=en&gl=ng
0436f7c9-3770-495b-bf41-641d944b506a,Jumia,"Infact, very reliable and fast",5,2026-08-02,Google Play,Customer Review,https://play.google.com/store/apps/details?id=com.jumia.android&hl=en&gl=ng
fa2cb6be-bb6c-4b45-9a65-f7e52e57e7f6,Jumia,jumia is dependable,5,2026-08-02,Google Play,Customer Review,https://play.google.com/store/apps/details?id=com.jumia.android&hl=en&gl=ng
29af58f7-8b5a-46c1-bad5-2aabc44e2985,Jumia,great platform for shopping truly.,4,2026-08-02,Google Play,Customer Review,https://play.google.com/store/apps/details?id=com.jumia.android&hl=en&gl=ng
ea78dc96-842a-4c9d-a285-dc9af2607854,Jumia,I'm good with your items but some of ur item are not good,3,2026-08-02,Google Play,Customer Review,https://play.google.com/store/apps/details?id=com.jumia.android&hl=en&gl=ng
1605b28c-235f-4fc1-baad-27fcafcc0002,Jumia,best,5,2026-08-02,Google Play,Customer Review,https://play.google.com/store/apps/details?id=com.jumia.android&hl=en&gl=ng
ad2a7dac-5f10-4ba6-a74a-0789f66644c3,Jumia,very good,4,2026-08-02,Google Play,Customer Review,https://play.google.com/store/apps/details?id=com.jumia.android&hl=en&gl=ng
f20067f2-dfe9-46be-9bd1-24471ff44cf2,Jumia,so fast,5,2026-08-02,Google Play,Customer Review,https://play.google.com/store/apps/details?id=com.jumia.android&hl=en&gl=ng
45b0dece-0978-448e-a2aa-25bd8f5565e3,Jumia,Jumia is still the best so far,5,2026-08-02,Google Play,Customer Review,https://play.google.com/store/apps/details?id=com.jumia.android&hl=en&gl=ng
253c7bd7-15d7-4738-8abd-d78a8a01258c,Jumia,very easy and convenient to use,5,2026-08-02,Google Play,Customer Review,https://play.google.com/store/apps/details?id=com.jumia.android&hl=en&gl=ng
b9589810-48df-4229-9098-a6cd5d552555,Jumia,great app,3,2026-08-02,Google Play,Customer Review,https://play.google.com/store/apps/details?id=com.jumia.android&hl=en&gl=ng
9ae85bf8-5029-4caa-acf6-467c65ee5b08,Jumia,great,4,2026-08-02,Google Play,Customer Review,https://play.google.com/store/apps/details?id=com.jumia.android&hl=en&gl=ng
6b5a4a00-cc75-4b9f-9aa2-2f9d0d9903c1,Jumia,because I bought an earbud and a neck bluetooth from jumia it was faulty.,1,2026-08-02,Google Play,Customer Review,https://play.google.com/store/apps/details?id=com.jumia.android&hl=en&gl=ng
b6b3d86b-ec62-4e10-a79f-788175424166,Jumia,good,5,2026-08-02,Google Play,Customer Review,https://play.google.com/store/apps/details?id=com.jumia.android&hl=en&gl=ng
7e902fed-f9cb-44a4-9c99-87bd1040a8fd,Jumia,good 👍 👍 👍,5,2026-08-02,Google Play,Customer Review,https://play.google.com/store/apps/details?id=com.jumia.android&hl=en&gl=ng
241e43f9-4bec-415b-8b7d-bdc403efc2c7,Jumia,very good,5,2026-08-02,Google Play,Customer Review,https://play.google.com/store/apps/details?id=com.jumia.android&hl=en&gl=ng
5155288c-f1fa-4c65-9696-b1ab80a5551a,Jumia,👌,4,2026-08-02,Google Play,Customer Review,https://play.google.com/store/apps/details?id=com.jumia.android&hl=en&gl=ng
fee2f960-40e6-44ff-9b38-e8381b35d1b2,Jumia,good one,5,2026-08-02,Google Play,Customer Review,https://play.google.com/store/apps/details?id=com.jumia.android&hl=en&gl=ng
ef7d837d-394c-41ca-b18b-038e016ded96,Jumia,very good to shop with,5,2026-08-01,Google Play,Customer Review,https://play.google.com/store/apps/details?id=com.jumia.android&hl=en&gl=ng
a83fbd77-66b8-4b9f-9ec6-c5de1887e5f3,Jumia,love thier services,3,2026-08-01,Google Play,Customer Review,https://play.google.com/store/apps/details?id=com.jumia.android&hl=en&gl=ng
f77bc913-b1ee-4193-8825-b6b5417d2832,Jumia,wonderful,5,2026-08-01,Google Play,Customer Review,https://play.google.com/store/apps/details?id=com.jumia.android&hl=en&gl=ng
76278d50-a035-44e4-adff-2ab349d28512,Jumia,it is excellent 👍,5,2026-08-01,Google Play,Customer Review,https://play.google.com/store/apps/details?id=com.jumia.android&hl=en&gl=ng
b6486524-f60e-4bd1-b4a1-93144716f54a,Jumia,transparent,5,2026-08-01,Google Play,Customer Review,https://play.google.com/store/apps/details?id=com.jumia.android&hl=en&gl=ng
00d95952-cc11-401a-8a63-0aa116218025,Jumia,it's fine,5,2026-08-01,Google Play,Customer Review,https://play.google.com/store/apps/details?id=com.jumia.android&hl=en&gl=ng
276c2d42-0a22-4ec0-8021-335993f63073,Jumia,The price on Jumia app is too high,2,2026-08-01,Google Play,Customer Review,https://play.google.com/store/apps/details?id=com.jumia.android&hl=en&gl=ng
66dc4b76-e9c8-449b-a074-b6d70b90f895,Jumia,Great hub for today's business 👌,5,2026-08-01,Google Play,Customer Review,https://play.google.com/store/apps/details?id=com.jumia.android&hl=en&gl=ng
3da32286-a402-4888-9437-5303865a576c,Jumia,good,5,2026-08-01,Google Play,Customer Review,https://play.google.com/store/apps/details?id=com.jumia.android&hl=en&gl=ng
4fa725cf-9c43-492f-88c2-acaac47d0199,Jumia,"Delivery Service in this app is so terible and hostile, imagine your already having a bad day trying to get your product delivered and when it finally arrives to you the delivery guy treatened to beat you because he thinks that you(the customer/client) aren't fit enough for him to deliver the goods and delivery service that you paid with your hard earned money. just imagine ,how disrespectful and disappointing that it.",1,2026-08-01,Google Play,Customer Review,https://play.google.com/store/apps/details?id=com.jumia.android&hl=en&gl=ng
9fc35338-e577-45b4-92dd-9e513b675b1d,Jumia,"Why must you subject customers to update/download your app everyday? Only on November 6, 2018 I updated this app. Most unfair. I will rather stay away from Jumia where I bought Refrigerator, Big Gen, washing machine and 42 inches LG TV last December As I make to return to this app, can I hope for better service, away from daily update requests?",1,2026-08-01,Google Play,Customer Review,https://play.google.com/store/apps/details?id=com.jumia.android&hl=en&gl=ng
bc5b8d5e-fc07-4c55-83c9-2a1e58e6303b,Jumia,So far so good,5,2026-08-01,Google Play,Customer Review,https://play.google.com/store/apps/details?id=com.jumia.android&hl=en&gl=ng
2d511827-74f1-4a2f-874b-e5472790a2be,Jumia,Jumia is 10/10,5,2026-08-01,Google Play,Customer Review,https://play.google.com/store/apps/details?id=com.jumia.android&hl=en&gl=ng
7f41dac0-e181-4462-9642-f95f1ce011da,Jumia,love it,5,2026-08-01,Google Play,Customer Review,https://play.google.com/store/apps/details?id=com.jumia.android&hl=en&gl=ng
c2b46a9c-b280-49bc-89d3-2bb16d7463c9,Jumia,"the app logs me out without my notice and when I try logging in again, it would just load and come back requesting for log in again. i have tried several times.",1,2026-08-01,Google Play,Customer Review,https://play.google.com/store/apps/details?id=com.jumia.android&hl=en&gl=ng
dc2650c9-c788-4986-b52e-d2668874c198,Jumia,"One of the best online market place. but my problem is jumia don't give receipt, i was heavily embarrassed by the Nigeria police when i moved a TV i bought from jumia to another location. please you should look into it and start issuing receipts to buyer (s)",5,2026-08-01,Google Play,Customer Review,https://play.google.com/store/apps/details?id=com.jumia.android&hl=en&gl=ng
a0a92827-b2dd-4787-a144-0ba24a776c96,Jumia,Jumia is good just that they don't recognize their patronizers with maybe special discounts.,5,2026-08-01,Google Play,Customer Review,https://play.google.com/store/apps/details?id=com.jumia.android&hl=en&gl=ng
ce8c4303-b2fa-4536-98ef-b2e6df97aa6d,Jumia,nice,5,2026-08-01,Google Play,Customer Review,https://play.google.com/store/apps/details?id=com.jumia.android&hl=en&gl=ng
2ac0293f-7ffa-42a7-b6a5-b26699dfd957,Jumia,very good,5,2026-08-01,Google Play,Customer Review,https://play.google.com/store/apps/details?id=com.jumia.android&hl=en&gl=ng
cd918aed-e24b-4839-b44b-f71cd463f551,Jumia,good and fast but limited product options,5,2026-08-01,Google Play,Customer Review,https://play.google.com/store/apps/details?id=com.jumia.android&hl=en&gl=ng
116b7988-87db-4b1e-a347-08466635ce36,Jumia,"Can't log in to my account, code doesn't come.",3,2026-08-01,Google Play,Customer Review,https://play.google.com/store/apps/details?id=com.jumia.android&hl=en&gl=ng
104506de-968f-41db-a013-f93d859b5eef,Jumia,original products,3,2026-08-01,Google Play,Customer Review,https://play.google.com/store/apps/details?id=com.jumia.android&hl=en&gl=ng
1d43ff08-25a6-4c0c-abbd-0a5c974e2411,Jumia,everything about jumia is legit and good product,5,2026-08-01,Google Play,Customer Review,https://play.google.com/store/apps/details?id=com.jumia.android&hl=en&gl=ng
e9a4b3e8-50fa-46fe-bba8-e3b4356c9df9,Jumia,nice and affordable thnk you jumia,5,2026-08-01,Google Play,Customer Review,https://play.google.com/store/apps/details?id=com.jumia.android&hl=en&gl=ng
150efb60-1c79-4378-8739-d8248f0c9ed0,Jumia,Good,5,2026-08-01,Google Play,Customer Review,https://play.google.com/store/apps/details?id=com.jumia.android&hl=en&gl=ng
18c124e9-ca18-4775-ab60-cf7aa04a0eaa,Jumia,satisfactory,5,2026-08-01,Google Play,Customer Review,https://play.google.com/store/apps/details?id=com.jumia.android&hl=en&gl=ng
a17d9be0-541b-4fda-bab4-ff193a03afd0,Jumia,I love it,5,2026-08-01,Google Play,Customer Review,https://play.google.com/store/apps/details?id=com.jumia.android&hl=en&gl=ng
6fea001e-c97e-4ac5-90f4-3e2a19c6f4a2,Jumia,it's awesome 💯,5,2026-08-01,Google Play,Customer Review,https://play.google.com/store/apps/details?id=com.jumia.android&hl=en&gl=ng
34abb1ca-6891-4a7a-b62d-5079faad061a,Jumia,fast and reliable,5,2026-08-01,Google Play,Customer Review,https://play.google.com/store/apps/details?id=com.jumia.android&hl=en&gl=ng
7c65d219-ec96-4c36-b57f-9957ccf40155,Jumia,Very good,5,2026-08-01,Google Play,Customer Review,https://play.google.com/store/apps/details?id=com.jumia.android&hl=en&gl=ng
7e1546aa-e2cc-49d3-a83c-1d0ccb42f839,Jumia,am yet to see how realible this app can be,5,2026-08-01,Google Play,Customer Review,https://play.google.com/store/apps/details?id=com.jumia.android&hl=en&gl=ng
1de7d005-2a14-4d7d-b966-29db12364419,Jumia,poor and slow services,2,2026-08-01,Google Play,Customer Review,https://play.google.com/store/apps/details?id=com.jumia.android&hl=en&gl=ng
cbf288e1-1b0d-4ae4-b549-460f81ecafca,Jumia,the customer service gets pepper body,3,2026-08-01,Google Play,Customer Review,https://play.google.com/store/apps/details?id=com.jumia.android&hl=en&gl=ng
c54a78bf-3c91-494f-9631-a9cf5eb211b7,Jumia,Hmmm it's cool though,4,2026-08-01,Google Play,Customer Review,https://play.google.com/store/apps/details?id=com.jumia.android&hl=en&gl=ng
860fdb77-997f-49d6-95c0-63444713c67e,Jumia,great,5,2026-08-01,Google Play,Customer Review,https://play.google.com/store/apps/details?id=com.jumia.android&hl=en&gl=ng
8f5e36d2-2edf-45e2-ad30-93df69de556e,Jumia,Very Poor Service And Very Poor Satisfactory Payment System,1,2026-08-01,Google Play,Customer Review,https://play.google.com/store/apps/details?id=com.jumia.android&hl=en&gl=ng
11fb2a43-692c-48ad-aa76-22ef83c53ad7,Jumia,the best price,5,2026-08-01,Google Play,Customer Review,https://play.google.com/store/apps/details?id=com.jumia.android&hl=en&gl=ng
be728a02-59ff-4606-b893-b9cd0fde8c20,Jumia,Jumia is the best😋,5,2026-08-01,Google Play,Customer Review,https://play.google.com/store/apps/details?id=com.jumia.android&hl=en&gl=ng
816fd586-af6c-4952-a293-0dcbf53396c4,Jumia,Good,3,2026-08-01,Google Play,Customer Review,https://play.google.com/store/apps/details?id=com.jumia.android&hl=en&gl=ng
0b010f73-fef4-447b-8452-4ef37257bcd9,Jumia,great app,5,2026-08-01,Google Play,Customer Review,https://play.google.com/store/apps/details?id=com.jumia.android&hl=en&gl=ng
b1667306-30f0-4dfe-aba5-2f38de5bde91,Jumia,very nice app,5,2026-08-01,Google Play,Customer Review,https://play.google.com/store/apps/details?id=com.jumia.android&hl=en&gl=ng
7d24d4e8-ff9a-45e1-b487-5644addba589,Jumia,good 👍,4,2026-08-01,Google Play,Customer Review,https://play.google.com/store/apps/details?id=com.jumia.android&hl=en&gl=ng
3fd98524-6370-449d-a7d5-cc1fd5d71adc,Jumia,awesome,5,2026-08-01,Google Play,Customer Review,https://play.google.com/store/apps/details?id=com.jumia.android&hl=en&gl=ng
185c0db5-932f-49e6-8121-697e88ebefb0,Jumia,The best 👌,3,2026-08-01,Google Play,Customer Review,https://play.google.com/store/apps/details?id=com.jumia.android&hl=en&gl=ng
863fdd77-366b-401e-90ba-470649d04347,Jumia,It is cheap and you can checkout anytime,3,2026-08-01,Google Play,Customer Review,https://play.google.com/store/apps/details?id=com.jumia.android&hl=en&gl=ng
e9c4d04d-a56d-4b4b-a745-d3f4fc5a195d,Jumia,The Best,4,2026-08-01,Google Play,Customer Review,https://play.google.com/store/apps/details?id=com.jumia.android&hl=en&gl=ng
f9a10021-8583-4621-ae76-e476348b7d4f,Jumia,the app keep showing no Internet connection. nothing comes up in the app except retry.,1,2026-08-01,Google Play,Customer Review,https://play.google.com/store/apps/details?id=com.jumia.android&hl=en&gl=ng
3fd2e259-e9e9-4fbe-834a-fb197e6c7e3e,Jumia,good online market place,5,2026-08-01,Google Play,Customer Review,https://play.google.com/store/apps/details?id=com.jumia.android&hl=en&gl=ng
d41c5994-af6c-45cf-a3ec-39a71b859678,Jumia,Awesome,5,2026-08-01,Google Play,Customer Review,https://play.google.com/store/apps/details?id=com.jumia.android&hl=en&gl=ng
76be4117-95d6-4406-a4f3-b7996c27b357,Jumia,Very secure and time saving,5,2026-08-01,Google Play,Customer Review,https://play.google.com/store/apps/details?id=com.jumia.android&hl=en&gl=ng
90786327-ff5f-4669-a30a-c34c658ec268,Jumia,the best app for all your delivery,5,2026-08-01,Google Play,Customer Review,https://play.google.com/store/apps/details?id=com.jumia.android&hl=en&gl=ng
13ca6898-84a8-45ac-93ee-ac6c40a11833,Jumia,Jumia is the best shopping app at your convenience,5,2026-08-01,Google Play,Customer Review,https://play.google.com/store/apps/details?id=com.jumia.android&hl=en&gl=ng
d6b248b8-c4f1-4c1e-b616-bcf4f2bbf14e,Jumia,"very good app, good product",5,2026-08-01,Google Play,Customer Review,https://play.google.com/store/apps/details?id=com.jumia.android&hl=en&gl=ng
8daf9a64-0890-4ffb-bb8c-b023dc3fd79a,Jumia,it's helpful 🙂,5,2026-08-01,Google Play,Customer Review,https://play.google.com/store/apps/details?id=com.jumia.android&hl=en&gl=ng
9e48e848-e4cd-488d-8136-5dbffa953b48,Jumia,great 👍,3,2026-08-01,Google Play,Customer Review,https://play.google.com/store/apps/details?id=com.jumia.android&hl=en&gl=ng
a61c3d4f-54e6-4084-a9a8-46dbeb4f79cc,Jumia,Very good and reliable,5,2026-08-01,Google Play,Customer Review,https://play.google.com/store/apps/details?id=com.jumia.android&hl=en&gl=ng
cfebfef9-c491-432a-9bf0-a1abdeb35088,Jumia,they're doing a good job,5,2026-08-01,Google Play,Customer Review,https://play.google.com/store/apps/details?id=com.jumia.android&hl=en&gl=ng
96b55925-9eeb-4fa9-848b-05fc273b1da6,Jumia,"I have bought many items from jumia like different smart phones, laptop, water dispenser, fridge, cooker, utensils etc and they have never disappointed me. I like the option of pay on delivery to avoid paying for the wrong items.",5,2026-08-01,Google Play,Customer Review,https://play.google.com/store/apps/details?id=com.jumia.android&hl=en&gl=ng
c64d6d51-7c44-47d5-b26c-b4496603018f,Jumia,Easy shopping,5,2026-08-01,Google Play,Customer Review,https://play.google.com/store/apps/details?id=com.jumia.android&hl=en&gl=ng
5b1b65f8-96c2-4d58-9516-00416d5f04e3,Jumia,Always reliable,5,2026-08-01,Google Play,Customer Review,https://play.google.com/store/apps/details?id=com.jumia.android&hl=en&gl=ng
7e4687f4-3953-482e-a8a4-cb9f19ba38a2,Jumia,U people have stopped giving discount vouchers & codes,3,2026-08-01,Google Play,Customer Review,https://play.google.com/store/apps/details?id=com.jumia.android&hl=en&gl=ng
dc42f6c1-b2fd-4c1f-844d-a7386b6dcbe2,Jumia,I love it,5,2026-08-01,Google Play,Customer Review,https://play.google.com/store/apps/details?id=com.jumia.android&hl=en&gl=ng
3fbc974d-bed6-4eb2-bdd2-5f2c97ffbe6f,Jumia,Jumia is by and large a very good online store except for a few glitches. I think they should regulate quality more than they are doing now. Otherwise my experience with them ain't that bad so far.,4,2026-08-01,Google Play,Customer Review,https://play.google.com/store/apps/details?id=com.jumia.android&hl=en&gl=ng
6991aeb3-6e23-473c-92ce-67bd899bdceb,Jumia,"I have been using jumia for years, I enjoyed the experience I do get from them",4,2026-08-01,Google Play,Customer Review,https://play.google.com/store/apps/details?id=com.jumia.android&hl=en&gl=ng
1acd7f03-7e5f-4ae8-8488-1c39a8a5016a,Jumia,it's better it saves transport it's saves time,5,2026-08-01,Google Play,Customer Review,https://play.google.com/store/apps/details?id=com.jumia.android&hl=en&gl=ng
d9ef7711-b177-4a6f-b7b3-db44e2786f0a,Jumia,Best Ever,5,2026-08-01,Google Play,Customer Review,https://play.google.com/store/apps/details?id=com.jumia.android&hl=en&gl=ng
73a5efd4-d6a5-4dc0-adc8-1382a8c62561,Jumia,"I'm more comfortable with JUMIA 💯👍🏽 there are fast and reliable thanks for your good product and safe delivery, thanks to JUMIA",4,2026-08-01,Google Play,Customer Review,https://play.google.com/store/apps/details?id=com.jumia.android&hl=en&gl=ng
6df7dce2-596f-44bd-97ba-2733918655e8,Jumia,good shopping,5,2026-08-01,Google Play,Customer Review,https://play.google.com/store/apps/details?id=com.jumia.android&hl=en&gl=ng
e27f8eae-ebdf-4bca-9ac7-9b4809612c1a,Jumia,very good,5,2026-07-31,Google Play,Customer Review,https://play.google.com/store/apps/details?id=com.jumia.android&hl=en&gl=ng
93ec7bb1-81fa-4bbc-9e51-a5ddb8c193a6,Jumia,I like the way it make one in calm condition when collecting your goods from them,5,2026-07-31,Google Play,Customer Review,https://play.google.com/store/apps/details?id=com.jumia.android&hl=en&gl=ng
ef814e8c-e68e-4cd2-a4c7-9135dd2addf2,Jumia,best to business with,5,2026-07-31,Google Play,Customer Review,https://play.google.com/store/apps/details?id=com.jumia.android&hl=en&gl=ng
c6bfccc5-0464-4c3c-b400-d76756404d2e,Jumia,good,5,2026-07-31,Google Play,Customer Review,https://play.google.com/store/apps/details?id=com.jumia.android&hl=en&gl=ng
b535dc33-d52d-4a38-9e84-d3c5a0536ba6,Jumia,good,5,2026-07-31,Google Play,Customer Review,https://play.google.com/store/apps/details?id=com.jumia.android&hl=en&gl=ng
87504e5f-05b1-4127-903f-5a6f26ee5c4d,Jumia,excellent,5,2026-07-31,Google Play,Customer Review,https://play.google.com/store/apps/details?id=com.jumia.android&hl=en&gl=ng
dae389ae-c61d-4ece-8ace-a8db93821bb0,Jumia,you deliver it on time and I love that,5,2026-07-31,Google Play,Customer Review,https://play.google.com/store/apps/details?id=com.jumia.android&hl=en&gl=ng
819d565c-8f2d-49f4-99fb-8f654a3ac1d0,Jumia,"please jumia, 🙏 the delivery fees are too much, you'll order few items but the delivery fees will be higher than the main item you bought. And the delivery date it too far. someone will order an item and it will be taking up to 2 weeks before delivered,please work on that aspect",1,2026-07-31,Google Play,Customer Review,https://play.google.com/store/apps/details?id=com.jumia.android&hl=en&gl=ng
9551b324-e1c3-4077-a205-3f055f425ad7,Jumia,fantastic,3,2026-07-31,Google Play,Customer Review,https://play.google.com/store/apps/details?id=com.jumia.android&hl=en&gl=ng
9eb4eb50-f5bf-44ab-8338-6e7f6365adaf,Jumia,fantastic,5,2026-07-31,Google Play,Customer Review,https://play.google.com/store/apps/details?id=com.jumia.android&hl=en&gl=ng
ea097af6-da02-4fa9-886f-b1b67e0fab8b,Jumia,"I've placed an order buh it ain't in yet, and so I'ma wait a couple days be4 giving it a five star rating",3,2026-07-31,Google Play,Customer Review,https://play.google.com/store/apps/details?id=com.jumia.android&hl=en&gl=ng
b02d2549-f59a-4420-9c8d-c066c4b9817d,Jumia,good 👍,5,2026-07-31,Google Play,Customer Review,https://play.google.com/store/apps/details?id=com.jumia.android&hl=en&gl=ng
0c078729-8146-4f23-820b-f6aecbbc44ce,Jumia,good app for shopping great deals,5,2026-07-31,Google Play,Customer Review,https://play.google.com/store/apps/details?id=com.jumia.android&hl=en&gl=ng
ed521885-0758-4115-a20f-8114aed5c719,Jumia,Placing of orders are very easy...,5,2026-07-31,Google Play,Customer Review,https://play.google.com/store/apps/details?id=com.jumia.android&hl=en&gl=ng
bc0ec4ff-cddf-448b-9307-59e7f5345d44,Jumia,the best app for orders,5,2026-07-31,Google Play,Customer Review,https://play.google.com/store/apps/details?id=com.jumia.android&hl=en&gl=ng
3a88f07c-1f3c-4354-b360-9cf0bce51023,Jumia,good services,4,2026-07-31,Google Play,Customer Review,https://play.google.com/store/apps/details?id=com.jumia.android&hl=en&gl=ng
40db7e2e-0d6a-4c55-94f8-d244832867f8,Jumia,good,5,2026-07-31,Google Play,Customer Review,https://play.google.com/store/apps/details?id=com.jumia.android&hl=en&gl=ng
e6a15890-4c30-4a5f-9973-a2bba4c0780a,Jumia,good,4,2026-07-31,Google Play,Customer Review,https://play.google.com/store/apps/details?id=com.jumia.android&hl=en&gl=ng
cdf16c67-d999-4618-bc2e-e549feb3dfb4,Jumia,it is a good app,4,2026-07-31,Google Play,Customer Review,https://play.google.com/store/apps/details?id=com.jumia.android&hl=en&gl=ng
4da721be-8c67-4096-9e18-1bf95382f082,Jumia,it's the online shop,4,2026-07-31,Google Play,Customer Review,https://play.google.com/store/apps/details?id=com.jumia.android&hl=en&gl=ng
3e8eef77-0962-4f09-b47e-e93a200e9cc7,Jumia,"jumia is a knock off of Amazon, no quality, just know what you get won't last more than a month",1,2026-07-31,Google Play,Customer Review,https://play.google.com/store/apps/details?id=com.jumia.android&hl=en&gl=ng
dadc140e-f04c-4364-8639-85888ea66b91,Jumia,good start for me,5,2026-07-31,Google Play,Customer Review,https://play.google.com/store/apps/details?id=com.jumia.android&hl=en&gl=ng
15b786d1-b18b-4c01-bcfb-41c974c6966d,Jumia,it's save and should be a trusted source,5,2026-07-31,Google Play,Customer Review,https://play.google.com/store/apps/details?id=com.jumia.android&hl=en&gl=ng
1808f73d-c764-4695-bc1e-f2b53836722e,Jumia,"The ads on the phone app is 100 much and very annoying. the processing is a bit slow. Apart from that, the phone is perfectly working well.",3,2026-07-31,Google Play,Customer Review,https://play.google.com/store/apps/details?id=com.jumia.android&hl=en&gl=ng
a4d59d11-c647-444c-bd32-a5a463135753,Jumia,late deliveries,4,2026-07-31,Google Play,Customer Review,https://play.google.com/store/apps/details?id=com.jumia.android&hl=en&gl=ng
dd7f5992-d835-43bf-8266-eadb4241e560,Jumia,great 👍,2,2026-07-31,Google Play,Customer Review,https://play.google.com/store/apps/details?id=com.jumia.android&hl=en&gl=ng
63ac58ca-649d-4021-b917-3026c853e6c6,Jumia,Good,5,2026-07-31,Google Play,Customer Review,https://play.google.com/store/apps/details?id=com.jumia.android&hl=en&gl=ng
74f4265d-e75d-4803-8429-03054876ef87,Jumia,I've been trying to make a search on the application but it not going through,5,2026-07-31,Google Play,Customer Review,https://play.google.com/store/apps/details?id=com.jumia.android&hl=en&gl=ng
218e7940-413d-48d0-bb48-b1dec5371f95,Jumia,very excellent,5,2026-07-31,Google Play,Customer Review,https://play.google.com/store/apps/details?id=com.jumia.android&hl=en&gl=ng
aaca28d1-57fe-4c7e-878d-9f22bb34dd49,Jumia,ميزة مهمة تنقص التطبيق: جمع الطلبات في إرسالية واحدة. كنشري مثلا 2 منتجات وكيجيوني مفرقين. لابد من إضافة هذه الخاصية في التحديثات المقبلة.,3,2026-07-31,Google Play,Customer Review,https://play.google.com/store/apps/details?id=com.jumia.android&hl=en&gl=ng
23a6e63f-acd6-4b8d-8eea-a8e731a8192d,Jumia,good,2,2026-07-31,Google Play,Customer Review,https://play.google.com/store/apps/details?id=com.jumia.android&hl=en&gl=ng
0d3c74cc-ad6d-4121-ba6f-ed45cb67e2fc,Jumia,this is one of the best shopping apps ever. I've been using them for years now.and they have never disappointed me.,5,2026-07-31,Google Play,Customer Review,https://play.google.com/store/apps/details?id=com.jumia.android&hl=en&gl=ng
96f898f4-372b-4718-8c40-89dda464f93c,Jumia,nice 👍,5,2026-07-31,Google Play,Customer Review,https://play.google.com/store/apps/details?id=com.jumia.android&hl=en&gl=ng
9ee963d5-a446-4aeb-ae97-900f18b8d45c,Jumia,best app,2,2026-07-31,Google Play,Customer Review,https://play.google.com/store/apps/details?id=com.jumia.android&hl=en&gl=ng
8369dfbf-0b93-4a30-b8c7-d6df6035bcdf,Jumia,okay,4,2026-07-31,Google Play,Customer Review,https://play.google.com/store/apps/details?id=com.jumia.android&hl=en&gl=ng
f463e985-7355-4ec9-9e7c-f2e3c7b2e28b,Jumia,great,5,2026-07-31,Google Play,Customer Review,https://play.google.com/store/apps/details?id=com.jumia.android&hl=en&gl=ng
8d529a41-46ee-4fd1-bfc9-65dc78f9abbb,Jumia,good,4,2026-07-31,Google Play,Customer Review,https://play.google.com/store/apps/details?id=com.jumia.android&hl=en&gl=ng
375fac3f-fbbe-4fce-8b8f-dedccc2c0efe,Jumia,guys it a good app try it and see,1,2026-07-31,Google Play,Customer Review,https://play.google.com/store/apps/details?id=com.jumia.android&hl=en&gl=ng
f9f45957-7c24-49ec-990c-3fdfe800afb0,Jumia,smart,5,2026-07-31,Google Play,Customer Review,https://play.google.com/store/apps/details?id=com.jumia.android&hl=en&gl=ng
f71c93e4-efa0-47ee-920f-25625d67de2e,Jumia,It's very good and impressive,5,2026-07-31,Google Play,Customer Review,https://play.google.com/store/apps/details?id=com.jumia.android&hl=en&gl=ng
f94a5c3e-4859-4bec-8feb-0e1e4b6c1835,Jumia,the app is very nice and the always do what the say their product are of the best quality but the dress and clothes stuff should be adjusted,5,2026-07-31,Google Play,Customer Review,https://play.google.com/store/apps/details?id=com.jumia.android&hl=en&gl=ng
93d53bcc-e483-494e-80bc-be9a298d0194,Jumia,jumia is a sure plug,5,2026-07-31,Google Play,Customer Review,https://play.google.com/store/apps/details?id=com.jumia.android&hl=en&gl=ng
ef112a12-075a-453e-8f81-366c5c02565a,Jumia,good,5,2026-07-31,Google Play,Customer Review,https://play.google.com/store/apps/details?id=com.jumia.android&hl=en&gl=ng
0312f3eb-9555-45c3-812b-9c3d780b9d76,Jumia,have being using this app for long as possible. but can't log in again after switching phones,2,2026-07-31,Google Play,Customer Review,https://play.google.com/store/apps/details?id=com.jumia.android&hl=en&gl=ng
d69ae4cc-0083-489a-b7b3-f1b46a43587d,Jumia,nice,4,2026-07-31,Google Play,Customer Review,https://play.google.com/store/apps/details?id=com.jumia.android&hl=en&gl=ng
b4212c85-1c5f-4444-8fbd-09b96ce49545,Jumia,nice,4,2026-07-31,Google Play,Customer Review,https://play.google.com/store/apps/details?id=com.jumia.android&hl=en&gl=ng
724d3286-b25f-4a66-b1c4-b6aabad3df6c,Jumia,nice,5,2026-07-31,Google Play,Customer Review,https://play.google.com/store/apps/details?id=com.jumia.android&hl=en&gl=ng
403d8da6-83c0-42fc-a371-58a8330704e3,Jumia,is good app,5,2026-07-31,Google Play,Customer Review,https://play.google.com/store/apps/details?id=com.jumia.android&hl=en&gl=ng
a395d76a-341a-4dd5-9a41-27d339732c9b,Jumia,Great 👍 ❤️,5,2026-07-31,Google Play,Customer Review,https://play.google.com/store/apps/details?id=com.jumia.android&hl=en&gl=ng
fa40a361-d6cf-44f0-b54b-c6c60f58109d,Jumia,good service,5,2026-07-31,Google Play,Customer Review,https://play.google.com/store/apps/details?id=com.jumia.android&hl=en&gl=ng
45bbc4d9-ed02-46a6-92a7-f97c2155246a,Jumia,this is nice,3,2026-07-31,Google Play,Customer Review,https://play.google.com/store/apps/details?id=com.jumia.android&hl=en&gl=ng
c04e055f-f58d-40d2-abf2-a8272e773921,Jumia,the indoor aerial you gave me does not function upto now. We've tried several locations,3,2026-07-31,Google Play,Customer Review,https://play.google.com/store/apps/details?id=com.jumia.android&hl=en&gl=ng
b40984f6-37df-4603-9bbc-d9363ccb68f4,Jumia,such a nice app,5,2026-07-31,Google Play,Customer Review,https://play.google.com/store/apps/details?id=com.jumia.android&hl=en&gl=ng
6f0072c4-a82a-43b3-8d4a-846db34c3ca2,Jumia,Good,5,2026-07-31,Google Play,Customer Review,https://play.google.com/store/apps/details?id=com.jumia.android&hl=en&gl=ng
f159504b-dab6-4a4c-a8ff-96a42e7273a0,Jumia,Seamless transactions,5,2026-07-31,Google Play,Customer Review,https://play.google.com/store/apps/details?id=com.jumia.android&hl=en&gl=ng
8a7388f6-24c9-43bd-8ede-6270c3682dec,Jumia,it's ok,4,2026-07-31,Google Play,Customer Review,https://play.google.com/store/apps/details?id=com.jumia.android&hl=en&gl=ng
00f139f5-6e57-47f1-bbe4-2d2f4aee5be0,Jumia,Have a variety of quality product and I think it's should be the 1st🥇🏅🎖🏆 most rated app in the commerce industry,5,2026-07-31,Google Play,Customer Review,https://play.google.com/store/apps/details?id=com.jumia.android&hl=en&gl=ng
0632e964-eb3b-4124-a8b0-9a4f28e7b13e,Jumia,trusted and reliable,1,2026-07-31,Google Play,Customer Review,https://play.google.com/store/apps/details?id=com.jumia.android&hl=en&gl=ng
b1e837ef-014e-40c6-a407-39638850ba91,Jumia,reliable,5,2026-07-31,Google Play,Customer Review,https://play.google.com/store/apps/details?id=com.jumia.android&hl=en&gl=ng
21b8192e-6037-4f34-ab5f-069cd89bce30,Jumia,Good deal,4,2026-07-31,Google Play,Customer Review,https://play.google.com/store/apps/details?id=com.jumia.android&hl=en&gl=ng
f1a0965b-8207-4ea6-a7e9-84a2a3d29561,Jumia,So Good,5,2026-07-31,Google Play,Customer Review,https://play.google.com/store/apps/details?id=com.jumia.android&hl=en&gl=ng
024b1db7-78c6-4cf5-b59b-94929b786838,Jumia,I can't search for anything.,1,2026-07-31,Google Play,Customer Review,https://play.google.com/store/apps/details?id=com.jumia.android&hl=en&gl=ng
838da0d8-03a8-4244-91a4-bb1f097036b1,Jumia,amazing 👏,5,2026-07-31,Google Play,Customer Review,https://play.google.com/store/apps/details?id=com.jumia.android&hl=en&gl=ng
bda4a086-cdd1-4f03-b9c2-952ef8bcd86c,Jumia,unbelievable,5,2026-07-31,Google Play,Customer Review,https://play.google.com/store/apps/details?id=com.jumia.android&hl=en&gl=ng
926c34c8-ad86-4219-b5b0-4aeeff0f8d85,Jumia,very super online marketplace,1,2026-07-31,Google Play,Customer Review,https://play.google.com/store/apps/details?id=com.jumia.android&hl=en&gl=ng
691d6605-4ada-4bc1-9d48-e4b7112c1fff,Jumia,I have never get something like this before,5,2026-07-31,Google Play,Customer Review,https://play.google.com/store/apps/details?id=com.jumia.android&hl=en&gl=ng
8aac4f7c-f6a5-479f-b49d-6bf98150689a,Jumia,Fast and Reliable,5,2026-07-31,Google Play,Customer Review,https://play.google.com/store/apps/details?id=com.jumia.android&hl=en&gl=ng
2b58f55e-1f9f-4dca-8e66-2138389e76c1,Jumia,it is effective,4,2026-07-31,Google Play,Customer Review,https://play.google.com/store/apps/details?id=com.jumia.android&hl=en&gl=ng
2ab1e519-aecc-4925-b28c-d62eecb0e68f,Jumia,nice experience. Jumia team keep it up,5,2026-07-31,Google Play,Customer Review,https://play.google.com/store/apps/details?id=com.jumia.android&hl=en&gl=ng
6bfa5ce3-ab21-4560-b43b-13bd6c51332e,Jumia,best delivery platform for all kinds of things you want to buy online,5,2026-07-31,Google Play,Customer Review,https://play.google.com/store/apps/details?id=com.jumia.android&hl=en&gl=ng
92f47137-99a6-4f92-a993-065bbc505f4f,Jumia,slow delivery,4,2026-07-31,Google Play,Customer Review,https://play.google.com/store/apps/details?id=com.jumia.android&hl=en&gl=ng
bdf59b9f-4f04-46e4-968b-d72ea3c7e531,Jumia,"cool and pia ni kitu ya kuamini,,,they are the best 👌",5,2026-07-31,Google Play,Customer Review,https://play.google.com/store/apps/details?id=com.jumia.android&hl=en&gl=ng
32cf93f9-db23-4ebf-93bc-e9cbdd32159d,Jumia,Great experience,5,2026-07-31,Google Play,Customer Review,https://play.google.com/store/apps/details?id=com.jumia.android&hl=en&gl=ng
10bbeeb0-524f-4c8f-b85b-78d540ab77ba,Jumia,besr,3,2026-07-31,Google Play,Customer Review,https://play.google.com/store/apps/details?id=com.jumia.android&hl=en&gl=ng
e375f825-af32-4508-ad09-f45a215c939e,Jumia,very good,5,2026-07-31,Google Play,Customer Review,https://play.google.com/store/apps/details?id=com.jumia.android&hl=en&gl=ng
e13a4b53-0b2c-4cdf-90b5-2a0bebaa2c63,Jumia,"Jumia is one of the best online stores in Nigeria, also sincere with returns.",3,2026-07-31,Google Play,Customer Review,https://play.google.com/store/apps/details?id=com.jumia.android&hl=en&gl=ng
0b672025-ffac-42c0-8b10-cacc0e78a715,Jumia,"This is the best app to shop with,,delivery is done on time and is so convenient💪💪.",5,2026-07-31,Google Play,Customer Review,https://play.google.com/store/apps/details?id=com.jumia.android&hl=en&gl=ng
584644f3-da26-4a24-95ea-0d7c0efc22df,Jumia,safe and fast,3,2026-07-31,Google Play,Customer Review,https://play.google.com/store/apps/details?id=com.jumia.android&hl=en&gl=ng
2fdf5f56-bec0-4172-a75e-6b2809962ea8,Jumia,This app is the best app ever,5,2026-07-31,Google Play,Customer Review,https://play.google.com/store/apps/details?id=com.jumia.android&hl=en&gl=ng
8172f02a-857f-44d3-b323-e41e369136a5,Jumia,great and excellent,5,2026-07-31,Google Play,Customer Review,https://play.google.com/store/apps/details?id=com.jumia.android&hl=en&gl=ng
8dbeb44e-27e8-499c-9ba9-4186c4066776,Jumia,the best online market,2,2026-07-30,Google Play,Customer Review,https://play.google.com/store/apps/details?id=com.jumia.android&hl=en&gl=ng
0dfc4dd6-dbbb-4301-9314-369843b66da4,Jumia,Good,4,2026-07-30,Google Play,Customer Review,https://play.google.com/store/apps/details?id=com.jumia.android&hl=en&gl=ng
a123310d-7261-4250-b4cb-4ec4aa3f9bd3,Jumia,it Is really easy to order and they deliver great quality product,4,2026-07-30,Google Play,Customer Review,https://play.google.com/store/apps/details?id=com.jumia.android&hl=en&gl=ng
9df7882e-4972-48aa-96a2-de7265d1cde4,Jumia,save place for your business,5,2026-07-30,Google Play,Customer Review,https://play.google.com/store/apps/details?id=com.jumia.android&hl=en&gl=ng
3bdb08f7-6b7c-4114-9a86-c03afd96f3a1,Jumia,Easy and user friendly app. kudos Jumia team,4,2026-07-30,Google Play,Customer Review,https://play.google.com/store/apps/details?id=com.jumia.android&hl=en&gl=ng
f02e5683-0c60-4f42-9960-a668bbb549c7,Jumia,jumia is the best,1,2026-07-30,Google Play,Customer Review,https://play.google.com/store/apps/details?id=com.jumia.android&hl=en&gl=ng
456f4cd5-1d82-48a0-96ab-43e5b866bf38,Jumia,Reliable and trustworthy,5,2026-07-30,Google Play,Customer Review,https://play.google.com/store/apps/details?id=com.jumia.android&hl=en&gl=ng
2363f73e-d8ba-4d47-b3b4-08ab08af85f4,Jumia,perfect 👌,5,2026-07-30,Google Play,Customer Review,https://play.google.com/store/apps/details?id=com.jumia.android&hl=en&gl=ng
688db705-daa9-4459-ba5d-d202df386c2a,Jumia,jumia is so reliable compare to others kudus to you....,1,2026-07-30,Google Play,Customer Review,https://play.google.com/store/apps/details?id=com.jumia.android&hl=en&gl=ng
420c3d1d-380e-4e19-9c98-f0759e78a7ee,Jumia,a good place to shop,4,2026-07-30,Google Play,Customer Review,https://play.google.com/store/apps/details?id=com.jumia.android&hl=en&gl=ng
9d192886-e876-47f6-bc20-673ecbd066e6,Jumia,Good and trusted partners🙏🙏🙏🫂🫂🫂,5,2026-07-30,Google Play,Customer Review,https://play.google.com/store/apps/details?id=com.jumia.android&hl=en&gl=ng
cf4ed16b-291a-4e6d-badc-569c7dcef625,Jumia,your products are of good qualities and arrive in time as stated. am glad to order from you and I advise my fellows to do the same.,1,2026-07-30,Google Play,Customer Review,https://play.google.com/store/apps/details?id=com.jumia.android&hl=en&gl=ng
76d46528-2381-4ddd-978d-6e4084ca4222,Jumia,the delivery amount is much,3,2026-07-30,Google Play,Customer Review,https://play.google.com/store/apps/details?id=com.jumia.android&hl=en&gl=ng
2f65766a-a7da-4c1b-8aef-96b52d79f1d3,Jumia,excellent service delivery. I had faced a delay in delivery. messaged their call centre through WhatsApp and they were so kind to apologize for the late delay and within few minutes my delivery came. kudos to customer service very compassionate set of individuals 👏🏻👏🏻👏🏻,5,2026-07-30,Google Play,Customer Review,https://play.google.com/store/apps/details?id=com.jumia.android&hl=en&gl=ng
01345a3f-583b-4d20-a279-1477ba2c5278,Jumia,nice app and I would like to suggest that the delivery price should be reduced also,5,2026-07-30,Google Play,Customer Review,https://play.google.com/store/apps/details?id=com.jumia.android&hl=en&gl=ng
6ae0d6f0-dd2f-4326-b6b5-bea3f50d32b5,Jumia,all go. in as much as I can return the product if I don't like it when it comes.,5,2026-07-30,Google Play,Customer Review,https://play.google.com/store/apps/details?id=com.jumia.android&hl=en&gl=ng
03d0d722-434b-476b-aa31-1a07a169a2ca,Jumia,At first I was skeptical about your services but now I'm fully in support.,5,2026-07-30,Google Play,Customer Review,https://play.google.com/store/apps/details?id=com.jumia.android&hl=en&gl=ng
cf200e89-531b-409a-9370-cfc3d1578a49,Jumia,I don't really have personal review to give for now maybe after delivery then I will have words but for the ordering isim super easy no stress no panic at all and the payment on delivery makes it understand that is not a scam 👍🏽,2,2026-07-30,Google Play,Customer Review,https://play.google.com/store/apps/details?id=com.jumia.android&hl=en&gl=ng
a7eb0da5-3c60-4eac-aa82-1d6cf9f93176,Jumia,nice one.,3,2026-07-30,Google Play,Customer Review,https://play.google.com/store/apps/details?id=com.jumia.android&hl=en&gl=ng
425918c9-5054-4368-9bfa-a40d3dbd9e18,Jumia,"it's an amazing app, would really recommend it",1,2026-07-30,Google Play,Customer Review,https://play.google.com/store/apps/details?id=com.jumia.android&hl=en&gl=ng
e8964050-0634-4177-845c-1c6cfd247325,Jumia,good,5,2026-07-30,Google Play,Customer Review,https://play.google.com/store/apps/details?id=com.jumia.android&hl=en&gl=ng
86a46aaf-02c7-457c-83b1-e377964efdfe,Jumia,"the app is not bad, I love it coz I pay after seeing the goods🙂🙂",2,2026-07-30,Google Play,Customer Review,https://play.google.com/store/apps/details?id=com.jumia.android&hl=en&gl=ng
e5fe1d4f-4a9a-46e4-8ff5-11dcc88bcb80,Jumia,excellent,5,2026-07-30,Google Play,Customer Review,https://play.google.com/store/apps/details?id=com.jumia.android&hl=en&gl=ng
55c486f1-d8e4-4b3d-97a6-90c83b199904,Jumia,you deliver what ordered👌,4,2026-07-30,Google Play,Customer Review,https://play.google.com/store/apps/details?id=com.jumia.android&hl=en&gl=ng
b16030cf-3f77-48c3-9ccf-f8b7e06350a0,Jumia,good,5,2026-07-30,Google Play,Customer Review,https://play.google.com/store/apps/details?id=com.jumia.android&hl=en&gl=ng
610bd922-a3be-4e02-a3d9-1114ea1943f3,Jumia,good,4,2026-07-30,Google Play,Customer Review,https://play.google.com/store/apps/details?id=com.jumia.android&hl=en&gl=ng
6f7204d5-341a-4f85-88cb-aace27bf6538,Jumia,Good app and what you see here is what you will get,5,2026-07-30,Google Play,Customer Review,https://play.google.com/store/apps/details?id=com.jumia.android&hl=en&gl=ng
15517034-5540-4f7f-bb19-893772a4e3a5,Jumia,Good app for shopping,4,2026-07-30,Google Play,Customer Review,https://play.google.com/store/apps/details?id=com.jumia.android&hl=en&gl=ng
7148ddd3-3919-49b0-aea0-ae1899b16000,Jumia,good but sometimes the package are not being put altogether some parts will be missing 😠😠😠😠,5,2026-07-30,Google Play,Customer Review,https://play.google.com/store/apps/details?id=com.jumia.android&hl=en&gl=ng
3b7b205a-fb6f-4504-8720-5f97004eea1e,Jumia,"I wish I could give zero star, I would have done that, how can you deliver rubbish to me and refuse to collect it back, scammed me of my money!",1,2026-07-30,Google Play,Customer Review,https://play.google.com/store/apps/details?id=com.jumia.android&hl=en&gl=ng
01cc4de5-60d0-4fb4-a959-5efab3f44f08,Jumia,very good app to use,5,2026-07-30,Google Play,Customer Review,https://play.google.com/store/apps/details?id=com.jumia.android&hl=en&gl=ng
62e47d4a-015a-451f-873a-d60af0625d89,Jumia,jumia is the best in Nigeria,5,2026-07-30,Google Play,Customer Review,https://play.google.com/store/apps/details?id=com.jumia.android&hl=en&gl=ng
ff77fa37-d7be-47e4-a81c-27ef1ca5ed24,Jumia,jumia is the best 👍,5,2026-07-30,Google Play,Customer Review,https://play.google.com/store/apps/details?id=com.jumia.android&hl=en&gl=ng
02c18012-5aee-4db5-a960-2482ebe9a036,Jumia,ok,5,2026-07-30,Google Play,Customer Review,https://play.google.com/store/apps/details?id=com.jumia.android&hl=en&gl=ng
79d82da6-2567-4b9c-b08b-5511d3283a49,Jumia,good 👍,5,2026-07-30,Google Play,Customer Review,https://play.google.com/store/apps/details?id=com.jumia.android&hl=en&gl=ng
961c1827-34de-4a19-a1e9-fee31d9816e6,Jumia,seamless,5,2026-07-30,Google Play,Customer Review,https://play.google.com/store/apps/details?id=com.jumia.android&hl=en&gl=ng
f1822be1-8845-4bd3-b5c4-9ca83ad8629e,Jumia,good app,4,2026-07-30,Google Play,Customer Review,https://play.google.com/store/apps/details?id=com.jumia.android&hl=en&gl=ng
9456a977-c90f-4c8b-8d35-4b6e42adca62,Jumia,good 👍👍👍,5,2026-07-30,Google Play,Customer Review,https://play.google.com/store/apps/details?id=com.jumia.android&hl=en&gl=ng
323085a7-6442-41e6-b0a9-52243eff5dbd,Jumia,this app is the worst app on play store my experience with this people is hell I can't say it but I do not recommend you to order from them💔,1,2026-07-30,Google Play,Customer Review,https://play.google.com/store/apps/details?id=com.jumia.android&hl=en&gl=ng
05224c15-3090-4297-9104-4b73bb531fa6,Jumia,This app is useful they just stress me they promised me 2k if I like there products and they did not give me so if u get any message like that pls ignore,1,2026-07-30,Google Play,Customer Review,https://play.google.com/store/apps/details?id=com.jumia.android&hl=en&gl=ng
6a746fca-584f-4d35-a995-099cf36bec90,Jumia,the best online shopping site but the app is always glitchy,3,2026-07-30,Google Play,Customer Review,https://play.google.com/store/apps/details?id=com.jumia.android&hl=en&gl=ng
04b1f979-bdad-453b-9ebb-a962ad071f44,Jumia,a great space to order easily without stress,3,2026-07-30,Google Play,Customer Review,https://play.google.com/store/apps/details?id=com.jumia.android&hl=en&gl=ng
b166be5f-f37d-4ef4-a4a6-5dfd1ef5feac,Jumia,nice app,3,2026-07-30,Google Play,Customer Review,https://play.google.com/store/apps/details?id=com.jumia.android&hl=en&gl=ng
d726f8df-e75f-45c2-92a8-4d54e872d24f,Jumia,nice work,5,2026-07-30,Google Play,Customer Review,https://play.google.com/store/apps/details?id=com.jumia.android&hl=en&gl=ng
74ef5552-a583-4f96-99ca-add920c274d7,Jumia,reliable,5,2026-07-30,Google Play,Customer Review,https://play.google.com/store/apps/details?id=com.jumia.android&hl=en&gl=ng
3620479c-f1cf-4b75-bf44-de9556d47a07,Jumia,good,4,2026-07-30,Google Play,Customer Review,https://play.google.com/store/apps/details?id=com.jumia.android&hl=en&gl=ng
af88d222-6e55-46a8-834d-237be7d6fe0f,Jumia,Good in quick delivery.,5,2026-07-30,Google Play,Customer Review,https://play.google.com/store/apps/details?id=com.jumia.android&hl=en&gl=ng
2144a9f7-8ea7-4c99-95b8-3f93209f4139,Jumia,great,5,2026-07-30,Google Play,Customer Review,https://play.google.com/store/apps/details?id=com.jumia.android&hl=en&gl=ng
54b49389-7ad7-45ac-b31c-87cebab33d90,Jumia,lovely 😍,5,2026-07-30,Google Play,Customer Review,https://play.google.com/store/apps/details?id=com.jumia.android&hl=en&gl=ng
19474d71-69f4-4617-8ab1-8750d9e3390a,Jumia,mwa3idhom te2reff,1,2026-07-30,Google Play,Customer Review,https://play.google.com/store/apps/details?id=com.jumia.android&hl=en&gl=ng
5cb840f9-60ae-48e2-bd14-5b2c3a947a80,Jumia,jumia is the best selling platform I have seen so far,5,2026-07-30,Google Play,Customer Review,https://play.google.com/store/apps/details?id=com.jumia.android&hl=en&gl=ng
86a13d37-3e82-487e-b80d-3c106f2ef466,Jumia,Good,5,2026-07-30,Google Play,Customer Review,https://play.google.com/store/apps/details?id=com.jumia.android&hl=en&gl=ng
296c876c-02c9-49fc-a27e-ebfbffa9edeb,Jumia,great job,5,2026-07-30,Google Play,Customer Review,https://play.google.com/store/apps/details?id=com.jumia.android&hl=en&gl=ng
dcf021ab-27d4-42f1-99c2-37d16bde3834,Jumia,Excellent 👌,5,2026-07-30,Google Play,Customer Review,https://play.google.com/store/apps/details?id=com.jumia.android&hl=en&gl=ng
63d27b6b-32dd-47f9-949a-4da0b9cfff07,Jumia,fast and reliable,5,2026-07-30,Google Play,Customer Review,https://play.google.com/store/apps/details?id=com.jumia.android&hl=en&gl=ng
1fdf1615-2690-499f-be55-e4d22f172537,Jumia,"The app always loose network i don't know if it's my phone or not but whenever i use any browser it always work, so Jumia work on your app",1,2026-07-30,Google Play,Customer Review,https://play.google.com/store/apps/details?id=com.jumia.android&hl=en&gl=ng
d6e0154d-670e-41b1-b09c-8d938f6896f5,Jumia,stable and friendly app,5,2026-07-30,Google Play,Customer Review,https://play.google.com/store/apps/details?id=com.jumia.android&hl=en&gl=ng
8bcf1090-a9dd-4ba3-9988-567bb3e9358f,Jumia,let me receive my goods first,5,2026-07-30,Google Play,Customer Review,https://play.google.com/store/apps/details?id=com.jumia.android&hl=en&gl=ng
6b53bbb2-3120-46dd-a9c6-0a8d094f9e0e,Jumia,i will tell my family and friends,5,2026-07-30,Google Play,Customer Review,https://play.google.com/store/apps/details?id=com.jumia.android&hl=en&gl=ng
5058e5be-e9d2-47bf-8ee8-5ecc1074af84,Jumia,The deliver driver was polite easy to verify and the product is wonderful love it ❤. 5 STARS!!,5,2026-07-30,Google Play,Customer Review,https://play.google.com/store/apps/details?id=com.jumia.android&hl=en&gl=ng
31ee9b01-8f29-46d1-b9c9-6c0f76f36df5,Jumia,"Seamless,just do well to deliver a quality stuff.",5,2026-07-30,Google Play,Customer Review,https://play.google.com/store/apps/details?id=com.jumia.android&hl=en&gl=ng
7a963c27-ec04-4ca2-b714-1b7c1bb4fca5,Jumia,excellent 😊,5,2026-07-30,Google Play,Customer Review,https://play.google.com/store/apps/details?id=com.jumia.android&hl=en&gl=ng
31f282d5-c411-4d0d-9775-1faed1a8fa0a,Jumia,Good,5,2026-07-30,Google Play,Customer Review,https://play.google.com/store/apps/details?id=com.jumia.android&hl=en&gl=ng
f730418a-8dc5-4739-bad8-f1acb1ec8c5f,Jumia,don't be cheated any more within the chain of distribution,5,2026-07-30,Google Play,Customer Review,https://play.google.com/store/apps/details?id=com.jumia.android&hl=en&gl=ng
1d7c8c4a-5414-406b-aacf-521f4fbac8a8,Jumia,Cool,5,2026-07-30,Google Play,Customer Review,https://play.google.com/store/apps/details?id=com.jumia.android&hl=en&gl=ng
af00a214-4540-4f2f-bb8d-589512816dc4,Jumia,I love this app it helps in purchasing goods at home,5,2026-07-30,Google Play,Customer Review,https://play.google.com/store/apps/details?id=com.jumia.android&hl=en&gl=ng
6c900d07-dd88-4493-b424-9a1208dc44de,Jumia,Fast and reliable 💯,5,2026-07-30,Google Play,Customer Review,https://play.google.com/store/apps/details?id=com.jumia.android&hl=en&gl=ng
8bb6b107-cb40-4068-94a3-b5a24b090e6d,Jumia,very fast reliable nd convenient,5,2026-07-30,Google Play,Customer Review,https://play.google.com/store/apps/details?id=com.jumia.android&hl=en&gl=ng
b5747597-4e41-4b20-9e9c-14e274fecc56,Jumia,good app,5,2026-07-30,Google Play,Customer Review,https://play.google.com/store/apps/details?id=com.jumia.android&hl=en&gl=ng
61f974e6-6b3a-4272-82ce-f9ffccf77bf5,Jumia,"Why this poor update? I can't access some things, please fix this!",2,2026-07-30,Google Play,Customer Review,https://play.google.com/store/apps/details?id=com.jumia.android&hl=en&gl=ng
b321a674-930c-47f1-b50f-3773c02009f4,Jumia,very good app for purchasing your needs,4,2026-07-30,Google Play,Customer Review,https://play.google.com/store/apps/details?id=com.jumia.android&hl=en&gl=ng
00687121-22dc-417f-97ec-baf8de588d13,Jumia,"it's beautiful, thank you jumia",5,2026-07-30,Google Play,Customer Review,https://play.google.com/store/apps/details?id=com.jumia.android&hl=en&gl=ng
a79283d7-89d3-44a9-a27c-47f3b392e8ef,Jumia,some things are high here,1,2026-07-30,Google Play,Customer Review,https://play.google.com/store/apps/details?id=com.jumia.android&hl=en&gl=ng
8e16b979-4527-472e-90c6-864899b3696c,Jumia,good,4,2026-07-30,Google Play,Customer Review,https://play.google.com/store/apps/details?id=com.jumia.android&hl=en&gl=ng
a52d15ec-8d7e-4306-a782-681f6ce8fe9b,Jumia,this is the best app to get whatever you want to buy that I've ever seen,5,2026-07-30,Google Play,Customer Review,https://play.google.com/store/apps/details?id=com.jumia.android&hl=en&gl=ng
794ab4ef-8912-48b0-873e-c306cb9e7baf,Jumia,amazing marketing. everything you can ever need conveniently delivered to you,5,2026-07-30,Google Play,Customer Review,https://play.google.com/store/apps/details?id=com.jumia.android&hl=en&gl=ng
a7ab0c15-900d-4bb1-bab3-9c480f554c49,Jumia,great 👍,4,2026-07-30,Google Play,Customer Review,https://play.google.com/store/apps/details?id=com.jumia.android&hl=en&gl=ng
ac687274-1bd0-454b-a82e-13ecbfba7083,Jumia,excellent,5,2026-07-30,Google Play,Customer Review,https://play.google.com/store/apps/details?id=com.jumia.android&hl=en&gl=ng
6d0c842b-021f-41db-b432-ba3de5d44031,Jumia,I love it is the best,5,2026-07-30,Google Play,Customer Review,https://play.google.com/store/apps/details?id=com.jumia.android&hl=en&gl=ng
5a76e050-ba51-4e8b-9b1c-9c45590566b0,Jumia,Delivery takes too many Days...,4,2026-07-30,Google Play,Customer Review,https://play.google.com/store/apps/details?id=com.jumia.android&hl=en&gl=ng
0d07f42f-3312-4ba4-914f-fc77e5e4ada1,Jumia,"a little bit good,needed to be improved thanks",5,2026-07-30,Google Play,Customer Review,https://play.google.com/store/apps/details?id=com.jumia.android&hl=en&gl=ng
1f8b529b-f1cd-4ae6-9535-0f21552d5e5b,Jumia,I don' know what's wrong with this app. when you search an item in the search bar it says ' sorry we couldn't load this content' yet the item is there. Please work on the algorithm of your app.,1,2026-07-30,Google Play,Customer Review,https://play.google.com/store/apps/details?id=com.jumia.android&hl=en&gl=ng
a437c6c2-67cc-4bb8-9301-28ef69a97525,Jumia,Good services,5,2026-07-30,Google Play,Customer Review,https://play.google.com/store/apps/details?id=com.jumia.android&hl=en&gl=ng
31403b2b-4bbc-4708-aa6f-7b43ce948319,Jumia,Easy to order. I look forward to receiving the product at appointed date,5,2026-07-30,Google Play,Customer Review,https://play.google.com/store/apps/details?id=com.jumia.android&hl=en&gl=ng
3063c1e5-a280-45ce-843a-620903060484,Jumia,good,5,2026-07-30,Google Play,Customer Review,https://play.google.com/store/apps/details?id=com.jumia.android&hl=en&gl=ng
208c2cf0-1a1f-4e83-99f8-537746ae54b7,Jumia,"onboarding in the app is difficult, the site is always down or too slow that my browser timed out",2,2026-07-30,Google Play,Customer Review,https://play.google.com/store/apps/details?id=com.jumia.android&hl=en&gl=ng
fe915075-8eac-4fd9-8196-2f4462d4f9ec,Jumia,nice and easy,5,2026-07-30,Google Play,Customer Review,https://play.google.com/store/apps/details?id=com.jumia.android&hl=en&gl=ng
34bc4f0c-f72b-4442-bda0-85f8d26a5700,Jumia,Excellent,5,2026-07-30,Google Play,Customer Review,https://play.google.com/store/apps/details?id=com.jumia.android&hl=en&gl=ng
4e9e8fb7-bdda-4e57-b8d9-6e264740d3c6,Jumia,it nice 👍,5,2026-07-30,Google Play,Customer Review,https://play.google.com/store/apps/details?id=com.jumia.android&hl=en&gl=ng
7f7051ef-cc19-4fe5-a943-da868330c454,Jumia,jumia is the best way of shooping,3,2026-07-30,Google Play,Customer Review,https://play.google.com/store/apps/details?id=com.jumia.android&hl=en&gl=ng
0df2c3b0-415c-4733-8e58-f389a4660529,Jumia,the best app,5,2026-07-30,Google Play,Customer Review,https://play.google.com/store/apps/details?id=com.jumia.android&hl=en&gl=ng
53b7aba1-c963-4e3b-980b-a4ccb600b884,Jumia,good,4,2026-07-30,Google Play,Customer Review,https://play.google.com/store/apps/details?id=com.jumia.android&hl=en&gl=ng
c9a5f66a-a425-403d-8702-bc44820ba192,Jumia,Nice,5,2026-07-30,Google Play,Customer Review,https://play.google.com/store/apps/details?id=com.jumia.android&hl=en&gl=ng
8bd51368-1783-40b2-8ff9-d34d3909c971,Jumia,Continue improving more and exceed customers expectations,5,2026-07-30,Google Play,Customer Review,https://play.google.com/store/apps/details?id=com.jumia.android&hl=en&gl=ng
8c550e74-dcaf-49e5-a0c4-33d0b8093470,Jumia,good,3,2026-07-30,Google Play,Customer Review,https://play.google.com/store/apps/details?id=com.jumia.android&hl=en&gl=ng
0cf4543c-2c46-45f1-b71d-0d44671f4f43,Jumia,excellent,5,2026-07-30,Google Play,Customer Review,https://play.google.com/store/apps/details?id=com.jumia.android&hl=en&gl=ng
502eec1d-4a57-4252-9a8c-dfd74a9e087f,Jumia,it easy for everyone,5,2026-07-30,Google Play,Customer Review,https://play.google.com/store/apps/details?id=com.jumia.android&hl=en&gl=ng
f27a1a4e-b808-4131-b719-f864438ec394,Jumia,the best delivery 👌,5,2026-07-30,Google Play,Customer Review,https://play.google.com/store/apps/details?id=com.jumia.android&hl=en&gl=ng
bffa28cd-a4b7-4b73-8a97-56b88f6539d7,Jumia,Best online store,5,2026-07-30,Google Play,Customer Review,https://play.google.com/store/apps/details?id=com.jumia.android&hl=en&gl=ng
93539659-674b-4a5a-be69-132ad2ffd4f8,Jumia,best,5,2026-07-30,Google Play,Customer Review,https://play.google.com/store/apps/details?id=com.jumia.android&hl=en&gl=ng
6a497542-bcfe-4428-9729-23bf2d4a3e34,Jumia,good user interface,4,2026-07-30,Google Play,Customer Review,https://play.google.com/store/apps/details?id=com.jumia.android&hl=en&gl=ng
86205496-e732-4900-80b5-4719bd529340,Jumia,nice app,5,2026-07-29,Google Play,Customer Review,https://play.google.com/store/apps/details?id=com.jumia.android&hl=en&gl=ng
99f45eb1-facc-4845-8f1d-d7d2a087af6c,Jumia,jumia is good to being using,5,2026-07-29,Google Play,Customer Review,https://play.google.com/store/apps/details?id=com.jumia.android&hl=en&gl=ng
0c2fc1ff-7506-4b54-babd-b6c3dab2510e,Jumia,"the advert is killing, must it be compulsory?",1,2026-07-29,Google Play,Customer Review,https://play.google.com/store/apps/details?id=com.jumia.android&hl=en&gl=ng
58fb0621-5898-47ed-9c6f-998a0b3ea4a9,Jumia,Excellent customer service,5,2026-07-29,Google Play,Customer Review,https://play.google.com/store/apps/details?id=com.jumia.android&hl=en&gl=ng
03cfaced-06cb-46b9-8914-11507460d2c6,Jumia,give discount more frequently,5,2026-07-29,Google Play,Customer Review,https://play.google.com/store/apps/details?id=com.jumia.android&hl=en&gl=ng
714a343a-680b-47ca-8d2f-f9301c14f73a,Jumia,Its convenient and supercool,5,2026-07-29,Google Play,Customer Review,https://play.google.com/store/apps/details?id=com.jumia.android&hl=en&gl=ng
45bb20c2-cca4-4285-9135-102050cd3c61,Jumia,every shopping experience has been wonderful. large and small orders are simple and convenient 💓,5,2026-07-29,Google Play,Customer Review,https://play.google.com/store/apps/details?id=com.jumia.android&hl=en&gl=ng
1b6e86eb-ae76-4b37-afdb-5566b0319dc6,Jumia,when it comes to online shopping jumia is the best app that I know,5,2026-07-29,Google Play,Customer Review,https://play.google.com/store/apps/details?id=com.jumia.android&hl=en&gl=ng
b172c492-cf47-47ab-8264-7fc7531b944f,Jumia,the things are very gud and it excellent,5,2026-07-29,Google Play,Customer Review,https://play.google.com/store/apps/details?id=com.jumia.android&hl=en&gl=ng
df2c2ea8-88ce-4087-a881-04e7cfe21f31,Jumia,"Easy to use but please you should improve your site, it keeps deleting my carts and replace it back again, still the best and reliable",5,2026-07-29,Google Play,Customer Review,https://play.google.com/store/apps/details?id=com.jumia.android&hl=en&gl=ng
40ef5bb5-a747-4be8-89cd-505aaafe5e73,Jumia,your things are good but just make it a bit bigger,5,2026-07-29,Google Play,Customer Review,https://play.google.com/store/apps/details?id=com.jumia.android&hl=en&gl=ng
47ba8b4c-6fff-450a-96ca-3e9d1b2762eb,Jumia,good,4,2026-07-29,Google Play,Customer Review,https://play.google.com/store/apps/details?id=com.jumia.android&hl=en&gl=ng
44ed0fad-0903-43b1-8ad2-63a8c2673310,Jumia,it's a reliable app store,5,2026-07-29,Google Play,Customer Review,https://play.google.com/store/apps/details?id=com.jumia.android&hl=en&gl=ng
4498c121-8f4c-426a-8075-579e6f1a369d,Jumia,nice 👍,5,2026-07-29,Google Play,Customer Review,https://play.google.com/store/apps/details?id=com.jumia.android&hl=en&gl=ng
564f9c11-850b-4473-896f-f4725346a25f,Jumia,nice Easy Promising,4,2026-07-29,Google Play,Customer Review,https://play.google.com/store/apps/details?id=com.jumia.android&hl=en&gl=ng
e4fed07a-47c8-489a-a7d9-9a2e95866a9d,Jumia,"The shipping fess are outrageous. How can you order something and the shipping fee is equivalent or more than the price of everything you purchased. orders above 150, delivery is free but shipping fee is not?? come on...",2,2026-07-29,Google Play,Customer Review,https://play.google.com/store/apps/details?id=com.jumia.android&hl=en&gl=ng
1014b474-e276-41f4-b07c-3cb616b00037,Jumia,❤️❤️,5,2026-07-29,Google Play,Customer Review,https://play.google.com/store/apps/details?id=com.jumia.android&hl=en&gl=ng
83054796-59b9-400c-a23b-70077d299067,Jumia,fantastic,5,2026-07-29,Google Play,Customer Review,https://play.google.com/store/apps/details?id=com.jumia.android&hl=en&gl=ng
8b0f5d9b-d358-4015-b83b-c7c4bbe159ae,Jumia,Jumia is an excellent shopping platform,5,2026-07-29,Google Play,Customer Review,https://play.google.com/store/apps/details?id=com.jumia.android&hl=en&gl=ng
c6189ff9-1d91-4bd5-a44c-210814be1c75,Jumia,very nice and good,5,2026-07-29,Google Play,Customer Review,https://play.google.com/store/apps/details?id=com.jumia.android&hl=en&gl=ng
fdeeafc7-c49c-4282-afd6-4c81726ed501,Jumia,good app,5,2026-07-29,Google Play,Customer Review,https://play.google.com/store/apps/details?id=com.jumia.android&hl=en&gl=ng
e9c7a9ad-755d-4216-b80f-36d2147e0a1b,Jumia,I love jumia,5,2026-07-29,Google Play,Customer Review,https://play.google.com/store/apps/details?id=com.jumia.android&hl=en&gl=ng
adb29ce2-5d5a-4696-8c8d-e1337735a894,Jumia,excellent,5,2026-07-29,Google Play,Customer Review,https://play.google.com/store/apps/details?id=com.jumia.android&hl=en&gl=ng
3f9e789f-ac91-4eac-870e-8dfcbaf7246d,Jumia,"let me receive my order first, I'll be back",5,2026-07-29,Google Play,Customer Review,https://play.google.com/store/apps/details?id=com.jumia.android&hl=en&gl=ng
63113b6d-72d3-403c-8b4f-a77058779479,Jumia,good,3,2026-07-29,Google Play,Customer Review,https://play.google.com/store/apps/details?id=com.jumia.android&hl=en&gl=ng
aeaeced2-e0f7-4ee0-9fd2-936608588132,Jumia,this company is very effective and trust-wordy.,4,2026-07-29,Google Play,Customer Review,https://play.google.com/store/apps/details?id=com.jumia.android&hl=en&gl=ng
a06188a2-6538-4cc9-ab43-74d0a673404f,Jumia,I can't login on the app. please fix this,3,2026-07-29,Google Play,Customer Review,https://play.google.com/store/apps/details?id=com.jumia.android&hl=en&gl=ng
