id,brand,text,rating,date,source,source_type,url
c8fe668a-8db7-42a9-8427-151c8bba1a0c,OPay,love this app please don't change,5,2026-09-12,Google Play,Customer Review,https://play.google.com/store/apps/details?id=team.opay.pay&hl=en&gl=ng
291fcd9f-04a0-4763-abc2-69dcf1ace527,OPay,not good for liken,2,2026-09-12,Google Play,Customer Review,https://play.google.com/store/apps/details?id=team.opay.pay&hl=en&gl=ng
e7bcafdd-cb85-4e81-99b7-f51193010fb0,OPay,wow,5,2026-09-12,Google Play,Customer Review,https://play.google.com/store/apps/details?id=team.opay.pay&hl=en&gl=ng
c3e7167a-f79c-4f5e-ba8d-6e6227f5556f,OPay,better,5,2026-09-12,Google Play,Customer Review,https://play.google.com/store/apps/details?id=team.opay.pay&hl=en&gl=ng
b80db909-c38f-472f-8f3f-477ff2b83e70,OPay,Too good fr,5,2026-10-02,Google Play,Customer Review,https://play.google.com/store/apps/details?id=team.opay.pay&hl=en&gl=ng
3472ed79-bc56-4984-a3d8-942533fef25e,OPay,lawali aliyu,5,2026-10-02,Google Play,Customer Review,https://play.google.com/store/apps/details?id=team.opay.pay&hl=en&gl=ng
7092b91f-b367-4987-b918-97b5ed1908d4,OPay,"it is easy to navigate and has a user-friendly design, and the colour choice is amazing.",5,2026-10-02,Google Play,Customer Review,https://play.google.com/store/apps/details?id=team.opay.pay&hl=en&gl=ng
ce92d5d0-941e-4df3-a05f-6a6fc49d3e8e,OPay,joseph ogba,5,2026-10-02,Google Play,Customer Review,https://play.google.com/store/apps/details?id=team.opay.pay&hl=en&gl=ng
ad0760ec-4a9b-43be-a8e7-38b9657e247c,OPay,sweet,5,2026-10-02,Google Play,Customer Review,https://play.google.com/store/apps/details?id=team.opay.pay&hl=en&gl=ng
77e5a4e9-6ea2-4093-8e25-72f2f65dd154,OPay,"Gracias Opay, ur legitimation is too Valid 👌💚",5,2026-10-02,Google Play,Customer Review,https://play.google.com/store/apps/details?id=team.opay.pay&hl=en&gl=ng
e1e6df7f-786d-45fd-b362-d13b1b9e9aae,OPay,opay u be BABA,5,2026-10-02,Google Play,Customer Review,https://play.google.com/store/apps/details?id=team.opay.pay&hl=en&gl=ng
8cf1de12-a4bb-4762-b01e-2c7c206ebe8e,OPay,my money,3,2026-10-01,Google Play,Customer Review,https://play.google.com/store/apps/details?id=team.opay.pay&hl=en&gl=ng
ac9cf979-cf2c-4d5d-a28a-5aca0e03e3bd,OPay,cool,5,2026-10-01,Google Play,Customer Review,https://play.google.com/store/apps/details?id=team.opay.pay&hl=en&gl=ng
60c90885-9bd6-4a65-8f2c-b5c6757826b2,OPay,excellent 👍👌,5,2026-10-01,Google Play,Customer Review,https://play.google.com/store/apps/details?id=team.opay.pay&hl=en&gl=ng
e3fc1140-3003-40f1-948c-97a777a8a0ff,OPay,Business,5,2026-10-01,Google Play,Customer Review,https://play.google.com/store/apps/details?id=team.opay.pay&hl=en&gl=ng
01a53b4e-84e1-4891-9b32-e19488bf2c09,OPay,opay,1,2026-10-01,Google Play,Customer Review,https://play.google.com/store/apps/details?id=team.opay.pay&hl=en&gl=ng
3a4fdb53-d33d-45a3-906b-ac917cbd6baa,OPay,so good,5,2026-10-01,Google Play,Customer Review,https://play.google.com/store/apps/details?id=team.opay.pay&hl=en&gl=ng
f23e106a-d2ce-499c-a745-fdafbbb296cc,OPay,i love opay. one of the fastest transactions app in Africa,5,2026-10-01,Google Play,Customer Review,https://play.google.com/store/apps/details?id=team.opay.pay&hl=en&gl=ng
9cff3d69-894a-4eda-9a0f-16dd8f99c070,OPay,very fast and reliable banking system I've ever experienced I pray you keep it up and the other commercial banks learn from you Opay is the best microfinance bank I've seen so far,5,2026-10-01,Google Play,Customer Review,https://play.google.com/store/apps/details?id=team.opay.pay&hl=en&gl=ng
2a79bbe4-b745-4845-b228-8488e4b1ac55,OPay,opay is one of the best banks in Nigeria. fast network fast incoming transfer and uot going transfer ooo I like opay to moch . please download the app and thank me later,5,2026-10-01,Google Play,Customer Review,https://play.google.com/store/apps/details?id=team.opay.pay&hl=en&gl=ng
a653c374-6e34-42c9-8c1f-6727fd18116b,OPay,email address code,4,2026-10-01,Google Play,Customer Review,https://play.google.com/store/apps/details?id=team.opay.pay&hl=en&gl=ng
d2009a3f-8c24-466f-8668-88c7f6f26117,OPay,I feel good,5,2026-10-01,Google Play,Customer Review,https://play.google.com/store/apps/details?id=team.opay.pay&hl=en&gl=ng
9a281604-6a7a-437d-b915-24e2eb80d0d6,OPay,Good,5,2026-10-01,Google Play,Customer Review,https://play.google.com/store/apps/details?id=team.opay.pay&hl=en&gl=ng
56494387-ba22-433a-8171-f41ea7170218,OPay,Fast and reliable,5,2026-10-01,Google Play,Customer Review,https://play.google.com/store/apps/details?id=team.opay.pay&hl=en&gl=ng
f8293c63-4d89-4187-85a3-76858fbfe21c,OPay,Good app to use,5,2026-10-01,Google Play,Customer Review,https://play.google.com/store/apps/details?id=team.opay.pay&hl=en&gl=ng
5f981764-2fa9-416d-a2c5-f72b68d29433,OPay,"I keep getting embarrassed in public when I buy stuffs and want to make payment maybe I should now move to palmpay or monie point, because at this point, it has gone beyond the level of frustration how will I want to pay for stuffs and have to wait for more than 20 minutes for the app to load? asides from my time, it's beyond frustrating, the embarrassment that comes with it Opay used to be fast, but now, it sucks. I'm using a 5G internet speed Samsung phone, so, it's not my network",1,2026-10-01,Google Play,Customer Review,https://play.google.com/store/apps/details?id=team.opay.pay&hl=en&gl=ng
d12ad928-0139-4f74-a98f-6bb82d016d1e,OPay,good,5,2026-10-01,Google Play,Customer Review,https://play.google.com/store/apps/details?id=team.opay.pay&hl=en&gl=ng
76aafb85-e747-4e8f-b599-948f45126fdd,OPay,Excellent using Opay,5,2026-10-01,Google Play,Customer Review,https://play.google.com/store/apps/details?id=team.opay.pay&hl=en&gl=ng
690c7657-edc3-49e3-93fa-3fa8637c258d,OPay,Salma salma,5,2026-10-01,Google Play,Customer Review,https://play.google.com/store/apps/details?id=team.opay.pay&hl=en&gl=ng
29caa7d6-aa7b-48aa-b915-dc6a4fe98bbd,OPay,perfect and reliable,5,2026-10-01,Google Play,Customer Review,https://play.google.com/store/apps/details?id=team.opay.pay&hl=en&gl=ng
bb7cc1e2-0151-4e10-bb1e-7098033d39c6,OPay,Very good and reliable service opay is simply the best,4,2026-10-01,Google Play,Customer Review,https://play.google.com/store/apps/details?id=team.opay.pay&hl=en&gl=ng
9eb79b83-d331-4d28-8f26-4f929673c497,OPay,divineeze ❤️,5,2026-10-01,Google Play,Customer Review,https://play.google.com/store/apps/details?id=team.opay.pay&hl=en&gl=ng
c36f780f-2b0b-4f11-8b71-f7dbca3c2742,OPay,satisfactory,5,2026-10-01,Google Play,Customer Review,https://play.google.com/store/apps/details?id=team.opay.pay&hl=en&gl=ng
62cc38fc-cdf9-4f04-b7ec-1264ec6d9612,OPay,Very good,5,2026-10-01,Google Play,Customer Review,https://play.google.com/store/apps/details?id=team.opay.pay&hl=en&gl=ng
f89d5010-8a40-49ef-9896-c897445d01f5,OPay,nice and fast,5,2026-10-01,Google Play,Customer Review,https://play.google.com/store/apps/details?id=team.opay.pay&hl=en&gl=ng
f0a92237-64bd-4c46-8aad-c30d499d6d39,OPay,Awesome,5,2026-10-01,Google Play,Customer Review,https://play.google.com/store/apps/details?id=team.opay.pay&hl=en&gl=ng
c5275119-d7b8-4009-8c22-922c139b3831,OPay,not compatible with my Redmi note 10 pro,2,2026-10-01,Google Play,Customer Review,https://play.google.com/store/apps/details?id=team.opay.pay&hl=en&gl=ng
e3996910-a995-42b7-b3cd-606198819125,OPay,good,5,2026-10-01,Google Play,Customer Review,https://play.google.com/store/apps/details?id=team.opay.pay&hl=en&gl=ng
903eb797-5a82-45cf-a542-81c6bbe3ef4f,OPay,it's more faster and easier in making transaction,5,2026-10-01,Google Play,Customer Review,https://play.google.com/store/apps/details?id=team.opay.pay&hl=en&gl=ng
c35b28a8-92b8-48d0-8265-d29449688c2e,OPay,This app is very good 👍 and relatable they should keep it up more and more so they can grow up thank you so am so lucky to have dis app,5,2026-10-01,Google Play,Customer Review,https://play.google.com/store/apps/details?id=team.opay.pay&hl=en&gl=ng
6ba8b751-fb28-4c44-a0f5-469d2782b901,OPay,Auwalabdullad,5,2026-10-01,Google Play,Customer Review,https://play.google.com/store/apps/details?id=team.opay.pay&hl=en&gl=ng
010e51ae-dbce-4e19-be5c-1a867d1496fa,OPay,"opay is an excellent mfb bank, which never come up with network issues &also reliable,i rate u guy's 99%",4,2026-10-01,Google Play,Customer Review,https://play.google.com/store/apps/details?id=team.opay.pay&hl=en&gl=ng
a0ce15f9-c62f-42a8-a9cc-3eff842b8c13,OPay,"Palmpay is way better than Opay you transfer money to your opay account your money wont come complete always charging you want to pay for electricity bill with Opay you will spend over 1 week to recharge with Opay. This making it the 100th time I'm experiencing this problem with opay just to pay for utilities and also sending money to my account and being debited. Service not available, please try again. [A.T.I.50001]",1,2026-10-01,Google Play,Customer Review,https://play.google.com/store/apps/details?id=team.opay.pay&hl=en&gl=ng
d76f9b96-9e89-4fbb-9b32-cc2de4243e56,OPay,I like opay but you guys should reduce the charge on transfers,5,2026-10-01,Google Play,Customer Review,https://play.google.com/store/apps/details?id=team.opay.pay&hl=en&gl=ng
9db74bc1-73b2-418e-904d-5d33fe1d1a06,OPay,very good 👍,5,2026-10-01,Google Play,Customer Review,https://play.google.com/store/apps/details?id=team.opay.pay&hl=en&gl=ng
c9f67bb7-6339-4f55-a49f-57f825a3c870,OPay,superb,5,2026-10-01,Google Play,Customer Review,https://play.google.com/store/apps/details?id=team.opay.pay&hl=en&gl=ng
28cfca69-d705-4bc9-978f-7aa70156f80b,OPay,easy and user-friendly,5,2026-10-01,Google Play,Customer Review,https://play.google.com/store/apps/details?id=team.opay.pay&hl=en&gl=ng
9d069ced-bf4d-41c7-a39f-e85dd1f0f574,OPay,please i need help,5,2026-10-01,Google Play,Customer Review,https://play.google.com/store/apps/details?id=team.opay.pay&hl=en&gl=ng
f63f85a9-2b0f-4372-9a9c-8e294f554d79,OPay,The number one and best banking app. Fastest and easiest to use always reliable and consistent,5,2026-10-01,Google Play,Customer Review,https://play.google.com/store/apps/details?id=team.opay.pay&hl=en&gl=ng
edea574e-3ff5-48fc-9326-181b71574fc4,OPay,more better than some banks nice banking on you,5,2026-10-01,Google Play,Customer Review,https://play.google.com/store/apps/details?id=team.opay.pay&hl=en&gl=ng
5051dffc-1708-40e3-bd9c-7aa07a84f889,OPay,"opay never disappoint, opay sure pass",5,2026-10-01,Google Play,Customer Review,https://play.google.com/store/apps/details?id=team.opay.pay&hl=en&gl=ng
4fe7b1e4-69d2-44df-a73b-55fa2c923b03,OPay,Excellent for everything it was made for.,5,2026-10-01,Google Play,Customer Review,https://play.google.com/store/apps/details?id=team.opay.pay&hl=en&gl=ng
2b2abc66-c7a4-479a-b712-32ca94204e6f,OPay,awesome App,5,2026-10-01,Google Play,Customer Review,https://play.google.com/store/apps/details?id=team.opay.pay&hl=en&gl=ng
4c26cd16-0cc1-4d8a-853a-76cb162c61be,OPay,so pretty to use the best local bank ever much better than palm pay app,5,2026-10-01,Google Play,Customer Review,https://play.google.com/store/apps/details?id=team.opay.pay&hl=en&gl=ng
bff73cc0-9391-4816-b95a-e415d66e5473,OPay,Great 👍👍👍👍,5,2026-10-01,Google Play,Customer Review,https://play.google.com/store/apps/details?id=team.opay.pay&hl=en&gl=ng
66d093a0-727e-4d17-a83d-1116931829ec,OPay,bless,5,2026-10-01,Google Play,Customer Review,https://play.google.com/store/apps/details?id=team.opay.pay&hl=en&gl=ng
2d02b1d8-2f4a-4963-b714-0720d809996b,OPay,I always enjoy smooth transactions.,5,2026-10-01,Google Play,Customer Review,https://play.google.com/store/apps/details?id=team.opay.pay&hl=en&gl=ng
e4b69176-aa20-4daf-b7cd-086880abfbfa,OPay,Excellent,5,2026-10-01,Google Play,Customer Review,https://play.google.com/store/apps/details?id=team.opay.pay&hl=en&gl=ng
7d213d6d-a799-4d93-8319-7d5bfef31666,OPay,Alfred Testimony,5,2026-10-01,Google Play,Customer Review,https://play.google.com/store/apps/details?id=team.opay.pay&hl=en&gl=ng
e0078b6d-f9ed-4a0c-a587-f5604bcdb445,OPay,I love opay banking cause it is reliable and fast and security wise 💕💕💕,5,2026-10-01,Google Play,Customer Review,https://play.google.com/store/apps/details?id=team.opay.pay&hl=en&gl=ng
99bb6997-22be-4b70-b951-1ca876095ecc,OPay,You are extra special and reliable. Keep it up.,5,2026-10-01,Google Play,Customer Review,https://play.google.com/store/apps/details?id=team.opay.pay&hl=en&gl=ng
8cac6e5e-ce0c-47ec-af1e-eafc98b0d82b,OPay,not too passionate,4,2026-10-01,Google Play,Customer Review,https://play.google.com/store/apps/details?id=team.opay.pay&hl=en&gl=ng
3b438817-eb93-4a04-a1db-6d56648e6be8,OPay,I so much love this app,5,2026-10-01,Google Play,Customer Review,https://play.google.com/store/apps/details?id=team.opay.pay&hl=en&gl=ng
5e9a1a9e-63db-4e41-83f3-e3cffb03be15,OPay,Best Banking Ever!!!,5,2026-10-01,Google Play,Customer Review,https://play.google.com/store/apps/details?id=team.opay.pay&hl=en&gl=ng
27b1958a-5436-49b4-b5cd-c2bd70c041f8,OPay,palmpay is better than you guys,1,2026-10-01,Google Play,Customer Review,https://play.google.com/store/apps/details?id=team.opay.pay&hl=en&gl=ng
ed71369f-8ac4-42af-98b7-80f5c03cb7ed,OPay,Omo una network bad 🤬🤬🤬🤬🤬,1,2026-10-01,Google Play,Customer Review,https://play.google.com/store/apps/details?id=team.opay.pay&hl=en&gl=ng
244ffdbd-e8fa-4d84-a1c3-5e729044fcba,OPay,Pure excellent,5,2026-10-01,Google Play,Customer Review,https://play.google.com/store/apps/details?id=team.opay.pay&hl=en&gl=ng
40340ab3-1d7f-4748-b234-b1f96f6ee863,OPay,good luck,5,2026-10-01,Google Play,Customer Review,https://play.google.com/store/apps/details?id=team.opay.pay&hl=en&gl=ng
20f8cb10-1990-4988-95fe-4a4be489b3cd,OPay,it's nice but I can't upgrade the account limit unless I am 18 years old,5,2026-10-01,Google Play,Customer Review,https://play.google.com/store/apps/details?id=team.opay.pay&hl=en&gl=ng
924265ef-0cb1-41f3-b12b-6e1232ba8209,OPay,Opay provides seamless transactions with zero charges and enough cashback to enjoy.,5,2026-10-01,Google Play,Customer Review,https://play.google.com/store/apps/details?id=team.opay.pay&hl=en&gl=ng
adc2e27b-b47f-41ec-9b43-0a957a010954,OPay,Fantastic,5,2026-10-01,Google Play,Customer Review,https://play.google.com/store/apps/details?id=team.opay.pay&hl=en&gl=ng
ab21e919-1cf0-4a8e-b136-a3787cd88d93,OPay,"when you get used to this app, you will realize that you have made a right choice.",5,2026-10-01,Google Play,Customer Review,https://play.google.com/store/apps/details?id=team.opay.pay&hl=en&gl=ng
a0bad756-8c14-45f9-9ed1-d9678326cf4c,OPay,fast and reliable,5,2026-10-01,Google Play,Customer Review,https://play.google.com/store/apps/details?id=team.opay.pay&hl=en&gl=ng
e827bae3-63a2-4388-bb28-abe322f90571,OPay,excellent,5,2026-10-01,Google Play,Customer Review,https://play.google.com/store/apps/details?id=team.opay.pay&hl=en&gl=ng
4d10dca4-cfac-4012-a224-88c158c38ac7,OPay,faster and reliable,5,2026-10-01,Google Play,Customer Review,https://play.google.com/store/apps/details?id=team.opay.pay&hl=en&gl=ng
39f09ab7-7511-46cc-9eeb-4ac81296dfb2,OPay,"ki,,,, a le fi ni ki a",3,2026-10-01,Google Play,Customer Review,https://play.google.com/store/apps/details?id=team.opay.pay&hl=en&gl=ng
2296814c-da64-45f7-a12b-5d9cc9840c39,OPay,Very fast and reliable,5,2026-10-01,Google Play,Customer Review,https://play.google.com/store/apps/details?id=team.opay.pay&hl=en&gl=ng
bb4f8b0e-9c2c-439e-8e7e-ed5b45d5bc5f,OPay,comfortable,5,2026-10-01,Google Play,Customer Review,https://play.google.com/store/apps/details?id=team.opay.pay&hl=en&gl=ng
3b3c2d63-ceed-4907-bf7c-0ad62cd3bf2f,OPay,seamless,5,2026-10-01,Google Play,Customer Review,https://play.google.com/store/apps/details?id=team.opay.pay&hl=en&gl=ng
cf6afc17-0d2a-44a1-866a-b97061c2fc6f,OPay,my favorite mobile banking anyday,5,2026-10-01,Google Play,Customer Review,https://play.google.com/store/apps/details?id=team.opay.pay&hl=en&gl=ng
62e7f3fa-b32d-4da2-8f28-eb47496e9756,OPay,everything about it perfect,5,2026-10-01,Google Play,Customer Review,https://play.google.com/store/apps/details?id=team.opay.pay&hl=en&gl=ng
ec34fd7a-aec7-48f6-874f-a685c2f8c678,OPay,enjoying this app more than anything else,5,2026-10-01,Google Play,Customer Review,https://play.google.com/store/apps/details?id=team.opay.pay&hl=en&gl=ng
d759f0b3-2e74-4d18-b298-b4760c23a7f1,OPay,The most reliable and Stress free for financial transactions,5,2026-10-01,Google Play,Customer Review,https://play.google.com/store/apps/details?id=team.opay.pay&hl=en&gl=ng
9d777740-2fec-4175-9365-263e2e5cb985,OPay,😲😲😲 Opay is the best in making everything easy. I love 💕💕💕💕💕💕💕💕💕💕💕💕💕💕💕💕💕💕💕😘😘😘😘😘😘😘 it. Thank you so much.,1,2026-10-01,Google Play,Customer Review,https://play.google.com/store/apps/details?id=team.opay.pay&hl=en&gl=ng
1a47326e-09b5-4055-8f88-9492a576fea4,OPay,best app easy to use,5,2026-10-01,Google Play,Customer Review,https://play.google.com/store/apps/details?id=team.opay.pay&hl=en&gl=ng
36f49d25-52b4-4415-ae05-87e82986c0f5,OPay,they colleced my #4000 due to a Leon after payment no refunds till date,3,2026-10-01,Google Play,Customer Review,https://play.google.com/store/apps/details?id=team.opay.pay&hl=en&gl=ng
0e08034a-ab33-401e-b340-bb720e8dd19d,OPay,Excellent app,5,2026-10-01,Google Play,Customer Review,https://play.google.com/store/apps/details?id=team.opay.pay&hl=en&gl=ng
c065d173-aa6e-404a-94a8-248ea0465d82,OPay,Opay is the best microfinance mobile app this season,1,2026-10-01,Google Play,Customer Review,https://play.google.com/store/apps/details?id=team.opay.pay&hl=en&gl=ng
186a3639-3b7e-4d1b-998b-4892b2115a4f,OPay,very satisfied,5,2026-10-01,Google Play,Customer Review,https://play.google.com/store/apps/details?id=team.opay.pay&hl=en&gl=ng
eec9ad6e-8ca9-4254-86d0-5660fc128f04,OPay,"efficient, reliable.fast and okay to the best mobile app.",5,2026-10-01,Google Play,Customer Review,https://play.google.com/store/apps/details?id=team.opay.pay&hl=en&gl=ng
69b3bc6b-d339-4359-a0d3-a147a0300f7e,OPay,I love Opay,5,2026-10-01,Google Play,Customer Review,https://play.google.com/store/apps/details?id=team.opay.pay&hl=en&gl=ng
8c4d0d07-76e9-4c58-af33-f5fa65fc7ef3,OPay,Awesome app love it,5,2026-10-01,Google Play,Customer Review,https://play.google.com/store/apps/details?id=team.opay.pay&hl=en&gl=ng
08e8a0ca-c037-42a2-befd-14fd89b1bfb0,OPay,you the best,5,2026-10-01,Google Play,Customer Review,https://play.google.com/store/apps/details?id=team.opay.pay&hl=en&gl=ng
dbc09a9b-fc08-4842-b71c-90b2870ee175,OPay,love it,5,2026-10-01,Google Play,Customer Review,https://play.google.com/store/apps/details?id=team.opay.pay&hl=en&gl=ng
f8ff5d9d-19d6-4f7d-9842-4e9f74b395a9,OPay,very nice app,4,2026-10-01,Google Play,Customer Review,https://play.google.com/store/apps/details?id=team.opay.pay&hl=en&gl=ng
5457a4f9-7a33-40fe-bf13-872fcc026151,OPay,Very slow transaction process,1,2026-10-01,Google Play,Customer Review,https://play.google.com/store/apps/details?id=team.opay.pay&hl=en&gl=ng
21b75f5c-6cf8-4b6c-a4bf-c28198fe5d9f,OPay,"⭐⭐⭐⭐⭐ Great experience with my OPay account. The app is convenient and easy to use, and the customer support team is helpful and responsive whenever I need assistance. Highly recommended! 👍🏽",5,2026-10-01,Google Play,Customer Review,https://play.google.com/store/apps/details?id=team.opay.pay&hl=en&gl=ng
594d11ef-873b-482c-aec5-c19a70d7ea9d,OPay,Opay is okay,5,2026-10-01,Google Play,Customer Review,https://play.google.com/store/apps/details?id=team.opay.pay&hl=en&gl=ng
5472bb6b-3135-4ccf-b2b5-d0318842ac47,OPay,it's good but when it's pending ur money u need urgently will not be available and it does not come early,4,2026-10-01,Google Play,Customer Review,https://play.google.com/store/apps/details?id=team.opay.pay&hl=en&gl=ng
346fa51b-5502-417a-88eb-3994380ee760,OPay,good,5,2026-10-01,Google Play,Customer Review,https://play.google.com/store/apps/details?id=team.opay.pay&hl=en&gl=ng
0da1f7d1-c79d-40af-9097-88815ca079ba,OPay,Very reliable and accessible app for easy banking.,5,2026-10-01,Google Play,Customer Review,https://play.google.com/store/apps/details?id=team.opay.pay&hl=en&gl=ng
98f72fe2-72d2-4cdc-b231-9685ce61f014,OPay,much better than my last name,5,2026-10-01,Google Play,Customer Review,https://play.google.com/store/apps/details?id=team.opay.pay&hl=en&gl=ng
12cda662-f0bf-4c80-97dd-6648ea7a109a,OPay,"opay is so easy, fast and reliable.",5,2026-10-01,Google Play,Customer Review,https://play.google.com/store/apps/details?id=team.opay.pay&hl=en&gl=ng
819810fe-2337-4d2f-978e-4bbfc6136a75,OPay,i love the app,5,2026-10-01,Google Play,Customer Review,https://play.google.com/store/apps/details?id=team.opay.pay&hl=en&gl=ng
f4b2aca6-802c-4317-8e7d-9fe2d670f5e6,OPay,Opay,4,2026-10-01,Google Play,Customer Review,https://play.google.com/store/apps/details?id=team.opay.pay&hl=en&gl=ng
0b7c4e43-b249-4f44-b9b7-f67d0834256d,OPay,top notch,5,2026-10-01,Google Play,Customer Review,https://play.google.com/store/apps/details?id=team.opay.pay&hl=en&gl=ng
e8db116b-7bed-45d9-909d-177aef14ab77,OPay,slow to open after log in,4,2026-10-01,Google Play,Customer Review,https://play.google.com/store/apps/details?id=team.opay.pay&hl=en&gl=ng
7cb33261-0d81-410a-aace-33e5f9572fee,OPay,I always appreciate their service because in opay nothing like money hanging at all instant debit and credit alart,5,2026-10-01,Google Play,Customer Review,https://play.google.com/store/apps/details?id=team.opay.pay&hl=en&gl=ng
662c1ed8-baa2-4db5-a7e7-20b7a0cdd6cc,OPay,blana,1,2026-10-01,Google Play,Customer Review,https://play.google.com/store/apps/details?id=team.opay.pay&hl=en&gl=ng
2c8de289-bf76-4344-b12c-c77a01bdebb8,OPay,"opay is messing up big time why automate my spend and safe directly to safebox without my permission why fix my money if i need it,i know what to do you people are becoming scary cos how can i need my money and discovered its been fixed in safebox... so disappointed",1,2026-10-01,Google Play,Customer Review,https://play.google.com/store/apps/details?id=team.opay.pay&hl=en&gl=ng
df63af24-898a-4b1b-b40f-b052707a0ae0,OPay,easy to transfer and withdraw,5,2026-10-01,Google Play,Customer Review,https://play.google.com/store/apps/details?id=team.opay.pay&hl=en&gl=ng
821aeeb0-cf6e-4131-9e34-9191d6cb48d6,OPay,Slow Network,3,2026-10-01,Google Play,Customer Review,https://play.google.com/store/apps/details?id=team.opay.pay&hl=en&gl=ng
ff91de2b-4200-413b-b5d9-2a87be3b3e7a,OPay,very nice and good app,5,2026-10-01,Google Play,Customer Review,https://play.google.com/store/apps/details?id=team.opay.pay&hl=en&gl=ng
998bba0f-d33b-46dd-8ad5-55ad9d843dc8,OPay,fantastic,2,2026-10-01,Google Play,Customer Review,https://play.google.com/store/apps/details?id=team.opay.pay&hl=en&gl=ng
65578887-62bd-4755-bc73-9d89c2c3417f,OPay,amazing 😍,5,2026-10-01,Google Play,Customer Review,https://play.google.com/store/apps/details?id=team.opay.pay&hl=en&gl=ng
c49d72ba-8d6e-4286-9d8c-821eb8f4e43a,OPay,a Job well-done guys 👏👏,5,2026-10-01,Google Play,Customer Review,https://play.google.com/store/apps/details?id=team.opay.pay&hl=en&gl=ng
da83c4aa-31b6-45fa-a6d7-f996d5843457,OPay,I like your opay,5,2026-10-01,Google Play,Customer Review,https://play.google.com/store/apps/details?id=team.opay.pay&hl=en&gl=ng
fa35ecbb-3bd8-4c74-8aa0-7e374a108e29,OPay,good app,5,2026-10-01,Google Play,Customer Review,https://play.google.com/store/apps/details?id=team.opay.pay&hl=en&gl=ng
e35e3a5a-5f61-473b-a413-c7ca88af15cf,OPay,opay is ok👌👌👌 for me am nt using another Bank again,5,2026-10-01,Google Play,Customer Review,https://play.google.com/store/apps/details?id=team.opay.pay&hl=en&gl=ng
6d463395-0a34-4a31-b0c2-6f7d10fe9b23,OPay,well,5,2026-10-01,Google Play,Customer Review,https://play.google.com/store/apps/details?id=team.opay.pay&hl=en&gl=ng
fdcee2e6-81c0-45e0-82a6-f8378a85f2ec,OPay,give me money,5,2026-10-01,Google Play,Customer Review,https://play.google.com/store/apps/details?id=team.opay.pay&hl=en&gl=ng
8f15f44c-4648-4384-9df1-262038621470,OPay,best bank of all time,5,2026-10-01,Google Play,Customer Review,https://play.google.com/store/apps/details?id=team.opay.pay&hl=en&gl=ng
fe53d7e3-ae48-459b-a1ca-864196bf09b6,OPay,Opay has the best baking system .,5,2026-10-01,Google Play,Customer Review,https://play.google.com/store/apps/details?id=team.opay.pay&hl=en&gl=ng
406dd5cb-0022-4039-a81c-458416b97891,OPay,I love opay so much,5,2026-10-01,Google Play,Customer Review,https://play.google.com/store/apps/details?id=team.opay.pay&hl=en&gl=ng
b03a6a59-4fa5-40e2-9a00-f6199f39ab74,OPay,there not giving me loan despite they called me 4 d loan yet they didn't give me anything,1,2026-10-01,Google Play,Customer Review,https://play.google.com/store/apps/details?id=team.opay.pay&hl=en&gl=ng
80081e49-c3d7-4f31-b39e-12e59d425999,OPay,"Opay makes transfer easier,transactions are mostly free and security conscious .Opay is the easiest and the safest of all obline banking !!!!",5,2026-10-01,Google Play,Customer Review,https://play.google.com/store/apps/details?id=team.opay.pay&hl=en&gl=ng
5d3408e9-851d-4b14-9bf3-9e8dbead12c4,OPay,Great,5,2026-10-01,Google Play,Customer Review,https://play.google.com/store/apps/details?id=team.opay.pay&hl=en&gl=ng
196c36b8-d7ab-425a-98e4-f04d78315a11,OPay,excellent,4,2026-10-01,Google Play,Customer Review,https://play.google.com/store/apps/details?id=team.opay.pay&hl=en&gl=ng
ef748eca-25bc-4bac-b9d0-c3cbdadd39fa,OPay,Me my family and friends,5,2026-10-01,Google Play,Customer Review,https://play.google.com/store/apps/details?id=team.opay.pay&hl=en&gl=ng
da6f4443-20f8-40c7-8bcf-5c4e3ef32cbb,OPay,"I'm a pessimistic but i must say I'm I'm impressed with the app,it doesn't use much data and fine security is provided",3,2026-10-01,Google Play,Customer Review,https://play.google.com/store/apps/details?id=team.opay.pay&hl=en&gl=ng
ae8320c7-8d6f-4b36-8b71-c66dcf6bd656,OPay,your banking is wonderful,5,2026-10-01,Google Play,Customer Review,https://play.google.com/store/apps/details?id=team.opay.pay&hl=en&gl=ng
6caeed0d-a5d8-48f4-82c3-59bb0832ce76,OPay,It makes my transaction goes smooth.,5,2026-10-01,Google Play,Customer Review,https://play.google.com/store/apps/details?id=team.opay.pay&hl=en&gl=ng
033b1d6d-08de-478f-9066-eaccf1debe40,OPay,best mobile app,5,2026-10-01,Google Play,Customer Review,https://play.google.com/store/apps/details?id=team.opay.pay&hl=en&gl=ng
c9d2015e-c246-4561-8fa3-573b96d7c2dd,OPay,"well enough to know what is it about, is good.",4,2026-10-01,Google Play,Customer Review,https://play.google.com/store/apps/details?id=team.opay.pay&hl=en&gl=ng
80249f72-5333-4e65-9ec6-46aef67926f1,OPay,Fantastic and reliable,5,2026-10-01,Google Play,Customer Review,https://play.google.com/store/apps/details?id=team.opay.pay&hl=en&gl=ng
40daeaae-6d91-4697-bfd0-56641c5e9ca8,OPay,Effective and responsive,5,2026-10-01,Google Play,Customer Review,https://play.google.com/store/apps/details?id=team.opay.pay&hl=en&gl=ng
928914b7-3599-4e76-a57a-a3f0db058cb8,OPay,Opay app is simple and easy way to transfer money to any bank account,5,2026-10-01,Google Play,Customer Review,https://play.google.com/store/apps/details?id=team.opay.pay&hl=en&gl=ng
8c7b0274-d2f4-4e0f-bbf2-73a8e2efa16e,OPay,"OPay used to be the best, honestly. But these days I'm really disappointed. I'm having serious issues logging in. My network is fine and other apps work perfectly on my phone, but OPay will just keep saying ""connection problem"" and ""connection failed"". Sometimes I spend up to 30 minutes trying to log in and still can't access my account. This is frustrating and needs to be fixed urgently. You people need to work on your server/network.",1,2026-10-01,Google Play,Customer Review,https://play.google.com/store/apps/details?id=team.opay.pay&hl=en&gl=ng
56c0ef42-1447-419d-93c7-ad31da728643,OPay,I really love this app so much!,4,2026-10-01,Google Play,Customer Review,https://play.google.com/store/apps/details?id=team.opay.pay&hl=en&gl=ng
dcc4a355-a93c-4f04-a86e-a9b361bc3320,OPay,the network is so cool.,5,2026-10-01,Google Play,Customer Review,https://play.google.com/store/apps/details?id=team.opay.pay&hl=en&gl=ng
010f4eef-9ef5-4047-b490-b95b4e98ad2b,OPay,"It's useless,it keeps cancelling my online purchases and won't give me a reason why.",1,2026-10-01,Google Play,Customer Review,https://play.google.com/store/apps/details?id=team.opay.pay&hl=en&gl=ng
009e9d1a-d8db-4bf4-93f7-b511d2bf0365,OPay,the worst ever in egypt,1,2026-10-01,Google Play,Customer Review,https://play.google.com/store/apps/details?id=team.opay.pay&hl=en&gl=ng
ad2fd612-0ba5-4d4e-ba87-2884809270ff,OPay,god is great ❤️ with wealth 🙏 opay nationwide,5,2026-10-01,Google Play,Customer Review,https://play.google.com/store/apps/details?id=team.opay.pay&hl=en&gl=ng
6e7ab7a9-8c39-4e68-8317-6a12dcdf7743,OPay,excellent,5,2026-10-01,Google Play,Customer Review,https://play.google.com/store/apps/details?id=team.opay.pay&hl=en&gl=ng
40905578-04ae-48b9-8273-4a35d4ed1f01,OPay,My experience has been frustrating since I activated ussd on this particular account. I have contemplated abandoning this account a lot of times. I face issues logging in to my account and even to transfer money from my account at critical times a lot. Very annoying! 😡,1,2026-10-01,Google Play,Customer Review,https://play.google.com/store/apps/details?id=team.opay.pay&hl=en&gl=ng
8c52de9e-855e-4a4a-a037-1c3dedb5d821,OPay,the best wallet ever,5,2026-10-01,Google Play,Customer Review,https://play.google.com/store/apps/details?id=team.opay.pay&hl=en&gl=ng
377d08c7-85b2-4d41-815f-e123f3723f3d,OPay,good 👍 5 rating,5,2026-10-01,Google Play,Customer Review,https://play.google.com/store/apps/details?id=team.opay.pay&hl=en&gl=ng
cdafe574-142c-4c8b-9e25-eb738c2a2a2d,OPay,"it's been good not until they started declining me of loans for the past 3 weeks now, when I don't owe , it's so annoying",5,2026-10-01,Google Play,Customer Review,https://play.google.com/store/apps/details?id=team.opay.pay&hl=en&gl=ng
8371f90f-dbf2-4170-afc6-dbd16a14371d,OPay,l love opay the app is very good and also fast and reliable in tense of network operation.,5,2026-10-01,Google Play,Customer Review,https://play.google.com/store/apps/details?id=team.opay.pay&hl=en&gl=ng
dff4518d-75f5-4c43-92c3-ca9e812d88c0,OPay,good,5,2026-10-01,Google Play,Customer Review,https://play.google.com/store/apps/details?id=team.opay.pay&hl=en&gl=ng
8d402cb2-62ba-4c14-9fba-22202204776b,OPay,"Why stress yourself when OPay is here to make life easier? 😹💚 Fast, easy, and convenient transactions all in one app! Try OPay today and thank me later. 😂",5,2026-10-01,Google Play,Customer Review,https://play.google.com/store/apps/details?id=team.opay.pay&hl=en&gl=ng
c9c7ad18-6432-4e5d-a492-85565c130f56,OPay,love it,5,2026-10-01,Google Play,Customer Review,https://play.google.com/store/apps/details?id=team.opay.pay&hl=en&gl=ng
5b2a7984-8ffe-41a9-9ba0-3e60a09e222e,OPay,great,5,2026-10-01,Google Play,Customer Review,https://play.google.com/store/apps/details?id=team.opay.pay&hl=en&gl=ng
1421eb32-99da-4795-a566-bbe19f87bf3b,OPay,quiet nice,5,2026-10-01,Google Play,Customer Review,https://play.google.com/store/apps/details?id=team.opay.pay&hl=en&gl=ng
6a8d09b4-a8ff-402b-822c-9ce66b34cc12,OPay,I can rest easy knowing that my money is safe and accessible to me with Opay,5,2026-10-01,Google Play,Customer Review,https://play.google.com/store/apps/details?id=team.opay.pay&hl=en&gl=ng
7143bd0d-5f96-4561-9624-061a3bd264e8,OPay,good and fast,5,2026-10-01,Google Play,Customer Review,https://play.google.com/store/apps/details?id=team.opay.pay&hl=en&gl=ng
a9dbd2dc-98b7-49d0-a1fb-8b0bfe7bd92d,OPay,please I can not open my app right now,5,2026-10-01,Google Play,Customer Review,https://play.google.com/store/apps/details?id=team.opay.pay&hl=en&gl=ng
b9d473f5-bc23-4ffb-a974-623e005ec03b,OPay,I can't transfer money and it would not update the app,2,2026-10-01,Google Play,Customer Review,https://play.google.com/store/apps/details?id=team.opay.pay&hl=en&gl=ng
93b2fb2e-cd38-4500-b9a4-cafae44a54b0,OPay,am really enjoyed your service,5,2026-10-01,Google Play,Customer Review,https://play.google.com/store/apps/details?id=team.opay.pay&hl=en&gl=ng
beaae41e-52bd-497c-9328-447312c551bf,OPay,I can say it countless time that you are the best,5,2026-10-01,Google Play,Customer Review,https://play.google.com/store/apps/details?id=team.opay.pay&hl=en&gl=ng
6bc817d0-0deb-4d77-a7aa-36bfd0f2ed65,OPay,I really love the way transaction are very fast,5,2026-10-01,Google Play,Customer Review,https://play.google.com/store/apps/details?id=team.opay.pay&hl=en&gl=ng
6554276c-a944-4b7f-acd0-e0547b2dd931,OPay,very good and easy use,5,2026-10-01,Google Play,Customer Review,https://play.google.com/store/apps/details?id=team.opay.pay&hl=en&gl=ng
9ef5faee-935d-4d18-8445-0c0ce7de21bf,OPay,you're trying your best,5,2026-10-01,Google Play,Customer Review,https://play.google.com/store/apps/details?id=team.opay.pay&hl=en&gl=ng
83a4239e-9dd0-41ca-933e-4dd024734364,OPay,Improving,5,2026-10-01,Google Play,Customer Review,https://play.google.com/store/apps/details?id=team.opay.pay&hl=en&gl=ng
0d1a5c6e-5ec3-4439-94c6-81206f6378cf,OPay,Fast and reliable,5,2026-10-01,Google Play,Customer Review,https://play.google.com/store/apps/details?id=team.opay.pay&hl=en&gl=ng
aa4b8c2f-132d-485a-a2a9-ecbe3b3791b6,OPay,good,5,2026-10-01,Google Play,Customer Review,https://play.google.com/store/apps/details?id=team.opay.pay&hl=en&gl=ng
41a53c0b-1a05-455a-abc8-06cf0e22d37d,OPay,100percent reliable,5,2026-10-01,Google Play,Customer Review,https://play.google.com/store/apps/details?id=team.opay.pay&hl=en&gl=ng
b9bb8982-36a0-4542-94bb-8fc04806bc55,OPay,it makes banking easy and fun,5,2026-10-01,Google Play,Customer Review,https://play.google.com/store/apps/details?id=team.opay.pay&hl=en&gl=ng
65ceb405-d8cb-4cb3-a306-23ab85e59c96,OPay,awesome,5,2026-10-01,Google Play,Customer Review,https://play.google.com/store/apps/details?id=team.opay.pay&hl=en&gl=ng
93978b70-188f-4397-a515-65f7c5ef006c,OPay,exceptional 🌟,5,2026-10-01,Google Play,Customer Review,https://play.google.com/store/apps/details?id=team.opay.pay&hl=en&gl=ng
549d7fb5-8220-4084-b653-08a85e75b4a5,OPay,very staydy and good,5,2026-10-01,Google Play,Customer Review,https://play.google.com/store/apps/details?id=team.opay.pay&hl=en&gl=ng
9c889ee2-656f-49dc-9f11-2a66f7c2d333,OPay,opay is the best thing that ever happens to us here in Nigeria ❤️❤️,5,2026-10-01,Google Play,Customer Review,https://play.google.com/store/apps/details?id=team.opay.pay&hl=en&gl=ng
8ae10763-d14d-4987-9961-e3765e3d8400,OPay,Exceptional,5,2026-10-01,Google Play,Customer Review,https://play.google.com/store/apps/details?id=team.opay.pay&hl=en&gl=ng
fe527fa5-7ad6-4379-88ad-b38e71b6ee07,OPay,It's amazing,5,2026-10-01,Google Play,Customer Review,https://play.google.com/store/apps/details?id=team.opay.pay&hl=en&gl=ng
f1ef8bf5-9e33-4520-9825-2c5db0eff94b,OPay,"But I didn't get any independence day gift from you guys, rather you collected the small cash in my wallet it's alright. But I still give you guys kudos.",5,2026-10-01,Google Play,Customer Review,https://play.google.com/store/apps/details?id=team.opay.pay&hl=en&gl=ng
f22f43f3-bbb8-4487-b767-9445b7befcd8,OPay,Am enjoying the service of Opay.,5,2026-10-01,Google Play,Customer Review,https://play.google.com/store/apps/details?id=team.opay.pay&hl=en&gl=ng
649cb373-15a6-4c05-bc01-b6b00409b245,OPay,upmost and premium service,5,2026-10-01,Google Play,Customer Review,https://play.google.com/store/apps/details?id=team.opay.pay&hl=en&gl=ng
4be10ee0-c194-435c-8d9a-04dae3c53ee9,OPay,"I try to download it but not going, it said I av to contact d developer",5,2026-10-01,Google Play,Customer Review,https://play.google.com/store/apps/details?id=team.opay.pay&hl=en&gl=ng
80d1dc15-7d46-4f3a-bb2f-0c22a4c85deb,OPay,easy and soft best transaction app so far I'll say opay is okay jst get more interesting and exciting,5,2026-10-01,Google Play,Customer Review,https://play.google.com/store/apps/details?id=team.opay.pay&hl=en&gl=ng
d339d536-f148-43c3-93aa-d4e5346223be,OPay,awesome,5,2026-10-01,Google Play,Customer Review,https://play.google.com/store/apps/details?id=team.opay.pay&hl=en&gl=ng
16e923ae-14c3-4599-b697-9295a914e832,OPay,great app 👍,2,2026-10-01,Google Play,Customer Review,https://play.google.com/store/apps/details?id=team.opay.pay&hl=en&gl=ng
8338886e-2a0f-4b59-8858-f6debc1bccaf,OPay,The best ever app in Nigeria,5,2026-10-01,Google Play,Customer Review,https://play.google.com/store/apps/details?id=team.opay.pay&hl=en&gl=ng
9c9c280c-b219-4ef3-9bf2-d064bc6e34d3,OPay,good,5,2026-10-01,Google Play,Customer Review,https://play.google.com/store/apps/details?id=team.opay.pay&hl=en&gl=ng
2434aa04-e4c9-4c1e-8784-1a72c68b8d8f,OPay,I Need support Money 💵 long Transfer,5,2026-10-01,Google Play,Customer Review,https://play.google.com/store/apps/details?id=team.opay.pay&hl=en&gl=ng
984d2b58-aaf0-4c91-8b3c-abcb7079544e,OPay,👍 nice one,5,2026-10-01,Google Play,Customer Review,https://play.google.com/store/apps/details?id=team.opay.pay&hl=en&gl=ng
da99e5d2-3a88-4a67-b9ca-61c689ccd98b,OPay,awesome,5,2026-10-01,Google Play,Customer Review,https://play.google.com/store/apps/details?id=team.opay.pay&hl=en&gl=ng
0727b039-b3a1-422a-88c6-eaf3f942bce7,OPay,I want to ask a question ❓,5,2026-10-01,Google Play,Customer Review,https://play.google.com/store/apps/details?id=team.opay.pay&hl=en&gl=ng
699b3d07-a08b-4e08-bbdb-54bc26531726,OPay,Top notch experience,5,2026-10-01,Google Play,Customer Review,https://play.google.com/store/apps/details?id=team.opay.pay&hl=en&gl=ng
b2ba1bcb-5478-49cc-9f8f-a92a954ad3d8,OPay,"I don’t know if I’m the only one experiencing this, but since the recent OPay app upgrade, the app has become extremely slow. It takes too long to log in, make transfers, or even load basic things, despite having enough data and a good internet connection. Before the upgrade, OPay was fast and reliable. I really love using OPay, which is why I’m reporting this. Please check what is causing the network and performance issues and make the app faster and more reliable again.",5,2026-10-01,Google Play,Customer Review,https://play.google.com/store/apps/details?id=team.opay.pay&hl=en&gl=ng
2548c5f8-0c21-4b4a-8c0a-e89cde793747,OPay,I really love this app ♥️♥️♥️,5,2026-10-01,Google Play,Customer Review,https://play.google.com/store/apps/details?id=team.opay.pay&hl=en&gl=ng
db70624d-5726-4196-9d56-b119e3cb6fa7,OPay,Business purposes,5,2026-10-01,Google Play,Customer Review,https://play.google.com/store/apps/details?id=team.opay.pay&hl=en&gl=ng
eba1950f-7c2b-4403-94cb-476123e0e991,OPay,this app is great,5,2026-10-01,Google Play,Customer Review,https://play.google.com/store/apps/details?id=team.opay.pay&hl=en&gl=ng
7f005b1e-a6c4-422e-a5f6-10564b6f8103,OPay,na by force to take loan 💔😡😡,3,2026-10-01,Google Play,Customer Review,https://play.google.com/store/apps/details?id=team.opay.pay&hl=en&gl=ng
326d18ce-9b11-40d7-a5ec-c880cd187e3a,OPay,Best online Banking app so far,5,2026-10-01,Google Play,Customer Review,https://play.google.com/store/apps/details?id=team.opay.pay&hl=en&gl=ng
4357ea49-59a7-4483-aa81-f36da2c0600b,OPay,Always the best,5,2026-10-01,Google Play,Customer Review,https://play.google.com/store/apps/details?id=team.opay.pay&hl=en&gl=ng
de5b52ce-6c71-4448-83db-2373af9f9280,OPay,Best Microfinance bank ever...,5,2026-10-01,Google Play,Customer Review,https://play.google.com/store/apps/details?id=team.opay.pay&hl=en&gl=ng
ed17a30d-03d5-46af-bd69-a7498aa9e986,OPay,Great,5,2026-10-01,Google Play,Customer Review,https://play.google.com/store/apps/details?id=team.opay.pay&hl=en&gl=ng
f9117ab1-ba11-478c-b4ca-2638ce97176c,OPay,excellent,5,2026-10-01,Google Play,Customer Review,https://play.google.com/store/apps/details?id=team.opay.pay&hl=en&gl=ng
9da9c1da-0f79-4c0f-961e-ce0d9607b409,OPay,"So far, opay has been really good 👍 Easy to use, smooth interface, and everything feels straightforward. Keep up the good work!",5,2026-10-01,Google Play,Customer Review,https://play.google.com/store/apps/details?id=team.opay.pay&hl=en&gl=ng
786cb1be-ad80-4eec-8710-6a76f404c00e,OPay,Daniel Nehemiah,5,2026-10-01,Google Play,Customer Review,https://play.google.com/store/apps/details?id=team.opay.pay&hl=en&gl=ng
668ece6c-8186-4206-b110-c4fd403d43be,OPay,"My experience with OPAY has been top-notch. As far as I'm concerned, OPAY is the Best Bank in Nigeria. Keep it up!",5,2026-10-01,Google Play,Customer Review,https://play.google.com/store/apps/details?id=team.opay.pay&hl=en&gl=ng
8a1b93d8-afb8-4b76-ac02-39c17cee3a65,OPay,Great,5,2026-10-01,Google Play,Customer Review,https://play.google.com/store/apps/details?id=team.opay.pay&hl=en&gl=ng
70bcb2b8-06d8-4e41-8fba-ad5741919843,OPay,I absolutely love it,5,2026-10-01,Google Play,Customer Review,https://play.google.com/store/apps/details?id=team.opay.pay&hl=en&gl=ng
a6c286b1-f2e7-4f24-a3a1-e2b78ca455b6,OPay,you're great,5,2026-10-01,Google Play,Customer Review,https://play.google.com/store/apps/details?id=team.opay.pay&hl=en&gl=ng
6b0033ed-3c17-421e-8ee4-3e366b0f2cd1,OPay,I've been using open since 2023 and it has not let me down. I even initiated all my family members to the opay community 😂. Nice one. keep it up guys. Una no dey find Cs Rep.,5,2026-10-01,Google Play,Customer Review,https://play.google.com/store/apps/details?id=team.opay.pay&hl=en&gl=ng
5f1b8f80-86a6-4171-9a6d-020299658573,OPay,because of the loan they gave me 😆😆💔,5,2026-10-01,Google Play,Customer Review,https://play.google.com/store/apps/details?id=team.opay.pay&hl=en&gl=ng
cb550a77-072b-4838-bf5b-c57a48684067,OPay,Ws in the chat. 💯,5,2026-10-01,Google Play,Customer Review,https://play.google.com/store/apps/details?id=team.opay.pay&hl=en&gl=ng
c2c15a13-2e50-4813-9d82-9442d9b46201,OPay,"Opay is very easy and Reliable. No unnecessary Debit from your account and personal information and details are very Secured with highest confidentiality. If not for the emergence of Opay into today's Economy, I doubt if businesses would have benefited massively from their Gross profit. Opay doesn't stress you by asking for documentation from your ancestors their by frustrating business owners on account issues.. They made every process easy and down to the lean man understanding. Get yours 2dy",5,2026-10-01,Google Play,Customer Review,https://play.google.com/store/apps/details?id=team.opay.pay&hl=en&gl=ng
f94e2c6e-2b4c-469a-b7fd-9101a80b12af,OPay,Eased my Transaction a lot.,5,2026-10-01,Google Play,Customer Review,https://play.google.com/store/apps/details?id=team.opay.pay&hl=en&gl=ng
172a2f93-41cc-4f65-bb9f-7bb34d5d75b7,OPay,this is a good app it does not take my money on maintenance free as physical bank do . high recommend to download the app.,5,2026-10-01,Google Play,Customer Review,https://play.google.com/store/apps/details?id=team.opay.pay&hl=en&gl=ng
95bc6545-b1ea-42fe-b4fc-76449fd11d77,OPay,very good and easy,5,2026-10-01,Google Play,Customer Review,https://play.google.com/store/apps/details?id=team.opay.pay&hl=en&gl=ng
0109c734-7294-4229-86c9-efd5833bf6a0,OPay,Good bank,5,2026-10-01,Google Play,Customer Review,https://play.google.com/store/apps/details?id=team.opay.pay&hl=en&gl=ng
98985428-d7b0-4f50-bba4-ec0b0ec3d13f,OPay,opay is a great app it is very easy and fast,4,2026-10-01,Google Play,Customer Review,https://play.google.com/store/apps/details?id=team.opay.pay&hl=en&gl=ng
db286f83-4927-415e-a52c-2848916fb40e,OPay,the best banking app ever,5,2026-10-01,Google Play,Customer Review,https://play.google.com/store/apps/details?id=team.opay.pay&hl=en&gl=ng
795d8570-8d16-4ec3-a32d-6f0a4b16d4a3,OPay,Very nice 💯,5,2026-10-01,Google Play,Customer Review,https://play.google.com/store/apps/details?id=team.opay.pay&hl=en&gl=ng
182c169d-ee27-444d-b90b-88a2346de21e,OPay,Easy to use and customer friendly,5,2026-10-01,Google Play,Customer Review,https://play.google.com/store/apps/details?id=team.opay.pay&hl=en&gl=ng
63cd746c-1f85-4e69-bedc-25a684d171da,OPay,Beautiful,5,2026-10-01,Google Play,Customer Review,https://play.google.com/store/apps/details?id=team.opay.pay&hl=en&gl=ng
3429e7bc-9e39-4432-a16b-008e14c424eb,OPay,Increase the daily limit for tier 2,4,2026-10-01,Google Play,Customer Review,https://play.google.com/store/apps/details?id=team.opay.pay&hl=en&gl=ng
d365a866-21ce-4679-a96c-e9896cb6ec6d,OPay,you are great,5,2026-10-01,Google Play,Customer Review,https://play.google.com/store/apps/details?id=team.opay.pay&hl=en&gl=ng
d17e2afc-c26a-4891-8534-65a8d03ed578,OPay,very good,5,2026-10-01,Google Play,Customer Review,https://play.google.com/store/apps/details?id=team.opay.pay&hl=en&gl=ng
1d7afdc5-e945-445a-a89a-52b26f52f9ce,OPay,With Opay my transactions have been very easy,5,2026-10-01,Google Play,Customer Review,https://play.google.com/store/apps/details?id=team.opay.pay&hl=en&gl=ng
832841e2-3df7-4700-8a0f-baceece4b0bd,OPay,Cool 😎,5,2026-10-01,Google Play,Customer Review,https://play.google.com/store/apps/details?id=team.opay.pay&hl=en&gl=ng
83e4012a-a837-4dd9-b2f8-c2b714694024,OPay,This app is the best,5,2026-10-01,Google Play,Customer Review,https://play.google.com/store/apps/details?id=team.opay.pay&hl=en&gl=ng
7526faeb-9945-4765-b415-28eeff3af2d3,OPay,best app ever 🥰👍,5,2026-10-01,Google Play,Customer Review,https://play.google.com/store/apps/details?id=team.opay.pay&hl=en&gl=ng
72846425-2223-4d0e-aab5-f590422b5c01,OPay,very good,5,2026-10-01,Google Play,Customer Review,https://play.google.com/store/apps/details?id=team.opay.pay&hl=en&gl=ng
bd65ab93-5af7-4830-b2a8-eedc2d8df165,OPay,it was so fast to send or withdraw money,5,2026-10-01,Google Play,Customer Review,https://play.google.com/store/apps/details?id=team.opay.pay&hl=en&gl=ng
791a8890-ca21-4490-b21d-f0ce67edb64d,OPay,loan service should be removed.,1,2026-10-01,Google Play,Customer Review,https://play.google.com/store/apps/details?id=team.opay.pay&hl=en&gl=ng
0ee767a9-64ab-4b5a-9adb-bdb7d635836d,OPay,not bad app I enjoy using it,5,2026-10-01,Google Play,Customer Review,https://play.google.com/store/apps/details?id=team.opay.pay&hl=en&gl=ng
69e8a5d4-4129-43fe-930f-202a06ca401e,OPay,best app ever 👍,5,2026-10-01,Google Play,Customer Review,https://play.google.com/store/apps/details?id=team.opay.pay&hl=en&gl=ng
3cfc9eed-f98f-4c3c-adf7-6b40ae882d32,OPay,You're doing well 🫂,5,2026-10-01,Google Play,Customer Review,https://play.google.com/store/apps/details?id=team.opay.pay&hl=en&gl=ng
cfbe0657-5319-48c5-8763-c9feb7adbb0e,OPay,the very best MFB apl,5,2026-10-01,Google Play,Customer Review,https://play.google.com/store/apps/details?id=team.opay.pay&hl=en&gl=ng
2a046046-0368-4565-9678-6987edcea0d3,OPay,very good you deserve more than 5 stars,5,2026-10-01,Google Play,Customer Review,https://play.google.com/store/apps/details?id=team.opay.pay&hl=en&gl=ng
6e49deb7-33cc-47ff-90d9-011ce093ba83,OPay,Fantastic! i love it,5,2026-10-01,Google Play,Customer Review,https://play.google.com/store/apps/details?id=team.opay.pay&hl=en&gl=ng
1fd13e73-e167-42e8-a69f-5400d31e55f8,OPay,best app ever,5,2026-10-01,Google Play,Customer Review,https://play.google.com/store/apps/details?id=team.opay.pay&hl=en&gl=ng
dfe8a955-6ef4-4283-a830-64d8cec2a056,OPay,"Okay is truly the service you can trust. Fast, reliable and accessible.",5,2026-10-01,Google Play,Customer Review,https://play.google.com/store/apps/details?id=team.opay.pay&hl=en&gl=ng
d0a07c83-16be-4ec4-87ab-03ae9e4faf42,OPay,great app 💯% great,5,2026-10-01,Google Play,Customer Review,https://play.google.com/store/apps/details?id=team.opay.pay&hl=en&gl=ng
b2b4a262-fce3-47d7-96e2-085f2eef2274,OPay,I love the app,5,2026-10-01,Google Play,Customer Review,https://play.google.com/store/apps/details?id=team.opay.pay&hl=en&gl=ng
c2e5aa1b-6d8a-469c-a2dc-66925baeae35,OPay,a very good app,5,2026-10-01,Google Play,Customer Review,https://play.google.com/store/apps/details?id=team.opay.pay&hl=en&gl=ng
5f21fcd7-745c-4719-b907-c1b74ab5cf99,OPay,A really good banking app and a really good team as well. Thanks Opay for all you've been doing.,5,2026-10-01,Google Play,Customer Review,https://play.google.com/store/apps/details?id=team.opay.pay&hl=en&gl=ng
31073e92-58c1-4674-afa4-d09b0b29d536,OPay,network free banking,3,2026-10-01,Google Play,Customer Review,https://play.google.com/store/apps/details?id=team.opay.pay&hl=en&gl=ng
ef462ebc-859c-475d-8e00-dfb7bd6eb5f1,OPay,lovely,4,2026-10-01,Google Play,Customer Review,https://play.google.com/store/apps/details?id=team.opay.pay&hl=en&gl=ng
0d152b8b-3597-4c95-a3ab-322a6346c556,OPay,I love it,5,2026-10-01,Google Play,Customer Review,https://play.google.com/store/apps/details?id=team.opay.pay&hl=en&gl=ng
41857d69-359e-466f-b5f0-0d1c81e80346,OPay,good service opay,5,2026-10-01,Google Play,Customer Review,https://play.google.com/store/apps/details?id=team.opay.pay&hl=en&gl=ng
451cf734-7e71-400a-85cd-c72b6d16bb49,OPay,this app is the best for me. Please keep the good work,5,2026-10-01,Google Play,Customer Review,https://play.google.com/store/apps/details?id=team.opay.pay&hl=en&gl=ng
759cd8fe-a9a1-4192-ac7f-da0316b32fb1,OPay,good 👍,5,2026-10-01,Google Play,Customer Review,https://play.google.com/store/apps/details?id=team.opay.pay&hl=en&gl=ng
97431336-0aed-409e-9f87-3c741c2be42f,OPay,"l love opay , there network never failed",5,2026-10-01,Google Play,Customer Review,https://play.google.com/store/apps/details?id=team.opay.pay&hl=en&gl=ng
1e98f473-2643-4c47-abcb-c17b58f43ad9,OPay,sweet and easy tho,3,2026-10-01,Google Play,Customer Review,https://play.google.com/store/apps/details?id=team.opay.pay&hl=en&gl=ng
cecce739-6e5c-4c8f-84f9-9ee6a657b416,OPay,thankgod,5,2026-10-01,Google Play,Customer Review,https://play.google.com/store/apps/details?id=team.opay.pay&hl=en&gl=ng
c17ec7f2-f0a0-4a92-b7ad-df06a36260b7,OPay,"Welcome to Gboard clipboard, any text you copy will be saved here.Keep a little fire burning; however small, however hidden. 50000 spot bet",5,2026-10-01,Google Play,Customer Review,https://play.google.com/store/apps/details?id=team.opay.pay&hl=en&gl=ng
f2ebea49-b606-4fb4-bdda-ac481ed42cb6,OPay,"for the umpteenth time, include a toggle on notification for users to select which push notifications they want. You send too many unsolicited and annoying push notifications. Disabling notifications at app level will affect transactions notifications as well but like every other app on existence, users can select! Allow users to disable those unsolicited & extremely annoying notifications!",1,2026-10-01,Google Play,Customer Review,https://play.google.com/store/apps/details?id=team.opay.pay&hl=en&gl=ng
64239819-bf6b-4e3d-b6a8-a2e55d2a1a84,OPay,nice one 💯,5,2026-10-01,Google Play,Customer Review,https://play.google.com/store/apps/details?id=team.opay.pay&hl=en&gl=ng
b1496707-7dd3-4126-8228-2644e7e78ad2,OPay,Like they are the best kisses,5,2026-10-01,Google Play,Customer Review,https://play.google.com/store/apps/details?id=team.opay.pay&hl=en&gl=ng
079f685f-a45a-47f1-94bb-f671e4e0bc21,OPay,Very reliable banking application.,5,2026-10-01,Google Play,Customer Review,https://play.google.com/store/apps/details?id=team.opay.pay&hl=en&gl=ng
7b3641c6-ff65-434d-8ff7-c63f4259473f,OPay,Very Good,5,2026-10-01,Google Play,Customer Review,https://play.google.com/store/apps/details?id=team.opay.pay&hl=en&gl=ng
3268e5d9-d217-476a-baad-907f4ab7a86f,OPay,I like it,5,2026-10-01,Google Play,Customer Review,https://play.google.com/store/apps/details?id=team.opay.pay&hl=en&gl=ng
8d24d1f0-3a20-45ca-b222-240a1c527aa1,OPay,"this is my first time of saying something about this app, it's a good app ,for everyone",5,2026-10-01,Google Play,Customer Review,https://play.google.com/store/apps/details?id=team.opay.pay&hl=en&gl=ng
cd003d4f-2ba7-4639-8ecb-4c770c36fc04,OPay,"O'Pay is currently the best online banking platform in Nigeria, it also has the best and most easy to use app!",5,2026-10-01,Google Play,Customer Review,https://play.google.com/store/apps/details?id=team.opay.pay&hl=en&gl=ng
6a6df3a2-849a-4fc3-ad24-54ddacbb1ee3,OPay,"if there's any other stars to qualify this, i would have done it, with OPay you're OKAY 👍.",5,2026-10-01,Google Play,Customer Review,https://play.google.com/store/apps/details?id=team.opay.pay&hl=en&gl=ng
0633fc92-1c7b-467a-8250-ce6e35cdcf84,OPay,sweet app,5,2026-10-01,Google Play,Customer Review,https://play.google.com/store/apps/details?id=team.opay.pay&hl=en&gl=ng
6e6a246d-1a41-4f50-ac16-aa4b0bfd117a,OPay,So much loving it use this app.,5,2026-10-01,Google Play,Customer Review,https://play.google.com/store/apps/details?id=team.opay.pay&hl=en&gl=ng
52816b31-77b5-4343-9ab3-5d6ca9e02a8d,OPay,Am enjoying my account,5,2026-10-01,Google Play,Customer Review,https://play.google.com/store/apps/details?id=team.opay.pay&hl=en&gl=ng
5e262ebf-d3d2-4ecf-bd9c-bef10a8a2d75,OPay,Chukwude,5,2026-10-01,Google Play,Customer Review,https://play.google.com/store/apps/details?id=team.opay.pay&hl=en&gl=ng
a64b9376-2185-44da-8e10-576463a64514,OPay,Good app very easy to transfer money,5,2026-10-01,Google Play,Customer Review,https://play.google.com/store/apps/details?id=team.opay.pay&hl=en&gl=ng
3c722689-edb2-44e3-a31e-1269c2e4423d,OPay,its good to use,5,2026-10-01,Google Play,Customer Review,https://play.google.com/store/apps/details?id=team.opay.pay&hl=en&gl=ng
ff432ce0-ee7e-4ad3-8aa9-9a8a4dcd23bf,OPay,"Opay is the best app for real. So fast, reliable and easy to access. 💯💯💯💯for them",5,2026-10-01,Google Play,Customer Review,https://play.google.com/store/apps/details?id=team.opay.pay&hl=en&gl=ng
75bc5873-973f-46b5-be1a-2df718899937,OPay,awesome,4,2026-10-01,Google Play,Customer Review,https://play.google.com/store/apps/details?id=team.opay.pay&hl=en&gl=ng
9fb53733-c8cb-44fd-83cd-6394fbfa889f,OPay,👌👌👌👌,5,2026-10-01,Google Play,Customer Review,https://play.google.com/store/apps/details?id=team.opay.pay&hl=en&gl=ng
ea71bfe6-163a-44fe-9042-bffe4cc4567d,OPay,Opay made my money safe ❤️❤️,5,2026-09-30,Google Play,Customer Review,https://play.google.com/store/apps/details?id=team.opay.pay&hl=en&gl=ng
c2932048-fd10-4346-8036-4ff45942c2df,OPay,Nice work you guys have been doing...keep it up 👍,4,2026-09-30,Google Play,Customer Review,https://play.google.com/store/apps/details?id=team.opay.pay&hl=en&gl=ng
62b74f16-5661-499c-bb24-de4cde078f19,OPay,very good,5,2026-09-30,Google Play,Customer Review,https://play.google.com/store/apps/details?id=team.opay.pay&hl=en&gl=ng
bfcb51cf-5bbc-4cec-8c56-2a3e3e9d5c4c,OPay,I'm so happy 😁,5,2026-09-30,Google Play,Customer Review,https://play.google.com/store/apps/details?id=team.opay.pay&hl=en&gl=ng
f42e26c6-ba5a-4956-b817-33cbe692ffed,OPay,Ahmad abdullahi,4,2026-09-30,Google Play,Customer Review,https://play.google.com/store/apps/details?id=team.opay.pay&hl=en&gl=ng
9c394766-8539-449f-81e1-c2c51afc0fb5,OPay,The best,5,2026-09-30,Google Play,Customer Review,https://play.google.com/store/apps/details?id=team.opay.pay&hl=en&gl=ng
f48256c7-4ae4-469c-a3e9-ddaa2f2efb98,OPay,i love it please let it work perfectly on my phone so that I can help u people out my telling the other people that opay is the best app that we ever have,5,2026-09-30,Google Play,Customer Review,https://play.google.com/store/apps/details?id=team.opay.pay&hl=en&gl=ng
cccf5930-41fe-4052-bcec-42d0dbd3f1ba,OPay,NASHEHU,5,2026-09-30,Google Play,Customer Review,https://play.google.com/store/apps/details?id=team.opay.pay&hl=en&gl=ng
16662e57-ab1c-43eb-8f4c-285e75cba24a,OPay,"opay services and all transactions are fast efficient and highly reliable, opay is simply the best",5,2026-09-30,Google Play,Customer Review,https://play.google.com/store/apps/details?id=team.opay.pay&hl=en&gl=ng
fc27687c-484b-478d-a36e-049b6f08f680,OPay,Perfect 👌,5,2026-09-30,Google Play,Customer Review,https://play.google.com/store/apps/details?id=team.opay.pay&hl=en&gl=ng
8efa8e96-0e41-4f27-a072-1d6d0677d569,OPay,too too good,5,2026-09-30,Google Play,Customer Review,https://play.google.com/store/apps/details?id=team.opay.pay&hl=en&gl=ng
c5205cd1-33e8-4c09-8264-7c7e00e21e07,OPay,feel good,5,2026-09-30,Google Play,Customer Review,https://play.google.com/store/apps/details?id=team.opay.pay&hl=en&gl=ng
b241e67b-d67f-4513-a77d-c625fb8134a1,OPay,opay is goated if you want fast transfers and an easier life download opay,5,2026-09-30,Google Play,Customer Review,https://play.google.com/store/apps/details?id=team.opay.pay&hl=en&gl=ng
b10f116e-85f6-4637-b9c7-cda0c21b5d33,OPay,fast and reliable,5,2026-09-30,Google Play,Customer Review,https://play.google.com/store/apps/details?id=team.opay.pay&hl=en&gl=ng
3b0f8c0e-b90f-408e-98ad-bff7a8c96d32,OPay,"Opay is serving me right, the best experience",5,2026-09-30,Google Play,Customer Review,https://play.google.com/store/apps/details?id=team.opay.pay&hl=en&gl=ng
145c0fcb-4f91-4731-81ee-ef5e9a4a81b0,OPay,is so nice 🙂🙂👍,5,2026-09-30,Google Play,Customer Review,https://play.google.com/store/apps/details?id=team.opay.pay&hl=en&gl=ng
a19710a8-959f-47a3-99e4-364668dfc4cc,OPay,opay is the best online banking Apps,5,2026-09-30,Google Play,Customer Review,https://play.google.com/store/apps/details?id=team.opay.pay&hl=en&gl=ng
22f94984-1dc9-49da-9042-04332aad9796,OPay,Opay is the best microfinace bank in Nigeria,5,2026-09-30,Google Play,Customer Review,https://play.google.com/store/apps/details?id=team.opay.pay&hl=en&gl=ng
bfa6aa5f-d0eb-42a1-aef9-76a819572e0c,OPay,faster and clean 👌,5,2026-09-30,Google Play,Customer Review,https://play.google.com/store/apps/details?id=team.opay.pay&hl=en&gl=ng
e24744a1-201d-4fd6-98c3-bb56f4c7551f,OPay,Account security and fast transaction,5,2026-09-30,Google Play,Customer Review,https://play.google.com/store/apps/details?id=team.opay.pay&hl=en&gl=ng
8c29a80c-daa7-475c-b486-dea8e1e62a8b,OPay,A very good banking app,5,2026-09-30,Google Play,Customer Review,https://play.google.com/store/apps/details?id=team.opay.pay&hl=en&gl=ng
5bd9adfe-8ced-453f-a977-89f459f79038,OPay,opay ooooooo no scam,5,2026-09-30,Google Play,Customer Review,https://play.google.com/store/apps/details?id=team.opay.pay&hl=en&gl=ng
43a9ed4b-a730-4bcf-9b2a-7b382983c4d2,OPay,doing great,5,2026-09-30,Google Play,Customer Review,https://play.google.com/store/apps/details?id=team.opay.pay&hl=en&gl=ng
442e6eee-9fe5-4edd-809f-ba24d225ae36,OPay,the apps is very good,5,2026-09-30,Google Play,Customer Review,https://play.google.com/store/apps/details?id=team.opay.pay&hl=en&gl=ng
420a4385-e93f-41f8-9f1b-a78e3721cf14,OPay,It's smooth and fast,4,2026-09-30,Google Play,Customer Review,https://play.google.com/store/apps/details?id=team.opay.pay&hl=en&gl=ng
a83ce2b1-79fc-4344-a796-d8ff1dd7de5d,OPay,The best so far!,5,2026-09-30,Google Play,Customer Review,https://play.google.com/store/apps/details?id=team.opay.pay&hl=en&gl=ng
78cb67ef-1571-422c-b084-037eae166d95,OPay,it's gives me joy,5,2026-09-30,Google Play,Customer Review,https://play.google.com/store/apps/details?id=team.opay.pay&hl=en&gl=ng
a8bd20d0-2eb8-4db0-8403-9d936cbd2c83,OPay,very reliable,5,2026-09-30,Google Play,Customer Review,https://play.google.com/store/apps/details?id=team.opay.pay&hl=en&gl=ng
d74ec926-76cb-4ad6-a69f-233c428bb2ef,OPay,satisfying,5,2026-09-30,Google Play,Customer Review,https://play.google.com/store/apps/details?id=team.opay.pay&hl=en&gl=ng
d2dd2e3f-a7e2-46a2-9eed-18fab08ac917,OPay,good,3,2026-09-30,Google Play,Customer Review,https://play.google.com/store/apps/details?id=team.opay.pay&hl=en&gl=ng
94bd20e8-618d-427f-baa0-9989d2cb3b68,OPay,I love playing alot,5,2026-09-30,Google Play,Customer Review,https://play.google.com/store/apps/details?id=team.opay.pay&hl=en&gl=ng
2a0f6d48-c638-478e-ab9b-b5be60bc25f4,OPay,I love this app so much,5,2026-09-30,Google Play,Customer Review,https://play.google.com/store/apps/details?id=team.opay.pay&hl=en&gl=ng
86e7bf05-e462-4192-b270-60e75a12b087,OPay,opay is the best,5,2026-09-30,Google Play,Customer Review,https://play.google.com/store/apps/details?id=team.opay.pay&hl=en&gl=ng
c57ebd23-1f01-4158-a3ba-398510621575,OPay,Fast and reliable,5,2026-09-30,Google Play,Customer Review,https://play.google.com/store/apps/details?id=team.opay.pay&hl=en&gl=ng
1bd33256-2e6f-4aa6-ac1f-9150117915d7,OPay,God one,3,2026-09-30,Google Play,Customer Review,https://play.google.com/store/apps/details?id=team.opay.pay&hl=en&gl=ng
f4e7885e-24fb-4af7-a4d5-5d2857a1efa2,OPay,weldone job,5,2026-09-30,Google Play,Customer Review,https://play.google.com/store/apps/details?id=team.opay.pay&hl=en&gl=ng
669192a1-fc0e-435c-8482-d40e6e476660,OPay,very satisfied with the application,5,2026-09-30,Google Play,Customer Review,https://play.google.com/store/apps/details?id=team.opay.pay&hl=en&gl=ng
12cfdd1a-a989-414a-a477-45beed8b65a4,OPay,is perfect,5,2026-09-30,Google Play,Customer Review,https://play.google.com/store/apps/details?id=team.opay.pay&hl=en&gl=ng
5fde4b94-47fa-4867-a851-9934a2d9bdf2,OPay,good,5,2026-09-30,Google Play,Customer Review,https://play.google.com/store/apps/details?id=team.opay.pay&hl=en&gl=ng
fbdf6092-a29e-43e3-8320-f164a99614aa,OPay,fastest bank alive!!!,5,2026-09-30,Google Play,Customer Review,https://play.google.com/store/apps/details?id=team.opay.pay&hl=en&gl=ng
bbcb57b0-2119-4cef-a6a9-a0195512be09,OPay,awesome,5,2026-09-30,Google Play,Customer Review,https://play.google.com/store/apps/details?id=team.opay.pay&hl=en&gl=ng
efe793dd-8c7f-42b8-bf82-a9834e334c52,OPay,excellent,5,2026-09-30,Google Play,Customer Review,https://play.google.com/store/apps/details?id=team.opay.pay&hl=en&gl=ng
88402ba1-ed83-4fba-9613-5eb7a87c02e4,OPay,It great so far,5,2026-09-30,Google Play,Customer Review,https://play.google.com/store/apps/details?id=team.opay.pay&hl=en&gl=ng
38d87690-82d5-4650-967f-97877d036729,OPay,Easy and seamless transactions,5,2026-09-30,Google Play,Customer Review,https://play.google.com/store/apps/details?id=team.opay.pay&hl=en&gl=ng
490aca6d-8b33-4a7c-a796-98dcab92a0a8,OPay,this app is magnificent,1,2026-09-30,Google Play,Customer Review,https://play.google.com/store/apps/details?id=team.opay.pay&hl=en&gl=ng
ad290373-d12b-45ef-bf64-fe5c008b8ba6,OPay,one of my best banks,5,2026-09-30,Google Play,Customer Review,https://play.google.com/store/apps/details?id=team.opay.pay&hl=en&gl=ng
4192f972-03a6-4029-b508-08a782194f7d,OPay,awesome,5,2026-09-30,Google Play,Customer Review,https://play.google.com/store/apps/details?id=team.opay.pay&hl=en&gl=ng
bb3e84cd-a45a-4e5a-9291-d74f0c2e593e,OPay,Pnsipo,4,2026-09-30,Google Play,Customer Review,https://play.google.com/store/apps/details?id=team.opay.pay&hl=en&gl=ng
e6913eb3-2225-4218-9334-d594bde8c11f,OPay,Good and safe,5,2026-09-30,Google Play,Customer Review,https://play.google.com/store/apps/details?id=team.opay.pay&hl=en&gl=ng
3d7ab894-5301-497c-9c22-19d5711a176f,OPay,too good,5,2026-09-30,Google Play,Customer Review,https://play.google.com/store/apps/details?id=team.opay.pay&hl=en&gl=ng
f1b286df-f90d-42e8-836f-07b9e1e6aac3,OPay,Opay is the best,4,2026-09-30,Google Play,Customer Review,https://play.google.com/store/apps/details?id=team.opay.pay&hl=en&gl=ng
6c76c298-96b4-4f00-a54a-8256a32c1515,OPay,Yes sir but please let me know if I can get it,5,2026-09-30,Google Play,Customer Review,https://play.google.com/store/apps/details?id=team.opay.pay&hl=en&gl=ng
7facaf37-0174-4f1f-b717-f63948a51677,OPay,good,2,2026-09-30,Google Play,Customer Review,https://play.google.com/store/apps/details?id=team.opay.pay&hl=en&gl=ng
da4c710e-d243-4ff3-b48e-ad19f5042159,OPay,fantastical 😎,5,2026-09-30,Google Play,Customer Review,https://play.google.com/store/apps/details?id=team.opay.pay&hl=en&gl=ng
230f2709-49a5-4914-99fb-a46a6fee4cd7,OPay,very perfect &impressive,5,2026-09-30,Google Play,Customer Review,https://play.google.com/store/apps/details?id=team.opay.pay&hl=en&gl=ng
a0b185a4-fbbd-41db-b66e-1c98b496fbc1,OPay,"Your bank is very good But what I don't understand is, you updated your app and you are showing my last transaction even is I press the eye button it's still there I don't see any sense in that why would someone be able to see my last transaction even after hiding it",4,2026-09-30,Google Play,Customer Review,https://play.google.com/store/apps/details?id=team.opay.pay&hl=en&gl=ng
66327599-208c-4ed8-89b7-e8194991d81b,OPay,the updated version is terrible. its way too slow. you can do better,1,2026-09-30,Google Play,Customer Review,https://play.google.com/store/apps/details?id=team.opay.pay&hl=en&gl=ng
c64ae54b-6b9b-42f1-ae16-cab0d500ad38,OPay,10star,5,2026-09-30,Google Play,Customer Review,https://play.google.com/store/apps/details?id=team.opay.pay&hl=en&gl=ng
4278b8b0-3072-455e-be31-c3b1907e7d71,OPay,Opay is smooth and reliable. Keep up the good work,5,2026-09-30,Google Play,Customer Review,https://play.google.com/store/apps/details?id=team.opay.pay&hl=en&gl=ng
46bd9523-066e-4054-ac77-382d29e5e99f,OPay,it's the best,5,2026-09-30,Google Play,Customer Review,https://play.google.com/store/apps/details?id=team.opay.pay&hl=en&gl=ng
b41b232c-a7b8-435e-b312-cf1c61a1408d,OPay,Fast and reliable ✅✅,5,2026-09-30,Google Play,Customer Review,https://play.google.com/store/apps/details?id=team.opay.pay&hl=en&gl=ng
a18b56e0-6ca4-4585-a18c-fb1f01cb2a67,OPay,amazing experience,5,2026-09-30,Google Play,Customer Review,https://play.google.com/store/apps/details?id=team.opay.pay&hl=en&gl=ng
5edb0435-08e1-4176-a8f3-efcd8ca95964,OPay,very reliable,4,2026-09-30,Google Play,Customer Review,https://play.google.com/store/apps/details?id=team.opay.pay&hl=en&gl=ng
ca12c1c5-9ec9-415a-8519-f4c47bd4d27e,OPay,The app is easy to use and navigate even with the illiterate and aged people.,5,2026-09-30,Google Play,Customer Review,https://play.google.com/store/apps/details?id=team.opay.pay&hl=en&gl=ng
62ce8d85-1a40-4e36-bcdf-be8ec4a50374,OPay,OPAY services is quite good for me. It is reliable.,5,2026-09-30,Google Play,Customer Review,https://play.google.com/store/apps/details?id=team.opay.pay&hl=en&gl=ng
cfbf7b02-0813-4712-b02f-7e3411aa28a7,OPay,More than a Bank. Opay has made a good name for her self. The Banking we can trust.,5,2026-09-30,Google Play,Customer Review,https://play.google.com/store/apps/details?id=team.opay.pay&hl=en&gl=ng
3b496973-5ade-4947-acdc-4c5bf2a6e932,OPay,fast and reliable,5,2026-09-30,Google Play,Customer Review,https://play.google.com/store/apps/details?id=team.opay.pay&hl=en&gl=ng
6b5ff576-aef4-4079-baaa-52e6be6202fc,OPay,best app,5,2026-09-30,Google Play,Customer Review,https://play.google.com/store/apps/details?id=team.opay.pay&hl=en&gl=ng
ffd4007b-779d-4891-974e-85e729705211,OPay,I Love 💕 this app its very nice and lovely,5,2026-09-30,Google Play,Customer Review,https://play.google.com/store/apps/details?id=team.opay.pay&hl=en&gl=ng
3b6e85ee-4769-4952-a19e-a0b635b4d149,OPay,Super,5,2026-09-30,Google Play,Customer Review,https://play.google.com/store/apps/details?id=team.opay.pay&hl=en&gl=ng
9780a2c9-e0b0-4a48-abe5-c3c43f2c5c20,OPay,"swift , smooth and successful",5,2026-09-30,Google Play,Customer Review,https://play.google.com/store/apps/details?id=team.opay.pay&hl=en&gl=ng
88a98423-9c80-47df-bf1e-f1c9e5f40af7,OPay,opay is a good bank,5,2026-09-30,Google Play,Customer Review,https://play.google.com/store/apps/details?id=team.opay.pay&hl=en&gl=ng
84af8437-2f9b-4c36-abde-c7833258c0be,OPay,Opay is the best banking app come join us and see for your self,5,2026-09-30,Google Play,Customer Review,https://play.google.com/store/apps/details?id=team.opay.pay&hl=en&gl=ng
916bcd97-3dcc-488f-aab2-f966b737e3c9,OPay,nice,5,2026-09-30,Google Play,Customer Review,https://play.google.com/store/apps/details?id=team.opay.pay&hl=en&gl=ng
435eb3d5-2580-41d7-baa4-e52e77872e8a,OPay,"why can't I transfer my funds for days now? I've tried contacting your customer care still nothing, it's so frustrating as the other day I was stranded on my way back from work after a stressful day cause I could not make a transfer.",3,2026-09-30,Google Play,Customer Review,https://play.google.com/store/apps/details?id=team.opay.pay&hl=en&gl=ng
6557522a-1010-4243-ab91-cab6c7e4ad49,OPay,very good 👍👍👍,5,2026-09-30,Google Play,Customer Review,https://play.google.com/store/apps/details?id=team.opay.pay&hl=en&gl=ng
9103bc0b-8561-4f21-8ed5-e7dedaed1b33,OPay,It's a swift experience with Opay.,4,2026-09-30,Google Play,Customer Review,https://play.google.com/store/apps/details?id=team.opay.pay&hl=en&gl=ng
25e6d510-3afc-48b4-947c-cf622c8acf48,OPay,fast and easy 👌,5,2026-09-30,Google Play,Customer Review,https://play.google.com/store/apps/details?id=team.opay.pay&hl=en&gl=ng
9f794908-093c-4805-801e-09ee3b53bdd1,OPay,"i have been using this app for more than six years without any issues, I love it so much",5,2026-09-30,Google Play,Customer Review,https://play.google.com/store/apps/details?id=team.opay.pay&hl=en&gl=ng
1b0c3489-ccda-4d00-88cd-052a2c93ae86,OPay,best option,5,2026-09-30,Google Play,Customer Review,https://play.google.com/store/apps/details?id=team.opay.pay&hl=en&gl=ng
9e6d0cc4-5800-43ad-9bf7-741e81f99001,OPay,very very fast in transition,5,2026-09-30,Google Play,Customer Review,https://play.google.com/store/apps/details?id=team.opay.pay&hl=en&gl=ng
71454384-21e5-4973-ab11-dba032a655ea,OPay,♥️♥️♥️♥️,5,2026-09-30,Google Play,Customer Review,https://play.google.com/store/apps/details?id=team.opay.pay&hl=en&gl=ng
a843fc28-5609-4b35-a297-f3e4362a1ba0,OPay,my opay app is not fast in login,5,2026-09-30,Google Play,Customer Review,https://play.google.com/store/apps/details?id=team.opay.pay&hl=en&gl=ng
bc9d7fe6-b0eb-438e-8b0d-aec68e598f27,OPay,seamless,5,2026-09-30,Google Play,Customer Review,https://play.google.com/store/apps/details?id=team.opay.pay&hl=en&gl=ng
01081a0f-87f6-4f9d-8ce9-9339667859f8,OPay,great app,5,2026-09-30,Google Play,Customer Review,https://play.google.com/store/apps/details?id=team.opay.pay&hl=en&gl=ng
963564ff-32d6-4e1c-98ef-aeeec2f864c8,OPay,"With opay, you're okay baby 🥹🙂‍↔️",5,2026-09-30,Google Play,Customer Review,https://play.google.com/store/apps/details?id=team.opay.pay&hl=en&gl=ng
1c7e7013-8f36-4597-855c-0c1640a004bb,OPay,Excellent,5,2026-09-30,Google Play,Customer Review,https://play.google.com/store/apps/details?id=team.opay.pay&hl=en&gl=ng
e3ec256e-dcb3-4b19-af5b-2090d8a138dd,OPay,Beautiful seamless operation. Thank you opay team,5,2026-09-30,Google Play,Customer Review,https://play.google.com/store/apps/details?id=team.opay.pay&hl=en&gl=ng
dba5940e-3b9e-4491-a97c-734b31dc274a,OPay,Opay is doing really well with their services,4,2026-09-30,Google Play,Customer Review,https://play.google.com/store/apps/details?id=team.opay.pay&hl=en&gl=ng
34c14b48-d63e-458f-b92b-d67576776e61,OPay,Please which version of pay can I download for android 5 Because this version isn't working on my phone,2,2026-09-30,Google Play,Customer Review,https://play.google.com/store/apps/details?id=team.opay.pay&hl=en&gl=ng
bd34ef1a-7571-4067-923c-ba3c761bcb43,OPay,too slow,2,2026-09-30,Google Play,Customer Review,https://play.google.com/store/apps/details?id=team.opay.pay&hl=en&gl=ng
e567e408-d809-43bc-8bfc-47fdff5dd136,OPay,made transaction alot easier,5,2026-09-30,Google Play,Customer Review,https://play.google.com/store/apps/details?id=team.opay.pay&hl=en&gl=ng
0243fc64-1e70-4e57-a0a6-2e900cea985a,OPay,MASANA,5,2026-09-30,Google Play,Customer Review,https://play.google.com/store/apps/details?id=team.opay.pay&hl=en&gl=ng
2f8a2e6e-2b7c-4b82-bb01-e804c524f8e1,OPay,this app dey Totori me Wella,5,2026-09-30,Google Play,Customer Review,https://play.google.com/store/apps/details?id=team.opay.pay&hl=en&gl=ng
7eddf922-6aeb-4311-93e6-075490b0e4b1,OPay,Opay is one of the best banks i have seen so far I am happy banking with you!!!,5,2026-09-30,Google Play,Customer Review,https://play.google.com/store/apps/details?id=team.opay.pay&hl=en&gl=ng
345a00b7-49ea-439f-a1a4-adc7374632f3,OPay,I love it,5,2026-09-30,Google Play,Customer Review,https://play.google.com/store/apps/details?id=team.opay.pay&hl=en&gl=ng
eb47d7a7-f9fd-4dcf-beba-d9032a59af16,OPay,Best,5,2026-09-30,Google Play,Customer Review,https://play.google.com/store/apps/details?id=team.opay.pay&hl=en&gl=ng
f746b52e-d2a6-41e3-97d5-6ae214bfbae0,OPay,good day,5,2026-09-30,Google Play,Customer Review,https://play.google.com/store/apps/details?id=team.opay.pay&hl=en&gl=ng
54bce34f-0121-44e7-b319-98c1a5f197eb,OPay,excellent 👌,5,2026-09-30,Google Play,Customer Review,https://play.google.com/store/apps/details?id=team.opay.pay&hl=en&gl=ng
d39aba82-124e-477f-97b2-6c5807313d42,OPay,Best app ever,5,2026-09-30,Google Play,Customer Review,https://play.google.com/store/apps/details?id=team.opay.pay&hl=en&gl=ng
a88958d5-137a-40ff-b280-b9a169d3619e,OPay,best banking app ever,4,2026-09-30,Google Play,Customer Review,https://play.google.com/store/apps/details?id=team.opay.pay&hl=en&gl=ng
2d66318a-d5f6-40fa-8cb2-de9dab20f893,OPay,Good,5,2026-09-30,Google Play,Customer Review,https://play.google.com/store/apps/details?id=team.opay.pay&hl=en&gl=ng
4562e534-7afc-402e-b914-5a07713afb96,OPay,simply the best I have used so far,5,2026-09-30,Google Play,Customer Review,https://play.google.com/store/apps/details?id=team.opay.pay&hl=en&gl=ng
560c9d9c-68e7-4fe4-8341-2102dfa353dc,OPay,always be with opay always ❤️,5,2026-09-30,Google Play,Customer Review,https://play.google.com/store/apps/details?id=team.opay.pay&hl=en&gl=ng
06ac1601-483d-4c2d-bc2a-724196f21822,OPay,Best banking app with so many bonuses and benefits,5,2026-09-30,Google Play,Customer Review,https://play.google.com/store/apps/details?id=team.opay.pay&hl=en&gl=ng
75114766-81ec-479a-9d65-c582e44b937e,OPay,very good hi love it,5,2026-09-30,Google Play,Customer Review,https://play.google.com/store/apps/details?id=team.opay.pay&hl=en&gl=ng
d4cb1c86-d3e3-44f2-8c82-cfc310e32a19,OPay,amazing,5,2026-09-30,Google Play,Customer Review,https://play.google.com/store/apps/details?id=team.opay.pay&hl=en&gl=ng
258661c5-e5b4-4eca-92f4-55919a4d7771,OPay,good,4,2026-09-30,Google Play,Customer Review,https://play.google.com/store/apps/details?id=team.opay.pay&hl=en&gl=ng
e9025853-978e-47cc-814e-fa31b5289c44,OPay,this is the very best online banking in Nigeria. Top notch keep up the good work Opay thanks for everything.,5,2026-09-30,Google Play,Customer Review,https://play.google.com/store/apps/details?id=team.opay.pay&hl=en&gl=ng
fd8d7d71-b117-4c13-8478-634e733ccbc7,OPay,excellent,5,2026-09-30,Google Play,Customer Review,https://play.google.com/store/apps/details?id=team.opay.pay&hl=en&gl=ng
faa6783c-4e89-49d4-8ca9-6338f0b5a32e,OPay,Satisfactory 🥰🥰🥰,5,2026-09-30,Google Play,Customer Review,https://play.google.com/store/apps/details?id=team.opay.pay&hl=en&gl=ng
246865b4-91b2-40d0-8bbc-5337e124e341,OPay,seamless,5,2026-09-30,Google Play,Customer Review,https://play.google.com/store/apps/details?id=team.opay.pay&hl=en&gl=ng
6414c161-2052-49e5-a163-a8c047d7d622,OPay,Good,5,2026-09-30,Google Play,Customer Review,https://play.google.com/store/apps/details?id=team.opay.pay&hl=en&gl=ng
b314bb11-13c3-41d0-b93a-15a00ee5fa89,OPay,I'm happy,5,2026-09-30,Google Play,Customer Review,https://play.google.com/store/apps/details?id=team.opay.pay&hl=en&gl=ng
d0b5d505-f31c-47ca-80ee-f0861eba899a,OPay,Pls make this appto work on my phone,5,2026-09-30,Google Play,Customer Review,https://play.google.com/store/apps/details?id=team.opay.pay&hl=en&gl=ng
ea5ef0a2-6970-45fa-a039-40a98575ef84,OPay,very useful,5,2026-09-30,Google Play,Customer Review,https://play.google.com/store/apps/details?id=team.opay.pay&hl=en&gl=ng
d269d98c-c846-450b-8d26-a7d7a626b9b7,OPay,words alone can't be enough to express how you guys make me feel... all I have to say is this.. I love OPAY..,5,2026-09-30,Google Play,Customer Review,https://play.google.com/store/apps/details?id=team.opay.pay&hl=en&gl=ng
92ce6c46-ff36-45da-81c2-962bbde568f5,OPay,"So far, so good. I am Happy with Opay. Well done Opay.",5,2026-09-30,Google Play,Customer Review,https://play.google.com/store/apps/details?id=team.opay.pay&hl=en&gl=ng
5c891c50-4dcb-4bf2-9250-1b1013e579f9,OPay,most reliable app for transaction so far,5,2026-09-30,Google Play,Customer Review,https://play.google.com/store/apps/details?id=team.opay.pay&hl=en&gl=ng
d31be902-cbb9-4a1c-a20e-c10fc92d805e,OPay,good app,5,2026-09-30,Google Play,Customer Review,https://play.google.com/store/apps/details?id=team.opay.pay&hl=en&gl=ng
385dcf7c-45c3-4fbd-9fe8-e34f1e1d531b,OPay,the best ever,5,2026-09-30,Google Play,Customer Review,https://play.google.com/store/apps/details?id=team.opay.pay&hl=en&gl=ng
e5dca950-8afd-4b6e-806e-bbcf948de57c,OPay,"Dear Opay,how do I send an email to you people. I sent 300k from my GTB to my opay last night,the money hasn't dropped in my account rather it is showing failed. The money has left my GTB account. How will this be resolved please?",3,2026-09-30,Google Play,Customer Review,https://play.google.com/store/apps/details?id=team.opay.pay&hl=en&gl=ng
ba2fb37f-eb4b-4d03-88bf-483cc068e533,OPay,sweet than any other,5,2026-09-30,Google Play,Customer Review,https://play.google.com/store/apps/details?id=team.opay.pay&hl=en&gl=ng
2f9f41fe-90d5-4a39-9b50-05c1f09cfd4f,OPay,Helpful,5,2026-09-30,Google Play,Customer Review,https://play.google.com/store/apps/details?id=team.opay.pay&hl=en&gl=ng
5d20aa28-4084-427a-8a97-48d1d51fa9f2,OPay,very good,5,2026-09-30,Google Play,Customer Review,https://play.google.com/store/apps/details?id=team.opay.pay&hl=en&gl=ng
1cc078e7-9674-4291-8977-fc319084581e,OPay,wonderful service delivery,5,2026-09-30,Google Play,Customer Review,https://play.google.com/store/apps/details?id=team.opay.pay&hl=en&gl=ng
b7feef2a-ae41-42e4-9045-ecb5ea25a4de,OPay,perfect and reliable,5,2026-09-30,Google Play,Customer Review,https://play.google.com/store/apps/details?id=team.opay.pay&hl=en&gl=ng
73ef72dc-1a2e-47e4-a53a-f0d6057a378a,OPay,into upon something never forget was life play the video subject foretold Babylon feel upon filling something creation outlined below nothing research blood platelets definition biology Quizlet chapter summary reborn retelling record displacement reaction standard God lordship live hook,5,2026-09-30,Google Play,Customer Review,https://play.google.com/store/apps/details?id=team.opay.pay&hl=en&gl=ng
8e86548b-dda9-4f8b-b435-ed99dfbbf75e,OPay,"If no be opay, how my transaction for take dey easy?",5,2026-09-30,Google Play,Customer Review,https://play.google.com/store/apps/details?id=team.opay.pay&hl=en&gl=ng
26e8cfc4-093d-4c41-aeb3-9e4a0cfc3003,OPay,fast in transactions,5,2026-09-30,Google Play,Customer Review,https://play.google.com/store/apps/details?id=team.opay.pay&hl=en&gl=ng
692e9528-9a66-49b2-9ced-45920dce93ec,OPay,beautiful,5,2026-09-30,Google Play,Customer Review,https://play.google.com/store/apps/details?id=team.opay.pay&hl=en&gl=ng
162803d8-9a7f-4763-bc68-bf6be2693346,OPay,"The performance is okay for now,so, keep it up!",4,2026-09-30,Google Play,Customer Review,https://play.google.com/store/apps/details?id=team.opay.pay&hl=en&gl=ng
a947c3bb-d6da-4104-8bb1-c657c3a5fcda,OPay,Good,5,2026-09-30,Google Play,Customer Review,https://play.google.com/store/apps/details?id=team.opay.pay&hl=en&gl=ng
5164a9bd-c169-4a24-8371-ad8d93195dca,OPay,love it live it,5,2026-09-30,Google Play,Customer Review,https://play.google.com/store/apps/details?id=team.opay.pay&hl=en&gl=ng
d61352ea-2a26-4d1c-8386-19f36c098abe,OPay,very nice app for making transaction,5,2026-09-30,Google Play,Customer Review,https://play.google.com/store/apps/details?id=team.opay.pay&hl=en&gl=ng
32de020e-2985-4f7c-b889-6d989cca3544,OPay,Exceptional,5,2026-09-30,Google Play,Customer Review,https://play.google.com/store/apps/details?id=team.opay.pay&hl=en&gl=ng
82f1b53b-fa49-48aa-a685-28686565961d,OPay,very good,5,2026-09-30,Google Play,Customer Review,https://play.google.com/store/apps/details?id=team.opay.pay&hl=en&gl=ng
811a88b9-7fb4-400c-8ce0-34da9ebe1808,OPay,I love the app and it is very recommendable,5,2026-09-30,Google Play,Customer Review,https://play.google.com/store/apps/details?id=team.opay.pay&hl=en&gl=ng
d59ae0f4-26c3-4540-b51f-d0d10f150dce,OPay,Opay is the best of all,5,2026-09-30,Google Play,Customer Review,https://play.google.com/store/apps/details?id=team.opay.pay&hl=en&gl=ng
f62a4aab-4fb0-4370-9873-98699140613b,OPay,I dey enjoy una 😍,5,2026-09-30,Google Play,Customer Review,https://play.google.com/store/apps/details?id=team.opay.pay&hl=en&gl=ng
80558c2b-fcbe-47fd-939e-b6c65cf2cef1,OPay,opay is one of the best mobile banking apps I've ever crossed in my entire life ❤️ I've never regretted using opay and I'm very sure I won't. dear Opay team keep up with the Good work. we Nigerians are very very impressed 💯,5,2026-09-30,Google Play,Customer Review,https://play.google.com/store/apps/details?id=team.opay.pay&hl=en&gl=ng
90ec13b8-3759-4131-9196-bca7fb7cdcb3,OPay,Nice,5,2026-09-30,Google Play,Customer Review,https://play.google.com/store/apps/details?id=team.opay.pay&hl=en&gl=ng
49564df1-2835-448c-b760-22499c3d1c73,OPay,Been superb from day 1,5,2026-09-30,Google Play,Customer Review,https://play.google.com/store/apps/details?id=team.opay.pay&hl=en&gl=ng
8ce0f769-8aad-41ab-9b30-2f621021f224,OPay,good record,5,2026-09-30,Google Play,Customer Review,https://play.google.com/store/apps/details?id=team.opay.pay&hl=en&gl=ng
a5816b9e-89d3-4312-b7d6-469d1c44b2d2,OPay,"It is very good ,but you need to improve on the bonuses given to me cause I use the app alot",5,2026-09-30,Google Play,Customer Review,https://play.google.com/store/apps/details?id=team.opay.pay&hl=en&gl=ng
e068c8f9-2fe5-4e67-b208-334f0a07e691,OPay,fast in transaction ☺️ love it 💕,5,2026-09-30,Google Play,Customer Review,https://play.google.com/store/apps/details?id=team.opay.pay&hl=en&gl=ng
90b46c99-1d43-4f2c-a5ff-5c305ad4195c,OPay,tosin,5,2026-09-30,Google Play,Customer Review,https://play.google.com/store/apps/details?id=team.opay.pay&hl=en&gl=ng
d10cb14e-01e3-4f7a-9ab2-8ffbeea36ce4,OPay,A better bank,5,2026-09-30,Google Play,Customer Review,https://play.google.com/store/apps/details?id=team.opay.pay&hl=en&gl=ng
04665af7-8a73-4220-b39b-e24520051714,OPay,fast and reliable,5,2026-09-30,Google Play,Customer Review,https://play.google.com/store/apps/details?id=team.opay.pay&hl=en&gl=ng
89f6c8ce-a4bf-467b-bd51-5518f2f60ebc,OPay,opay has make online easier in Nigeria and abroad. opay is my no1 banking account,5,2026-09-30,Google Play,Customer Review,https://play.google.com/store/apps/details?id=team.opay.pay&hl=en&gl=ng
a45bd4db-8fed-41ed-b7fd-0cf97485a09f,OPay,Excellent,5,2026-09-30,Google Play,Customer Review,https://play.google.com/store/apps/details?id=team.opay.pay&hl=en&gl=ng
6b5e0a17-eb15-4245-ad3d-9d5688d8b490,OPay,Best Mobile Banking App in Nigeria!💯 I can't wait for it to be listed on NGX stocks so I'd become a shareholder 🙂‍↕️ It would also be nice to see Opay having Physical Banks,5,2026-09-30,Google Play,Customer Review,https://play.google.com/store/apps/details?id=team.opay.pay&hl=en&gl=ng
daba63a5-2bf7-4b75-ba75-8f1aed220e89,OPay,very good it's really fast and trusted,5,2026-09-30,Google Play,Customer Review,https://play.google.com/store/apps/details?id=team.opay.pay&hl=en&gl=ng
c8f79333-8686-48db-91ca-afa7538d0f42,OPay,very excellent,5,2026-09-30,Google Play,Customer Review,https://play.google.com/store/apps/details?id=team.opay.pay&hl=en&gl=ng
9c08f647-1c04-4d42-8265-1db007cbcc4e,OPay,Shut up,5,2026-09-30,Google Play,Customer Review,https://play.google.com/store/apps/details?id=team.opay.pay&hl=en&gl=ng
565a3374-cf89-4ba7-9dd7-3598ea9e7fff,OPay,very excellent bank,5,2026-09-30,Google Play,Customer Review,https://play.google.com/store/apps/details?id=team.opay.pay&hl=en&gl=ng
d20798dc-81d4-443e-a06c-d601365a8b51,OPay,nice,5,2026-09-30,Google Play,Customer Review,https://play.google.com/store/apps/details?id=team.opay.pay&hl=en&gl=ng
4d7e504c-fb3a-410e-9c41-ad41be0d25c8,OPay,why is opay delaying like this or is it true that opay is going because I do transfer yesterday it shows successfully but not credited i report it since that yesterday through the app but no review or reversed at all,2,2026-09-30,Google Play,Customer Review,https://play.google.com/store/apps/details?id=team.opay.pay&hl=en&gl=ng
638aa459-20b6-49f0-9691-c0c3cb0f38e7,OPay,"U k,, A A.",5,2026-09-30,Google Play,Customer Review,https://play.google.com/store/apps/details?id=team.opay.pay&hl=en&gl=ng
fdd33642-99a5-4890-a1d3-cf40b15bda6d,OPay,easy money app,5,2026-09-30,Google Play,Customer Review,https://play.google.com/store/apps/details?id=team.opay.pay&hl=en&gl=ng
e284d435-1831-4f30-bcab-74dbcb85e254,OPay,Great,5,2026-09-30,Google Play,Customer Review,https://play.google.com/store/apps/details?id=team.opay.pay&hl=en&gl=ng
b22ecfd5-5919-4532-837a-11bd26df76f7,OPay,Opay is okay 🆗👍,5,2026-09-30,Google Play,Customer Review,https://play.google.com/store/apps/details?id=team.opay.pay&hl=en&gl=ng
776f251f-f1a2-4929-a24b-d97ea728e139,OPay,it is better,5,2026-09-30,Google Play,Customer Review,https://play.google.com/store/apps/details?id=team.opay.pay&hl=en&gl=ng
a9fb98ca-bfc2-4c8e-bbbc-5c4af4d4e52d,OPay,"easy,fast,and effective!",5,2026-09-30,Google Play,Customer Review,https://play.google.com/store/apps/details?id=team.opay.pay&hl=en&gl=ng
67203d01-fb04-493d-a2ef-72918c0b2c91,OPay,I have been using this app for 4years now no disappointment opay is okay.,4,2026-09-30,Google Play,Customer Review,https://play.google.com/store/apps/details?id=team.opay.pay&hl=en&gl=ng
e6dedfb2-c763-4423-885b-64e8f3d03f33,OPay,I love opay app because is fast in any thing you want to do i Love opay. did you love opay too,5,2026-09-30,Google Play,Customer Review,https://play.google.com/store/apps/details?id=team.opay.pay&hl=en&gl=ng
dde25817-f801-4d45-894a-ea591c27f692,OPay,"good app indeed, keep it up",5,2026-09-30,Google Play,Customer Review,https://play.google.com/store/apps/details?id=team.opay.pay&hl=en&gl=ng
bc6925a0-185f-457b-a131-905bec267d70,OPay,"Opay has been a major ""bank killer app"" with it's features such as free transfers, safe box, fixed investment rates and many more. The NDIC insurance coverage makes it even more appealing. It's been a wonderful fintech app.",5,2026-09-30,Google Play,Customer Review,https://play.google.com/store/apps/details?id=team.opay.pay&hl=en&gl=ng
adfbf235-a3ea-416e-baf5-ae355f1c7874,OPay,"The service is quite okay and reliable, love it.👍",4,2026-09-30,Google Play,Customer Review,https://play.google.com/store/apps/details?id=team.opay.pay&hl=en&gl=ng
1c72a9ad-cc82-48db-aef6-bcc8e9ae1398,OPay,Opay is Okay 👍 👌,5,2026-09-30,Google Play,Customer Review,https://play.google.com/store/apps/details?id=team.opay.pay&hl=en&gl=ng
c90f8e88-2691-4f02-97e5-475b1577e3db,OPay,fast and reliable 😀,5,2026-09-30,Google Play,Customer Review,https://play.google.com/store/apps/details?id=team.opay.pay&hl=en&gl=ng
5dbff3c8-1036-4cfa-bf7a-239ce0a71312,OPay,Best financial app!!!,5,2026-09-30,Google Play,Customer Review,https://play.google.com/store/apps/details?id=team.opay.pay&hl=en&gl=ng
356dbfb8-9cd8-48b0-9f04-dd463829fe0c,OPay,you guys are the best,5,2026-09-30,Google Play,Customer Review,https://play.google.com/store/apps/details?id=team.opay.pay&hl=en&gl=ng
39bf2223-23af-474f-bc16-05aeb5a5bc4d,OPay,"OPAY IS OKAY HONESTLY, KEEP UP THE GOOD WORKS",5,2026-09-30,Google Play,Customer Review,https://play.google.com/store/apps/details?id=team.opay.pay&hl=en&gl=ng
ebaad49a-08d4-442d-9dc6-f226a2226425,OPay,impressive,5,2026-09-30,Google Play,Customer Review,https://play.google.com/store/apps/details?id=team.opay.pay&hl=en&gl=ng
eda25ff0-6ab8-4a74-9752-c4be8fc78e83,OPay,why my opay app is not showing on my phone screen,5,2026-09-30,Google Play,Customer Review,https://play.google.com/store/apps/details?id=team.opay.pay&hl=en&gl=ng
223961ca-1362-44fc-8930-3bf8233453fe,OPay,Good banking system!!!,5,2026-09-30,Google Play,Customer Review,https://play.google.com/store/apps/details?id=team.opay.pay&hl=en&gl=ng
79cb2bd0-616b-43df-89d3-00db3a3c6cf8,OPay,nice app,5,2026-09-30,Google Play,Customer Review,https://play.google.com/store/apps/details?id=team.opay.pay&hl=en&gl=ng
9416eed0-136f-435e-ab82-43f0d6c215cb,OPay,I love opay,5,2026-09-30,Google Play,Customer Review,https://play.google.com/store/apps/details?id=team.opay.pay&hl=en&gl=ng
e07296be-7726-421b-bf81-8edada8aeab5,OPay,A reliable banking app,5,2026-09-30,Google Play,Customer Review,https://play.google.com/store/apps/details?id=team.opay.pay&hl=en&gl=ng
2629c494-80ac-4e89-9872-460d6c8dc4bb,OPay,I am not sure I can ask for more or anything better. Opay has made us realize that banking with ease is possible.,5,2026-09-30,Google Play,Customer Review,https://play.google.com/store/apps/details?id=team.opay.pay&hl=en&gl=ng
e333e08e-8182-44a3-aea2-1d42af307866,OPay,very good,5,2026-09-30,Google Play,Customer Review,https://play.google.com/store/apps/details?id=team.opay.pay&hl=en&gl=ng
2eb48075-6cb0-4540-8db9-2ed645687537,OPay,You are indeed beyond banking,5,2026-09-30,Google Play,Customer Review,https://play.google.com/store/apps/details?id=team.opay.pay&hl=en&gl=ng
9905a858-a032-4a28-b704-c404cbfb933a,OPay,Amazing App quick for payment,5,2026-09-30,Google Play,Customer Review,https://play.google.com/store/apps/details?id=team.opay.pay&hl=en&gl=ng
2cb65b97-e86f-4d6c-9af5-d7ad4093226e,OPay,fast and reliable app,5,2026-09-30,Google Play,Customer Review,https://play.google.com/store/apps/details?id=team.opay.pay&hl=en&gl=ng
89c16aa6-0140-46d6-9617-1d51b738bd2c,OPay,it's a good app,5,2026-09-30,Google Play,Customer Review,https://play.google.com/store/apps/details?id=team.opay.pay&hl=en&gl=ng
6b24775c-ca3c-49a6-bd7e-202531312773,OPay,una dey try,4,2026-09-30,Google Play,Customer Review,https://play.google.com/store/apps/details?id=team.opay.pay&hl=en&gl=ng
a7ee6ab8-c6bb-4864-bca0-806cb3f03100,OPay,I really enjoy it,4,2026-09-30,Google Play,Customer Review,https://play.google.com/store/apps/details?id=team.opay.pay&hl=en&gl=ng
3f53876f-9d79-4620-85a3-d98cc3b9a728,OPay,good app,5,2026-09-30,Google Play,Customer Review,https://play.google.com/store/apps/details?id=team.opay.pay&hl=en&gl=ng
cf6363db-b443-4511-9efd-4dd60581b3ee,OPay,BEST AMONG THE REST*****,5,2026-09-30,Google Play,Customer Review,https://play.google.com/store/apps/details?id=team.opay.pay&hl=en&gl=ng
021cb79a-4d12-4d71-8099-d94dbf93842a,OPay,opay is easy to understand and also fast and reliable 👍,5,2026-09-30,Google Play,Customer Review,https://play.google.com/store/apps/details?id=team.opay.pay&hl=en&gl=ng
58daaf74-f724-456a-a328-c1019e310412,OPay,The best,5,2026-09-30,Google Play,Customer Review,https://play.google.com/store/apps/details?id=team.opay.pay&hl=en&gl=ng
00a34b69-48a1-4695-949c-8672b2b1d22d,OPay,"Good in transfer, I recommend it for people who looking trusted app for online banking",5,2026-09-30,Google Play,Customer Review,https://play.google.com/store/apps/details?id=team.opay.pay&hl=en&gl=ng
65eb7912-08e9-4b3e-b79a-8e1ea42cbb36,OPay,Awesome,5,2026-09-30,Google Play,Customer Review,https://play.google.com/store/apps/details?id=team.opay.pay&hl=en&gl=ng
e0b9b207-7140-4931-97fc-3bc4a097b391,OPay,Confam! life is always okay with Opay Opay is the BEST bank in Nigeria currently.,5,2026-09-30,Google Play,Customer Review,https://play.google.com/store/apps/details?id=team.opay.pay&hl=en&gl=ng
ccce12db-43ed-4c2b-8f93-39f72ba2377d,OPay,obey his first a reliable,5,2026-09-30,Google Play,Customer Review,https://play.google.com/store/apps/details?id=team.opay.pay&hl=en&gl=ng
78fb1dea-c18c-47ef-800c-4b1a88fc3c43,OPay,Good and comfortable I like it,3,2026-09-30,Google Play,Customer Review,https://play.google.com/store/apps/details?id=team.opay.pay&hl=en&gl=ng
f09ace82-d837-4815-962b-70b3774a9817,OPay,very stress free,5,2026-09-30,Google Play,Customer Review,https://play.google.com/store/apps/details?id=team.opay.pay&hl=en&gl=ng
ce789183-ceae-4a91-a86e-2fc65ac65dea,OPay,Amazing experience. The best of all merchant banks,5,2026-09-30,Google Play,Customer Review,https://play.google.com/store/apps/details?id=team.opay.pay&hl=en&gl=ng
e8d80ce8-477d-44e8-ae22-c7ed4e9c045a,OPay,Very good opay it's nice doing business with you,5,2026-09-30,Google Play,Customer Review,https://play.google.com/store/apps/details?id=team.opay.pay&hl=en&gl=ng
069efd2b-a7ba-43ff-8f53-8df518b1a0f5,OPay,Opay is nice but the charges is more than interest.,5,2026-09-30,Google Play,Customer Review,https://play.google.com/store/apps/details?id=team.opay.pay&hl=en&gl=ng
c43324c1-cba7-4d95-a70e-6040f970a04c,OPay,"Opay, the very best in the game!",5,2026-09-30,Google Play,Customer Review,https://play.google.com/store/apps/details?id=team.opay.pay&hl=en&gl=ng
cc5a7e48-c9e1-4a1d-b664-6eb4e3546076,OPay,satisfactory,5,2026-09-30,Google Play,Customer Review,https://play.google.com/store/apps/details?id=team.opay.pay&hl=en&gl=ng
bbeb95df-8078-41f2-bba4-88afc78317d8,OPay,what an excellent app,5,2026-09-30,Google Play,Customer Review,https://play.google.com/store/apps/details?id=team.opay.pay&hl=en&gl=ng
d0854a84-08af-4226-9094-453667514e14,OPay,best banking app ever,5,2026-09-30,Google Play,Customer Review,https://play.google.com/store/apps/details?id=team.opay.pay&hl=en&gl=ng
205df915-35a0-4766-b4af-bc9ce2769a80,OPay,BEST!,5,2026-09-30,Google Play,Customer Review,https://play.google.com/store/apps/details?id=team.opay.pay&hl=en&gl=ng
6cd08ccc-1583-4a70-a6be-09c6282b2b65,OPay,the best in the world 🌍 God bless opay,5,2026-09-30,Google Play,Customer Review,https://play.google.com/store/apps/details?id=team.opay.pay&hl=en&gl=ng
75966e96-9804-45a1-830f-6cbf387cd023,OPay,best banking app ever for security 💯 fast payment with no issues no more way for scammers 😂😂😂💯💯💯,5,2026-09-30,Google Play,Customer Review,https://play.google.com/store/apps/details?id=team.opay.pay&hl=en&gl=ng
424d4497-a6a0-4d74-9079-e0845e18a7cd,OPay,fast and reliable,5,2026-09-30,Google Play,Customer Review,https://play.google.com/store/apps/details?id=team.opay.pay&hl=en&gl=ng
35e3105d-2999-456f-815d-7fdc4f90e6b1,OPay,"I bought Spotify student premium account, i was deducted thrice and it didn't reflect on my Spotify account at all. I contacted Spotify they said they didn't have record of the money, I contacted Google play, I couldn't find any record of the money, I tried reaching out to your customer service and I was put on pending several times. Kindly refund my money ooo.",1,2026-09-30,Google Play,Customer Review,https://play.google.com/store/apps/details?id=team.opay.pay&hl=en&gl=ng
de62644e-b803-4a67-880a-c2646a3b7d34,OPay,exceptional,4,2026-09-30,Google Play,Customer Review,https://play.google.com/store/apps/details?id=team.opay.pay&hl=en&gl=ng
91f49120-e4c4-4bb7-99c2-47a5893d5807,OPay,Superb,4,2026-09-30,Google Play,Customer Review,https://play.google.com/store/apps/details?id=team.opay.pay&hl=en&gl=ng
e85fe402-7fac-4c67-aeb7-e728b970c5de,OPay,I will forever and ever use opay account because they are trustworthy,5,2026-09-30,Google Play,Customer Review,https://play.google.com/store/apps/details?id=team.opay.pay&hl=en&gl=ng
190e935c-66d5-4e45-ae08-abc2ef7d8d48,OPay,Great app,5,2026-09-30,Google Play,Customer Review,https://play.google.com/store/apps/details?id=team.opay.pay&hl=en&gl=ng
6c3fc56c-6e97-4ec2-8dd6-ac43dd4723d5,OPay,it's help me out of stress at times is very fast and reliable I wise I can rate it infinity,5,2026-09-30,Google Play,Customer Review,https://play.google.com/store/apps/details?id=team.opay.pay&hl=en&gl=ng
cdf7d574-f1e3-4bf3-9a7c-061b95d391da,OPay,best of the best,5,2026-09-30,Google Play,Customer Review,https://play.google.com/store/apps/details?id=team.opay.pay&hl=en&gl=ng
51321231-b358-4f3e-870d-dd0befed81cf,OPay,opay is the best bank in Nigeria so far,5,2026-09-30,Google Play,Customer Review,https://play.google.com/store/apps/details?id=team.opay.pay&hl=en&gl=ng
024c6361-0778-4722-a17c-46eba0bf97ed,OPay,Exceptional.,5,2026-09-30,Google Play,Customer Review,https://play.google.com/store/apps/details?id=team.opay.pay&hl=en&gl=ng
e1f2029b-5841-44a0-b56e-3e95393c4968,OPay,Best app to have happened in the financial industry,5,2026-09-30,Google Play,Customer Review,https://play.google.com/store/apps/details?id=team.opay.pay&hl=en&gl=ng
eb0f1a24-c2b2-467a-b046-536ce22d94a1,OPay,easy and perfect,5,2026-09-30,Google Play,Customer Review,https://play.google.com/store/apps/details?id=team.opay.pay&hl=en&gl=ng
15f73aa2-475b-4faf-9660-e94a144ba700,OPay,"awesome, but sometimes annoying",5,2026-09-30,Google Play,Customer Review,https://play.google.com/store/apps/details?id=team.opay.pay&hl=en&gl=ng
f5187a4f-5bf9-4310-b90e-eb4cbb6d27cf,OPay,Your services are superb,5,2026-09-30,Google Play,Customer Review,https://play.google.com/store/apps/details?id=team.opay.pay&hl=en&gl=ng
8a8ed4fd-32ac-42fc-97b5-be9029982993,OPay,"good for Eazy transaction, making it smooth",4,2026-09-30,Google Play,Customer Review,https://play.google.com/store/apps/details?id=team.opay.pay&hl=en&gl=ng
ce042ff5-eb6d-441e-b81c-a76707d89652,OPay,Easy transaction,5,2026-09-30,Google Play,Customer Review,https://play.google.com/store/apps/details?id=team.opay.pay&hl=en&gl=ng
73da0c1c-97a4-4618-942e-e698e6fc2b77,OPay,I just like opay app because,5,2026-09-30,Google Play,Customer Review,https://play.google.com/store/apps/details?id=team.opay.pay&hl=en&gl=ng
474962bb-3639-4aba-b8fd-ab91262b947a,OPay,incredible,5,2026-09-30,Google Play,Customer Review,https://play.google.com/store/apps/details?id=team.opay.pay&hl=en&gl=ng
1c5ca7dd-bf18-4e76-a5a6-b4929c3eda59,OPay,It has been good.,5,2026-09-30,Google Play,Customer Review,https://play.google.com/store/apps/details?id=team.opay.pay&hl=en&gl=ng
444250d0-5421-4acc-ab2d-69b4f81cd3b2,OPay,Opay is the best app bank,5,2026-09-30,Google Play,Customer Review,https://play.google.com/store/apps/details?id=team.opay.pay&hl=en&gl=ng
21d14d2e-dc1a-453d-9d37-948d7a2569d9,OPay,best,5,2026-09-30,Google Play,Customer Review,https://play.google.com/store/apps/details?id=team.opay.pay&hl=en&gl=ng
ccbc9a66-9d0c-4632-b167-3b76f515795f,OPay,reliable,5,2026-09-30,Google Play,Customer Review,https://play.google.com/store/apps/details?id=team.opay.pay&hl=en&gl=ng
af28556e-cfaa-400a-8717-e33ca5588d2c,OPay,satisfactorily,5,2026-09-30,Google Play,Customer Review,https://play.google.com/store/apps/details?id=team.opay.pay&hl=en&gl=ng
ce690b45-0489-471f-9965-57db9106d591,OPay,Please update playstore for me,5,2026-09-30,Google Play,Customer Review,https://play.google.com/store/apps/details?id=team.opay.pay&hl=en&gl=ng
333314ab-d1b5-465b-b365-6dfc494cdd0d,OPay,A great app but am tired of updating the app,3,2026-09-30,Google Play,Customer Review,https://play.google.com/store/apps/details?id=team.opay.pay&hl=en&gl=ng
4c8e134a-6df4-4479-9901-d074a7653dd0,OPay,the first time of rating an app kudos opay. You dey pay no be whining 📌,5,2026-09-30,Google Play,Customer Review,https://play.google.com/store/apps/details?id=team.opay.pay&hl=en&gl=ng
1dbcb26c-08e9-45f7-b3b8-59aa33307f39,OPay,excellent 💯,5,2026-09-30,Google Play,Customer Review,https://play.google.com/store/apps/details?id=team.opay.pay&hl=en&gl=ng
ef679bab-8506-4c8f-9c25-64468f35698a,OPay,They the Best...Quick and Quality Service,5,2026-09-30,Google Play,Customer Review,https://play.google.com/store/apps/details?id=team.opay.pay&hl=en&gl=ng
5ff6129d-a493-42d7-ad92-80c78e4778b5,OPay,"An Excellent, reliable and dependable application for transactions.",5,2026-09-30,Google Play,Customer Review,https://play.google.com/store/apps/details?id=team.opay.pay&hl=en&gl=ng
546f0dfc-0e19-40b4-abe9-47eae5564bbe,OPay,"It's Opay, It's Okay, Opay Loke Loke, Opay Lo Pay. Blessed 👏🕊️📌",5,2026-09-30,Google Play,Customer Review,https://play.google.com/store/apps/details?id=team.opay.pay&hl=en&gl=ng
c8897b1c-03d9-49e0-acbc-54e73e5542af,OPay,fastest and more reliable service,5,2026-09-30,Google Play,Customer Review,https://play.google.com/store/apps/details?id=team.opay.pay&hl=en&gl=ng
9af1fe2a-5fb6-4e83-8f6b-3d6010e2cb00,OPay,absolutely 💯,5,2026-09-30,Google Play,Customer Review,https://play.google.com/store/apps/details?id=team.opay.pay&hl=en&gl=ng
7da0228b-08a8-4be6-871b-369bb6db6c31,OPay,wonderful,5,2026-09-30,Google Play,Customer Review,https://play.google.com/store/apps/details?id=team.opay.pay&hl=en&gl=ng
617463f5-27d3-473a-9630-f6a52162e822,OPay,Great! So proud of Opay,5,2026-09-30,Google Play,Customer Review,https://play.google.com/store/apps/details?id=team.opay.pay&hl=en&gl=ng
9b3b703e-266f-4b60-b21c-12e1dccd6e01,OPay,"Perfect app, never let's you down only network provider do👍",5,2026-09-30,Google Play,Customer Review,https://play.google.com/store/apps/details?id=team.opay.pay&hl=en&gl=ng
bdb6eae9-2978-4133-ae61-ac83da178da2,OPay,amazing and easy going,5,2026-09-30,Google Play,Customer Review,https://play.google.com/store/apps/details?id=team.opay.pay&hl=en&gl=ng
d07e4036-d205-4a58-bf6a-322967a0f987,OPay,good,5,2026-09-30,Google Play,Customer Review,https://play.google.com/store/apps/details?id=team.opay.pay&hl=en&gl=ng
deb0baad-f0e6-4578-9725-3b0d60b3169c,OPay,is ok,5,2026-09-30,Google Play,Customer Review,https://play.google.com/store/apps/details?id=team.opay.pay&hl=en&gl=ng
ff3a5a98-ae89-41df-801d-769baec7e8a2,OPay,"it's a trusted bank.,",5,2026-09-30,Google Play,Customer Review,https://play.google.com/store/apps/details?id=team.opay.pay&hl=en&gl=ng
c2283fff-6667-40cc-84aa-0145c8045504,OPay,good,5,2026-09-30,Google Play,Customer Review,https://play.google.com/store/apps/details?id=team.opay.pay&hl=en&gl=ng
fb3198bd-fb64-488b-9173-ab262be9f387,OPay,Nice app,5,2026-09-30,Google Play,Customer Review,https://play.google.com/store/apps/details?id=team.opay.pay&hl=en&gl=ng
befe823b-98c2-4f12-a752-0bca3237f22f,OPay,I enjoy the app,5,2026-09-30,Google Play,Customer Review,https://play.google.com/store/apps/details?id=team.opay.pay&hl=en&gl=ng
41817454-7675-4318-9db2-19ca76825ea7,OPay,"It's just the vest mobile app, so far I've not have a single issue with any transaction 100% will recommend",5,2026-09-30,Google Play,Customer Review,https://play.google.com/store/apps/details?id=team.opay.pay&hl=en&gl=ng
a700c96e-26e0-45d1-b2f8-b7ba525bd319,OPay,its just good...really good..,5,2026-09-30,Google Play,Customer Review,https://play.google.com/store/apps/details?id=team.opay.pay&hl=en&gl=ng
f44b45b6-68f9-4c76-8da9-0436505a8583,OPay,very good services,4,2026-09-30,Google Play,Customer Review,https://play.google.com/store/apps/details?id=team.opay.pay&hl=en&gl=ng
e3943b6f-e356-4fbb-9f3d-ab08e61c583c,OPay,very efficient and reliable,5,2026-09-30,Google Play,Customer Review,https://play.google.com/store/apps/details?id=team.opay.pay&hl=en&gl=ng
6570a95b-8c85-44b4-b9cc-ea2a95fcf545,OPay,excellent 👌,5,2026-09-30,Google Play,Customer Review,https://play.google.com/store/apps/details?id=team.opay.pay&hl=en&gl=ng
0ed05280-6180-4d77-b681-3121aa36c92c,OPay,Great app,5,2026-09-30,Google Play,Customer Review,https://play.google.com/store/apps/details?id=team.opay.pay&hl=en&gl=ng
cb8fd05b-fc5e-4cf9-a4eb-23f5e3784b31,OPay,the best ever,5,2026-09-30,Google Play,Customer Review,https://play.google.com/store/apps/details?id=team.opay.pay&hl=en&gl=ng
ac7428f0-c80c-4fad-9ce9-ed4defda5d48,OPay,very fast and reliable.,5,2026-09-30,Google Play,Customer Review,https://play.google.com/store/apps/details?id=team.opay.pay&hl=en&gl=ng
8b9e6b1c-946a-4ffc-a3de-38fcdb550eea,OPay,fast and easy,5,2026-09-30,Google Play,Customer Review,https://play.google.com/store/apps/details?id=team.opay.pay&hl=en&gl=ng
bb8236a1-a167-434a-953b-04da176a5d2b,OPay,fast and easy to navigate and the security plans is very encouraging too it keeps my mind at rest that my account can't be harked,5,2026-09-30,Google Play,Customer Review,https://play.google.com/store/apps/details?id=team.opay.pay&hl=en&gl=ng
ed0535ef-a993-4445-85e5-414311f95144,OPay,best in the world,5,2026-09-30,Google Play,Customer Review,https://play.google.com/store/apps/details?id=team.opay.pay&hl=en&gl=ng
db26feee-1a6d-4767-b3c6-8b1106947ee6,OPay,I love this new update on receipts. I love Love love itttt,5,2026-09-30,Google Play,Customer Review,https://play.google.com/store/apps/details?id=team.opay.pay&hl=en&gl=ng
0ce9001c-82fb-4d68-98c8-53f9604ecb49,OPay,very good,5,2026-09-30,Google Play,Customer Review,https://play.google.com/store/apps/details?id=team.opay.pay&hl=en&gl=ng
81dbe944-bb81-44e6-8708-b4ae0f03ce16,OPay,opay never disappoints,5,2026-09-30,Google Play,Customer Review,https://play.google.com/store/apps/details?id=team.opay.pay&hl=en&gl=ng
d6bb96ee-f860-4a31-8532-496364b658df,OPay,My favorite bank app So easy and fast I love it,5,2026-09-30,Google Play,Customer Review,https://play.google.com/store/apps/details?id=team.opay.pay&hl=en&gl=ng
debbe65c-0ab8-42a3-a2cf-68467ba28be0,OPay,everything about opay is the best,5,2026-09-30,Google Play,Customer Review,https://play.google.com/store/apps/details?id=team.opay.pay&hl=en&gl=ng
2de4aa16-b92a-499c-baa9-7b4eb02c3534,OPay,Very reliable,5,2026-09-30,Google Play,Customer Review,https://play.google.com/store/apps/details?id=team.opay.pay&hl=en&gl=ng
99a35e08-c2b8-4cde-a459-2c6ddc4f5edb,OPay,una dey try,5,2026-09-30,Google Play,Customer Review,https://play.google.com/store/apps/details?id=team.opay.pay&hl=en&gl=ng
9f599851-e7ca-489c-80f0-42d77cea425a,OPay,The app is easy to navigate through and smart,5,2026-09-30,Google Play,Customer Review,https://play.google.com/store/apps/details?id=team.opay.pay&hl=en&gl=ng
c718ed32-47d5-4bae-b15b-fa7e99bac14d,OPay,so good but abegg borrow me Money,5,2026-09-30,Google Play,Customer Review,https://play.google.com/store/apps/details?id=team.opay.pay&hl=en&gl=ng
aa117792-ad1b-4db6-95d1-73d3540d9803,OPay,good app is very better fast withdrawal,5,2026-09-30,Google Play,Customer Review,https://play.google.com/store/apps/details?id=team.opay.pay&hl=en&gl=ng
fa9bfba0-dde5-4d6b-a9da-973dae906c68,OPay,The best Banking app,5,2026-09-30,Google Play,Customer Review,https://play.google.com/store/apps/details?id=team.opay.pay&hl=en&gl=ng
7371d133-4530-404a-9865-37324cbe1c2e,OPay,Opay has been saving lives more than Nigeria government has been.,5,2026-09-30,Google Play,Customer Review,https://play.google.com/store/apps/details?id=team.opay.pay&hl=en&gl=ng
79f9b6d2-5ece-402c-ae89-4e32d206ad5b,OPay,good 💯,5,2026-09-30,Google Play,Customer Review,https://play.google.com/store/apps/details?id=team.opay.pay&hl=en&gl=ng
8155c020-ae78-4b0a-8ef0-e2ce3f8563d3,OPay,very reliable,5,2026-09-30,Google Play,Customer Review,https://play.google.com/store/apps/details?id=team.opay.pay&hl=en&gl=ng
40d745ec-0a9e-4c8c-80e3-2b849a5ab0c7,OPay,very good,5,2026-09-30,Google Play,Customer Review,https://play.google.com/store/apps/details?id=team.opay.pay&hl=en&gl=ng
57d9a7b1-e7b5-43d8-b910-92b4bf34179d,OPay,opay have be helpful. and l like the fact it have a safebox were money can be in a safety bag. thanks opay,5,2026-09-30,Google Play,Customer Review,https://play.google.com/store/apps/details?id=team.opay.pay&hl=en&gl=ng
18496fe9-908e-411c-a9b2-3eae9454045f,OPay,the best in the world opay bank,5,2026-09-30,Google Play,Customer Review,https://play.google.com/store/apps/details?id=team.opay.pay&hl=en&gl=ng
1a3e60ef-5fd7-4949-96a7-30a6b1301460,OPay,I love Opay,5,2026-09-30,Google Play,Customer Review,https://play.google.com/store/apps/details?id=team.opay.pay&hl=en&gl=ng
79392d46-cdf8-4083-a16e-7acd9acb59d8,OPay,Fast and reliable,5,2026-09-30,Google Play,Customer Review,https://play.google.com/store/apps/details?id=team.opay.pay&hl=en&gl=ng
8a1368a8-3a95-442f-ae6f-4853b20527ba,OPay,easy and cool,5,2026-09-30,Google Play,Customer Review,https://play.google.com/store/apps/details?id=team.opay.pay&hl=en&gl=ng
7967c476-a6cb-4a20-8eb6-76d1ae53d297,OPay,It's a good banking app to use. I highly recommend it. Fast and secure 🔐 too.,5,2026-09-30,Google Play,Customer Review,https://play.google.com/store/apps/details?id=team.opay.pay&hl=en&gl=ng
a32d493b-be2c-4d94-a41e-fff2788dfe34,OPay,am very happy with opay,5,2026-09-30,Google Play,Customer Review,https://play.google.com/store/apps/details?id=team.opay.pay&hl=en&gl=ng
e586db2c-39be-46e5-a00b-b5993da87675,OPay,very good,5,2026-09-30,Google Play,Customer Review,https://play.google.com/store/apps/details?id=team.opay.pay&hl=en&gl=ng
3a9266f2-bab8-443a-a35a-40f84849abd9,OPay,best service and,5,2026-09-30,Google Play,Customer Review,https://play.google.com/store/apps/details?id=team.opay.pay&hl=en&gl=ng
a2675e2d-702c-458d-a8d7-9386c6863b9a,OPay,great 👍,5,2026-09-30,Google Play,Customer Review,https://play.google.com/store/apps/details?id=team.opay.pay&hl=en&gl=ng
89cd6ecd-de86-4c81-a872-d0d1e27281ae,OPay,the app has been so slow after the last update sometimes it takes more than 5 minutes b4 opening,1,2026-09-30,Google Play,Customer Review,https://play.google.com/store/apps/details?id=team.opay.pay&hl=en&gl=ng
4ef10084-9f1a-46b3-8f92-dd12666fed15,OPay,ofoke precious 💞,5,2026-09-30,Google Play,Customer Review,https://play.google.com/store/apps/details?id=team.opay.pay&hl=en&gl=ng
985677e9-a10d-4d48-b848-85f9678f521b,OPay,"my opay app haven't opened for the past one week, saying that I don't have an internet connection, but once I open other banking apps it will open immediately 😡",1,2026-09-30,Google Play,Customer Review,https://play.google.com/store/apps/details?id=team.opay.pay&hl=en&gl=ng
f1100236-bcf6-42a8-9ac4-d55463eb2585,OPay,it is very good and reliable app,5,2026-09-30,Google Play,Customer Review,https://play.google.com/store/apps/details?id=team.opay.pay&hl=en&gl=ng
c08937be-aa85-4c43-8fd7-c7f99ddf45e9,OPay,very fast and reliable,5,2026-09-30,Google Play,Customer Review,https://play.google.com/store/apps/details?id=team.opay.pay&hl=en&gl=ng
6abf1181-f1b2-4e53-9d9b-5051cb677e8c,OPay,ʋɛʀʏ ɢօօɖ,4,2026-09-30,Google Play,Customer Review,https://play.google.com/store/apps/details?id=team.opay.pay&hl=en&gl=ng
7653a79b-961d-45e4-ae62-aaae9e29b3f7,OPay,so easy to transfer,5,2026-09-30,Google Play,Customer Review,https://play.google.com/store/apps/details?id=team.opay.pay&hl=en&gl=ng
a793315c-4735-418e-b04b-8caf40fd658b,OPay,fast ⏩ and reliable,5,2026-09-30,Google Play,Customer Review,https://play.google.com/store/apps/details?id=team.opay.pay&hl=en&gl=ng
bb28e4ac-98e2-4168-9833-a1e68a2de520,OPay,Best mobile banking app ever.,5,2026-09-30,Google Play,Customer Review,https://play.google.com/store/apps/details?id=team.opay.pay&hl=en&gl=ng
52b52754-c9d9-41f3-bad3-10854eae695c,OPay,Good 👍 in all transactions,5,2026-09-30,Google Play,Customer Review,https://play.google.com/store/apps/details?id=team.opay.pay&hl=en&gl=ng
a56d006f-f6e4-411a-847c-9e87fdba8b21,OPay,easy transition,5,2026-09-30,Google Play,Customer Review,https://play.google.com/store/apps/details?id=team.opay.pay&hl=en&gl=ng
0bddec05-650e-4c3e-bf7b-bb526992f736,OPay,fast and effective,5,2026-09-30,Google Play,Customer Review,https://play.google.com/store/apps/details?id=team.opay.pay&hl=en&gl=ng
6cfaa08d-c906-451f-b8ef-69b29e1c0f7b,OPay,best one yet💥,5,2026-09-30,Google Play,Customer Review,https://play.google.com/store/apps/details?id=team.opay.pay&hl=en&gl=ng
a9f7a0e8-cf70-4958-9ba7-40033bdb3b2f,OPay,i consider opay bank trusted and reliable,5,2026-09-30,Google Play,Customer Review,https://play.google.com/store/apps/details?id=team.opay.pay&hl=en&gl=ng
9a7fa33c-5030-4b45-a4d7-f327c625d4b0,OPay,Excellent,5,2026-09-30,Google Play,Customer Review,https://play.google.com/store/apps/details?id=team.opay.pay&hl=en&gl=ng
ba145d88-5268-4a8e-9b48-a23919470aa2,OPay,"Now Opay has joined hand with other loan app now they charge 30% interest on 40k is that not too much, now you will pay 70,390 naira + interest for a 44,000 naira loan how is that fair Calculate it if you want it's complete nonsense",1,2026-09-30,Google Play,Customer Review,https://play.google.com/store/apps/details?id=team.opay.pay&hl=en&gl=ng
50c8fc0c-1b2e-4534-be57-4fc006fb7317,OPay,"fast, reliable,and I enjoyed the owealth alot",5,2026-09-30,Google Play,Customer Review,https://play.google.com/store/apps/details?id=team.opay.pay&hl=en&gl=ng
472d5cd5-e10e-4661-b0e1-52b1e33e6f2e,OPay,opay is an amazing App you guys truly know your onion,5,2026-09-30,Google Play,Customer Review,https://play.google.com/store/apps/details?id=team.opay.pay&hl=en&gl=ng
637451e1-16ab-442c-8455-0307f44988ba,OPay,honestly best bank app I've used,5,2026-09-30,Google Play,Customer Review,https://play.google.com/store/apps/details?id=team.opay.pay&hl=en&gl=ng
c83a3d6e-7dff-4a6c-887a-a8c2727dc8ed,OPay,you are the best 👌,5,2026-09-30,Google Play,Customer Review,https://play.google.com/store/apps/details?id=team.opay.pay&hl=en&gl=ng
c61a55e6-13a9-4ed1-afce-91975d21d0d6,OPay,I love 💕 using OPay is very good I would love you to try it out,5,2026-09-30,Google Play,Customer Review,https://play.google.com/store/apps/details?id=team.opay.pay&hl=en&gl=ng
87d9658e-8869-4ee6-9baf-806bde705168,OPay,this app is life saver fast and responsive,5,2026-09-30,Google Play,Customer Review,https://play.google.com/store/apps/details?id=team.opay.pay&hl=en&gl=ng
a3a789b0-9f31-475b-8a0a-4c991df10abf,OPay,it's fast and reliable,5,2026-09-30,Google Play,Customer Review,https://play.google.com/store/apps/details?id=team.opay.pay&hl=en&gl=ng
2a2283e5-c288-4677-9677-6023ad1cc092,OPay,Nice app 👌,5,2026-09-30,Google Play,Customer Review,https://play.google.com/store/apps/details?id=team.opay.pay&hl=en&gl=ng
78096ad9-2a31-4b88-96c1-4eba51c44c16,OPay,opay the best,5,2026-09-30,Google Play,Customer Review,https://play.google.com/store/apps/details?id=team.opay.pay&hl=en&gl=ng
e405a0cb-5273-4a3d-83d9-9577c7109d0e,OPay,excellent app.,5,2026-09-30,Google Play,Customer Review,https://play.google.com/store/apps/details?id=team.opay.pay&hl=en&gl=ng
aa556653-272e-4ccf-8d31-7469d2dba6ef,OPay,"Opay look you're going to far away by pushing me to do what I'm not interested in, what's the problem is it a crime if I do not accept those coupons. Now you blocked everything on my way with those coupons please stop it, wait Opay are you people serious or what you send me an ad for free airtime and when I klick it you're asking me to pay for it, what nonsense is all this, you don't force me to by anything OK,",1,2026-09-30,Google Play,Customer Review,https://play.google.com/store/apps/details?id=team.opay.pay&hl=en&gl=ng
b3a7f2c8-9208-4a77-81c9-f25b0653cd04,OPay,excellent,4,2026-09-30,Google Play,Customer Review,https://play.google.com/store/apps/details?id=team.opay.pay&hl=en&gl=ng
a88f1982-20f8-49d7-884b-348cdc5e0206,OPay,very good and re reliable,5,2026-09-30,Google Play,Customer Review,https://play.google.com/store/apps/details?id=team.opay.pay&hl=en&gl=ng
cc0274b4-f3c2-467e-9d7a-a9d450f68713,OPay,so good to use,5,2026-09-30,Google Play,Customer Review,https://play.google.com/store/apps/details?id=team.opay.pay&hl=en&gl=ng
854fba3a-9624-42df-ae5c-388fdab21fb4,OPay,it's ok,2,2026-09-30,Google Play,Customer Review,https://play.google.com/store/apps/details?id=team.opay.pay&hl=en&gl=ng
aa34aba2-7ccd-4780-950a-16fecd191c62,OPay,a very fast and reliable wallet account,5,2026-09-30,Google Play,Customer Review,https://play.google.com/store/apps/details?id=team.opay.pay&hl=en&gl=ng
fe5f3622-f880-47d4-a30c-edbd430955f9,OPay,the best fintech app ever,5,2026-09-30,Google Play,Customer Review,https://play.google.com/store/apps/details?id=team.opay.pay&hl=en&gl=ng
0c505099-82b5-4c5a-af6f-f57f2c4e3f43,OPay,fast and reliable,5,2026-09-30,Google Play,Customer Review,https://play.google.com/store/apps/details?id=team.opay.pay&hl=en&gl=ng
587db380-4241-469b-b287-3036c5f35c40,OPay,"opay is outstanding, perfect and standard. clear service.",5,2026-09-30,Google Play,Customer Review,https://play.google.com/store/apps/details?id=team.opay.pay&hl=en&gl=ng
db5c17c1-b9ca-4563-a9eb-d32e14b26ca1,OPay,best banking app eve,5,2026-09-30,Google Play,Customer Review,https://play.google.com/store/apps/details?id=team.opay.pay&hl=en&gl=ng
661a8d33-4671-4aff-80f1-4815b34f1781,OPay,"Opay is the best mobile banking app very fast, reliable and easy to navigate with seamless stress",5,2026-09-30,Google Play,Customer Review,https://play.google.com/store/apps/details?id=team.opay.pay&hl=en&gl=ng
bf9060a1-17f2-4333-9947-693331dcefca,OPay,I love this app its very useful and very helpful to me,5,2026-09-30,Google Play,Customer Review,https://play.google.com/store/apps/details?id=team.opay.pay&hl=en&gl=ng
4d1ad30c-4347-4b2a-aac3-f0bdb0ee7816,OPay,Very good and trustworthy ✅,5,2026-09-30,Google Play,Customer Review,https://play.google.com/store/apps/details?id=team.opay.pay&hl=en&gl=ng
b6d1f561-2893-4fe5-a1e7-2359e0097d92,OPay,best,5,2026-09-30,Google Play,Customer Review,https://play.google.com/store/apps/details?id=team.opay.pay&hl=en&gl=ng
43ca51d4-64f6-477f-b32e-21f4c2fe73b6,OPay,excelent,5,2026-09-30,Google Play,Customer Review,https://play.google.com/store/apps/details?id=team.opay.pay&hl=en&gl=ng
d6cbe4a1-524c-4916-b6c2-8e2e6f365ba5,OPay,10/10 good,5,2026-09-30,Google Play,Customer Review,https://play.google.com/store/apps/details?id=team.opay.pay&hl=en&gl=ng
d4c23851-438d-4d11-b971-2b07f1092f21,OPay,so far so good this 8snmy best bank,3,2026-09-30,Google Play,Customer Review,https://play.google.com/store/apps/details?id=team.opay.pay&hl=en&gl=ng
6997c831-349e-4b5b-8a96-2055a6d8d911,OPay,This app is great,5,2026-09-30,Google Play,Customer Review,https://play.google.com/store/apps/details?id=team.opay.pay&hl=en&gl=ng
0a1235b4-1654-4762-8da2-542ff97f2b97,OPay,it the best,5,2026-09-30,Google Play,Customer Review,https://play.google.com/store/apps/details?id=team.opay.pay&hl=en&gl=ng
a9dcaffd-cc5f-4761-b6e6-518a946aa58c,OPay,good,5,2026-09-30,Google Play,Customer Review,https://play.google.com/store/apps/details?id=team.opay.pay&hl=en&gl=ng
d564a0cb-cea4-486a-a826-d33c43b2f7b6,OPay,very ok,4,2026-09-30,Google Play,Customer Review,https://play.google.com/store/apps/details?id=team.opay.pay&hl=en&gl=ng
06c9a380-4db1-4ad2-b54e-4a94409ad99e,OPay,best and fastest mobile bank ever,5,2026-09-30,Google Play,Customer Review,https://play.google.com/store/apps/details?id=team.opay.pay&hl=en&gl=ng
52995b72-a80e-44ed-b9c8-236040e2fec0,OPay,The Application is convenient and easily used,5,2026-09-30,Google Play,Customer Review,https://play.google.com/store/apps/details?id=team.opay.pay&hl=en&gl=ng
a0e89b20-46f1-46d1-9125-0d6d7f501cab,OPay,sweet app,5,2026-09-30,Google Play,Customer Review,https://play.google.com/store/apps/details?id=team.opay.pay&hl=en&gl=ng
457f3b62-3005-424e-8cb4-29b53511d10d,OPay,"they are scammers, they stole my money",1,2026-09-30,Google Play,Customer Review,https://play.google.com/store/apps/details?id=team.opay.pay&hl=en&gl=ng
14ba9d52-ea66-4ea9-83ea-153fff465520,OPay,very reliable,5,2026-09-30,Google Play,Customer Review,https://play.google.com/store/apps/details?id=team.opay.pay&hl=en&gl=ng
018c666d-17af-4c55-a0e1-1bc4821f793a,OPay,very great,5,2026-09-30,Google Play,Customer Review,https://play.google.com/store/apps/details?id=team.opay.pay&hl=en&gl=ng
c7c32c57-0714-4a52-a93d-3ef11b300855,OPay,Great Fintech app,5,2026-09-30,Google Play,Customer Review,https://play.google.com/store/apps/details?id=team.opay.pay&hl=en&gl=ng
7e78a1a9-dd43-45d2-b672-fdc8a2df6910,OPay,The best. That's all I will say,5,2026-09-30,Google Play,Customer Review,https://play.google.com/store/apps/details?id=team.opay.pay&hl=en&gl=ng
161538c0-d8c0-46f6-a08c-17ed59d9c592,OPay,so reliable,5,2026-09-30,Google Play,Customer Review,https://play.google.com/store/apps/details?id=team.opay.pay&hl=en&gl=ng
81f65a9e-1050-4909-b0e8-859a8f27724d,OPay,awesome,5,2026-09-30,Google Play,Customer Review,https://play.google.com/store/apps/details?id=team.opay.pay&hl=en&gl=ng
9104f906-6ba6-4279-b723-1d4d2e83f57f,OPay,reliability,5,2026-09-30,Google Play,Customer Review,https://play.google.com/store/apps/details?id=team.opay.pay&hl=en&gl=ng
5f6d5ae4-23e4-4561-b369-edfbd343eba4,OPay,i just love this app,5,2026-09-30,Google Play,Customer Review,https://play.google.com/store/apps/details?id=team.opay.pay&hl=en&gl=ng
a105d132-339a-4ac4-9ff8-d70dbb12a54d,OPay,I've had Credible experience over the years of Use. The best Bank with Accountable Service delivery. I would also want to be credited one of the days from OPAY itself .🤗,5,2026-09-30,Google Play,Customer Review,https://play.google.com/store/apps/details?id=team.opay.pay&hl=en&gl=ng
e771d4c4-20f7-4bce-8f07-59077fc60755,OPay,Have a nice day my better app 🤞,5,2026-09-30,Google Play,Customer Review,https://play.google.com/store/apps/details?id=team.opay.pay&hl=en&gl=ng
8e88683e-417d-476a-aa14-5b787416e7b3,OPay,Good service,5,2026-09-30,Google Play,Customer Review,https://play.google.com/store/apps/details?id=team.opay.pay&hl=en&gl=ng
5a3f66c9-86ed-4252-b72b-3db36b7c8087,OPay,Makes life easy,5,2026-09-30,Google Play,Customer Review,https://play.google.com/store/apps/details?id=team.opay.pay&hl=en&gl=ng
d311b6ad-3f08-4eb1-8042-91a628ea9a0f,OPay,fine,5,2026-09-30,Google Play,Customer Review,https://play.google.com/store/apps/details?id=team.opay.pay&hl=en&gl=ng
987b216e-b3b4-401d-a0d9-cdd4fcb29bf6,OPay,I am okay with opay,5,2026-09-30,Google Play,Customer Review,https://play.google.com/store/apps/details?id=team.opay.pay&hl=en&gl=ng
f974c76e-c824-4619-8826-669614e91189,OPay,1 of the best,5,2026-09-30,Google Play,Customer Review,https://play.google.com/store/apps/details?id=team.opay.pay&hl=en&gl=ng
0fe47e3d-3d3e-47df-8bff-1a9a765260cc,OPay,simply the best,5,2026-09-30,Google Play,Customer Review,https://play.google.com/store/apps/details?id=team.opay.pay&hl=en&gl=ng
0bd38739-7e46-4cef-a81b-1ea5e170a7d2,OPay,good,5,2026-09-30,Google Play,Customer Review,https://play.google.com/store/apps/details?id=team.opay.pay&hl=en&gl=ng
e5c2b5ea-0333-4352-a3a5-72464f2d8498,OPay,very good,5,2026-09-30,Google Play,Customer Review,https://play.google.com/store/apps/details?id=team.opay.pay&hl=en&gl=ng
5a55bbfb-65b2-4030-b0f1-7cc526366051,OPay,hundred percent 💯 👌,5,2026-09-30,Google Play,Customer Review,https://play.google.com/store/apps/details?id=team.opay.pay&hl=en&gl=ng
36a3925e-c7b8-4851-a939-f8d67bf24184,OPay,They are the best microfinance bank in Nigeria. Reliable and fast transaction 👌👍,5,2026-09-30,Google Play,Customer Review,https://play.google.com/store/apps/details?id=team.opay.pay&hl=en&gl=ng
feb85315-e811-44cb-9609-cca67522d258,OPay,I love you opay,4,2026-09-30,Google Play,Customer Review,https://play.google.com/store/apps/details?id=team.opay.pay&hl=en&gl=ng
a4a91a28-febc-42d4-8487-0715899eaf82,OPay,good and lovely,5,2026-09-30,Google Play,Customer Review,https://play.google.com/store/apps/details?id=team.opay.pay&hl=en&gl=ng
915c0fb3-788b-45c2-b71c-770e576106a5,OPay,very good,5,2026-09-30,Google Play,Customer Review,https://play.google.com/store/apps/details?id=team.opay.pay&hl=en&gl=ng
5eda11be-494b-4634-8724-06afc4c61e1f,OPay,to be honest with you this app is really really good and it is very very helpful and fast in transaction,5,2026-09-30,Google Play,Customer Review,https://play.google.com/store/apps/details?id=team.opay.pay&hl=en&gl=ng
a6fdee50-912a-42f1-867f-5be7a3c04b4f,OPay,This is very very unique and it's very good for every each and every one in Nigeria because it helps me to do different things and it is very fast and reliable,5,2026-09-30,Google Play,Customer Review,https://play.google.com/store/apps/details?id=team.opay.pay&hl=en&gl=ng
2eee82ff-2fe5-49b0-9a4e-853622c97aad,OPay,Amazing app like no other,5,2026-09-30,Google Play,Customer Review,https://play.google.com/store/apps/details?id=team.opay.pay&hl=en&gl=ng
b1eb2639-faed-424c-9a5f-ebee30b6b2ef,OPay,After update mine became too slow to load,2,2026-09-30,Google Play,Customer Review,https://play.google.com/store/apps/details?id=team.opay.pay&hl=en&gl=ng
6928754a-83f3-4b60-a2f6-d7fe3462b08b,OPay,good,5,2026-09-30,Google Play,Customer Review,https://play.google.com/store/apps/details?id=team.opay.pay&hl=en&gl=ng
b0df017b-60f4-4381-abd9-0bb10fcedddc,OPay,best app 👍👍👍,4,2026-09-30,Google Play,Customer Review,https://play.google.com/store/apps/details?id=team.opay.pay&hl=en&gl=ng
ee5c2591-5f8a-45f9-a21b-3c29b33a6241,OPay,perfect,5,2026-09-30,Google Play,Customer Review,https://play.google.com/store/apps/details?id=team.opay.pay&hl=en&gl=ng
8c8206bf-e023-4be0-9e1a-a32abe114370,OPay,Best online banking in Nigerian is Opag,5,2026-09-30,Google Play,Customer Review,https://play.google.com/store/apps/details?id=team.opay.pay&hl=en&gl=ng
c05e9c1d-ed45-444e-94b2-29b49161fc49,OPay,"easy, fast and good network",5,2026-09-30,Google Play,Customer Review,https://play.google.com/store/apps/details?id=team.opay.pay&hl=en&gl=ng
835e3263-1b92-4b4d-a899-75e74127f3fd,OPay,I don't like seeing this advert please,1,2026-09-30,Google Play,Customer Review,https://play.google.com/store/apps/details?id=team.opay.pay&hl=en&gl=ng
348a277d-e900-49cd-8019-cbe159099ba7,OPay,Opay is cool,5,2026-09-30,Google Play,Customer Review,https://play.google.com/store/apps/details?id=team.opay.pay&hl=en&gl=ng
2a62d595-5ae7-47de-a88f-812c143207be,OPay,Opay...Simply the best! Fiam money don transfer and gbam money don enta. Kudos Opay!,5,2026-09-30,Google Play,Customer Review,https://play.google.com/store/apps/details?id=team.opay.pay&hl=en&gl=ng
946f8ba6-d1fe-4405-b7d0-340ec436caa7,OPay,very good in helping one to save with discipline.,5,2026-09-30,Google Play,Customer Review,https://play.google.com/store/apps/details?id=team.opay.pay&hl=en&gl=ng
23400db6-9406-422c-b55f-382e499d34bd,OPay,very good,5,2026-09-30,Google Play,Customer Review,https://play.google.com/store/apps/details?id=team.opay.pay&hl=en&gl=ng
7c078028-c52e-4c13-bca4-cbc2c7ea831a,OPay,am using opay,5,2026-09-30,Google Play,Customer Review,https://play.google.com/store/apps/details?id=team.opay.pay&hl=en&gl=ng
92c806d8-daae-4676-a027-84636c2c5f9c,OPay,so fast and very nice to tras,3,2026-09-30,Google Play,Customer Review,https://play.google.com/store/apps/details?id=team.opay.pay&hl=en&gl=ng
5f14efc5-82cf-4bfb-b35e-84d6159581f6,OPay,amazing,5,2026-09-30,Google Play,Customer Review,https://play.google.com/store/apps/details?id=team.opay.pay&hl=en&gl=ng
7b65cd0d-a057-4c9f-ae73-9fd0db1b9ca2,OPay,nice one,5,2026-09-30,Google Play,Customer Review,https://play.google.com/store/apps/details?id=team.opay.pay&hl=en&gl=ng
26a9910e-7fd7-4427-9fbb-184b23eb5a94,OPay,flawless,4,2026-09-30,Google Play,Customer Review,https://play.google.com/store/apps/details?id=team.opay.pay&hl=en&gl=ng
27aa9104-855a-4731-a6f6-4719a944e86a,OPay,Easy to use,5,2026-09-30,Google Play,Customer Review,https://play.google.com/store/apps/details?id=team.opay.pay&hl=en&gl=ng
3b582e92-34c2-441f-96ad-f9ad0d0b1f82,OPay,I give kudos to Opay digital app very lovely app,5,2026-09-30,Google Play,Customer Review,https://play.google.com/store/apps/details?id=team.opay.pay&hl=en&gl=ng
86fa6a23-b021-41ba-b3f3-85e707af0bb5,OPay,it's saying app isn't compatible with device anymore what's going on,1,2026-09-30,Google Play,Customer Review,https://play.google.com/store/apps/details?id=team.opay.pay&hl=en&gl=ng
164393f8-a107-405c-ac4c-5774c966bb30,OPay,good,5,2026-09-30,Google Play,Customer Review,https://play.google.com/store/apps/details?id=team.opay.pay&hl=en&gl=ng
13a161a2-004e-49a4-8458-13180a9f2bb0,OPay,good,5,2026-09-30,Google Play,Customer Review,https://play.google.com/store/apps/details?id=team.opay.pay&hl=en&gl=ng
082563ee-79c4-4e9d-b371-cb5813512cfc,OPay,nice app 👍,5,2026-09-30,Google Play,Customer Review,https://play.google.com/store/apps/details?id=team.opay.pay&hl=en&gl=ng
198f81ae-683b-4059-a502-960b4d6859c5,OPay,opay is the best,5,2026-09-30,Google Play,Customer Review,https://play.google.com/store/apps/details?id=team.opay.pay&hl=en&gl=ng
4e1169cd-5f3a-476b-955c-f6e32902a96f,OPay,It is a good app for Transferring,5,2026-09-30,Google Play,Customer Review,https://play.google.com/store/apps/details?id=team.opay.pay&hl=en&gl=ng
70670a3d-3e9a-45f4-ab87-a1ba9d0b2584,OPay,"excellent, easy to use, fast withdrawals and reliable.",5,2026-09-30,Google Play,Customer Review,https://play.google.com/store/apps/details?id=team.opay.pay&hl=en&gl=ng
637b31ef-5924-4a79-8950-ec0b3f1213b9,OPay,the best. they helped my savings habits,5,2026-09-30,Google Play,Customer Review,https://play.google.com/store/apps/details?id=team.opay.pay&hl=en&gl=ng
3f9a7f46-9c3b-4695-8f91-b479fbf19f42,OPay,"opay easemoni loan is a scarm, imagine I borrowed 4000naira July 28th 2026 and paid back 5200naira on 29th August 2026, and they continue threatening me that I haven't paid even after showing them receipt of my payment from my opay account, still They are still threatening me to pay double",1,2026-09-30,Google Play,Customer Review,https://play.google.com/store/apps/details?id=team.opay.pay&hl=en&gl=ng
fa2021ef-5b39-42c8-a477-6500ac783eda,OPay,awesome,5,2026-09-30,Google Play,Customer Review,https://play.google.com/store/apps/details?id=team.opay.pay&hl=en&gl=ng
1bd2659b-9ec2-4fc2-8046-727363e2f0ec,OPay,The Best,5,2026-09-30,Google Play,Customer Review,https://play.google.com/store/apps/details?id=team.opay.pay&hl=en&gl=ng
e03af7b7-de6a-4746-9446-abee5437be29,OPay,update opay,2,2026-09-30,Google Play,Customer Review,https://play.google.com/store/apps/details?id=team.opay.pay&hl=en&gl=ng
1544c3eb-9009-4e5d-9ff3-6b84ad81ece4,OPay,God bless you,5,2026-09-30,Google Play,Customer Review,https://play.google.com/store/apps/details?id=team.opay.pay&hl=en&gl=ng
877d1708-fbc0-46d3-98b6-71b9673d6d8f,OPay,very cool best ever used,4,2026-09-30,Google Play,Customer Review,https://play.google.com/store/apps/details?id=team.opay.pay&hl=en&gl=ng
f35f751d-d96d-4a81-b91d-3dc2f297e258,OPay,love 🥰,5,2026-09-30,Google Play,Customer Review,https://play.google.com/store/apps/details?id=team.opay.pay&hl=en&gl=ng
b6f53757-ac8a-4374-b8aa-a0cf5155cf3d,OPay,the best app ever,5,2026-09-30,Google Play,Customer Review,https://play.google.com/store/apps/details?id=team.opay.pay&hl=en&gl=ng
0756c08a-82c7-4117-8c03-f459672782ae,OPay,I love opay,5,2026-09-29,Google Play,Customer Review,https://play.google.com/store/apps/details?id=team.opay.pay&hl=en&gl=ng
c4a4504d-1a8a-4031-b88f-3e92e21a5b7d,OPay,it's fast and reliable even to configure,5,2026-09-29,Google Play,Customer Review,https://play.google.com/store/apps/details?id=team.opay.pay&hl=en&gl=ng
e144ee44-deec-41db-b954-dc040e009504,OPay,very excellent 👌👍,5,2026-09-29,Google Play,Customer Review,https://play.google.com/store/apps/details?id=team.opay.pay&hl=en&gl=ng
6f3cf850-96b5-496f-99ad-085d80c264db,OPay,Good,5,2026-09-29,Google Play,Customer Review,https://play.google.com/store/apps/details?id=team.opay.pay&hl=en&gl=ng
854667e6-8fe6-40cc-af5c-b31f5fa3eb23,OPay,Great 👌👌,5,2026-09-29,Google Play,Customer Review,https://play.google.com/store/apps/details?id=team.opay.pay&hl=en&gl=ng
be05ae77-57ab-45c6-9ac3-72f8d9ca88da,OPay,the best online bank ever,5,2026-09-29,Google Play,Customer Review,https://play.google.com/store/apps/details?id=team.opay.pay&hl=en&gl=ng
0a0d15ad-ef31-4590-9390-c243f4936203,OPay,excellent. reliable and service friendly,5,2026-09-29,Google Play,Customer Review,https://play.google.com/store/apps/details?id=team.opay.pay&hl=en&gl=ng
56f83f3e-ddc7-4656-a649-484f402171fa,OPay,good,5,2026-09-29,Google Play,Customer Review,https://play.google.com/store/apps/details?id=team.opay.pay&hl=en&gl=ng
d06fe979-bda0-4c76-a0da-d048121d8e71,OPay,perfect and lovely,5,2026-09-29,Google Play,Customer Review,https://play.google.com/store/apps/details?id=team.opay.pay&hl=en&gl=ng
1ff9343c-e7d9-4088-a7e4-cdacf3774017,OPay,Wonderful 🤩🤩🤩😍😍😍,5,2026-09-29,Google Play,Customer Review,https://play.google.com/store/apps/details?id=team.opay.pay&hl=en&gl=ng
c927e375-cc0e-4f40-a15d-4b66939dabbe,OPay,I like it,5,2026-09-29,Google Play,Customer Review,https://play.google.com/store/apps/details?id=team.opay.pay&hl=en&gl=ng
0ad2bf4b-459a-4525-98c4-2a5bf91491b1,OPay,Great app,5,2026-09-29,Google Play,Customer Review,https://play.google.com/store/apps/details?id=team.opay.pay&hl=en&gl=ng
080c6a5d-b770-4168-a6f6-1e8a1dc79c1f,OPay,very nice app,5,2026-09-29,Google Play,Customer Review,https://play.google.com/store/apps/details?id=team.opay.pay&hl=en&gl=ng
4061324e-ea43-444a-b23c-70df96e2a567,OPay,"the app is very good, but it takes hours before the customer service attends to me. I keep waiting in line only for me to see that the session has ended.",3,2026-09-29,Google Play,Customer Review,https://play.google.com/store/apps/details?id=team.opay.pay&hl=en&gl=ng
1b0439cc-b5fd-427c-85cd-5e1758ba8b6e,OPay,I will stop using opay since when I updated it it have been frustrating me if I want to log in it will not open for more than 30min I was nearly beaten one day because the person said am a fraud so many times it will be over frustrating me people are calling me fraud because of opay what pain me most is that it my business app but I definitely change to palmpay I just regret why I use opay and their customers care is the worse when I want to file my complain they will not respond to me early,1,2026-09-29,Google Play,Customer Review,https://play.google.com/store/apps/details?id=team.opay.pay&hl=en&gl=ng
2013b078-02ea-47f6-ade1-1fc56d703d3a,OPay,the best,5,2026-09-29,Google Play,Customer Review,https://play.google.com/store/apps/details?id=team.opay.pay&hl=en&gl=ng
c52cfa15-576e-4353-99cf-cc2eaa410926,OPay,this is nice I think most people should have it,5,2026-09-29,Google Play,Customer Review,https://play.google.com/store/apps/details?id=team.opay.pay&hl=en&gl=ng
47ec3dbc-0236-42de-afad-e9c1175627c4,OPay,Good👍,4,2026-09-29,Google Play,Customer Review,https://play.google.com/store/apps/details?id=team.opay.pay&hl=en&gl=ng
7a5c5574-a286-4b94-a8f6-b7493644066a,OPay,Opay app very good and active I have never have any issue with this opay app is one of the best online banking I have ever come across I love opay so much I will keep using this app because is the best one love to open user ❤️,5,2026-09-29,Google Play,Customer Review,https://play.google.com/store/apps/details?id=team.opay.pay&hl=en&gl=ng
610bdab6-42ca-491e-9996-6ab2c45d1137,OPay,you are not a good person you didn't let all enter once,4,2026-09-29,Google Play,Customer Review,https://play.google.com/store/apps/details?id=team.opay.pay&hl=en&gl=ng
563278ad-5588-4c1e-a7c5-1ff323c10527,OPay,it's amazing,5,2026-09-29,Google Play,Customer Review,https://play.google.com/store/apps/details?id=team.opay.pay&hl=en&gl=ng
dbac3cea-903f-4b1a-8211-93e0024f8deb,OPay,I have just been having issues with opening the bank app lately. It has always been a fast and reliable app but I don't why I am finding it difficult to open the bank app lately talk less of making a fast transaction.,4,2026-09-29,Google Play,Customer Review,https://play.google.com/store/apps/details?id=team.opay.pay&hl=en&gl=ng
8143e826-c294-4b68-ab62-fd279dc9ef53,OPay,fast and reliable 😁,5,2026-09-29,Google Play,Customer Review,https://play.google.com/store/apps/details?id=team.opay.pay&hl=en&gl=ng
527e2039-871b-4b7c-9ce4-9d69ffbc7b96,OPay,thank you opay I really appreciate you ❤️ 💛,5,2026-09-29,Google Play,Customer Review,https://play.google.com/store/apps/details?id=team.opay.pay&hl=en&gl=ng
e30377f7-5522-46e8-93b1-b2756aa0484f,OPay,Still active,5,2026-09-29,Google Play,Customer Review,https://play.google.com/store/apps/details?id=team.opay.pay&hl=en&gl=ng
f0745e2e-5cd6-4a59-9b13-71475448a86f,OPay,I hate this opay,5,2026-09-29,Google Play,Customer Review,https://play.google.com/store/apps/details?id=team.opay.pay&hl=en&gl=ng
3fd478a5-4b23-4d5f-8fe6-d760b2d115f5,OPay,Good for transfer,5,2026-09-29,Google Play,Customer Review,https://play.google.com/store/apps/details?id=team.opay.pay&hl=en&gl=ng
fc826805-70c7-434a-b216-03ce2a6caf11,OPay,very good app,5,2026-09-29,Google Play,Customer Review,https://play.google.com/store/apps/details?id=team.opay.pay&hl=en&gl=ng
898ade9a-84d7-4720-b4bb-51aacaaa631a,OPay,Amazing App infact I recommend everyone to use it for all their financial transactions,5,2026-09-29,Google Play,Customer Review,https://play.google.com/store/apps/details?id=team.opay.pay&hl=en&gl=ng
75860031-29db-46d2-85fb-a1c4c78aec0c,OPay,"Banking has never been easier! Fast transfers. No network issues. Attractive interest rates on different savings plans. Cash backs. Quick loans. Easy to get virtual and physical debit cards. You guys are giving traditional banks a run for their money. Just work on having a searchbox for transaction history. I should be able to search for a name, or a remark. Also have a proper bank statement template. And list on our stock exchange, so that we can become shareholders too 😁🙌🏼",5,2026-09-29,Google Play,Customer Review,https://play.google.com/store/apps/details?id=team.opay.pay&hl=en&gl=ng
e8ab321f-43ec-432f-bbeb-85a8fed5a9d8,OPay,you are best,5,2026-09-29,Google Play,Customer Review,https://play.google.com/store/apps/details?id=team.opay.pay&hl=en&gl=ng
b84691cb-17b1-4ef3-adf0-0ea90418dea4,OPay,father tthxm,4,2026-09-29,Google Play,Customer Review,https://play.google.com/store/apps/details?id=team.opay.pay&hl=en&gl=ng
4d8a9cad-ebda-4532-85d3-8792ad50ad5a,OPay,smooth and easy,5,2026-09-29,Google Play,Customer Review,https://play.google.com/store/apps/details?id=team.opay.pay&hl=en&gl=ng
4d2bc41d-ae9b-44b3-b3f8-8008aef4021e,OPay,you are the best,5,2026-09-29,Google Play,Customer Review,https://play.google.com/store/apps/details?id=team.opay.pay&hl=en&gl=ng
819abeeb-5fee-4fd3-b1da-98a126c6222a,OPay,just the best,5,2026-09-29,Google Play,Customer Review,https://play.google.com/store/apps/details?id=team.opay.pay&hl=en&gl=ng
d8892956-a6b7-42ed-9050-57403992404b,OPay,"I gave opay 5* rated, because it's a good trust and reliable App for us in Nigeria,No more debit without the owners knowledge",5,2026-09-29,Google Play,Customer Review,https://play.google.com/store/apps/details?id=team.opay.pay&hl=en&gl=ng
a7af76e4-491b-4c95-ab34-f475df3ad8fd,OPay,Like this app is a very good app and its fast in transfrr and is reliable,5,2026-09-29,Google Play,Customer Review,https://play.google.com/store/apps/details?id=team.opay.pay&hl=en&gl=ng
2427afdb-e1a6-465d-90e6-8fb61953f6ac,OPay,faster 💪 for transactions low charges offer 🫴 data in a chipper price 🙏 congratulations opay,5,2026-09-29,Google Play,Customer Review,https://play.google.com/store/apps/details?id=team.opay.pay&hl=en&gl=ng
74e87e76-da1a-42f0-8c22-ac528b997534,OPay,saukin amfani saurin Aiki sai OPAY up OPAY,5,2026-09-29,Google Play,Customer Review,https://play.google.com/store/apps/details?id=team.opay.pay&hl=en&gl=ng
4f915c08-1895-49c4-8439-698f501afa0d,OPay,"excellent in easy transaction, makes life better",1,2026-09-29,Google Play,Customer Review,https://play.google.com/store/apps/details?id=team.opay.pay&hl=en&gl=ng
c4efcfde-4329-4cf2-adfc-9445ebad0c94,OPay,good,5,2026-09-29,Google Play,Customer Review,https://play.google.com/store/apps/details?id=team.opay.pay&hl=en&gl=ng
7f86e4ed-5eff-4acc-8b56-1f9ddc95e33a,OPay,opay is the best,5,2026-09-29,Google Play,Customer Review,https://play.google.com/store/apps/details?id=team.opay.pay&hl=en&gl=ng
4d836983-b05b-42c2-828e-20c4fd0bbc47,OPay,fast and easy,1,2026-09-29,Google Play,Customer Review,https://play.google.com/store/apps/details?id=team.opay.pay&hl=en&gl=ng
f4ffa0b2-46cc-4b33-9f79-dd30564793da,OPay,Yes always meeting my day thanks,5,2026-09-29,Google Play,Customer Review,https://play.google.com/store/apps/details?id=team.opay.pay&hl=en&gl=ng
b3c3963e-4f74-4e14-bc24-f0cf2db9e06a,OPay,"always connect there is no network issues, Opay app comes fast and reliable either data or no data",5,2026-09-29,Google Play,Customer Review,https://play.google.com/store/apps/details?id=team.opay.pay&hl=en&gl=ng
cd8ed7dc-e811-4d83-bbee-3bba025c4528,OPay,normal it works,5,2026-09-29,Google Play,Customer Review,https://play.google.com/store/apps/details?id=team.opay.pay&hl=en&gl=ng
bbf02dd7-eedd-4a2d-87a8-3672f3a396d1,OPay,Great,5,2026-09-29,Google Play,Customer Review,https://play.google.com/store/apps/details?id=team.opay.pay&hl=en&gl=ng
3fd5c97e-e194-4307-a609-a9aef6c66a39,OPay,Good Application,5,2026-09-29,Google Play,Customer Review,https://play.google.com/store/apps/details?id=team.opay.pay&hl=en&gl=ng
ec636848-662c-4f72-8ffc-d7f691f61e09,OPay,Better app sha no carry my money run 1 day 🤣🤣,5,2026-09-29,Google Play,Customer Review,https://play.google.com/store/apps/details?id=team.opay.pay&hl=en&gl=ng
bb117cb7-b300-4095-a2b3-d9b29cb585a3,OPay,to the developers of opay i really enjoyed the app but there's a big problem I changed my phone number to a new phone number accidently and lost my other account that my money is in so I need to know how to recover the account using my email,5,2026-09-29,Google Play,Customer Review,https://play.google.com/store/apps/details?id=team.opay.pay&hl=en&gl=ng
2fcbae62-0023-4e9c-bd3f-91d9780d5d3b,OPay,"the best banking app in Nigerian banking sector,,",5,2026-09-29,Google Play,Customer Review,https://play.google.com/store/apps/details?id=team.opay.pay&hl=en&gl=ng
eda52e55-5703-439f-ad49-9d5c2402df65,OPay,Opay remains my best online wallet. Your services is unmatched. I will like to name my son Opaychukwu 🙏,5,2026-09-29,Google Play,Customer Review,https://play.google.com/store/apps/details?id=team.opay.pay&hl=en&gl=ng
0712b7cf-0ffb-46ef-8297-275ba1a65cd9,OPay,"I never regret using this App. since 2019 till date, no bad stories, no issues, no hassle, all transactions succeed, failed transactions get refunded immediately, not in days but instantly... no complaints or issues so far. Safety is also top notch and range of service is amazing. I only wish loan interest rates could be treated like that of regulated commercial banks... but compared to many others that I've used, they're still a lot more better. Kudos to the best Microfinance Bank for Nigerians",5,2026-09-29,Google Play,Customer Review,https://play.google.com/store/apps/details?id=team.opay.pay&hl=en&gl=ng
b912c5de-23ee-4a45-b3a2-759f59d8f9f6,OPay,standout in all ramifications. thanks guys.,5,2026-09-29,Google Play,Customer Review,https://play.google.com/store/apps/details?id=team.opay.pay&hl=en&gl=ng
281b60c3-4fe9-468d-943c-a74b2ae4e342,OPay,an excellent app,4,2026-09-29,Google Play,Customer Review,https://play.google.com/store/apps/details?id=team.opay.pay&hl=en&gl=ng
c05cb443-8c94-4de0-8caf-ffb0dbc880f3,OPay,Easy to transfer,5,2026-09-29,Google Play,Customer Review,https://play.google.com/store/apps/details?id=team.opay.pay&hl=en&gl=ng
fd58fa72-334c-4173-9f0b-fd88411e5a26,OPay,it's great,5,2026-09-29,Google Play,Customer Review,https://play.google.com/store/apps/details?id=team.opay.pay&hl=en&gl=ng
d1f9f587-99dc-49d0-98cf-c5e3ec35f6cf,OPay,this app is one of the best . App I have ever use,5,2026-09-29,Google Play,Customer Review,https://play.google.com/store/apps/details?id=team.opay.pay&hl=en&gl=ng
d21e6c3e-ec8f-447f-8f1b-35262c404715,OPay,you are the best. I will say opay is okay 👍,5,2026-09-29,Google Play,Customer Review,https://play.google.com/store/apps/details?id=team.opay.pay&hl=en&gl=ng
c85ba3ae-6a2f-41d8-b9d1-d0b2299ce860,OPay,good 👍😊😊,4,2026-09-29,Google Play,Customer Review,https://play.google.com/store/apps/details?id=team.opay.pay&hl=en&gl=ng
643fa491-02e9-47fd-a9e3-7a72a8627ed5,OPay,Perfect,5,2026-09-29,Google Play,Customer Review,https://play.google.com/store/apps/details?id=team.opay.pay&hl=en&gl=ng
cba7445e-44e1-4783-92a5-117aa8ce8d59,OPay,fast and reliable,5,2026-09-29,Google Play,Customer Review,https://play.google.com/store/apps/details?id=team.opay.pay&hl=en&gl=ng
48c8b10c-1693-4f45-9c23-97f32d1a83f1,OPay,Nice app,5,2026-09-29,Google Play,Customer Review,https://play.google.com/store/apps/details?id=team.opay.pay&hl=en&gl=ng
1d4e6b8c-4cfa-488d-8bd5-1f81f358936f,OPay,wow that's awesome you guys have any plans for the day so far no one is here so,5,2026-09-29,Google Play,Customer Review,https://play.google.com/store/apps/details?id=team.opay.pay&hl=en&gl=ng
31f5d295-1336-41cb-9ccd-ec60f5502931,OPay,opay is a good and reliable microfinance bank,5,2026-09-29,Google Play,Customer Review,https://play.google.com/store/apps/details?id=team.opay.pay&hl=en&gl=ng
7639b832-6953-4787-a7ad-32999a147b39,OPay,Exceptional,5,2026-09-29,Google Play,Customer Review,https://play.google.com/store/apps/details?id=team.opay.pay&hl=en&gl=ng
20f74679-9b11-4284-8600-675ccd12bcac,OPay,safe and reliable,5,2026-09-29,Google Play,Customer Review,https://play.google.com/store/apps/details?id=team.opay.pay&hl=en&gl=ng
f7ecf4ab-6340-4c67-9b53-2fdda2aa4ea4,OPay,🥰🥰🥰🥰,5,2026-09-29,Google Play,Customer Review,https://play.google.com/store/apps/details?id=team.opay.pay&hl=en&gl=ng
353a7e6a-bc21-4e3f-a192-256497a771ef,OPay,the little I used the account it's seamless.their is room for improvement.,4,2026-09-29,Google Play,Customer Review,https://play.google.com/store/apps/details?id=team.opay.pay&hl=en&gl=ng
3987a2e7-a7c3-422f-b69f-e15e74bb4cb0,OPay,I like it,5,2026-09-29,Google Play,Customer Review,https://play.google.com/store/apps/details?id=team.opay.pay&hl=en&gl=ng
f0f5aaf3-3be5-4bd3-a39b-943f9f557d6a,OPay,"Opay is the best free airtime,promos, voucher make life easier for me and you❤️",5,2026-09-29,Google Play,Customer Review,https://play.google.com/store/apps/details?id=team.opay.pay&hl=en&gl=ng
ba7d5750-ea73-4e27-b6e8-f40001bd31c4,OPay,the best of all best,5,2026-09-29,Google Play,Customer Review,https://play.google.com/store/apps/details?id=team.opay.pay&hl=en&gl=ng
e9e58878-66cd-4609-976b-92024c164425,OPay,"much easier for transection, thanks a lot",5,2026-09-29,Google Play,Customer Review,https://play.google.com/store/apps/details?id=team.opay.pay&hl=en&gl=ng
ca548df7-8876-4c59-bbb0-03c888c2dde7,OPay,Nice Bank,5,2026-09-29,Google Play,Customer Review,https://play.google.com/store/apps/details?id=team.opay.pay&hl=en&gl=ng
5c80ba7b-cc3f-454c-812c-085e6a15f59e,OPay,Good online bank transaction record,5,2026-09-29,Google Play,Customer Review,https://play.google.com/store/apps/details?id=team.opay.pay&hl=en&gl=ng
633f2ecb-bbed-448d-9037-14244bc2cc88,OPay,very sweet and nice I love opay,3,2026-09-29,Google Play,Customer Review,https://play.google.com/store/apps/details?id=team.opay.pay&hl=en&gl=ng
937e8817-648c-40f9-8979-9d67a5cec920,OPay,my favourite online bank,5,2026-09-29,Google Play,Customer Review,https://play.google.com/store/apps/details?id=team.opay.pay&hl=en&gl=ng
7bdcdbc9-ce73-4c22-b726-5ee452b4a189,OPay,shin splints m,3,2026-09-29,Google Play,Customer Review,https://play.google.com/store/apps/details?id=team.opay.pay&hl=en&gl=ng
cbc0a70b-f1b3-45a7-a5d8-ccc02fac10a7,OPay,very reliable app,4,2026-09-29,Google Play,Customer Review,https://play.google.com/store/apps/details?id=team.opay.pay&hl=en&gl=ng
899003e4-f298-4c9b-96f3-455ecfa5ecdd,OPay,love,5,2026-09-29,Google Play,Customer Review,https://play.google.com/store/apps/details?id=team.opay.pay&hl=en&gl=ng
3df9407a-7907-49e8-a900-cd7c4ffc141c,OPay,top notch kudos to you,5,2026-09-29,Google Play,Customer Review,https://play.google.com/store/apps/details?id=team.opay.pay&hl=en&gl=ng
e5315522-efe5-4acd-9473-2cf71a5f336d,OPay,the app too sharp,5,2026-09-29,Google Play,Customer Review,https://play.google.com/store/apps/details?id=team.opay.pay&hl=en&gl=ng
88e637f9-f27d-486d-aa2e-54f9614deb92,OPay,very much good and reliable,5,2026-09-29,Google Play,Customer Review,https://play.google.com/store/apps/details?id=team.opay.pay&hl=en&gl=ng
15ba053d-d0df-48c3-ae08-03d5508c6262,OPay,good,4,2026-09-29,Google Play,Customer Review,https://play.google.com/store/apps/details?id=team.opay.pay&hl=en&gl=ng
20f67e1f-15a5-40a5-9294-85db860ab601,OPay,Opay is the best in terms of fast transactions and smooth ussd transfer but in terms where by someone would actually report your account and there freeze it isn't funny cause there bought the products and have received the package so you guys should review this issue of report of a thing,3,2026-09-29,Google Play,Customer Review,https://play.google.com/store/apps/details?id=team.opay.pay&hl=en&gl=ng
05912ab9-73ad-4470-a3e8-32defe797d75,OPay,I want to do transaction transaction,5,2026-09-29,Google Play,Customer Review,https://play.google.com/store/apps/details?id=team.opay.pay&hl=en&gl=ng
25957dfb-b735-4a83-bc7c-73da6e622a1e,OPay,Very beautiful and reliable,4,2026-09-29,Google Play,Customer Review,https://play.google.com/store/apps/details?id=team.opay.pay&hl=en&gl=ng
b65b10dc-7c40-45a2-8006-5995b2e9e0ce,OPay,I love opay is the best app ever,5,2026-09-29,Google Play,Customer Review,https://play.google.com/store/apps/details?id=team.opay.pay&hl=en&gl=ng
e9fc8038-a85e-40c0-8b47-c6fe641119b1,OPay,I liked still like never before,5,2026-09-29,Google Play,Customer Review,https://play.google.com/store/apps/details?id=team.opay.pay&hl=en&gl=ng
c31f28cd-9377-4c20-8eb7-a4a3bb6760ae,OPay,amazing 👏 and easy to navigate,5,2026-09-29,Google Play,Customer Review,https://play.google.com/store/apps/details?id=team.opay.pay&hl=en&gl=ng
6354c505-88f3-4edb-9005-24ea110d647a,OPay,my app is not updating what's the problem,5,2026-09-29,Google Play,Customer Review,https://play.google.com/store/apps/details?id=team.opay.pay&hl=en&gl=ng
b54a40b7-19c9-4c87-be63-b886a2899bf8,OPay,Very sweet and reliable app with safest network security. Opay una do this one,5,2026-09-29,Google Play,Customer Review,https://play.google.com/store/apps/details?id=team.opay.pay&hl=en&gl=ng
36a8606d-f8d8-4145-a994-e80ebc9d969d,OPay,Opay App never disappoint 👍🏾,5,2026-09-29,Google Play,Customer Review,https://play.google.com/store/apps/details?id=team.opay.pay&hl=en&gl=ng
87fd3f25-d933-4d6a-99cb-731aa0c4a1ed,OPay,easy transaction,5,2026-09-29,Google Play,Customer Review,https://play.google.com/store/apps/details?id=team.opay.pay&hl=en&gl=ng
b08e3d17-8331-4f10-850e-03f025fdfdd0,OPay,very very good in every thing,5,2026-09-29,Google Play,Customer Review,https://play.google.com/store/apps/details?id=team.opay.pay&hl=en&gl=ng
3f374480-9112-44df-897f-f9cfa443088b,OPay,So easy to use...,5,2026-09-29,Google Play,Customer Review,https://play.google.com/store/apps/details?id=team.opay.pay&hl=en&gl=ng
6537ead0-fb59-48e6-a691-716e13efe766,OPay,great,5,2026-09-29,Google Play,Customer Review,https://play.google.com/store/apps/details?id=team.opay.pay&hl=en&gl=ng
f679491a-5236-4396-af38-f663a2ba6d06,OPay,reliable,5,2026-09-29,Google Play,Customer Review,https://play.google.com/store/apps/details?id=team.opay.pay&hl=en&gl=ng
0e908794-cdf0-4c68-94b7-9761016594f8,OPay,excellent,5,2026-09-29,Google Play,Customer Review,https://play.google.com/store/apps/details?id=team.opay.pay&hl=en&gl=ng
8ece0a36-ba3a-42d0-928a-473743a0016e,OPay,smooth app ever,5,2026-09-29,Google Play,Customer Review,https://play.google.com/store/apps/details?id=team.opay.pay&hl=en&gl=ng
7de1525c-9335-4298-92dc-6c7665e6fecc,OPay,"Seamless, Stress-free, Opay.",5,2026-09-29,Google Play,Customer Review,https://play.google.com/store/apps/details?id=team.opay.pay&hl=en&gl=ng
22e6a6a0-d33e-4b8e-803f-8119665143a9,OPay,one of the best banking app for me,5,2026-09-29,Google Play,Customer Review,https://play.google.com/store/apps/details?id=team.opay.pay&hl=en&gl=ng
f774902e-15cc-497e-a5e0-18536d372f41,OPay,the best app I've ever seen transactions are smooth and fast no words to describe,5,2026-09-29,Google Play,Customer Review,https://play.google.com/store/apps/details?id=team.opay.pay&hl=en&gl=ng
da81fe09-66b2-411b-957a-6b5c16297d80,OPay,lovely,5,2026-09-29,Google Play,Customer Review,https://play.google.com/store/apps/details?id=team.opay.pay&hl=en&gl=ng
60d415de-12eb-48d6-9140-27b3f795d056,OPay,great app so far,5,2026-09-29,Google Play,Customer Review,https://play.google.com/store/apps/details?id=team.opay.pay&hl=en&gl=ng
0d914b64-8aee-4fec-974b-c62cd6df3deb,OPay,good,5,2026-09-29,Google Play,Customer Review,https://play.google.com/store/apps/details?id=team.opay.pay&hl=en&gl=ng
8f8e7db2-af0e-4c88-a4c8-14272e6859e1,OPay,Very fast and easy.,5,2026-09-29,Google Play,Customer Review,https://play.google.com/store/apps/details?id=team.opay.pay&hl=en&gl=ng
e9443d01-1867-4050-b4a7-ce8f17669368,OPay,a good app indeed.,5,2026-09-29,Google Play,Customer Review,https://play.google.com/store/apps/details?id=team.opay.pay&hl=en&gl=ng
6d29d363-9f6b-4c35-b81a-11806376441c,OPay,fantastic,5,2026-09-29,Google Play,Customer Review,https://play.google.com/store/apps/details?id=team.opay.pay&hl=en&gl=ng
a9bfbbc4-ef67-4257-817b-4917f2fc4b5a,OPay,Fix ur app. idk why it seems hard login in my opay everyday yet i have sufficient data but it always seems hard login,1,2026-09-29,Google Play,Customer Review,https://play.google.com/store/apps/details?id=team.opay.pay&hl=en&gl=ng
3a7ce3e8-b689-42f7-b08f-9c6df2a0816f,OPay,very nice app,5,2026-09-29,Google Play,Customer Review,https://play.google.com/store/apps/details?id=team.opay.pay&hl=en&gl=ng
d8d82a00-23c6-4b82-8483-67fe14632eaf,OPay,opay is the best bank I have ever seen,4,2026-09-29,Google Play,Customer Review,https://play.google.com/store/apps/details?id=team.opay.pay&hl=en&gl=ng
22b94b6e-6a20-4469-a00d-a30cd1249e3d,OPay,Reliable medium of transaction,5,2026-09-29,Google Play,Customer Review,https://play.google.com/store/apps/details?id=team.opay.pay&hl=en&gl=ng
00647a3a-ef8e-463e-bc9c-a0a439b7ca06,OPay,I keep information that the app is long active for my device,5,2026-09-29,Google Play,Customer Review,https://play.google.com/store/apps/details?id=team.opay.pay&hl=en&gl=ng
92056824-6ece-4e55-8f9b-499bc1419499,OPay,"Good app but it has started acting up lately. Hardly do I execute a quick transaction. It takes over 8mins just to log into the app. Before I am able to execute one transaction, it will take about 15mins. No exaggerations here. I find it quite frustrating and super annoying that I always think of using another platform. This issue should be looked into and sorted out immediately so that your customers could enjoy fast transactions.",2,2026-09-29,Google Play,Customer Review,https://play.google.com/store/apps/details?id=team.opay.pay&hl=en&gl=ng
9d08cf3e-d0b3-4514-a0dd-1f354c40a004,OPay,"I would have given a five star, but am not still eligible for a loan?? I know how much I do transact everyday, busy still yet no loan applicable to me. The best app for transacting and donations Viewers, go and download the app now",4,2026-09-29,Google Play,Customer Review,https://play.google.com/store/apps/details?id=team.opay.pay&hl=en&gl=ng
2c38e9fb-1ab1-4cfa-949d-15eb49813c6b,OPay,opay no want approved my loan abeg who fit give me loan,1,2026-09-29,Google Play,Customer Review,https://play.google.com/store/apps/details?id=team.opay.pay&hl=en&gl=ng
9fbb1839-55ac-4231-85fa-0aca7a50cacd,OPay,great app,4,2026-09-29,Google Play,Customer Review,https://play.google.com/store/apps/details?id=team.opay.pay&hl=en&gl=ng
072edae9-7c98-4e7c-a0d8-db87226bfbad,OPay,"I love the way opay does there things ,do I even say thet they're more reliable than other commercial Bank",5,2026-09-29,Google Play,Customer Review,https://play.google.com/store/apps/details?id=team.opay.pay&hl=en&gl=ng
b386cf66-106a-4264-92ac-73cbcad62b92,OPay,good,5,2026-09-29,Google Play,Customer Review,https://play.google.com/store/apps/details?id=team.opay.pay&hl=en&gl=ng
b13ee2d4-022a-4f39-b5a5-71eb2a1c7325,OPay,berry Ok,5,2026-09-29,Google Play,Customer Review,https://play.google.com/store/apps/details?id=team.opay.pay&hl=en&gl=ng
6549fd76-3b0a-41f6-bf15-8c9ff338c02e,OPay,"not doing up expectations, I pray for improvement",4,2026-09-29,Google Play,Customer Review,https://play.google.com/store/apps/details?id=team.opay.pay&hl=en&gl=ng
186dda91-bc28-4e1e-bfaf-b32f9fc63567,OPay,"smoot transaction, and good network",5,2026-09-29,Google Play,Customer Review,https://play.google.com/store/apps/details?id=team.opay.pay&hl=en&gl=ng
f8c571df-9cd1-41f0-b33c-08516bffe65a,OPay,very good,5,2026-09-29,Google Play,Customer Review,https://play.google.com/store/apps/details?id=team.opay.pay&hl=en&gl=ng
19aa31e7-0ba3-4586-8ae9-c7f4493b0f77,OPay,It's Save And Easy To Understand It Only Gets Better,5,2026-09-29,Google Play,Customer Review,https://play.google.com/store/apps/details?id=team.opay.pay&hl=en&gl=ng
3fbfb942-8bff-410c-a673-3f51f46a29b4,OPay,good,3,2026-09-29,Google Play,Customer Review,https://play.google.com/store/apps/details?id=team.opay.pay&hl=en&gl=ng
ac85baa1-9dee-4738-88db-4e8996b8ffad,OPay,nice,5,2026-09-29,Google Play,Customer Review,https://play.google.com/store/apps/details?id=team.opay.pay&hl=en&gl=ng
cdb17f9e-d3fd-4d0f-a7d4-570f0bc18ea9,OPay,please opay add strict lock until maturity date so their will be no withdrawal,5,2026-09-29,Google Play,Customer Review,https://play.google.com/store/apps/details?id=team.opay.pay&hl=en&gl=ng
05885010-8a62-485e-9a9c-112abc565919,OPay,why is your app not working. it's jus stuck on loading and loading,2,2026-09-29,Google Play,Customer Review,https://play.google.com/store/apps/details?id=team.opay.pay&hl=en&gl=ng
02b2287d-9130-4ba7-94c4-f6cdfc67cd49,OPay,superb,5,2026-09-29,Google Play,Customer Review,https://play.google.com/store/apps/details?id=team.opay.pay&hl=en&gl=ng
c822c207-527f-4399-b6c2-48a4ad122ef1,OPay,🥰🥰🥰🥰🥰🥰🥰💯,5,2026-09-29,Google Play,Customer Review,https://play.google.com/store/apps/details?id=team.opay.pay&hl=en&gl=ng
5675c3e1-35ab-44fd-8f11-e5c3a9fe9c36,OPay,Good,5,2026-09-29,Google Play,Customer Review,https://play.google.com/store/apps/details?id=team.opay.pay&hl=en&gl=ng
8e7eed89-f252-46b5-8f72-68836b18c0bb,OPay,this afternoon loan ability is fake,1,2026-09-29,Google Play,Customer Review,https://play.google.com/store/apps/details?id=team.opay.pay&hl=en&gl=ng
34afb81d-4ac9-4678-a6e5-1188288b504a,OPay,good,5,2026-09-29,Google Play,Customer Review,https://play.google.com/store/apps/details?id=team.opay.pay&hl=en&gl=ng
50a1485b-c510-4a0b-8122-e4b2e2443f11,OPay,opay is very ok I gat no issues on it 👍👍👍,5,2026-09-29,Google Play,Customer Review,https://play.google.com/store/apps/details?id=team.opay.pay&hl=en&gl=ng
00705cf5-e334-4eea-953a-92355e50e66a,OPay,smooth,4,2026-09-29,Google Play,Customer Review,https://play.google.com/store/apps/details?id=team.opay.pay&hl=en&gl=ng
5cfc9c33-2109-4a1e-92c9-a96850e8a6d3,OPay,this face verification is not necessary cuz what if someone used his NIN to open account for you and he or she traveled and you want to withdraw money they will ask for your face verification it annoying fix it up,4,2026-09-29,Google Play,Customer Review,https://play.google.com/store/apps/details?id=team.opay.pay&hl=en&gl=ng
013275a6-dece-4c75-97ac-717fb32fc047,OPay,awesome so far,5,2026-09-29,Google Play,Customer Review,https://play.google.com/store/apps/details?id=team.opay.pay&hl=en&gl=ng
8b162679-a851-450c-a299-3e0065a29226,OPay,My best mobile banking.,5,2026-09-29,Google Play,Customer Review,https://play.google.com/store/apps/details?id=team.opay.pay&hl=en&gl=ng
71f5e6b5-c1e3-4dca-aebb-692f393b270a,OPay,smooth,5,2026-09-29,Google Play,Customer Review,https://play.google.com/store/apps/details?id=team.opay.pay&hl=en&gl=ng
35ea8c7b-c5e3-4f05-ba09-3589d0b412d2,OPay,this app is good to transfer money and received money no complain,5,2026-09-29,Google Play,Customer Review,https://play.google.com/store/apps/details?id=team.opay.pay&hl=en&gl=ng
c8f52ec1-b448-4811-b618-bad10f47989f,OPay,very fast and reliable transaction,5,2026-09-29,Google Play,Customer Review,https://play.google.com/store/apps/details?id=team.opay.pay&hl=en&gl=ng
c2174daf-ffa3-42b8-86fb-114b8a42b32d,OPay,best app ever,5,2026-09-29,Google Play,Customer Review,https://play.google.com/store/apps/details?id=team.opay.pay&hl=en&gl=ng
cf5c8f62-856f-495c-a530-11620e127335,OPay,super super comfortable,5,2026-09-29,Google Play,Customer Review,https://play.google.com/store/apps/details?id=team.opay.pay&hl=en&gl=ng
52b89fd6-ae39-4316-b9ad-49f29c6fe585,OPay,hurry pipi popo hurry,2,2026-09-29,Google Play,Customer Review,https://play.google.com/store/apps/details?id=team.opay.pay&hl=en&gl=ng
b3ecfde4-8cad-4b8f-a0fc-8dd200bddf84,OPay,I love opay it's indeed the best online bank ever,5,2026-09-29,Google Play,Customer Review,https://play.google.com/store/apps/details?id=team.opay.pay&hl=en&gl=ng
232de4e2-3b44-4f49-9646-011038ebbe28,OPay,What an awesome experience! ...can't still believe it!!,5,2026-09-29,Google Play,Customer Review,https://play.google.com/store/apps/details?id=team.opay.pay&hl=en&gl=ng
4d0dbcd0-71e5-42bf-a93d-7540ac481ae4,OPay,it good,5,2026-09-29,Google Play,Customer Review,https://play.google.com/store/apps/details?id=team.opay.pay&hl=en&gl=ng
f1caa5ad-d908-47f0-8637-d8e7603f82f8,OPay,all I can say is WOW,5,2026-09-29,Google Play,Customer Review,https://play.google.com/store/apps/details?id=team.opay.pay&hl=en&gl=ng
e3599d2b-6bf1-40aa-8bf3-11157755011b,OPay,Nice,5,2026-09-29,Google Play,Customer Review,https://play.google.com/store/apps/details?id=team.opay.pay&hl=en&gl=ng
17e96623-a670-43f0-bf36-127512e8bfdf,OPay,opay bank is good,5,2026-09-29,Google Play,Customer Review,https://play.google.com/store/apps/details?id=team.opay.pay&hl=en&gl=ng
1f6663e0-a66e-43a2-a532-26df5b94dfa2,OPay,so nice,5,2026-09-29,Google Play,Customer Review,https://play.google.com/store/apps/details?id=team.opay.pay&hl=en&gl=ng
cbf4e9d6-dcea-4ae2-bad2-5e8785eeaa43,OPay,great app,4,2026-09-29,Google Play,Customer Review,https://play.google.com/store/apps/details?id=team.opay.pay&hl=en&gl=ng
bee1523e-2bf4-40f1-8e9e-93e33c9951ea,OPay,legendary bank,5,2026-09-29,Google Play,Customer Review,https://play.google.com/store/apps/details?id=team.opay.pay&hl=en&gl=ng
09ff9099-554e-4ac2-ae0e-1260904d5478,OPay,super cool experience,5,2026-09-29,Google Play,Customer Review,https://play.google.com/store/apps/details?id=team.opay.pay&hl=en&gl=ng
16eca6a3-c139-405d-b6f1-2ddc0cae80c6,OPay,the app is good and reliable... always active and fast to do transactions,4,2026-09-29,Google Play,Customer Review,https://play.google.com/store/apps/details?id=team.opay.pay&hl=en&gl=ng
cd29c4c8-8766-4788-b69c-0723be625711,OPay,Excellent service delivery at all times,5,2026-09-29,Google Play,Customer Review,https://play.google.com/store/apps/details?id=team.opay.pay&hl=en&gl=ng
52a647a1-f5db-45e4-96b2-6a209d232d70,OPay,"Using Opay is lovely,easy to use and well as meeting a very reliable network. I give gbosa to you. if you don't mind I want to do advert content for you",5,2026-09-29,Google Play,Customer Review,https://play.google.com/store/apps/details?id=team.opay.pay&hl=en&gl=ng
f94e68aa-aff0-4f5d-8295-bdb683e198e0,OPay,OPAY it's Automatically the best easy no stress reliable network always informative and very very absolutely helpful,5,2026-09-29,Google Play,Customer Review,https://play.google.com/store/apps/details?id=team.opay.pay&hl=en&gl=ng
d8ead909-b9fe-450d-b80e-84680791001a,OPay,good,5,2026-09-29,Google Play,Customer Review,https://play.google.com/store/apps/details?id=team.opay.pay&hl=en&gl=ng
d5a0ceb5-964b-47bd-90d4-40b71c92629a,OPay,cool,5,2026-09-29,Google Play,Customer Review,https://play.google.com/store/apps/details?id=team.opay.pay&hl=en&gl=ng
b62be410-9b89-4d30-8593-77f7ae1930b3,OPay,active always,5,2026-09-29,Google Play,Customer Review,https://play.google.com/store/apps/details?id=team.opay.pay&hl=en&gl=ng
3e08fdff-0ac7-426c-8538-008adf8ec192,OPay,this app isn't compatible with your device anymore .,5,2026-09-29,Google Play,Customer Review,https://play.google.com/store/apps/details?id=team.opay.pay&hl=en&gl=ng
6bf6b3a7-391a-4664-b93c-eff85adaa276,OPay,good,5,2026-09-29,Google Play,Customer Review,https://play.google.com/store/apps/details?id=team.opay.pay&hl=en&gl=ng
98b95b95-9c34-4e67-b4fe-7ac8980b56b6,OPay,I sporting you,4,2026-09-29,Google Play,Customer Review,https://play.google.com/store/apps/details?id=team.opay.pay&hl=en&gl=ng
5328b195-948a-4411-98d6-87aba61ef06f,OPay,fantastic payment app I really love opay service. I usually save my money there.,1,2026-09-29,Google Play,Customer Review,https://play.google.com/store/apps/details?id=team.opay.pay&hl=en&gl=ng
af974ac4-bbbd-44f8-bcc0-89b4f640d0b9,OPay,"opay is the best wallet ever, it's easy to use, very reliable in transactions, even for older people. they should try and work on their automatic reverse.",4,2026-09-29,Google Play,Customer Review,https://play.google.com/store/apps/details?id=team.opay.pay&hl=en&gl=ng
b32251a5-b537-4cab-8cb6-ce777cca8821,OPay,So nice,3,2026-09-29,Google Play,Customer Review,https://play.google.com/store/apps/details?id=team.opay.pay&hl=en&gl=ng
c1a929d4-b9b6-4029-b471-c8caf63e51d1,OPay,good banking app,5,2026-09-29,Google Play,Customer Review,https://play.google.com/store/apps/details?id=team.opay.pay&hl=en&gl=ng
4cd39d30-4a11-4bb9-aae7-ebe664675c4b,OPay,no experience,5,2026-09-29,Google Play,Customer Review,https://play.google.com/store/apps/details?id=team.opay.pay&hl=en&gl=ng
242c52e6-666a-4e17-9ee4-115af48ec86c,OPay,good service.,5,2026-09-29,Google Play,Customer Review,https://play.google.com/store/apps/details?id=team.opay.pay&hl=en&gl=ng
927c2f32-b6e7-400d-aa75-54bdfc689a08,OPay,Improve,5,2026-09-29,Google Play,Customer Review,https://play.google.com/store/apps/details?id=team.opay.pay&hl=en&gl=ng
1fd04990-813b-470a-a22f-bb291329a5e1,OPay,Good but not compatible with my phone,5,2026-09-29,Google Play,Customer Review,https://play.google.com/store/apps/details?id=team.opay.pay&hl=en&gl=ng
a94ca292-c902-4528-8a38-fc74ae4ba471,OPay,good,5,2026-09-29,Google Play,Customer Review,https://play.google.com/store/apps/details?id=team.opay.pay&hl=en&gl=ng
44f94049-7390-49ee-9435-606621877a6c,OPay,the best banking app,5,2026-09-29,Google Play,Customer Review,https://play.google.com/store/apps/details?id=team.opay.pay&hl=en&gl=ng
e896de8b-3ca5-4550-8010-65a921eef874,OPay,Easy to use,5,2026-09-29,Google Play,Customer Review,https://play.google.com/store/apps/details?id=team.opay.pay&hl=en&gl=ng
5df06e79-bbe7-4b99-9ac2-5ea2b112d807,OPay,Good,5,2026-09-29,Google Play,Customer Review,https://play.google.com/store/apps/details?id=team.opay.pay&hl=en&gl=ng
dd6be685-99d9-401c-a85d-424738bf8642,OPay,Undoubtedly the best banking app I have.,5,2026-09-29,Google Play,Customer Review,https://play.google.com/store/apps/details?id=team.opay.pay&hl=en&gl=ng
c830c6cd-e5a8-463e-b93e-695d3bbfec54,OPay,no one that transfer like we do opay 🇳🇬🥈🥈,5,2026-09-28,Google Play,Customer Review,https://play.google.com/store/apps/details?id=team.opay.pay&hl=en&gl=ng
af651256-af4a-4a3d-898b-d2456f00a481,OPay,rasheedi,5,2026-09-28,Google Play,Customer Review,https://play.google.com/store/apps/details?id=team.opay.pay&hl=en&gl=ng
3fa52053-c432-49c5-a47e-d717aa5d6d6c,OPay,The best I've ever seen tbh,5,2026-09-28,Google Play,Customer Review,https://play.google.com/store/apps/details?id=team.opay.pay&hl=en&gl=ng
389cff4d-2265-4a6c-a7ab-eb7bcdf7d36c,OPay,nice app,4,2026-09-28,Google Play,Customer Review,https://play.google.com/store/apps/details?id=team.opay.pay&hl=en&gl=ng
c35c871c-cbba-444b-bfbe-9d2e5aa3d4c5,OPay,Not bad.. safe,5,2026-09-28,Google Play,Customer Review,https://play.google.com/store/apps/details?id=team.opay.pay&hl=en&gl=ng
fc709c79-6fba-4c76-834b-f724148f76f0,OPay,"Opay speaks money language, it is the best thing to happen in the financial sector... Just join today, tomorrow; will sing songs of satisfactory services..",5,2026-09-28,Google Play,Customer Review,https://play.google.com/store/apps/details?id=team.opay.pay&hl=en&gl=ng
3b2d561a-bfaa-4221-8064-6991e9fd9230,OPay,nice 👍 app I love it so much opay pay it pays me n make payments eazy for me thanks to Opay admin 🙏🇳🇬💵.,5,2026-09-28,Google Play,Customer Review,https://play.google.com/store/apps/details?id=team.opay.pay&hl=en&gl=ng
2296d38b-a2d2-40ff-b715-e51a3215c744,OPay,ok,5,2026-09-28,Google Play,Customer Review,https://play.google.com/store/apps/details?id=team.opay.pay&hl=en&gl=ng
c1516e69-8fd1-4476-b9a8-548f054ba011,OPay,"I hear that you are saying you will disqualifying phone numbers as account number in Opay this is bad because no everyone recite even his phone number, better change this discourse",4,2026-09-28,Google Play,Customer Review,https://play.google.com/store/apps/details?id=team.opay.pay&hl=en&gl=ng
15483ea6-e1e2-487e-8c79-4586b542209c,OPay,"I recently discovered my spend and save account was irreversibly 'upgraded' to the safebox. This meant that every amount saved as I spent can not be easily withdrawn as I used to without a fee! I have been enjoying opay services, especially the spend and save feature but with this 'upgrade', it just makes the app lame. I am now open to exploring other banking apps that may offer better services.",2,2026-09-28,Google Play,Customer Review,https://play.google.com/store/apps/details?id=team.opay.pay&hl=en&gl=ng
21255621-1a9c-4933-9859-786ee30a7789,OPay,keep the good work up,5,2026-09-28,Google Play,Customer Review,https://play.google.com/store/apps/details?id=team.opay.pay&hl=en&gl=ng
649c8341-5828-42a9-82a5-45589eb504dd,OPay,because the app is very good for everyone else to used,5,2026-09-28,Google Play,Customer Review,https://play.google.com/store/apps/details?id=team.opay.pay&hl=en&gl=ng
21b7d259-1123-4e62-8b87-e25f4eeaf6d0,OPay,Nice one,5,2026-09-28,Google Play,Customer Review,https://play.google.com/store/apps/details?id=team.opay.pay&hl=en&gl=ng
a20501f3-d49d-4722-a3d5-8336d6dbd4fe,OPay,good 💯,5,2026-09-28,Google Play,Customer Review,https://play.google.com/store/apps/details?id=team.opay.pay&hl=en&gl=ng
c63c4ffd-d57d-40bc-aae6-9ac2928cc79b,OPay,",AAA A SassaaazAASA££€¢,Q",3,2026-09-28,Google Play,Customer Review,https://play.google.com/store/apps/details?id=team.opay.pay&hl=en&gl=ng
8af678c7-cf62-4f19-a644-1a15e4a86478,OPay,l said thank you,5,2026-09-28,Google Play,Customer Review,https://play.google.com/store/apps/details?id=team.opay.pay&hl=en&gl=ng
a82b506d-cdf1-4430-8d00-210aebf275a6,OPay,is easy to use in transaction and alert immediately thanks,5,2026-09-28,Google Play,Customer Review,https://play.google.com/store/apps/details?id=team.opay.pay&hl=en&gl=ng
d1190ea1-4044-4590-8472-827e96e55ab2,OPay,okay,5,2026-09-28,Google Play,Customer Review,https://play.google.com/store/apps/details?id=team.opay.pay&hl=en&gl=ng
2c07cfd5-7cc5-4b34-9cc2-fe9229ef6b0f,OPay,faster and reliable,5,2026-09-28,Google Play,Customer Review,https://play.google.com/store/apps/details?id=team.opay.pay&hl=en&gl=ng
4f85cfc7-273e-4a0c-b6c9-5b16caa175de,OPay,Great,5,2026-09-28,Google Play,Customer Review,https://play.google.com/store/apps/details?id=team.opay.pay&hl=en&gl=ng
a2367854-5ab5-4c44-97de-79d0716a2681,OPay,good,5,2026-09-28,Google Play,Customer Review,https://play.google.com/store/apps/details?id=team.opay.pay&hl=en&gl=ng
eff12f3c-c987-43d0-b4e8-ea48fb6b44fd,OPay,it helps to save money,5,2026-09-28,Google Play,Customer Review,https://play.google.com/store/apps/details?id=team.opay.pay&hl=en&gl=ng
a8060467-aab6-40e9-a910-5776ec28131b,OPay,good,5,2026-09-28,Google Play,Customer Review,https://play.google.com/store/apps/details?id=team.opay.pay&hl=en&gl=ng
14e157a7-f5bb-4d50-96bd-a7277fde0a22,OPay,good,5,2026-09-28,Google Play,Customer Review,https://play.google.com/store/apps/details?id=team.opay.pay&hl=en&gl=ng
224aaf7b-7d6f-4866-ad9a-a5b6bb5b5c3c,OPay,"It is a convenience in many ways, it's very reliable and one is able to save without issue",5,2026-09-28,Google Play,Customer Review,https://play.google.com/store/apps/details?id=team.opay.pay&hl=en&gl=ng
19a33425-d4d1-411e-b7ab-a86ab35db1e3,OPay,omo this app na the best ooo I have been using for over 6 years,5,2026-09-28,Google Play,Customer Review,https://play.google.com/store/apps/details?id=team.opay.pay&hl=en&gl=ng
7b08934f-ec97-4155-8458-ec0fccb12aa1,OPay,THE BEST FINTECH BANK THAT EVER HAPPENED TO 9JA ALWAYS HAPPY TO USE OPAY APP KUDOS TO THE OPAY TEAM,5,2026-09-28,Google Play,Customer Review,https://play.google.com/store/apps/details?id=team.opay.pay&hl=en&gl=ng
160488c4-8c5c-4800-96b8-d4fbebb46c31,OPay,the ussd charge is annoying. it's not going through and you're still charging me. reeks of exploitation. absolutely horrible new UI. I need to take back that one star,2,2026-09-28,Google Play,Customer Review,https://play.google.com/store/apps/details?id=team.opay.pay&hl=en&gl=ng
58dd21ff-fb8f-4849-b530-7f9a5975d424,OPay,I love it,5,2026-09-28,Google Play,Customer Review,https://play.google.com/store/apps/details?id=team.opay.pay&hl=en&gl=ng
1d8cea5f-775c-4eb7-8cbc-fd270956b35a,OPay,"other Banks should please shut down and allow only Opay to operate, a bank that give you little interest for recharging ur phone and sending out money but others are taking from us, opay helps me to be more disciplined in my target savings and no issues at all, i even introduced Opay a lady that goes about collecting Ajo now she keeps thanking me everyday cause from the comfort of her home she can receive all the Ajo datz stresses her always at ease, thanks to Opay customer service top notch",5,2026-09-28,Google Play,Customer Review,https://play.google.com/store/apps/details?id=team.opay.pay&hl=en&gl=ng
c4c71632-d183-4328-b119-18e331747256,OPay,Opay is just the best banking app ever,5,2026-09-28,Google Play,Customer Review,https://play.google.com/store/apps/details?id=team.opay.pay&hl=en&gl=ng
9408da8c-466e-4935-a929-b3a0cf7c088b,OPay,"i love this app, it's very easy to use also send and receive money asap",5,2026-09-28,Google Play,Customer Review,https://play.google.com/store/apps/details?id=team.opay.pay&hl=en&gl=ng
bb315d9c-9f20-492f-a0e3-0ed9ae3fd648,OPay,I enjoy using opay best back,5,2026-09-28,Google Play,Customer Review,https://play.google.com/store/apps/details?id=team.opay.pay&hl=en&gl=ng
45af7b60-ce00-46fb-a268-fecb56d50587,OPay,very good,5,2026-09-28,Google Play,Customer Review,https://play.google.com/store/apps/details?id=team.opay.pay&hl=en&gl=ng
b9de4fc7-026e-45cf-beb0-0505d8f5517e,OPay,this app simply the best,5,2026-09-28,Google Play,Customer Review,https://play.google.com/store/apps/details?id=team.opay.pay&hl=en&gl=ng
caf8b886-02cf-4559-b130-c988037143e1,OPay,"I'm tired of updating every time, and whenever I wanna make urgent payment it delays sometimes yuck",5,2026-09-28,Google Play,Customer Review,https://play.google.com/store/apps/details?id=team.opay.pay&hl=en&gl=ng
b98fe62a-9070-4d6b-9196-395735c360b9,OPay,One of the best fintech app It has to be opay anytime any day,5,2026-09-28,Google Play,Customer Review,https://play.google.com/store/apps/details?id=team.opay.pay&hl=en&gl=ng
1981251f-809a-4c47-b0dc-e49d152da1c8,OPay,Opay is OKAY!,5,2026-09-28,Google Play,Customer Review,https://play.google.com/store/apps/details?id=team.opay.pay&hl=en&gl=ng
32872533-c693-47c1-b4ee-5c72b159799d,OPay,fast and easy to transfer money.,5,2026-09-28,Google Play,Customer Review,https://play.google.com/store/apps/details?id=team.opay.pay&hl=en&gl=ng
28a0b044-893a-4992-93ba-202f5104a614,OPay,great,5,2026-09-28,Google Play,Customer Review,https://play.google.com/store/apps/details?id=team.opay.pay&hl=en&gl=ng
f9006539-cc7c-48ae-906f-67cb5e3f3aaf,OPay,I think Opay is more reliable than Buhari and Tinubu government combined.,5,2026-09-28,Google Play,Customer Review,https://play.google.com/store/apps/details?id=team.opay.pay&hl=en&gl=ng
8d540ff0-df82-4069-abd6-cf0394c0d872,OPay,🥰🤩🥰,5,2026-09-28,Google Play,Customer Review,https://play.google.com/store/apps/details?id=team.opay.pay&hl=en&gl=ng
3d0937be-39c3-4145-8302-c774cd65143d,OPay,nothing past god,4,2026-09-28,Google Play,Customer Review,https://play.google.com/store/apps/details?id=team.opay.pay&hl=en&gl=ng
b1bf8f38-9b8f-452f-be10-8003535680c8,OPay,Alhamdulillah,5,2026-09-28,Google Play,Customer Review,https://play.google.com/store/apps/details?id=team.opay.pay&hl=en&gl=ng
53bb662b-9389-483d-add2-7333073dec88,OPay,Update,4,2026-09-28,Google Play,Customer Review,https://play.google.com/store/apps/details?id=team.opay.pay&hl=en&gl=ng
fed93191-5be7-47e0-977c-f8b5daae869c,OPay,Amazing and easy to operate,5,2026-09-28,Google Play,Customer Review,https://play.google.com/store/apps/details?id=team.opay.pay&hl=en&gl=ng
5a43783d-9da7-4e1c-801b-c9d7304c57eb,OPay,it fast and reliable,4,2026-09-28,Google Play,Customer Review,https://play.google.com/store/apps/details?id=team.opay.pay&hl=en&gl=ng
952857b2-ea6c-4c66-a78a-75d232d591ad,OPay,opay is the best app rn,5,2026-09-28,Google Play,Customer Review,https://play.google.com/store/apps/details?id=team.opay.pay&hl=en&gl=ng
606f186d-96b4-4718-b34c-f67faaadf57a,OPay,very good and fast,5,2026-09-28,Google Play,Customer Review,https://play.google.com/store/apps/details?id=team.opay.pay&hl=en&gl=ng
a3c0c119-ba25-4332-a244-92ef685d97e3,OPay,I'm impressed by you instant loan,5,2026-09-28,Google Play,Customer Review,https://play.google.com/store/apps/details?id=team.opay.pay&hl=en&gl=ng
8f95b158-aa03-4c96-9d63-6a103de0de81,OPay,"Just an overhyped and over rated app,their customer support service is awful 😖",1,2026-09-28,Google Play,Customer Review,https://play.google.com/store/apps/details?id=team.opay.pay&hl=en&gl=ng
64a4abe4-6a55-467c-9ae0-446bf2fc2e89,OPay,very good,5,2026-09-28,Google Play,Customer Review,https://play.google.com/store/apps/details?id=team.opay.pay&hl=en&gl=ng
7093e117-93a5-485b-9b9c-cdc2ba802385,OPay,very nice working with the app,3,2026-09-28,Google Play,Customer Review,https://play.google.com/store/apps/details?id=team.opay.pay&hl=en&gl=ng
d13bd61d-c259-4929-86f7-ee5c8e34b143,OPay,reliable app always!!,5,2026-09-28,Google Play,Customer Review,https://play.google.com/store/apps/details?id=team.opay.pay&hl=en&gl=ng
cd042ea2-28fc-4bb5-8b03-fde22d90381f,OPay,good service,5,2026-09-28,Google Play,Customer Review,https://play.google.com/store/apps/details?id=team.opay.pay&hl=en&gl=ng
aef6c6cb-2191-4bea-bd07-f25389f1cdb6,OPay,very nice and fast app,5,2026-09-28,Google Play,Customer Review,https://play.google.com/store/apps/details?id=team.opay.pay&hl=en&gl=ng
6721fa74-0ab1-4210-9e9f-e12882c2a899,OPay,great app,5,2026-09-28,Google Play,Customer Review,https://play.google.com/store/apps/details?id=team.opay.pay&hl=en&gl=ng
04eb4744-83d3-4205-99be-1768cb101b2a,OPay,good,3,2026-09-28,Google Play,Customer Review,https://play.google.com/store/apps/details?id=team.opay.pay&hl=en&gl=ng
42ce655f-329c-4656-879b-7c6dc2346509,OPay,"The app is hitch free, fast and responsive. Always reliable.",5,2026-09-28,Google Play,Customer Review,https://play.google.com/store/apps/details?id=team.opay.pay&hl=en&gl=ng
0bb48ce1-3bc5-4b56-b9a2-135ca5c9656b,OPay,👍 excellence,5,2026-09-28,Google Play,Customer Review,https://play.google.com/store/apps/details?id=team.opay.pay&hl=en&gl=ng
c165d1e7-8f6f-4e67-8d54-ff4560861dd8,OPay,very nice 👍 app,5,2026-09-28,Google Play,Customer Review,https://play.google.com/store/apps/details?id=team.opay.pay&hl=en&gl=ng
fcfb2a44-ccb5-4851-8a4f-acea31fc0342,OPay,it's not bad but why is the promo not working,3,2026-09-28,Google Play,Customer Review,https://play.google.com/store/apps/details?id=team.opay.pay&hl=en&gl=ng
a30b428a-917d-47d6-ad86-3e823b9fb027,OPay,i love opay bank,5,2026-09-28,Google Play,Customer Review,https://play.google.com/store/apps/details?id=team.opay.pay&hl=en&gl=ng
64bcb4d6-ef9e-4970-b9f6-0ed46adb63f3,OPay,good 😊,5,2026-09-28,Google Play,Customer Review,https://play.google.com/store/apps/details?id=team.opay.pay&hl=en&gl=ng
8383bc98-e4d2-479a-b994-4e0c6113fbcc,OPay,very smart and faster,5,2026-09-28,Google Play,Customer Review,https://play.google.com/store/apps/details?id=team.opay.pay&hl=en&gl=ng
e01c638f-67e4-42af-a9be-278c0e3d78d9,OPay,rating opay 5 stars ⭐✨⭐⭐⭐ is like I am underrating it. Opay is the real deal,5,2026-09-28,Google Play,Customer Review,https://play.google.com/store/apps/details?id=team.opay.pay&hl=en&gl=ng
9e74a618-770a-49ee-a1e1-2fcedc7e3048,OPay,fast and reliable,4,2026-09-28,Google Play,Customer Review,https://play.google.com/store/apps/details?id=team.opay.pay&hl=en&gl=ng
b624e13f-e4ab-4f84-848d-e2602332e00a,OPay,The most convenient and seamless means of online service. it's fast and reliable.,5,2026-09-28,Google Play,Customer Review,https://play.google.com/store/apps/details?id=team.opay.pay&hl=en&gl=ng
64ff5070-e893-4ca3-9f1b-cc223e708010,OPay,best always ❤️💪🙏,5,2026-09-28,Google Play,Customer Review,https://play.google.com/store/apps/details?id=team.opay.pay&hl=en&gl=ng
45617b64-76cb-46a0-b32d-cb5a7e7c3a99,OPay,a very good app,5,2026-09-28,Google Play,Customer Review,https://play.google.com/store/apps/details?id=team.opay.pay&hl=en&gl=ng
e2f2aa17-b718-4b55-a748-7cc8d2f77821,OPay,This app is so user friendly and easy to navigate. I recommend it to everyone. I'm loving it.,5,2026-09-28,Google Play,Customer Review,https://play.google.com/store/apps/details?id=team.opay.pay&hl=en&gl=ng
3f331af2-c485-4f7a-8a36-28e381a70634,OPay,cool app,5,2026-09-28,Google Play,Customer Review,https://play.google.com/store/apps/details?id=team.opay.pay&hl=en&gl=ng
96efd192-1ab9-4632-9e2f-2f96523b0a52,OPay,Yout bank is relable,5,2026-09-28,Google Play,Customer Review,https://play.google.com/store/apps/details?id=team.opay.pay&hl=en&gl=ng
daa7c362-e12c-4e77-81fe-8fc170778a33,OPay,opay is performing well,5,2026-09-28,Google Play,Customer Review,https://play.google.com/store/apps/details?id=team.opay.pay&hl=en&gl=ng
bda0f647-2c04-43d6-8101-db0b3905d6d8,OPay,"when it comes to transfer and other services, Opay is good. but one thing I don't like with Opay bank is that recently the Notification is becoming too much and they are very unnecessary, imagine seeing a notification on your notification bar and thinking if someone might have sent you money and you visit it, realising that it's a different Notification e.g Owealth update, Mega offers and other unnecessary messages. I think that should be updated, atleast maybe when you open the app.",3,2026-09-28,Google Play,Customer Review,https://play.google.com/store/apps/details?id=team.opay.pay&hl=en&gl=ng
c2d93f34-1603-4759-9189-c29df4ce0cee,OPay,𝕪𝕠𝕦 𝕘𝕦𝕪𝕤 𝕒𝕣𝕖 𝕖𝕩𝕔𝕖𝕡𝕥𝕚𝕠𝕟𝕒𝕝,3,2026-09-28,Google Play,Customer Review,https://play.google.com/store/apps/details?id=team.opay.pay&hl=en&gl=ng
e0b99625-0af3-4dc1-9682-89204bd80375,OPay,this app is the best ever no waisting of time sharp sharp,5,2026-09-28,Google Play,Customer Review,https://play.google.com/store/apps/details?id=team.opay.pay&hl=en&gl=ng
3824866a-db0f-47fc-9303-6e2286db27bd,OPay,Nice app,5,2026-09-28,Google Play,Customer Review,https://play.google.com/store/apps/details?id=team.opay.pay&hl=en&gl=ng
cb7ebd7a-d4b8-4d54-8b2e-a4c2a4130787,OPay,Opay is the best.,5,2026-09-28,Google Play,Customer Review,https://play.google.com/store/apps/details?id=team.opay.pay&hl=en&gl=ng
27b2c059-3300-4e6d-8707-0bdf92b0a15b,OPay,good microfinance bank,5,2026-09-28,Google Play,Customer Review,https://play.google.com/store/apps/details?id=team.opay.pay&hl=en&gl=ng
05416fa3-5afe-41f3-afca-2be9cd35db4f,OPay,I love using opay,5,2026-09-28,Google Play,Customer Review,https://play.google.com/store/apps/details?id=team.opay.pay&hl=en&gl=ng
3a720bed-30f9-46cf-b0a8-67faf18599b8,OPay,very good,5,2026-09-28,Google Play,Customer Review,https://play.google.com/store/apps/details?id=team.opay.pay&hl=en&gl=ng
8519336c-2465-4159-ad4f-a4688a08a32b,OPay,love opay sooo much!,5,2026-09-28,Google Play,Customer Review,https://play.google.com/store/apps/details?id=team.opay.pay&hl=en&gl=ng
12ec797d-5faf-44ca-8688-54eee4cdae41,OPay,"Fast, efficient and reliable",5,2026-09-28,Google Play,Customer Review,https://play.google.com/store/apps/details?id=team.opay.pay&hl=en&gl=ng
0703b839-65a3-48bc-91b5-12122b992220,OPay,God bless the founder of Opay,5,2026-09-28,Google Play,Customer Review,https://play.google.com/store/apps/details?id=team.opay.pay&hl=en&gl=ng
b8df4451-f03b-4f8c-b884-4285b39699c5,OPay,very fast and reliable,5,2026-09-28,Google Play,Customer Review,https://play.google.com/store/apps/details?id=team.opay.pay&hl=en&gl=ng
7100d3b1-1565-4201-a684-614ff118f3a7,OPay,excellent,5,2026-09-28,Google Play,Customer Review,https://play.google.com/store/apps/details?id=team.opay.pay&hl=en&gl=ng
9e7ccae1-51cd-4f62-8564-418aad92c46b,OPay,"OPay account closure does not work. I have asked them several times to close my account, but they have refused to close it and have decided to keep my account open even though I no longer want it. I have contacted them many times and made it very clear that I want the account closed. It should not be this difficult for a customer to close an account. This has been a very frustrating and disappointing experience.",1,2026-09-28,Google Play,Customer Review,https://play.google.com/store/apps/details?id=team.opay.pay&hl=en&gl=ng
ab9d5162-e344-4fb1-bb8a-4e679f168732,OPay,beautiful,5,2026-09-28,Google Play,Customer Review,https://play.google.com/store/apps/details?id=team.opay.pay&hl=en&gl=ng
b0d09ddf-c7a2-46eb-a19e-a552c6237cf4,OPay,just the best among the best kudos ❤️,5,2026-09-28,Google Play,Customer Review,https://play.google.com/store/apps/details?id=team.opay.pay&hl=en&gl=ng
47dcbbd9-8b2d-4086-8678-856119ff2035,OPay,I find Opay very useful in the transition to a less-cash society.,5,2026-09-28,Google Play,Customer Review,https://play.google.com/store/apps/details?id=team.opay.pay&hl=en&gl=ng
08327001-e7ec-4a5c-9429-a3967ab1d4fe,OPay,excellent,5,2026-09-28,Google Play,Customer Review,https://play.google.com/store/apps/details?id=team.opay.pay&hl=en&gl=ng
d9f9a57b-5ed8-4d95-83ae-d63b85517b46,OPay,"Opay has been the best bank for me, I now use Opay for all my transactions.",5,2026-09-28,Google Play,Customer Review,https://play.google.com/store/apps/details?id=team.opay.pay&hl=en&gl=ng
23ad8542-7890-498f-92d3-3588c29a3e65,OPay,very good online bank I love it but they didn't borrow me loans again,5,2026-09-28,Google Play,Customer Review,https://play.google.com/store/apps/details?id=team.opay.pay&hl=en&gl=ng
c7602aa4-c9f6-4b9c-a2b9-d54ad71aac07,OPay,The best online bank,4,2026-09-28,Google Play,Customer Review,https://play.google.com/store/apps/details?id=team.opay.pay&hl=en&gl=ng
5fc580ac-d5e0-4596-b2dd-febc9f401ba5,OPay,opay make life easier for me,2,2026-09-28,Google Play,Customer Review,https://play.google.com/store/apps/details?id=team.opay.pay&hl=en&gl=ng
a2a620e6-fed5-440b-83e7-afd588820296,OPay,yenomal,5,2026-09-28,Google Play,Customer Review,https://play.google.com/store/apps/details?id=team.opay.pay&hl=en&gl=ng
00ff269c-5a52-40d6-8084-bc1512943a66,OPay,very good,5,2026-09-28,Google Play,Customer Review,https://play.google.com/store/apps/details?id=team.opay.pay&hl=en&gl=ng
8943e041-032b-4b26-b3b9-cf20f06bc25a,OPay,"Very perfect , not network delay and safety of my saving is 100% guarantee. Opay the best banking.",5,2026-09-28,Google Play,Customer Review,https://play.google.com/store/apps/details?id=team.opay.pay&hl=en&gl=ng
e0bc4194-cd13-4941-a663-e7261b95a1af,OPay,Opay is one of the best online banking platforms I can vouch for..,5,2026-09-28,Google Play,Customer Review,https://play.google.com/store/apps/details?id=team.opay.pay&hl=en&gl=ng
190ff0a8-0fe4-43dd-88c0-7af021857846,OPay,very good,5,2026-09-28,Google Play,Customer Review,https://play.google.com/store/apps/details?id=team.opay.pay&hl=en&gl=ng
1ede6c6a-a76d-4d05-94d5-859258d36599,OPay,"Very good, but work on erroneous transfer retrieval",4,2026-09-28,Google Play,Customer Review,https://play.google.com/store/apps/details?id=team.opay.pay&hl=en&gl=ng
bf4ff5e9-5c1a-42ee-83f6-1ee0b61648bd,OPay,excellent 👍,5,2026-09-28,Google Play,Customer Review,https://play.google.com/store/apps/details?id=team.opay.pay&hl=en&gl=ng
b4046e37-237d-48dd-a30d-dc23b4a1996d,OPay,funny 🤣 you fcç to dknnjhhhxyçjhhç7,2,2026-09-28,Google Play,Customer Review,https://play.google.com/store/apps/details?id=team.opay.pay&hl=en&gl=ng
33e1a1e1-de9e-4f1f-ab10-5798f82f90f1,OPay,how can I use Face Unlock to login to my Opay Account,5,2026-09-28,Google Play,Customer Review,https://play.google.com/store/apps/details?id=team.opay.pay&hl=en&gl=ng
70283c35-3ef0-4404-86d1-8b446cc15d17,OPay,"best, great, smart, perfect and prosperous online banking",5,2026-09-28,Google Play,Customer Review,https://play.google.com/store/apps/details?id=team.opay.pay&hl=en&gl=ng
6d945244-f48b-42e0-a8e3-d19c152da9d8,OPay,I love this app,5,2026-09-28,Google Play,Customer Review,https://play.google.com/store/apps/details?id=team.opay.pay&hl=en&gl=ng
a1bde366-379b-4737-9ca9-06d0bc0b90b5,OPay,very good,5,2026-09-28,Google Play,Customer Review,https://play.google.com/store/apps/details?id=team.opay.pay&hl=en&gl=ng
c028a29e-2ecd-4d25-9d7e-3fc841787103,OPay,great banking app,5,2026-09-28,Google Play,Customer Review,https://play.google.com/store/apps/details?id=team.opay.pay&hl=en&gl=ng
e54cc173-dab1-4301-9146-7268936ab9b8,OPay,awesome,4,2026-09-28,Google Play,Customer Review,https://play.google.com/store/apps/details?id=team.opay.pay&hl=en&gl=ng
0dc99e9a-f241-4cb6-937a-01c6dfa3d003,OPay,The best online banking app.,5,2026-09-28,Google Play,Customer Review,https://play.google.com/store/apps/details?id=team.opay.pay&hl=en&gl=ng
fb224dc6-73da-43e5-9dad-741cfc377c7c,OPay,fantastic job,5,2026-09-28,Google Play,Customer Review,https://play.google.com/store/apps/details?id=team.opay.pay&hl=en&gl=ng
c961a4cd-8c89-46c9-bdb9-3bcfe50c4e0e,OPay,good,5,2026-09-28,Google Play,Customer Review,https://play.google.com/store/apps/details?id=team.opay.pay&hl=en&gl=ng
314dda68-5dab-4095-8c68-fb4d087b5f44,OPay,good app,5,2026-09-28,Google Play,Customer Review,https://play.google.com/store/apps/details?id=team.opay.pay&hl=en&gl=ng
f45a7615-db97-4236-81d3-05b077734cd4,OPay,keep it up 💪💯 perfect I never once regret using opay,5,2026-09-28,Google Play,Customer Review,https://play.google.com/store/apps/details?id=team.opay.pay&hl=en&gl=ng
d036febd-05da-4aa6-8798-c26a7efd49f9,OPay,excellent,5,2026-09-28,Google Play,Customer Review,https://play.google.com/store/apps/details?id=team.opay.pay&hl=en&gl=ng
9565ae97-3ecf-4316-96d6-4186c428a61a,OPay,good,5,2026-09-28,Google Play,Customer Review,https://play.google.com/store/apps/details?id=team.opay.pay&hl=en&gl=ng
555e1e62-042b-474d-ad45-747776b55972,OPay,the app is good but why did you remove money inside my opay for opay card payment in which i don't have active card,1,2026-09-28,Google Play,Customer Review,https://play.google.com/store/apps/details?id=team.opay.pay&hl=en&gl=ng
88c419d0-d9f9-4bd0-8e14-e105624e3344,OPay,nice introduction on the non-phone number account number... good one there,5,2026-09-28,Google Play,Customer Review,https://play.google.com/store/apps/details?id=team.opay.pay&hl=en&gl=ng
0f2982ad-a304-4336-9988-2ad32dc23186,OPay,Exceptional,5,2026-09-28,Google Play,Customer Review,https://play.google.com/store/apps/details?id=team.opay.pay&hl=en&gl=ng
5bb7f9e5-7ac8-4227-89fc-e69e6fa8b496,OPay,so demur,5,2026-09-28,Google Play,Customer Review,https://play.google.com/store/apps/details?id=team.opay.pay&hl=en&gl=ng
c225ab58-991d-44a9-9d2d-db23263aebc0,OPay,my favorite banking app for life 🤍🤍🤍🤍🤍🤍🤍,5,2026-09-28,Google Play,Customer Review,https://play.google.com/store/apps/details?id=team.opay.pay&hl=en&gl=ng
dbb08688-0ee8-491a-bf2a-d51c3050045b,OPay,"The app is fast, secured and reliable. I love using Opay and you can make online transactions with the card. plus, they don't deduct your money like deposit money banks do for no reason at all",5,2026-09-28,Google Play,Customer Review,https://play.google.com/store/apps/details?id=team.opay.pay&hl=en&gl=ng
7e706626-3402-422c-8d00-d83a2c2edad7,OPay,good,5,2026-09-28,Google Play,Customer Review,https://play.google.com/store/apps/details?id=team.opay.pay&hl=en&gl=ng
68c01e48-4eb7-4877-8914-3a2e3ecec194,OPay,wonderful,5,2026-09-28,Google Play,Customer Review,https://play.google.com/store/apps/details?id=team.opay.pay&hl=en&gl=ng
3878e6cc-c0b6-4844-84f6-86d7bab888e2,OPay,Good,5,2026-09-28,Google Play,Customer Review,https://play.google.com/store/apps/details?id=team.opay.pay&hl=en&gl=ng
b2fef38f-26dd-4c92-bfcc-61d58d815c7e,OPay,"opay is highly reliable, I recommend the bank for many people, transaction is fast, reliable and easy to do for everyone.",5,2026-09-28,Google Play,Customer Review,https://play.google.com/store/apps/details?id=team.opay.pay&hl=en&gl=ng
28e45bf4-92a3-4f4c-94b7-31b973888aae,OPay,i love opay even when i have 10mb it opens for me,5,2026-09-28,Google Play,Customer Review,https://play.google.com/store/apps/details?id=team.opay.pay&hl=en&gl=ng
eca48381-a879-4cc5-82ac-2c4d31921cee,OPay,Wasy to use. Stress free and lucrative,5,2026-09-28,Google Play,Customer Review,https://play.google.com/store/apps/details?id=team.opay.pay&hl=en&gl=ng
661a19f2-0849-477f-9f53-e7bb9ebf6266,OPay,"it's one of the best app that has ever happen to mankind, I love opay because it pays a lot; 💜",5,2026-09-28,Google Play,Customer Review,https://play.google.com/store/apps/details?id=team.opay.pay&hl=en&gl=ng
32c30256-3015-4190-89ec-8004e135a530,OPay,Excellent,5,2026-09-28,Google Play,Customer Review,https://play.google.com/store/apps/details?id=team.opay.pay&hl=en&gl=ng
223ca16b-15d0-481d-80fe-f492f48d7416,OPay,"Best, nice and wise Banking system in whole Nigeria",5,2026-09-28,Google Play,Customer Review,https://play.google.com/store/apps/details?id=team.opay.pay&hl=en&gl=ng
6a378a99-8154-43b5-9ef9-7db355751b47,OPay,Quick and good service,4,2026-09-28,Google Play,Customer Review,https://play.google.com/store/apps/details?id=team.opay.pay&hl=en&gl=ng
a6aefe55-b457-4e07-b5b6-657ba832fdeb,OPay,hello How are you doing today,1,2026-09-28,Google Play,Customer Review,https://play.google.com/store/apps/details?id=team.opay.pay&hl=en&gl=ng
c97e6ad0-ecad-4c00-8387-ef81ba5ee7f3,OPay,Nice using opay,5,2026-09-28,Google Play,Customer Review,https://play.google.com/store/apps/details?id=team.opay.pay&hl=en&gl=ng
7d40fa1c-e0bb-42c6-ba79-0b8f473f3fbd,OPay,Good,5,2026-09-28,Google Play,Customer Review,https://play.google.com/store/apps/details?id=team.opay.pay&hl=en&gl=ng
6c617642-1403-4964-b3b2-ade87bd9db8f,OPay,the best app so far,5,2026-09-28,Google Play,Customer Review,https://play.google.com/store/apps/details?id=team.opay.pay&hl=en&gl=ng
3e8f2b43-831c-4822-bb8c-ce44aaf50ef9,OPay,very easy to operate and transactionally fast,5,2026-09-28,Google Play,Customer Review,https://play.google.com/store/apps/details?id=team.opay.pay&hl=en&gl=ng
82c0b4e0-9261-4de0-84ff-aaa6cb68df5b,OPay,opay is my best online banking,5,2026-09-28,Google Play,Customer Review,https://play.google.com/store/apps/details?id=team.opay.pay&hl=en&gl=ng
6471c74b-316d-45c5-8127-0a01c0d2c308,OPay,good,5,2026-09-28,Google Play,Customer Review,https://play.google.com/store/apps/details?id=team.opay.pay&hl=en&gl=ng
9af514be-4e5e-4727-babb-62e9f4e79c2d,OPay,exceptionally good,5,2026-09-28,Google Play,Customer Review,https://play.google.com/store/apps/details?id=team.opay.pay&hl=en&gl=ng
354505b4-28f8-421b-b059-5ded49cd8577,OPay,excellent,5,2026-09-28,Google Play,Customer Review,https://play.google.com/store/apps/details?id=team.opay.pay&hl=en&gl=ng
e634a70f-a2d3-4054-93e7-f1726793a2ab,OPay,Mubarak alhassan,2,2026-09-28,Google Play,Customer Review,https://play.google.com/store/apps/details?id=team.opay.pay&hl=en&gl=ng
647d02ed-fc86-4d66-bdd1-aab3132dd013,OPay,Searching for loan,3,2026-09-28,Google Play,Customer Review,https://play.google.com/store/apps/details?id=team.opay.pay&hl=en&gl=ng
a8e0be97-ab9e-43d3-83cb-6f52473f89aa,OPay,Friendly,5,2026-09-28,Google Play,Customer Review,https://play.google.com/store/apps/details?id=team.opay.pay&hl=en&gl=ng
c0d5e153-ff74-48c7-8971-1e814a1928ff,OPay,lively lovely and nice,5,2026-09-28,Google Play,Customer Review,https://play.google.com/store/apps/details?id=team.opay.pay&hl=en&gl=ng
4bf44812-8356-4ebb-a0f6-9c5602c72b5e,OPay,good bank,5,2026-09-28,Google Play,Customer Review,https://play.google.com/store/apps/details?id=team.opay.pay&hl=en&gl=ng
27415de4-0fe3-4ab3-b8b7-7f4d596cdc0c,OPay,"wonderful, keep it up 👍 never disappoint",5,2026-09-28,Google Play,Customer Review,https://play.google.com/store/apps/details?id=team.opay.pay&hl=en&gl=ng
7ec5b1f2-bc7f-46a3-a73c-de38ce24bd22,OPay,faster,5,2026-09-28,Google Play,Customer Review,https://play.google.com/store/apps/details?id=team.opay.pay&hl=en&gl=ng
5430fdd4-d30f-4453-b5ac-fdcc07715480,OPay,excellent experience at all the time,5,2026-09-28,Google Play,Customer Review,https://play.google.com/store/apps/details?id=team.opay.pay&hl=en&gl=ng
2a2edaea-59cc-47cc-a443-0fd9e174fc65,OPay,very good,4,2026-09-28,Google Play,Customer Review,https://play.google.com/store/apps/details?id=team.opay.pay&hl=en&gl=ng
96a18de4-56d0-4f68-9596-fd9edffcb7b4,OPay,fantastic,5,2026-09-28,Google Play,Customer Review,https://play.google.com/store/apps/details?id=team.opay.pay&hl=en&gl=ng
5b24b020-68f5-4cd8-b0e3-091b1e1ef9f4,OPay,the app is the best,5,2026-09-28,Google Play,Customer Review,https://play.google.com/store/apps/details?id=team.opay.pay&hl=en&gl=ng
a49369aa-b3e5-444d-b22a-8ab746d2eb47,OPay,"Best Mobile Bank App, good security features, fast and reliable.",5,2026-09-28,Google Play,Customer Review,https://play.google.com/store/apps/details?id=team.opay.pay&hl=en&gl=ng
433a4cce-fb52-4a4a-9ae8-a03286c6dec2,OPay,satisfactory,5,2026-09-28,Google Play,Customer Review,https://play.google.com/store/apps/details?id=team.opay.pay&hl=en&gl=ng
0e9af9c4-f5d7-492a-93a4-51144c261735,OPay,opay is the best online banking app,4,2026-09-28,Google Play,Customer Review,https://play.google.com/store/apps/details?id=team.opay.pay&hl=en&gl=ng
a1178286-3180-4caa-9d31-24a7ac962d16,OPay,Very good and easy banking app,4,2026-09-28,Google Play,Customer Review,https://play.google.com/store/apps/details?id=team.opay.pay&hl=en&gl=ng
b0f44f5a-334c-46ac-8782-74980f7777df,OPay,Very reliable,4,2026-09-28,Google Play,Customer Review,https://play.google.com/store/apps/details?id=team.opay.pay&hl=en&gl=ng
b993c0b3-6dd8-40d6-bd4f-639f1bdd31b9,OPay,nice app money savers nice excellent 👍,5,2026-09-28,Google Play,Customer Review,https://play.google.com/store/apps/details?id=team.opay.pay&hl=en&gl=ng
7d6d9b7b-d007-43c5-8607-2fe0a7268075,OPay,instant send and receive assurance,5,2026-09-28,Google Play,Customer Review,https://play.google.com/store/apps/details?id=team.opay.pay&hl=en&gl=ng
c914fa90-6406-4808-a0a7-92e84a6ff91f,OPay,Good and reliable,5,2026-09-28,Google Play,Customer Review,https://play.google.com/store/apps/details?id=team.opay.pay&hl=en&gl=ng
6575eaa4-c46a-4355-834f-70544b9b7139,OPay,Verified Bitcoin,5,2026-09-28,Google Play,Customer Review,https://play.google.com/store/apps/details?id=team.opay.pay&hl=en&gl=ng
bcf1f78e-fba1-4469-a6b2-b30f8a5a8d93,OPay,I love this app but the upgrading is becoming to frequently,5,2026-09-28,Google Play,Customer Review,https://play.google.com/store/apps/details?id=team.opay.pay&hl=en&gl=ng
50589d68-9d7f-4caf-9f13-e6f958fc9a44,OPay,amazing,5,2026-09-28,Google Play,Customer Review,https://play.google.com/store/apps/details?id=team.opay.pay&hl=en&gl=ng
c757f43d-ea08-4a67-8ed1-9945d84ed610,OPay,excellent,5,2026-09-28,Google Play,Customer Review,https://play.google.com/store/apps/details?id=team.opay.pay&hl=en&gl=ng
2daafeb2-f492-45a3-bc72-7a3fb49f7c7d,OPay,I love this app very fast and reliable,5,2026-09-28,Google Play,Customer Review,https://play.google.com/store/apps/details?id=team.opay.pay&hl=en&gl=ng
6d8c9f24-9a91-403f-a531-ba2d47dfb546,OPay,fantastic,5,2026-09-28,Google Play,Customer Review,https://play.google.com/store/apps/details?id=team.opay.pay&hl=en&gl=ng
bbecea9f-ecd1-47e2-a9c2-4960aa8f81e0,OPay,easy going,5,2026-09-28,Google Play,Customer Review,https://play.google.com/store/apps/details?id=team.opay.pay&hl=en&gl=ng
bb0a3097-587f-43cb-b2ce-028da9b9588f,OPay,Good network and prompt answer,5,2026-09-28,Google Play,Customer Review,https://play.google.com/store/apps/details?id=team.opay.pay&hl=en&gl=ng
fc24df41-bd0d-43bc-a22e-4d619a8402eb,OPay,Nice app 👍,5,2026-09-28,Google Play,Customer Review,https://play.google.com/store/apps/details?id=team.opay.pay&hl=en&gl=ng
aa59e7a2-8dd1-48a9-aa2b-1c045bdbd653,OPay,Good to go with Opay app very fast and know Internet failed.,5,2026-09-28,Google Play,Customer Review,https://play.google.com/store/apps/details?id=team.opay.pay&hl=en&gl=ng
d8d127df-442f-4889-95fc-dc0bef6449db,OPay,good and easy to use,5,2026-09-28,Google Play,Customer Review,https://play.google.com/store/apps/details?id=team.opay.pay&hl=en&gl=ng
5d0edaf8-900d-4c51-8363-1f80c6ef4250,OPay,500.000. k very. ij,5,2026-09-28,Google Play,Customer Review,https://play.google.com/store/apps/details?id=team.opay.pay&hl=en&gl=ng
2888121f-f630-49ca-8c6a-262c8a9d1c7c,OPay,Great,5,2026-09-28,Google Play,Customer Review,https://play.google.com/store/apps/details?id=team.opay.pay&hl=en&gl=ng
f136da3e-d286-4744-845a-b2d0b667e59a,OPay,Is an amazing one,5,2026-09-28,Google Play,Customer Review,https://play.google.com/store/apps/details?id=team.opay.pay&hl=en&gl=ng
618e2490-be7d-4441-b7e8-5a74a08a9a91,OPay,I like it,5,2026-09-28,Google Play,Customer Review,https://play.google.com/store/apps/details?id=team.opay.pay&hl=en&gl=ng
d1ceb4c5-83fe-4eae-a30b-57791f3f8040,OPay,"You are doing well till you don't, you have my 5stars...Well done OPAY",5,2026-09-28,Google Play,Customer Review,https://play.google.com/store/apps/details?id=team.opay.pay&hl=en&gl=ng
45f91717-94ea-4bb8-bf23-6f1c5e98d191,OPay,very nice and faster,5,2026-09-28,Google Play,Customer Review,https://play.google.com/store/apps/details?id=team.opay.pay&hl=en&gl=ng
e1c478e5-e96a-4f59-a0d5-5c7ec333a49b,OPay,perfect,5,2026-09-28,Google Play,Customer Review,https://play.google.com/store/apps/details?id=team.opay.pay&hl=en&gl=ng
c8921a6a-ccc1-43be-9d6c-c0bce56054db,OPay,I'm happy to have opay,5,2026-09-28,Google Play,Customer Review,https://play.google.com/store/apps/details?id=team.opay.pay&hl=en&gl=ng
ce4692b4-6450-491a-8722-e362c8651f16,OPay,opay is the best 👌 👍 in the world there are truly amazing and take good care of all their costumes infant opay is the best 👌,5,2026-09-28,Google Play,Customer Review,https://play.google.com/store/apps/details?id=team.opay.pay&hl=en&gl=ng
7f23304f-9596-4912-8ec6-8237afb1b22f,OPay,I love using it,5,2026-09-28,Google Play,Customer Review,https://play.google.com/store/apps/details?id=team.opay.pay&hl=en&gl=ng
20878178-03a1-4406-8e27-e4cb49159628,OPay,exeptional in every transaction,5,2026-09-28,Google Play,Customer Review,https://play.google.com/store/apps/details?id=team.opay.pay&hl=en&gl=ng
ac8c5aee-5b43-4d73-85f8-384aab44d045,OPay,very excellent and always easy to use,5,2026-09-28,Google Play,Customer Review,https://play.google.com/store/apps/details?id=team.opay.pay&hl=en&gl=ng
8d553617-6eb8-40ee-bf99-d7472a756a1a,OPay,"Please I am having issues with updating my opay is okay app, what do I do? Although it's functioning well o, but I keep getting a notification telling me to update but each time I try to do that, it only show me open in the play store app without updating. Permanent solution please. thank you",5,2026-09-28,Google Play,Customer Review,https://play.google.com/store/apps/details?id=team.opay.pay&hl=en&gl=ng
249e0ab2-071d-4b1b-9941-b72092cdf004,OPay,Everything has been sorted out........ opay network is perfect,5,2026-09-28,Google Play,Customer Review,https://play.google.com/store/apps/details?id=team.opay.pay&hl=en&gl=ng
a09de074-c6c1-4e86-8a0d-d529b83dd870,OPay,please try and make a search tool for an account details in your transactions for other banks just like opay to opay payment,1,2026-09-28,Google Play,Customer Review,https://play.google.com/store/apps/details?id=team.opay.pay&hl=en&gl=ng
c96901a2-14c2-4670-91f4-b04bbe47226d,OPay,my number one local app 💯💯💯💯,5,2026-09-28,Google Play,Customer Review,https://play.google.com/store/apps/details?id=team.opay.pay&hl=en&gl=ng
79c266a7-5026-44fb-a852-db40fcfd21ed,OPay,Definitely the best❤️,5,2026-09-28,Google Play,Customer Review,https://play.google.com/store/apps/details?id=team.opay.pay&hl=en&gl=ng
9106801e-1d6a-4ab0-ba9b-e8b06e3a0a5a,OPay,i was asked to give my details. but nothing was given to me.,1,2026-09-28,Google Play,Customer Review,https://play.google.com/store/apps/details?id=team.opay.pay&hl=en&gl=ng
86fa0141-de31-4cdb-8da8-2985f865517d,OPay,good and nice.,5,2026-09-28,Google Play,Customer Review,https://play.google.com/store/apps/details?id=team.opay.pay&hl=en&gl=ng
de3e5ece-f7ed-48d2-b098-fcb547aa8c8a,OPay,little bit network challenge,3,2026-09-28,Google Play,Customer Review,https://play.google.com/store/apps/details?id=team.opay.pay&hl=en&gl=ng
656f229e-3eb1-41ee-9f94-751e04884eec,OPay,there's no loan on my opay app dashboard,1,2026-09-28,Google Play,Customer Review,https://play.google.com/store/apps/details?id=team.opay.pay&hl=en&gl=ng
128506f1-f3ef-4ee5-9916-fb7345da03ba,OPay,Very effective,5,2026-09-28,Google Play,Customer Review,https://play.google.com/store/apps/details?id=team.opay.pay&hl=en&gl=ng
b9f58e3d-27b0-4056-8f40-6e4991f9497c,OPay,mfon asuquo john,5,2026-09-28,Google Play,Customer Review,https://play.google.com/store/apps/details?id=team.opay.pay&hl=en&gl=ng
49019a00-8231-4a48-9fbe-70707427d69e,OPay,"Opay has been a great help for financial transactions in the past. But shortly before the rumour of their shutting down, their app has become almost impossible to open. It loads for ages before finally opening, and making payments is also slower nowadays. It would be nice if y'all can look into this, and make practical efforts into making app navigation easier and faster, and if it can be faster, at least it should go back to normal. 🥲",2,2026-09-28,Google Play,Customer Review,https://play.google.com/store/apps/details?id=team.opay.pay&hl=en&gl=ng
b8213d6c-d683-4459-9db8-7954417e0bce,OPay,Excellent 👌,5,2026-09-28,Google Play,Customer Review,https://play.google.com/store/apps/details?id=team.opay.pay&hl=en&gl=ng
ab692320-898c-4671-a147-53bfd4867b0b,OPay,"opay or nothing, very fast and responsive",5,2026-09-28,Google Play,Customer Review,https://play.google.com/store/apps/details?id=team.opay.pay&hl=en&gl=ng
525d639e-829c-4e3b-95bb-d6eb6a3c2d12,OPay,why you're not allowed my app to purchase loan,1,2026-09-28,Google Play,Customer Review,https://play.google.com/store/apps/details?id=team.opay.pay&hl=en&gl=ng
3a23cd9e-d4bc-4620-b681-98242e78d22e,OPay,easy and friendly apps I appreciate your sincerity,5,2026-09-28,Google Play,Customer Review,https://play.google.com/store/apps/details?id=team.opay.pay&hl=en&gl=ng
a4cdf785-f69d-4ec7-adaa-9d6c4e7cfc6c,OPay,okay,5,2026-09-28,Google Play,Customer Review,https://play.google.com/store/apps/details?id=team.opay.pay&hl=en&gl=ng
a10baa8e-c4fb-4a96-a399-acb7f8d83bbb,OPay,Easy to use,5,2026-09-28,Google Play,Customer Review,https://play.google.com/store/apps/details?id=team.opay.pay&hl=en&gl=ng
76f4d452-d423-4e23-92a6-bb1d6022a427,OPay,good,3,2026-09-28,Google Play,Customer Review,https://play.google.com/store/apps/details?id=team.opay.pay&hl=en&gl=ng
abe9ffd0-e1f2-411b-b95d-fa1cad3c95cf,OPay,Great,5,2026-09-28,Google Play,Customer Review,https://play.google.com/store/apps/details?id=team.opay.pay&hl=en&gl=ng
d43e7c13-2f7c-402e-abfd-dd5e6a54b06c,OPay,thank you,5,2026-09-28,Google Play,Customer Review,https://play.google.com/store/apps/details?id=team.opay.pay&hl=en&gl=ng
8e2cf46a-2337-4e1a-aefa-131efd728739,OPay,the best online banking company with reliable response and service,5,2026-09-28,Google Play,Customer Review,https://play.google.com/store/apps/details?id=team.opay.pay&hl=en&gl=ng
a1b4e553-4d2b-4b35-ab44-159ca49a7d16,OPay,Beautiful,5,2026-09-28,Google Play,Customer Review,https://play.google.com/store/apps/details?id=team.opay.pay&hl=en&gl=ng
7fda6ea8-1939-4cd2-9c87-6c306fe5aef0,OPay,"perfect and reliable wallet, thanks for the smooth operation, the only thing here is that please try to make App work even with zero data sometimes someone forgot to buy data till when it's exhausted and realized , but app will not open, Anyway opay is great",5,2026-09-28,Google Play,Customer Review,https://play.google.com/store/apps/details?id=team.opay.pay&hl=en&gl=ng
f92a6e6d-32b7-4dc0-9520-1db9b4315328,OPay,Beautiful!,4,2026-09-28,Google Play,Customer Review,https://play.google.com/store/apps/details?id=team.opay.pay&hl=en&gl=ng
c13f6420-25c2-4ec0-a2f3-8f18d7668e6a,OPay,I love Opay,4,2026-09-28,Google Play,Customer Review,https://play.google.com/store/apps/details?id=team.opay.pay&hl=en&gl=ng
6ae28242-0ad2-4316-9671-e2528165230a,OPay,The app is reliable,5,2026-09-28,Google Play,Customer Review,https://play.google.com/store/apps/details?id=team.opay.pay&hl=en&gl=ng
48c59696-1568-4b47-ac4f-cb9df82b59e5,OPay,it's fast and reliable 😁,5,2026-09-28,Google Play,Customer Review,https://play.google.com/store/apps/details?id=team.opay.pay&hl=en&gl=ng
ab514d9c-b004-4758-9ee0-7dae5b0e66ae,OPay,For their easy loan and the funnest thing they don't disturb for their payments of loan just make sure you pay it every time you are supposed to do,5,2026-09-28,Google Play,Customer Review,https://play.google.com/store/apps/details?id=team.opay.pay&hl=en&gl=ng
6fe7de94-123f-48c8-a45b-02765eb1f2b5,OPay,OPAY services is very efficient and reliable.,5,2026-09-28,Google Play,Customer Review,https://play.google.com/store/apps/details?id=team.opay.pay&hl=en&gl=ng
3fd65bd5-5045-4ce9-ba59-ae617924d0be,OPay,it was good and cool enough app to download,5,2026-09-28,Google Play,Customer Review,https://play.google.com/store/apps/details?id=team.opay.pay&hl=en&gl=ng
01e9cc35-254c-46f4-a010-c43177dbd972,OPay,tx it's,4,2026-09-28,Google Play,Customer Review,https://play.google.com/store/apps/details?id=team.opay.pay&hl=en&gl=ng
cb33d755-288b-4e90-b225-2cd57633b7f0,OPay,so excellent,5,2026-09-28,Google Play,Customer Review,https://play.google.com/store/apps/details?id=team.opay.pay&hl=en&gl=ng
477d8209-1719-487f-b9c9-de88fd58b0a5,OPay,Fairly good app and haven't had any issue personally. My reason for a 4 star is that there is always room for improvement no matter how good something is.,4,2026-09-28,Google Play,Customer Review,https://play.google.com/store/apps/details?id=team.opay.pay&hl=en&gl=ng
f292a405-91e2-48bf-a6a6-b6e469cacfe7,OPay,No disappointment at all 👌🤗,5,2026-09-28,Google Play,Customer Review,https://play.google.com/store/apps/details?id=team.opay.pay&hl=en&gl=ng
0dd9cf91-ce91-4efe-860f-e349a0fb9f18,OPay,fastest safe and reliable,5,2026-09-28,Google Play,Customer Review,https://play.google.com/store/apps/details?id=team.opay.pay&hl=en&gl=ng
d33d76d9-fb7b-4f80-9341-1bbb6b86f74c,OPay,sani,5,2026-09-28,Google Play,Customer Review,https://play.google.com/store/apps/details?id=team.opay.pay&hl=en&gl=ng
910cf711-bac1-4e7c-8670-f89c249d8857,OPay,Ibrahim aliyu,1,2026-09-28,Google Play,Customer Review,https://play.google.com/store/apps/details?id=team.opay.pay&hl=en&gl=ng
ec435219-ac40-49eb-93c0-53bf8478fb9b,OPay,"Had to delete my previous 2-star rating. Opay is dope! But one thing, can there be a way of showing username/nickname to receiver/sender during transactions rather than exposing my full names",5,2026-09-28,Google Play,Customer Review,https://play.google.com/store/apps/details?id=team.opay.pay&hl=en&gl=ng
94e050b3-2edd-4c08-9ffa-9b591da0713d,OPay,Trustworthy and reliable,5,2026-09-28,Google Play,Customer Review,https://play.google.com/store/apps/details?id=team.opay.pay&hl=en&gl=ng
c3679687-5bc9-4972-b171-0ab9635a29ac,OPay,Intriguing experience,5,2026-09-28,Google Play,Customer Review,https://play.google.com/store/apps/details?id=team.opay.pay&hl=en&gl=ng
d88e00d7-0203-4972-a0a7-0b7d1db751dd,OPay,Fantabulous 💯❤️,5,2026-09-28,Google Play,Customer Review,https://play.google.com/store/apps/details?id=team.opay.pay&hl=en&gl=ng
693b6f9f-5999-4664-9791-21e8888b8587,OPay,"it's a good decision chosen OPAY digital wallet, 24/7 fast and reliable services.🤝",5,2026-09-28,Google Play,Customer Review,https://play.google.com/store/apps/details?id=team.opay.pay&hl=en&gl=ng
ea9f07d8-09aa-4798-9a64-f1be85863e07,OPay,opay is best online bank in Nigeria,5,2026-09-28,Google Play,Customer Review,https://play.google.com/store/apps/details?id=team.opay.pay&hl=en&gl=ng
93761fcb-d094-45a2-bb8b-870ebdfe0f37,OPay,why do you upgrade your opay app every 2 weeks why? after few days of banking I will update ur app why is that? and after updating nothing will change consume my data for nothing 😑 please stop or make updating noticeably and make it enjoyable.,1,2026-09-28,Google Play,Customer Review,https://play.google.com/store/apps/details?id=team.opay.pay&hl=en&gl=ng
5138037f-b179-48c2-a574-4d8d41a2dbff,OPay,A sure app to realize on,5,2026-09-28,Google Play,Customer Review,https://play.google.com/store/apps/details?id=team.opay.pay&hl=en&gl=ng
f70f8296-2122-4f6c-9451-199207c26d95,OPay,very good,4,2026-09-28,Google Play,Customer Review,https://play.google.com/store/apps/details?id=team.opay.pay&hl=en&gl=ng
7d5f45f8-4fa5-4e50-b03a-d2adb7c60312,OPay,I love this app very much it's very easy to use and everything about it is awesome,5,2026-09-28,Google Play,Customer Review,https://play.google.com/store/apps/details?id=team.opay.pay&hl=en&gl=ng
fe4d4a00-8b1c-41ed-909a-0e8ab019895d,OPay,best app in doing fast transfer,5,2026-09-28,Google Play,Customer Review,https://play.google.com/store/apps/details?id=team.opay.pay&hl=en&gl=ng
fb232fc7-cee8-4104-86c3-7b2a5d8499b0,OPay,Best bank app,5,2026-09-28,Google Play,Customer Review,https://play.google.com/store/apps/details?id=team.opay.pay&hl=en&gl=ng
143502d9-134e-4768-a336-9b33bd1c0eff,OPay,Good and reliable,4,2026-09-28,Google Play,Customer Review,https://play.google.com/store/apps/details?id=team.opay.pay&hl=en&gl=ng
91c986e4-f342-4d92-a3e4-c4f1ca86d176,OPay,o pay is ok o pay Leeds others follow,5,2026-09-28,Google Play,Customer Review,https://play.google.com/store/apps/details?id=team.opay.pay&hl=en&gl=ng
24c176f4-8921-4657-868e-410cc958ab64,OPay,"very good bank very fast in operation ,",5,2026-09-28,Google Play,Customer Review,https://play.google.com/store/apps/details?id=team.opay.pay&hl=en&gl=ng
241b3b79-bc99-41b7-81e2-516b0115307f,OPay,"Very good but work on network, reward and bonus",5,2026-09-27,Google Play,Customer Review,https://play.google.com/store/apps/details?id=team.opay.pay&hl=en&gl=ng
8d54e60d-cddf-4a2e-aa89-0526170b8fcb,OPay,Al Annie ay amine aykd,5,2026-09-27,Google Play,Customer Review,https://play.google.com/store/apps/details?id=team.opay.pay&hl=en&gl=ng
5fee05a4-40c7-4a63-a53b-53cd187c7184,OPay,opay is trusted and reliably,5,2026-09-27,Google Play,Customer Review,https://play.google.com/store/apps/details?id=team.opay.pay&hl=en&gl=ng
9b514cab-d630-4ac7-94c3-9a92dbe231c0,OPay,you guys are trying,5,2026-09-27,Google Play,Customer Review,https://play.google.com/store/apps/details?id=team.opay.pay&hl=en&gl=ng
361fc441-3331-436d-8980-143eab9878b3,OPay,Best money app ever always give the best experience,5,2026-09-27,Google Play,Customer Review,https://play.google.com/store/apps/details?id=team.opay.pay&hl=en&gl=ng
17e16b99-b7c3-4c8f-8ccf-c8712eda66c6,OPay,Your service has been so much great for me (Best remark)Opay sweet sweet service,5,2026-09-27,Google Play,Customer Review,https://play.google.com/store/apps/details?id=team.opay.pay&hl=en&gl=ng
28ad32fe-8331-45a5-945e-da835cf65020,OPay,I love this app♥️♥️,5,2026-09-27,Google Play,Customer Review,https://play.google.com/store/apps/details?id=team.opay.pay&hl=en&gl=ng
68222b74-eb29-4b9b-a452-5f5992f42feb,OPay,very fast and reliable,5,2026-09-27,Google Play,Customer Review,https://play.google.com/store/apps/details?id=team.opay.pay&hl=en&gl=ng
67c0d07e-140f-48ab-b866-ea7aa32d5f3b,OPay,i can't transfer above 20k,5,2026-09-27,Google Play,Customer Review,https://play.google.com/store/apps/details?id=team.opay.pay&hl=en&gl=ng
1539ea19-1659-446b-9380-73b8d2a6c604,OPay,very good app,5,2026-09-27,Google Play,Customer Review,https://play.google.com/store/apps/details?id=team.opay.pay&hl=en&gl=ng
b1258d9d-d370-4921-9dbf-9ad80acc2a1f,OPay,my daily transaction as been more better than when I have use opay,5,2026-09-27,Google Play,Customer Review,https://play.google.com/store/apps/details?id=team.opay.pay&hl=en&gl=ng
5c39ab4c-0393-4d8b-b14b-c276f2b1b285,OPay,Opay is the best and my favourite banking application. my love for Opay is tooooooooo loooooooooong.,5,2026-09-27,Google Play,Customer Review,https://play.google.com/store/apps/details?id=team.opay.pay&hl=en&gl=ng
71dfa5ae-0ed6-45ba-9672-3afd57879807,OPay,I love how quickly i can use the app and how easy it is to save while you spend...but i have a little problem i have been trying to update and what they keep saying the all is not compatible with my phone i should contact the service provider please do something about it,5,2026-09-27,Google Play,Customer Review,https://play.google.com/store/apps/details?id=team.opay.pay&hl=en&gl=ng
d8d13dbc-d3a7-4cb0-a550-ca0b9e1276d3,OPay,good,1,2026-09-27,Google Play,Customer Review,https://play.google.com/store/apps/details?id=team.opay.pay&hl=en&gl=ng
433df18b-4549-4dcd-8fd9-f4f2e09c3ee8,OPay,splendid,5,2026-09-27,Google Play,Customer Review,https://play.google.com/store/apps/details?id=team.opay.pay&hl=en&gl=ng
a396f385-87dd-4e3e-8233-7e7e79539d2f,OPay,nice,5,2026-09-27,Google Play,Customer Review,https://play.google.com/store/apps/details?id=team.opay.pay&hl=en&gl=ng
247f9812-dc81-46aa-a92a-cd41340f9ba7,OPay,Exceptionally doing good,5,2026-09-27,Google Play,Customer Review,https://play.google.com/store/apps/details?id=team.opay.pay&hl=en&gl=ng
0c7f84dc-69b4-4bac-83c2-234c54bafe96,OPay,"Your services are excellent, seamless and comprehensive to use. However, I have a suggestion and complaint to make. The Suggestion: kindly create a search bar in the transaction history to easily access specific labelled transfer receipts. Now, about the Complaint. Whenever I carryout transfers on the app, whatever fixed percentage on my savings settings is sent to my ""safe box"" meanwhile it's so supposed to be my 'Spend and Save. "" How do I rectify this please? Thank you.",5,2026-09-27,Google Play,Customer Review,https://play.google.com/store/apps/details?id=team.opay.pay&hl=en&gl=ng
c48afceb-79fb-4aad-bdeb-82494a84ba4a,OPay,You're the best among all,5,2026-09-27,Google Play,Customer Review,https://play.google.com/store/apps/details?id=team.opay.pay&hl=en&gl=ng
16f2b5f9-1a89-4454-be37-2fcde13ff8e6,OPay,It's a great app..... but please add options where we can easily switch between accounts effortlessly.,5,2026-09-27,Google Play,Customer Review,https://play.google.com/store/apps/details?id=team.opay.pay&hl=en&gl=ng
f97e5b12-5361-457c-a26e-504b2fd738ce,OPay,sweetest and so easy to use,5,2026-09-27,Google Play,Customer Review,https://play.google.com/store/apps/details?id=team.opay.pay&hl=en&gl=ng
b2577b7c-4a55-4be2-90c0-360184c43ce3,OPay,better service easier than others Bank may God bless opay owner.,5,2026-09-27,Google Play,Customer Review,https://play.google.com/store/apps/details?id=team.opay.pay&hl=en&gl=ng
82146b13-2b37-45a4-ba74-bef5cce7acb7,OPay,I really love this app,5,2026-09-27,Google Play,Customer Review,https://play.google.com/store/apps/details?id=team.opay.pay&hl=en&gl=ng
92b196ed-f47a-45f4-9843-083b9fa46dca,OPay,"good for easy banking but if i don't have data i can't access my bank account so poor, and if you use USSD code they reduct from your",5,2026-09-27,Google Play,Customer Review,https://play.google.com/store/apps/details?id=team.opay.pay&hl=en&gl=ng
bbf1251a-4ceb-461f-b655-7c98e07842bb,OPay,"good, fast in payment and data purchase",4,2026-09-27,Google Play,Customer Review,https://play.google.com/store/apps/details?id=team.opay.pay&hl=en&gl=ng
712b9066-cc25-4b12-8fa0-c330bab342a0,OPay,Goooooood,5,2026-09-27,Google Play,Customer Review,https://play.google.com/store/apps/details?id=team.opay.pay&hl=en&gl=ng
99d123d9-9fe2-4925-be09-d5b3f23ff709,OPay,upgrade,5,2026-09-27,Google Play,Customer Review,https://play.google.com/store/apps/details?id=team.opay.pay&hl=en&gl=ng
30880d85-19a5-47bf-ba7c-d89e668f939a,OPay,very very good but like more thing needed to add,3,2026-09-27,Google Play,Customer Review,https://play.google.com/store/apps/details?id=team.opay.pay&hl=en&gl=ng
3c4bac47-40f6-4279-8d6e-13a8c8c20ede,OPay,"The best money app,fully Active and standard.",5,2026-09-27,Google Play,Customer Review,https://play.google.com/store/apps/details?id=team.opay.pay&hl=en&gl=ng
cc06f0e8-1991-4e45-bd4a-2c3407c684ea,OPay,The best of all,5,2026-09-27,Google Play,Customer Review,https://play.google.com/store/apps/details?id=team.opay.pay&hl=en&gl=ng
5a8f3a74-3e8b-491e-9eb1-63b06d392eaa,OPay,fast and reliable,5,2026-09-27,Google Play,Customer Review,https://play.google.com/store/apps/details?id=team.opay.pay&hl=en&gl=ng
b0abe885-9069-49fe-976a-bb734453a96e,OPay,using ot for like 5years and the experience is powerful. fast and reliable,5,2026-09-27,Google Play,Customer Review,https://play.google.com/store/apps/details?id=team.opay.pay&hl=en&gl=ng
8a1922e8-da1d-47e5-ade1-00cfb32f646e,OPay,opa Christianity,5,2026-09-27,Google Play,Customer Review,https://play.google.com/store/apps/details?id=team.opay.pay&hl=en&gl=ng
f0cb68f9-7786-4219-b599-200d6b41a7cb,OPay,Good,1,2026-09-27,Google Play,Customer Review,https://play.google.com/store/apps/details?id=team.opay.pay&hl=en&gl=ng
53e647d1-9661-47e8-9fb5-d0695957c5c9,OPay,"opay is the best, simple and easy going.",5,2026-09-27,Google Play,Customer Review,https://play.google.com/store/apps/details?id=team.opay.pay&hl=en&gl=ng
63ad4a46-0fb4-446b-a25c-b424fb9cb441,OPay,lovely,5,2026-09-27,Google Play,Customer Review,https://play.google.com/store/apps/details?id=team.opay.pay&hl=en&gl=ng
c9c59ba3-69c6-4faf-a3f4-9315188a99b5,OPay,I think it's the best banking app,5,2026-09-27,Google Play,Customer Review,https://play.google.com/store/apps/details?id=team.opay.pay&hl=en&gl=ng
a8b3fd8a-0cad-4c87-9656-56deb6c8e50a,OPay,Excellent 👍,5,2026-09-27,Google Play,Customer Review,https://play.google.com/store/apps/details?id=team.opay.pay&hl=en&gl=ng
1d9e0af7-d0d3-4ab7-b5dd-0fc227e03121,OPay,great payment app opay makes payment and savings easier,5,2026-09-27,Google Play,Customer Review,https://play.google.com/store/apps/details?id=team.opay.pay&hl=en&gl=ng
83a274c2-b9cb-4582-9708-99ba15f89bdc,OPay,feel so good,5,2026-09-27,Google Play,Customer Review,https://play.google.com/store/apps/details?id=team.opay.pay&hl=en&gl=ng
ca5c79cb-1a41-4ddb-8d90-bc46e7ce53d3,OPay,I Love opay thanks,5,2026-09-27,Google Play,Customer Review,https://play.google.com/store/apps/details?id=team.opay.pay&hl=en&gl=ng
afa6a0ba-693e-4d1c-bbec-353693f4a392,OPay,easy and convenient and issues are solve very fast,5,2026-09-27,Google Play,Customer Review,https://play.google.com/store/apps/details?id=team.opay.pay&hl=en&gl=ng
8a92498e-8f5b-48a2-9732-ece392d469f2,OPay,this app is working so great,4,2026-09-27,Google Play,Customer Review,https://play.google.com/store/apps/details?id=team.opay.pay&hl=en&gl=ng
f089e4e5-3ac3-4eb8-be9e-ba0a2c1752d5,OPay,your service was excellent 👌 very top notch 👍,5,2026-09-27,Google Play,Customer Review,https://play.google.com/store/apps/details?id=team.opay.pay&hl=en&gl=ng
16fef664-08a5-4851-b2e8-a032d96c7ff5,OPay,Excellent 👌,5,2026-09-27,Google Play,Customer Review,https://play.google.com/store/apps/details?id=team.opay.pay&hl=en&gl=ng
562665af-5aed-4326-b8f7-dcfc30a3b894,OPay,exceptional,4,2026-09-27,Google Play,Customer Review,https://play.google.com/store/apps/details?id=team.opay.pay&hl=en&gl=ng
9cc2d461-bdb6-41e8-b7f8-c15fad4e3caf,OPay,good,5,2026-09-27,Google Play,Customer Review,https://play.google.com/store/apps/details?id=team.opay.pay&hl=en&gl=ng
de1684d2-199d-40b0-92e2-5eb406c70bdd,OPay,the best,4,2026-09-27,Google Play,Customer Review,https://play.google.com/store/apps/details?id=team.opay.pay&hl=en&gl=ng
a26fb065-1b0f-47db-ab9a-2800c91c41b1,OPay,very good,5,2026-09-27,Google Play,Customer Review,https://play.google.com/store/apps/details?id=team.opay.pay&hl=en&gl=ng
ac7bafa0-0214-4dfa-917a-812d0ef0d8e0,OPay,"Your service is topnotch but why I gave 2 stars is that spam ads that keep popping up each time I logged in to do a transaction, I'm already a customer why all the pop-ups? it's too irritating, you can always place those ads on your news feed or blog not on the default interface. please do something about this",2,2026-09-27,Google Play,Customer Review,https://play.google.com/store/apps/details?id=team.opay.pay&hl=en&gl=ng
962b735f-ffb8-4585-97b1-da0cb894502d,OPay,awesome,5,2026-09-27,Google Play,Customer Review,https://play.google.com/store/apps/details?id=team.opay.pay&hl=en&gl=ng
c4f6f5cb-89c3-4991-b797-6d0d5317facc,OPay,it's good but improve your network please,5,2026-09-27,Google Play,Customer Review,https://play.google.com/store/apps/details?id=team.opay.pay&hl=en&gl=ng
7569c214-14de-4c31-b2d0-c478c2d3a247,OPay,"opay is really awesome. fast, reliable, available everywhere you go and simple to use.",5,2026-09-27,Google Play,Customer Review,https://play.google.com/store/apps/details?id=team.opay.pay&hl=en&gl=ng
029a95cd-fedb-4c1d-bfac-eaa3f714c230,OPay,opay is the best,5,2026-09-27,Google Play,Customer Review,https://play.google.com/store/apps/details?id=team.opay.pay&hl=en&gl=ng
7b65b414-b8fc-422c-b0a5-bb8d7945ae35,OPay,this is the best bank I have ever seen. I love OPAY.,5,2026-09-27,Google Play,Customer Review,https://play.google.com/store/apps/details?id=team.opay.pay&hl=en&gl=ng
2de0604e-8f79-41cd-9764-5b70d0ace563,OPay,Opay is very reliable and well organized. Kudos to the management team.,5,2026-09-27,Google Play,Customer Review,https://play.google.com/store/apps/details?id=team.opay.pay&hl=en&gl=ng
038eb7e9-ad1b-46b3-b75a-cf79c1495296,OPay,nice,5,2026-09-27,Google Play,Customer Review,https://play.google.com/store/apps/details?id=team.opay.pay&hl=en&gl=ng
ca9e0fe9-d2a5-413d-80be-f41b581e6037,OPay,"I appreciate how opay allows us to borrow loan more than 1 times so it would be easier to clear the other loans and and make it suitable for the next loan to be cleared but I've been trying it twice lately and it was unsuccessful please fix it, it helped me a lot Thanks.",4,2026-09-27,Google Play,Customer Review,https://play.google.com/store/apps/details?id=team.opay.pay&hl=en&gl=ng
d92e6a00-a09a-4b33-86fc-f40c51ef5dbe,OPay,"best bank app ever. no unnecessary charges,fast and reliable",5,2026-09-27,Google Play,Customer Review,https://play.google.com/store/apps/details?id=team.opay.pay&hl=en&gl=ng
4d396653-e522-4b4a-a296-5e7f7f741478,OPay,👍,5,2026-09-27,Google Play,Customer Review,https://play.google.com/store/apps/details?id=team.opay.pay&hl=en&gl=ng
284adde8-c636-4a68-9b61-fc878355221c,OPay,Opay is the best above all 👍👍✍️,5,2026-09-27,Google Play,Customer Review,https://play.google.com/store/apps/details?id=team.opay.pay&hl=en&gl=ng
b43f3dfa-d587-4064-a49b-6332502518e2,OPay,Nice one,5,2026-09-27,Google Play,Customer Review,https://play.google.com/store/apps/details?id=team.opay.pay&hl=en&gl=ng
49390534-5cf3-4dca-a68c-d22d5e0bc9d3,OPay,👍,5,2026-09-27,Google Play,Customer Review,https://play.google.com/store/apps/details?id=team.opay.pay&hl=en&gl=ng
899e30cc-6932-4c33-913b-eec74c71e95a,OPay,smooth and easy to use,5,2026-09-27,Google Play,Customer Review,https://play.google.com/store/apps/details?id=team.opay.pay&hl=en&gl=ng
1727aff7-27fc-4513-97de-f9007bab1da5,OPay,Opay is the best,5,2026-09-27,Google Play,Customer Review,https://play.google.com/store/apps/details?id=team.opay.pay&hl=en&gl=ng
fb07ca55-e786-432e-b87b-b82188823bab,OPay,great,5,2026-09-27,Google Play,Customer Review,https://play.google.com/store/apps/details?id=team.opay.pay&hl=en&gl=ng
b4a427bc-12c6-4bbf-aa6d-1905f7751b5d,OPay,good for business owners,5,2026-09-27,Google Play,Customer Review,https://play.google.com/store/apps/details?id=team.opay.pay&hl=en&gl=ng
292e4482-8a52-43da-ac5d-fbbf3e6f584e,OPay,Opay is the best mobile app 🤭,5,2026-09-27,Google Play,Customer Review,https://play.google.com/store/apps/details?id=team.opay.pay&hl=en&gl=ng
da9d7e6b-371a-4cb8-9cee-17ff5118308a,OPay,amazing,5,2026-09-27,Google Play,Customer Review,https://play.google.com/store/apps/details?id=team.opay.pay&hl=en&gl=ng
9e8aa763-14ed-4b83-86f8-b0ed17670f8c,OPay,best,5,2026-09-27,Google Play,Customer Review,https://play.google.com/store/apps/details?id=team.opay.pay&hl=en&gl=ng
d16edaad-1bd0-4903-b4ff-e6866acc7407,OPay,love it it's the best,5,2026-09-27,Google Play,Customer Review,https://play.google.com/store/apps/details?id=team.opay.pay&hl=en&gl=ng
cce8a02c-4e40-4d0e-b009-9451f672a126,OPay,"Opay is amazing, they are beyond banking.",5,2026-09-27,Google Play,Customer Review,https://play.google.com/store/apps/details?id=team.opay.pay&hl=en&gl=ng
4b4ba95c-165b-48f2-8abc-7779ebffe0fd,OPay,better than other digital bank,5,2026-09-27,Google Play,Customer Review,https://play.google.com/store/apps/details?id=team.opay.pay&hl=en&gl=ng
b989f48d-04d3-4b87-b1bd-3596d6679a6b,OPay,i love the app but day need to reduce there loan interest,3,2026-09-27,Google Play,Customer Review,https://play.google.com/store/apps/details?id=team.opay.pay&hl=en&gl=ng
57baa2fe-f51f-4fc2-9c52-d94d77eb5ace,OPay,This app it has been a very good one and l like it but for 2 days now l have issues with transaction saying there is potential risk l don't understand please fix it,2,2026-09-27,Google Play,Customer Review,https://play.google.com/store/apps/details?id=team.opay.pay&hl=en&gl=ng
2a22351e-fad8-4175-afba-6494bd53fca8,OPay,Reduce the data price,5,2026-09-27,Google Play,Customer Review,https://play.google.com/store/apps/details?id=team.opay.pay&hl=en&gl=ng
b1eff1ea-e67d-424f-936a-a3ecb65dac1c,OPay,extremely good,5,2026-09-27,Google Play,Customer Review,https://play.google.com/store/apps/details?id=team.opay.pay&hl=en&gl=ng
ba69a8a4-0da5-4c5a-8cbf-1552c5fd561b,OPay,My account got frozen and the money in it wasn't that big,1,2026-09-27,Google Play,Customer Review,https://play.google.com/store/apps/details?id=team.opay.pay&hl=en&gl=ng
5403f462-b643-4b73-a87e-918bdc24d7a0,OPay,I love this app die 💖💖💖,5,2026-09-27,Google Play,Customer Review,https://play.google.com/store/apps/details?id=team.opay.pay&hl=en&gl=ng
36283821-aaae-4839-ad92-19a566401cf8,OPay,Awesome,5,2026-09-27,Google Play,Customer Review,https://play.google.com/store/apps/details?id=team.opay.pay&hl=en&gl=ng
496a19d4-0b22-4996-9d42-997093dbdc5c,OPay,opay is one of the best if not best of them all very easy and fast 👍,5,2026-09-27,Google Play,Customer Review,https://play.google.com/store/apps/details?id=team.opay.pay&hl=en&gl=ng
044a7857-41ec-492d-ba87-1f338360077c,OPay,"better than All the banks in Nigeria,but please the Digits Displayed on my balance is smaller I prefer the old one I want it ( bold+)",5,2026-09-27,Google Play,Customer Review,https://play.google.com/store/apps/details?id=team.opay.pay&hl=en&gl=ng
58af6a24-7ebd-4bf5-a77e-9260a6d6749a,OPay,Excellent services,5,2026-09-27,Google Play,Customer Review,https://play.google.com/store/apps/details?id=team.opay.pay&hl=en&gl=ng
0ff43705-4501-4f91-9443-745cad3bb749,OPay,I have made opay my number one bank app. Just love it.,5,2026-09-27,Google Play,Customer Review,https://play.google.com/store/apps/details?id=team.opay.pay&hl=en&gl=ng
bb07dae4-4271-4300-91e3-ff0648f15074,OPay,okay is a good banking,5,2026-09-27,Google Play,Customer Review,https://play.google.com/store/apps/details?id=team.opay.pay&hl=en&gl=ng
9da606ef-3132-45e0-aef4-07c728fd1c46,OPay,you will love this,5,2026-09-27,Google Play,Customer Review,https://play.google.com/store/apps/details?id=team.opay.pay&hl=en&gl=ng
76856347-4584-42df-8d6d-a6a65dbf99ff,OPay,sharp,5,2026-09-27,Google Play,Customer Review,https://play.google.com/store/apps/details?id=team.opay.pay&hl=en&gl=ng
9e1e097e-f89c-4cda-9964-2b59ff3de5f1,OPay,Nice and easy to use,5,2026-09-27,Google Play,Customer Review,https://play.google.com/store/apps/details?id=team.opay.pay&hl=en&gl=ng
eed81cd1-8247-42d4-aecd-8d294bc05578,OPay,Satisfactory,5,2026-09-27,Google Play,Customer Review,https://play.google.com/store/apps/details?id=team.opay.pay&hl=en&gl=ng
610e8165-9d8e-4610-86f0-c453ab046b7d,OPay,"I literally have no complaints, but I wish one could have a USD account with opay to enable international transactions. and also to be able to hold/save/invest with USD",5,2026-09-27,Google Play,Customer Review,https://play.google.com/store/apps/details?id=team.opay.pay&hl=en&gl=ng
61592f5e-dfe5-46f6-a2ee-cb28ffa79b1e,OPay,only what I have to say here is opay you're the best of them all.,5,2026-09-27,Google Play,Customer Review,https://play.google.com/store/apps/details?id=team.opay.pay&hl=en&gl=ng
bc5c762c-dc52-42c9-9da5-4280df69b7b1,OPay,bravo company,5,2026-09-27,Google Play,Customer Review,https://play.google.com/store/apps/details?id=team.opay.pay&hl=en&gl=ng
3c4eff0b-72de-4a19-92fe-c5f331646730,OPay,"i recommend opay to everyone, its fast n reliable",5,2026-09-27,Google Play,Customer Review,https://play.google.com/store/apps/details?id=team.opay.pay&hl=en&gl=ng
cf9589a1-4060-49ea-9969-322f5addb32b,OPay,Please it's inconvenient with the way the balance is hiding everytime one log in Please make it shown everytime like the old time One can simply hide it ourselves,2,2026-09-27,Google Play,Customer Review,https://play.google.com/store/apps/details?id=team.opay.pay&hl=en&gl=ng
9d05bfe4-4d75-40d2-997e-80f81f2d3c7f,OPay,excellent,5,2026-09-27,Google Play,Customer Review,https://play.google.com/store/apps/details?id=team.opay.pay&hl=en&gl=ng
19293e40-fc9a-4f44-8e95-f27ec95963da,OPay,thanks for being there for me ....I couldn't believe opay until now ...I appreciate but ? they haven't been loaning me money 😔 but still the number 1 online banking till now,5,2026-09-27,Google Play,Customer Review,https://play.google.com/store/apps/details?id=team.opay.pay&hl=en&gl=ng
fa6950fc-37ba-4054-83da-2e32a8a9391b,OPay,opay has made payments more easier and faster with reliable transaction,4,2026-09-27,Google Play,Customer Review,https://play.google.com/store/apps/details?id=team.opay.pay&hl=en&gl=ng
bdf40461-0a0a-483e-ba35-6165fba44dcb,OPay,fast and reliable,5,2026-09-27,Google Play,Customer Review,https://play.google.com/store/apps/details?id=team.opay.pay&hl=en&gl=ng
736c7c77-52ec-4fdd-a52c-88fc2cf5e19c,OPay,apart from network the app is lovely,4,2026-09-27,Google Play,Customer Review,https://play.google.com/store/apps/details?id=team.opay.pay&hl=en&gl=ng
c55d0608-e3f5-4472-9ad0-3d1257d7fa21,OPay,the best anyone can bank the security measures are strong. the service provided is fast and reliable. service charges are very comfortable no hidden charges Opay Digital is trustworthy with your money and the interest rate is sure no matter how much you have in your account they always give you something every morning. lots of savings strategies. etc. keep going forward guys love you all 💗,5,2026-09-27,Google Play,Customer Review,https://play.google.com/store/apps/details?id=team.opay.pay&hl=en&gl=ng
f642cc40-8960-49a5-96d3-a0d61c32bbc3,OPay,I just love opay 🏦🏧🏦🏧,5,2026-09-27,Google Play,Customer Review,https://play.google.com/store/apps/details?id=team.opay.pay&hl=en&gl=ng
1f2adab8-7c6d-4018-81b6-ccf92543c118,OPay,excellent app,5,2026-09-27,Google Play,Customer Review,https://play.google.com/store/apps/details?id=team.opay.pay&hl=en&gl=ng
177bef67-3e6d-49a9-a664-3862bb0193ca,OPay,"I don't have much to say,but am ok with opay.",5,2026-09-27,Google Play,Customer Review,https://play.google.com/store/apps/details?id=team.opay.pay&hl=en&gl=ng
fb2b940b-8401-4ffc-81f2-dfaed32d0890,OPay,Best online banking app. I no longer need dumb Nigerian commercial banks and their stress. No more 7 working day delay. Thank you Opay.,5,2026-09-27,Google Play,Customer Review,https://play.google.com/store/apps/details?id=team.opay.pay&hl=en&gl=ng
6320fd79-8b72-4190-b48d-e5af30e3ceb6,OPay,it very fast and reliable,5,2026-09-27,Google Play,Customer Review,https://play.google.com/store/apps/details?id=team.opay.pay&hl=en&gl=ng
1d76b7fe-4f68-46de-b5b6-497457d0b1c6,OPay,awesome,5,2026-09-27,Google Play,Customer Review,https://play.google.com/store/apps/details?id=team.opay.pay&hl=en&gl=ng
e8f96f2d-d4a6-48a2-afe6-9cc42ee085f9,OPay,nice,5,2026-09-27,Google Play,Customer Review,https://play.google.com/store/apps/details?id=team.opay.pay&hl=en&gl=ng
b497dcd8-df92-4ef5-a201-e6bf8c3e9303,OPay,i love this app so fast that I used to be surprised,5,2026-09-27,Google Play,Customer Review,https://play.google.com/store/apps/details?id=team.opay.pay&hl=en&gl=ng
bc5e5044-5fb1-4056-bf7c-b90a21a9a52e,OPay,"OPAY is a beloved. I love the seamlessness in all transactions, even when treating erroneous transaction, hardly do they have network downtime, a very efficient banking system.",5,2026-09-27,Google Play,Customer Review,https://play.google.com/store/apps/details?id=team.opay.pay&hl=en&gl=ng
1c807405-e59a-45f4-973a-efa964ce18e1,OPay,fast and reliable app,5,2026-09-27,Google Play,Customer Review,https://play.google.com/store/apps/details?id=team.opay.pay&hl=en&gl=ng
df4f554a-aff0-4eca-8f2e-858270b98fee,OPay,this app is good for transactions,5,2026-09-27,Google Play,Customer Review,https://play.google.com/store/apps/details?id=team.opay.pay&hl=en&gl=ng
70a896d9-d2de-40db-aa2b-629e5cd48c57,OPay,best digital mobile for users,4,2026-09-27,Google Play,Customer Review,https://play.google.com/store/apps/details?id=team.opay.pay&hl=en&gl=ng
0fc1de06-1d82-4b1b-bed2-465990d121f3,OPay,Opay is a beautiful app and company. it's easy to use and very secure. its customer service Is reliable . I don't know if they have any hidden charges. it is cheaper than others to operate.,5,2026-09-27,Google Play,Customer Review,https://play.google.com/store/apps/details?id=team.opay.pay&hl=en&gl=ng
4353bbf9-f458-4938-9cd1-92806e467236,OPay,excellent,5,2026-09-27,Google Play,Customer Review,https://play.google.com/store/apps/details?id=team.opay.pay&hl=en&gl=ng
149df118-5545-4d53-afe5-7fc8af5dd540,OPay,the best bank in the world 💞,5,2026-09-27,Google Play,Customer Review,https://play.google.com/store/apps/details?id=team.opay.pay&hl=en&gl=ng
1f27763a-8182-4654-aec4-0a9f6d01ce3e,OPay,see this is probably the best like opay is the best,5,2026-09-27,Google Play,Customer Review,https://play.google.com/store/apps/details?id=team.opay.pay&hl=en&gl=ng
e666fb8b-5fa4-4803-8a90-8512fbc3dadf,OPay,Good for saving,5,2026-09-27,Google Play,Customer Review,https://play.google.com/store/apps/details?id=team.opay.pay&hl=en&gl=ng
4c185169-1a17-460a-8356-ca6249c7997c,OPay,I don't know what is going on with this app this particular new upgrade it's always delay my network whenever I want to login it's always delay very well this is not the opay app I usually know and whenever I want to make a payment it's always delay please opay management do something about this it's very very important thank you very much,1,2026-09-27,Google Play,Customer Review,https://play.google.com/store/apps/details?id=team.opay.pay&hl=en&gl=ng
ea52d30f-e34e-4350-9669-2c85148e9b78,OPay,The Opay experience is surreal Top notch services I must say💯,5,2026-09-27,Google Play,Customer Review,https://play.google.com/store/apps/details?id=team.opay.pay&hl=en&gl=ng
b6a6005a-57f4-464e-90eb-8b85ae6f5f66,OPay,My safe place,5,2026-09-27,Google Play,Customer Review,https://play.google.com/store/apps/details?id=team.opay.pay&hl=en&gl=ng
1690006a-cfd7-4e33-ab8f-d8e31e07fe96,OPay,fast in transaction,1,2026-09-27,Google Play,Customer Review,https://play.google.com/store/apps/details?id=team.opay.pay&hl=en&gl=ng
bfa03239-aac6-49ac-9914-55700822c7ed,OPay,Nice app,5,2026-09-27,Google Play,Customer Review,https://play.google.com/store/apps/details?id=team.opay.pay&hl=en&gl=ng
5079a2c4-0a30-4e51-af3c-d6ac473787f7,OPay,fantastic,5,2026-09-27,Google Play,Customer Review,https://play.google.com/store/apps/details?id=team.opay.pay&hl=en&gl=ng
859a5988-47dc-4fc2-ae05-c4763c4d5250,OPay,Opay has grown greatly and earned my trust. kudos to everyone behind this excellent bank,5,2026-09-27,Google Play,Customer Review,https://play.google.com/store/apps/details?id=team.opay.pay&hl=en&gl=ng
1310369c-6fd9-412c-9e8a-2b76cce23f55,OPay,fast and reliable,5,2026-09-27,Google Play,Customer Review,https://play.google.com/store/apps/details?id=team.opay.pay&hl=en&gl=ng
85a39740-9925-45f9-b8c7-58f4615d29f3,OPay,Great app but why are you charging me 20 naira per transaction thats way too much.,1,2026-09-27,Google Play,Customer Review,https://play.google.com/store/apps/details?id=team.opay.pay&hl=en&gl=ng
d692f4c6-3295-41cb-952a-ac051be445a1,OPay,opay a very good app even opay gave me 1000 cashback,5,2026-09-27,Google Play,Customer Review,https://play.google.com/store/apps/details?id=team.opay.pay&hl=en&gl=ng
cd63d166-47e5-4b91-933e-5f0d00167861,OPay,unable to download it on my phone on playstore but it a nice app,5,2026-09-27,Google Play,Customer Review,https://play.google.com/store/apps/details?id=team.opay.pay&hl=en&gl=ng
a3fcb13e-cc6e-4e02-a8e3-a7229c117502,OPay,"fantastic, reliable and trustworthy let the customer care be quickly removed to urgent matter",5,2026-09-27,Google Play,Customer Review,https://play.google.com/store/apps/details?id=team.opay.pay&hl=en&gl=ng
7f0440a0-0f6c-4bcf-8847-6a399e8d5d31,OPay,"opay currently the best for me now, kudos 👏",5,2026-09-27,Google Play,Customer Review,https://play.google.com/store/apps/details?id=team.opay.pay&hl=en&gl=ng
abcb569d-ce16-488e-b6a7-2c2b357352d2,OPay,Amazing,5,2026-09-27,Google Play,Customer Review,https://play.google.com/store/apps/details?id=team.opay.pay&hl=en&gl=ng
ed6c81c0-5e3c-4bb5-b86f-de9049d61770,OPay,Excellent,5,2026-09-27,Google Play,Customer Review,https://play.google.com/store/apps/details?id=team.opay.pay&hl=en&gl=ng
6e438807-a3df-445c-8bfc-4953d09ab4e4,OPay,the best app to save money,5,2026-09-27,Google Play,Customer Review,https://play.google.com/store/apps/details?id=team.opay.pay&hl=en&gl=ng
3347e0d4-3a9e-490e-99d7-e0eb827107b2,OPay,getting transaction history is not ok at all,2,2026-09-27,Google Play,Customer Review,https://play.google.com/store/apps/details?id=team.opay.pay&hl=en&gl=ng
8325a049-9d64-466f-b5f7-d07b37077ad5,OPay,convince and simple operations.,5,2026-09-27,Google Play,Customer Review,https://play.google.com/store/apps/details?id=team.opay.pay&hl=en&gl=ng
dfc7dd88-5b50-42ab-baed-0618ed8e4e24,OPay,Opay? ohun lo pay ju!!!😂❤️,5,2026-09-27,Google Play,Customer Review,https://play.google.com/store/apps/details?id=team.opay.pay&hl=en&gl=ng
f7b5db53-2dd6-4ac1-9ca6-7992848f1c6a,OPay,they are so good men nothing less,4,2026-09-27,Google Play,Customer Review,https://play.google.com/store/apps/details?id=team.opay.pay&hl=en&gl=ng
49a04f12-7dc3-425c-a380-eefb544e5ccf,OPay,very good app,5,2026-09-27,Google Play,Customer Review,https://play.google.com/store/apps/details?id=team.opay.pay&hl=en&gl=ng
b6037541-2325-49a5-a818-d1b355ebea74,OPay,opay is a easy banking app much easier for me in person,5,2026-09-27,Google Play,Customer Review,https://play.google.com/store/apps/details?id=team.opay.pay&hl=en&gl=ng
8bd87cbf-d85a-46a9-8c3f-e1a0a08a1074,OPay,so cool,5,2026-09-27,Google Play,Customer Review,https://play.google.com/store/apps/details?id=team.opay.pay&hl=en&gl=ng
3e5942e5-5fbf-4c61-ac57-48bd644dca2c,OPay,it's fake app,1,2026-09-27,Google Play,Customer Review,https://play.google.com/store/apps/details?id=team.opay.pay&hl=en&gl=ng
c76d5bd7-f39a-45c7-a4de-3bd826634379,OPay,Opay is actually giving a good result without dissatisfaction.Kudos to opay,5,2026-09-27,Google Play,Customer Review,https://play.google.com/store/apps/details?id=team.opay.pay&hl=en&gl=ng
fbee819f-4336-46b7-b66d-e309ca24507b,OPay,good app,5,2026-09-27,Google Play,Customer Review,https://play.google.com/store/apps/details?id=team.opay.pay&hl=en&gl=ng
9b6d9bb1-8f3c-487b-9677-9e573d0d056a,OPay,Top notch,5,2026-09-27,Google Play,Customer Review,https://play.google.com/store/apps/details?id=team.opay.pay&hl=en&gl=ng
fabefe8e-a630-4ef9-a79c-9e7472eb1fc5,OPay,opay for life,5,2026-09-27,Google Play,Customer Review,https://play.google.com/store/apps/details?id=team.opay.pay&hl=en&gl=ng
0852f500-25fd-4bd2-a185-7620e7ef743d,OPay,opay is good to go,5,2026-09-27,Google Play,Customer Review,https://play.google.com/store/apps/details?id=team.opay.pay&hl=en&gl=ng
2d33c982-6d2c-49b7-a269-68088dced3dd,OPay,great app 💯 but there fees are becoming much,4,2026-09-27,Google Play,Customer Review,https://play.google.com/store/apps/details?id=team.opay.pay&hl=en&gl=ng
9e85fa57-e893-4011-866b-75c28c101ce4,OPay,it good but if you can reduce the interest rate of high loan it will be best eg 50000 interest should 30000,4,2026-09-27,Google Play,Customer Review,https://play.google.com/store/apps/details?id=team.opay.pay&hl=en&gl=ng
ab5412f1-b4e2-4b76-85da-f94898d1d616,OPay,I'm fully satisfied with the opay services.,5,2026-09-27,Google Play,Customer Review,https://play.google.com/store/apps/details?id=team.opay.pay&hl=en&gl=ng
08746a4c-34a1-453a-b91a-0181bf696995,OPay,love opay,5,2026-09-27,Google Play,Customer Review,https://play.google.com/store/apps/details?id=team.opay.pay&hl=en&gl=ng
dd4e4996-6c3c-48cb-8e33-7ea2f1601f62,OPay,it is fast and easy banking app,5,2026-09-27,Google Play,Customer Review,https://play.google.com/store/apps/details?id=team.opay.pay&hl=en&gl=ng
310388c1-f582-4389-b981-661b73e4994a,OPay,"The app is very user-friendly, fast, and easy to navigate. Overall, it’s a great app with a smooth and enjoyable experience. Highly recommended! 😄 But I hope you won’t make me regret giving you this review. 😂",5,2026-09-27,Google Play,Customer Review,https://play.google.com/store/apps/details?id=team.opay.pay&hl=en&gl=ng
ff5a3f93-0da8-4857-a0b7-07bcb82510a6,OPay,you guys should work on your app so really too slow nowadays,2,2026-09-27,Google Play,Customer Review,https://play.google.com/store/apps/details?id=team.opay.pay&hl=en&gl=ng
550e325d-c94b-4dca-bcf8-ebf542251d32,OPay,Very good,1,2026-09-27,Google Play,Customer Review,https://play.google.com/store/apps/details?id=team.opay.pay&hl=en&gl=ng
43070267-dea5-4b1b-a5c6-c07e9014459f,OPay,is easy nd fast,3,2026-09-27,Google Play,Customer Review,https://play.google.com/store/apps/details?id=team.opay.pay&hl=en&gl=ng
a2190ff1-f78f-49fa-a9b6-5c908ab450b0,OPay,"I don't know what is going on but as I updated my opay app few days ago, it has been really slow....either it takes really long to log in or takes long to transfer. it's becoming really annoying.",3,2026-09-27,Google Play,Customer Review,https://play.google.com/store/apps/details?id=team.opay.pay&hl=en&gl=ng
356f79ca-2d9c-4c06-ba75-4f78294c567c,OPay,"opay Is one of the best banking platform that I have ever used , no network issues , no transfer issues . the sweet one is that your first 3 daily transfer is free no matter the amount",4,2026-09-27,Google Play,Customer Review,https://play.google.com/store/apps/details?id=team.opay.pay&hl=en&gl=ng
71881718-6ff4-4cb5-b4f5-6561be72c9b8,OPay,good best,5,2026-09-27,Google Play,Customer Review,https://play.google.com/store/apps/details?id=team.opay.pay&hl=en&gl=ng
b41afbb5-73a3-4074-b28c-5020ff81dd70,OPay,satisfied,5,2026-09-27,Google Play,Customer Review,https://play.google.com/store/apps/details?id=team.opay.pay&hl=en&gl=ng
eda33682-6a01-423e-8f6e-adfbd63157f4,OPay,"opay had made life not stressful fantastic and marvellous, that's why is 5star",5,2026-09-27,Google Play,Customer Review,https://play.google.com/store/apps/details?id=team.opay.pay&hl=en&gl=ng
140e4983-3cec-4669-bc56-d6575c14ba9d,OPay,good 👍🏼,5,2026-09-27,Google Play,Customer Review,https://play.google.com/store/apps/details?id=team.opay.pay&hl=en&gl=ng
a06518f9-9f64-4c75-9187-fa1389bc4870,OPay,top-notch experience,5,2026-09-27,Google Play,Customer Review,https://play.google.com/store/apps/details?id=team.opay.pay&hl=en&gl=ng
326e97e0-abb1-48cd-bdbf-b2ef6da08a41,OPay,fast and reliable,5,2026-09-27,Google Play,Customer Review,https://play.google.com/store/apps/details?id=team.opay.pay&hl=en&gl=ng
7ca0433b-622a-49fa-a1e2-1b4ef48f83b9,OPay,Always a bliss,5,2026-09-27,Google Play,Customer Review,https://play.google.com/store/apps/details?id=team.opay.pay&hl=en&gl=ng
411a549d-f1bf-4249-b3e1-b8ee9fc85b37,OPay,"opay loan interests are too high and even when I saw a notification that I'm a VIP customer because I repay my loans as at when due, they still continue to increase the interests higher and higher. opay doesn't care about their customers - only out to rip needy Nigerians off.",1,2026-09-27,Google Play,Customer Review,https://play.google.com/store/apps/details?id=team.opay.pay&hl=en&gl=ng
1dc144c2-71e7-4154-a83c-23e041d1a249,OPay,"It a nice App and also as a safebox, like where you can save money and it's very safe there",5,2026-09-27,Google Play,Customer Review,https://play.google.com/store/apps/details?id=team.opay.pay&hl=en&gl=ng
3d8f2bc7-b715-4b06-b28b-34eb4b230d0d,OPay,"AM ALWAYS RECOMMEND YOU,,, REMAIN NO 1,OUT OF ALL APP....❤️❤️❤️❤️❤️🎉🎉🎉🎉",5,2026-09-27,Google Play,Customer Review,https://play.google.com/store/apps/details?id=team.opay.pay&hl=en&gl=ng
53932bdc-55d4-478e-9ef4-75988c051969,OPay,l like opay,5,2026-09-27,Google Play,Customer Review,https://play.google.com/store/apps/details?id=team.opay.pay&hl=en&gl=ng
624129b5-53ef-4654-996b-23a1da62c4af,OPay,"sincerely speaking, opay should have a button to silent that loud and uncontrollable 'payment received in Opay'. in your new update please include an option to off it.",4,2026-09-27,Google Play,Customer Review,https://play.google.com/store/apps/details?id=team.opay.pay&hl=en&gl=ng
27706eea-34c8-4acc-9ea8-25a0c04fdd0c,OPay,good 👍 and fantastic 😍,5,2026-09-27,Google Play,Customer Review,https://play.google.com/store/apps/details?id=team.opay.pay&hl=en&gl=ng
0c57646f-bc2d-4e95-b801-8cb9baabd07a,OPay,I just love opay is not a stressful bank app,3,2026-09-27,Google Play,Customer Review,https://play.google.com/store/apps/details?id=team.opay.pay&hl=en&gl=ng
489bf385-4e3e-4b3e-99f3-bec114523d8d,OPay,wow so lovly with opay,5,2026-09-27,Google Play,Customer Review,https://play.google.com/store/apps/details?id=team.opay.pay&hl=en&gl=ng
bf6115d6-4845-4f43-b807-37f58454928e,OPay,love it but don't like the sms charges,5,2026-09-27,Google Play,Customer Review,https://play.google.com/store/apps/details?id=team.opay.pay&hl=en&gl=ng
b94fa088-e7e4-42bf-9a41-9fdb2156d05c,OPay,fast and reliable,5,2026-09-27,Google Play,Customer Review,https://play.google.com/store/apps/details?id=team.opay.pay&hl=en&gl=ng
980fbded-4a0a-4252-a1e3-5fe7e01128a6,OPay,"best banking app so far , only issue I have is in case of miscellaneous transfers",4,2026-09-27,Google Play,Customer Review,https://play.google.com/store/apps/details?id=team.opay.pay&hl=en&gl=ng
cd39ec10-3b9d-4918-b24e-08a74b271f98,OPay,You are the best of the best,5,2026-09-27,Google Play,Customer Review,https://play.google.com/store/apps/details?id=team.opay.pay&hl=en&gl=ng
dfbdf078-be6d-4bb1-ae89-f81eb0c390f3,OPay,very nice,5,2026-09-27,Google Play,Customer Review,https://play.google.com/store/apps/details?id=team.opay.pay&hl=en&gl=ng
7dd305a1-d50a-425b-94ba-12a3f864ebf2,OPay,I love everything about opay please do more,5,2026-09-27,Google Play,Customer Review,https://play.google.com/store/apps/details?id=team.opay.pay&hl=en&gl=ng
6bc37362-cc3b-4699-a471-cbb5e03a58d5,OPay,making the useful application available,5,2026-09-27,Google Play,Customer Review,https://play.google.com/store/apps/details?id=team.opay.pay&hl=en&gl=ng
a218e1f9-2b5a-4e59-bb12-32dfeaef3d31,OPay,I want to instail my back,5,2026-09-27,Google Play,Customer Review,https://play.google.com/store/apps/details?id=team.opay.pay&hl=en&gl=ng
0cbd6dbb-9ee6-4a41-bc95-c4d2b39cd1c2,OPay,the best of the best 👌 bank never regret banking with you,5,2026-09-27,Google Play,Customer Review,https://play.google.com/store/apps/details?id=team.opay.pay&hl=en&gl=ng
dee09658-3f88-49da-9b7f-19dd489a6b51,OPay,"very fast and reliable , and it makes banking easier ♥️♥️♥️♥️♥️♥️♥️",5,2026-09-27,Google Play,Customer Review,https://play.google.com/store/apps/details?id=team.opay.pay&hl=en&gl=ng
5c566259-f1d5-446b-926b-1efe451b0ccb,OPay,It is a very good and reliable app,5,2026-09-27,Google Play,Customer Review,https://play.google.com/store/apps/details?id=team.opay.pay&hl=en&gl=ng
1867e1d1-6362-4e5f-a56d-f2c029f26cd7,OPay,I like the app,1,2026-09-27,Google Play,Customer Review,https://play.google.com/store/apps/details?id=team.opay.pay&hl=en&gl=ng
bed50e6c-e129-401b-b0bd-f020b1a32518,OPay,"opay opay opay 🙏🙏🙏💯I want to become an aggregator. My name is Adam Isiyaku.""*5",5,2026-09-27,Google Play,Customer Review,https://play.google.com/store/apps/details?id=team.opay.pay&hl=en&gl=ng
4952d302-35ed-4451-bbc6-095528ade6b0,OPay,Best bank I have been using so far,5,2026-09-27,Google Play,Customer Review,https://play.google.com/store/apps/details?id=team.opay.pay&hl=en&gl=ng
5ec2305b-d540-4af8-aa0f-c0b267d2e5ef,OPay,Opay is great try it out and see,5,2026-09-27,Google Play,Customer Review,https://play.google.com/store/apps/details?id=team.opay.pay&hl=en&gl=ng
65b20dae-89cc-4213-a7f9-9d6513d8b33e,OPay,send the money to My opay account,2,2026-09-27,Google Play,Customer Review,https://play.google.com/store/apps/details?id=team.opay.pay&hl=en&gl=ng
f1e42bab-c280-4467-9189-36d26c4d5dad,OPay,"Great so far,but the ussd amount of ₦10 sometimes u would try up to 5 times and it would amount to ₦50 or more if you don't have data. please I guys need to reduce the ussd code for people wey no get money",5,2026-09-27,Google Play,Customer Review,https://play.google.com/store/apps/details?id=team.opay.pay&hl=en&gl=ng
8f922eb1-4b30-475f-817d-3dc7329b0fee,OPay,💥,5,2026-09-27,Google Play,Customer Review,https://play.google.com/store/apps/details?id=team.opay.pay&hl=en&gl=ng
f1f4164f-2c7e-4fcb-bb89-5bee7e2f63ad,OPay,"Best banking app. Fast, efficient and reliable.",5,2026-09-27,Google Play,Customer Review,https://play.google.com/store/apps/details?id=team.opay.pay&hl=en&gl=ng
aea3c2dd-9010-4da3-83d2-eb4159747b7b,OPay,thi app is the ever app i have ever seen,5,2026-09-27,Google Play,Customer Review,https://play.google.com/store/apps/details?id=team.opay.pay&hl=en&gl=ng
11576f46-8fba-4efe-8670-2aa0c5fd29a5,OPay,Best app ever,5,2026-09-27,Google Play,Customer Review,https://play.google.com/store/apps/details?id=team.opay.pay&hl=en&gl=ng
490bf921-afd0-4ddb-b35c-772087ebe691,OPay,"a very good app to use, in an urgent matter I love it",5,2026-09-27,Google Play,Customer Review,https://play.google.com/store/apps/details?id=team.opay.pay&hl=en&gl=ng
bdc0239f-a9a6-4e78-8266-5c23f66644cb,OPay,they are fantastic,5,2026-09-27,Google Play,Customer Review,https://play.google.com/store/apps/details?id=team.opay.pay&hl=en&gl=ng
4c9af4b7-fd4a-41a6-952b-3ef8d5649295,OPay,The best of all.,5,2026-09-27,Google Play,Customer Review,https://play.google.com/store/apps/details?id=team.opay.pay&hl=en&gl=ng
65284512-f06c-42d2-b6ec-b2747ab76b79,OPay,banking with you is very seamless,5,2026-09-27,Google Play,Customer Review,https://play.google.com/store/apps/details?id=team.opay.pay&hl=en&gl=ng
4f6d685b-f5fe-4a1d-9f2f-3372a45a2026,OPay,opay is rendering wonderful and perfect service. excellent service.,5,2026-09-27,Google Play,Customer Review,https://play.google.com/store/apps/details?id=team.opay.pay&hl=en&gl=ng
d5cc6942-efdd-4fbc-94ff-a465dcec7c07,OPay,Very interesting app,5,2026-09-27,Google Play,Customer Review,https://play.google.com/store/apps/details?id=team.opay.pay&hl=en&gl=ng
c283e580-7356-4fe9-b6a6-b02b36dbe832,OPay,very good and excellent performance,5,2026-09-27,Google Play,Customer Review,https://play.google.com/store/apps/details?id=team.opay.pay&hl=en&gl=ng
0482df69-326b-4571-bac0-016b92a0be8b,OPay,amazing,4,2026-09-27,Google Play,Customer Review,https://play.google.com/store/apps/details?id=team.opay.pay&hl=en&gl=ng
60441a91-4a26-48fc-8a7d-a5784a2a1622,OPay,Not bad compared to others. I'd say it's one of the most smoothest and easy to go online micro finance banks. The process is easy and transactions are smooth and fast as well. I love it for that. no stress.,4,2026-09-27,Google Play,Customer Review,https://play.google.com/store/apps/details?id=team.opay.pay&hl=en&gl=ng
94f21db8-74f0-4807-a3cf-42919df56775,OPay,"Excellent banking app! Fast, user-friendly and very secure. 5 stars!",5,2026-09-27,Google Play,Customer Review,https://play.google.com/store/apps/details?id=team.opay.pay&hl=en&gl=ng
fdba03bf-753b-4df4-a97e-a45daea51990,OPay,Exceptional Good 👍,5,2026-09-27,Google Play,Customer Review,https://play.google.com/store/apps/details?id=team.opay.pay&hl=en&gl=ng
89179ae0-8fca-4e47-a59c-3c6bf7a4477c,OPay,I like this app,5,2026-09-27,Google Play,Customer Review,https://play.google.com/store/apps/details?id=team.opay.pay&hl=en&gl=ng
f7a6e43a-806a-40af-a273-d075f06f4c30,OPay,Best ever,5,2026-09-27,Google Play,Customer Review,https://play.google.com/store/apps/details?id=team.opay.pay&hl=en&gl=ng
e4d69224-d71d-43c3-a984-c92dcbb70c56,OPay,Love you,5,2026-09-27,Google Play,Customer Review,https://play.google.com/store/apps/details?id=team.opay.pay&hl=en&gl=ng
56f2c36c-5b40-4c15-a2f3-a46c3675bbcc,OPay,Thank you so much,5,2026-09-27,Google Play,Customer Review,https://play.google.com/store/apps/details?id=team.opay.pay&hl=en&gl=ng
3d366d98-75ca-4502-b395-c607c1b90020,OPay,cool banking app,5,2026-09-27,Google Play,Customer Review,https://play.google.com/store/apps/details?id=team.opay.pay&hl=en&gl=ng
ac1f5352-b74b-443f-98a9-28de0e4b1024,OPay,I love it,5,2026-09-27,Google Play,Customer Review,https://play.google.com/store/apps/details?id=team.opay.pay&hl=en&gl=ng
c6d34093-8dfa-470d-872c-d35f9faad9de,OPay,is forking real,5,2026-09-27,Google Play,Customer Review,https://play.google.com/store/apps/details?id=team.opay.pay&hl=en&gl=ng
f41e9fa4-aa4e-431f-82df-b2f246493c0d,OPay,good and reliable bank app,5,2026-09-27,Google Play,Customer Review,https://play.google.com/store/apps/details?id=team.opay.pay&hl=en&gl=ng
8d571934-2ce4-4730-af38-53b29db561b7,OPay,MY FOREVER MOBILE BANKING APPLICATION,5,2026-09-27,Google Play,Customer Review,https://play.google.com/store/apps/details?id=team.opay.pay&hl=en&gl=ng
b7a096a4-9a95-4a16-bd87-79a418541757,OPay,since av been using this app I don't regret it's a better app,5,2026-09-27,Google Play,Customer Review,https://play.google.com/store/apps/details?id=team.opay.pay&hl=en&gl=ng
d65340f5-3632-4693-a78c-a39a95b7c828,OPay,Bros why Unah opay no dey work again,5,2026-09-27,Google Play,Customer Review,https://play.google.com/store/apps/details?id=team.opay.pay&hl=en&gl=ng
34331ede-31e5-4c12-824e-0089f66313c0,OPay,opay is the best online bank ever opay users clock it,5,2026-09-27,Google Play,Customer Review,https://play.google.com/store/apps/details?id=team.opay.pay&hl=en&gl=ng
608c285c-3edb-4099-8378-c0c5bf419277,OPay,good 👍👍👍,5,2026-09-27,Google Play,Customer Review,https://play.google.com/store/apps/details?id=team.opay.pay&hl=en&gl=ng
ea8c628c-2409-49af-bd52-dd28d6c0bda5,OPay,A very nice app,5,2026-09-27,Google Play,Customer Review,https://play.google.com/store/apps/details?id=team.opay.pay&hl=en&gl=ng
46a00386-bdba-444d-a907-dd9e18524fd3,OPay,"So reliable... Trusted,and so fun to save with....trust me u will enjoy banking with opay.....because it's makes transactions so easy and fun... And u can also save with them...ur money is safe",5,2026-09-27,Google Play,Customer Review,https://play.google.com/store/apps/details?id=team.opay.pay&hl=en&gl=ng
8febadda-90ec-49b9-ac46-01b01e835667,OPay,okay opay is a good app guys,5,2026-09-26,Google Play,Customer Review,https://play.google.com/store/apps/details?id=team.opay.pay&hl=en&gl=ng
dcd5270c-82b0-4e92-920b-80e2435c6278,OPay,this app is the best for transaction,5,2026-09-26,Google Play,Customer Review,https://play.google.com/store/apps/details?id=team.opay.pay&hl=en&gl=ng
f5c513ef-923c-4a2b-a24d-a328c4fa9ce1,OPay,Opay is one of the best online banking app,5,2026-09-26,Google Play,Customer Review,https://play.google.com/store/apps/details?id=team.opay.pay&hl=en&gl=ng
8f069f73-25c5-4fdc-94df-ea7c4f77fa2a,OPay,"I love how fast, reliable and versatile this app is",5,2026-09-26,Google Play,Customer Review,https://play.google.com/store/apps/details?id=team.opay.pay&hl=en&gl=ng
b3bff9b3-3499-492d-b950-1e69fa1a2932,OPay,you are the best,5,2026-09-26,Google Play,Customer Review,https://play.google.com/store/apps/details?id=team.opay.pay&hl=en&gl=ng
608df0a0-0a39-4453-b72b-f35c7f2aa214,OPay,I don't know how this app is not allowed in my device please 🙏 help me recover it,5,2026-09-26,Google Play,Customer Review,https://play.google.com/store/apps/details?id=team.opay.pay&hl=en&gl=ng
979c25f3-27b8-45da-8431-002d6378062b,OPay,best and easiest for transaction..👍🥹,5,2026-09-26,Google Play,Customer Review,https://play.google.com/store/apps/details?id=team.opay.pay&hl=en&gl=ng
51c0ebe3-0198-4fbf-9235-90a1dfaacedd,OPay,Fast and easy,5,2026-09-26,Google Play,Customer Review,https://play.google.com/store/apps/details?id=team.opay.pay&hl=en&gl=ng
1f2817fc-67b9-45cf-ab08-f13bc5c7bafb,OPay,very good 👍,5,2026-09-26,Google Play,Customer Review,https://play.google.com/store/apps/details?id=team.opay.pay&hl=en&gl=ng
64f2e622-59a1-42dc-8824-e63b5bb32f0c,OPay,"Very good to use, because it's very fast and reliable.",5,2026-09-26,Google Play,Customer Review,https://play.google.com/store/apps/details?id=team.opay.pay&hl=en&gl=ng
4e33a9a8-650f-4e38-bb72-62796ccac6fd,OPay,Awesome,5,2026-09-26,Google Play,Customer Review,https://play.google.com/store/apps/details?id=team.opay.pay&hl=en&gl=ng
dfe642ca-16fb-4daa-aa71-c7327691ff7c,OPay,i like this app,5,2026-09-26,Google Play,Customer Review,https://play.google.com/store/apps/details?id=team.opay.pay&hl=en&gl=ng
90ba1485-7d80-4e0e-95ee-111394627dbe,OPay,very good,5,2026-09-26,Google Play,Customer Review,https://play.google.com/store/apps/details?id=team.opay.pay&hl=en&gl=ng
0a9f4eb6-87a4-46d0-9255-60cd229a4f5d,OPay,this app is fast and so secure. it is reliable.,5,2026-09-26,Google Play,Customer Review,https://play.google.com/store/apps/details?id=team.opay.pay&hl=en&gl=ng
93a9f471-40a0-4da3-a287-f3c9f38527e8,OPay,wonderful,5,2026-09-26,Google Play,Customer Review,https://play.google.com/store/apps/details?id=team.opay.pay&hl=en&gl=ng
32363325-3974-4695-8961-47173c5bdc3d,OPay,"such an exception and professional bank app.. Opay should be a major bank in Nigeria... transaction is so fast, no matter the amount, refund also bounce back fast.. network, top notch.. love this app meehh🥰",5,2026-09-26,Google Play,Customer Review,https://play.google.com/store/apps/details?id=team.opay.pay&hl=en&gl=ng
11fccb48-5356-48a4-8d2c-33cd9979a823,OPay,the best,5,2026-09-26,Google Play,Customer Review,https://play.google.com/store/apps/details?id=team.opay.pay&hl=en&gl=ng
4daaf1f6-da04-4550-8517-3e200e8cc5c3,OPay,opay it really nice to me,5,2026-09-26,Google Play,Customer Review,https://play.google.com/store/apps/details?id=team.opay.pay&hl=en&gl=ng
7d3c3c70-27c3-49a9-883a-01c269cea5a7,OPay,The best factory 💯,5,2026-09-26,Google Play,Customer Review,https://play.google.com/store/apps/details?id=team.opay.pay&hl=en&gl=ng
fa69c8da-6e25-4f92-bc03-61081750b303,OPay,it the best for me.,5,2026-09-26,Google Play,Customer Review,https://play.google.com/store/apps/details?id=team.opay.pay&hl=en&gl=ng
1a81afa9-ff1f-4a06-a2db-3837e7d1ae24,OPay,Excellent 👍,5,2026-09-26,Google Play,Customer Review,https://play.google.com/store/apps/details?id=team.opay.pay&hl=en&gl=ng
b325b47d-38c0-41e0-b317-572a3d30436d,OPay,so reliable,5,2026-09-26,Google Play,Customer Review,https://play.google.com/store/apps/details?id=team.opay.pay&hl=en&gl=ng
381853ce-7bc5-4806-9bd6-80b74f088ede,OPay,Yusufbby,5,2026-09-26,Google Play,Customer Review,https://play.google.com/store/apps/details?id=team.opay.pay&hl=en&gl=ng
3f00dbbb-7d98-468c-a741-7541a0b9c0f6,OPay,opay apps is the best,5,2026-09-26,Google Play,Customer Review,https://play.google.com/store/apps/details?id=team.opay.pay&hl=en&gl=ng
d5a57e02-09c4-4b29-a6c7-0c14fa764b7e,OPay,reliable,5,2026-09-26,Google Play,Customer Review,https://play.google.com/store/apps/details?id=team.opay.pay&hl=en&gl=ng
87012b6d-07b5-47dd-b19f-eb5f5c52b1fd,OPay,"I love the app it very good, safe and secure, honestly opay is leading",4,2026-09-26,Google Play,Customer Review,https://play.google.com/store/apps/details?id=team.opay.pay&hl=en&gl=ng
c799e879-9682-426b-85df-611c591e9a16,OPay,great banking experience,5,2026-09-26,Google Play,Customer Review,https://play.google.com/store/apps/details?id=team.opay.pay&hl=en&gl=ng
5e9c90bd-a529-41c2-ba8f-c9f2cebec592,OPay,Kabiru Muhammad salisu,5,2026-09-26,Google Play,Customer Review,https://play.google.com/store/apps/details?id=team.opay.pay&hl=en&gl=ng
21c93cae-ae49-4e0b-a657-1c650934ff05,OPay,it is not downloading very fast,3,2026-09-26,Google Play,Customer Review,https://play.google.com/store/apps/details?id=team.opay.pay&hl=en&gl=ng
96234922-7919-4047-a7bb-e5c66272cdfd,OPay,faster and reliable,5,2026-09-26,Google Play,Customer Review,https://play.google.com/store/apps/details?id=team.opay.pay&hl=en&gl=ng
be7fd498-cb26-4048-a1c3-0c02293801b8,OPay,very nice,5,2026-09-26,Google Play,Customer Review,https://play.google.com/store/apps/details?id=team.opay.pay&hl=en&gl=ng
9e783dab-dd29-468d-9842-892d785fa901,OPay,satisfactory,5,2026-09-26,Google Play,Customer Review,https://play.google.com/store/apps/details?id=team.opay.pay&hl=en&gl=ng
0229415d-6d2d-48ec-aa95-a0ad44ca7abe,OPay,payment,5,2026-09-26,Google Play,Customer Review,https://play.google.com/store/apps/details?id=team.opay.pay&hl=en&gl=ng
55b41576-63b7-47bf-b643-144d9b46013e,OPay,Love the app so much it's fast and reliable and it's the best online banking to use I give it a five star♥️,5,2026-09-26,Google Play,Customer Review,https://play.google.com/store/apps/details?id=team.opay.pay&hl=en&gl=ng
0a620241-1c73-4675-a5b3-d064ad7c3d6f,OPay,Excitement,5,2026-09-26,Google Play,Customer Review,https://play.google.com/store/apps/details?id=team.opay.pay&hl=en&gl=ng
1b7353e1-0b89-43aa-9658-736e6757502e,OPay,fast and reliable,5,2026-09-26,Google Play,Customer Review,https://play.google.com/store/apps/details?id=team.opay.pay&hl=en&gl=ng
a797b58c-0557-4400-aa11-549a0933ee7c,OPay,good,5,2026-09-26,Google Play,Customer Review,https://play.google.com/store/apps/details?id=team.opay.pay&hl=en&gl=ng
ff6a2987-2c79-49f4-8d0e-747c9ee53284,OPay,Good application. Banking with Opay is my best online banking business,5,2026-09-26,Google Play,Customer Review,https://play.google.com/store/apps/details?id=team.opay.pay&hl=en&gl=ng
a840e0ac-432a-4e5a-8554-75d9ebc7d05f,OPay,this app is really great as they said it would be,5,2026-09-26,Google Play,Customer Review,https://play.google.com/store/apps/details?id=team.opay.pay&hl=en&gl=ng
e14efb7d-d648-4bfd-bdd8-8aac6d34eefd,OPay,Very Satisfied App,5,2026-09-26,Google Play,Customer Review,https://play.google.com/store/apps/details?id=team.opay.pay&hl=en&gl=ng
765d107a-044a-414f-97d8-0369441ca58f,OPay,amazing,4,2026-09-26,Google Play,Customer Review,https://play.google.com/store/apps/details?id=team.opay.pay&hl=en&gl=ng
c6e7c56d-595c-45a3-bff3-872337707ff7,OPay,"opay is one of the best and biggest bank in Nigeria now save and sound, fast and faster",5,2026-09-26,Google Play,Customer Review,https://play.google.com/store/apps/details?id=team.opay.pay&hl=en&gl=ng
444ba48e-a951-44d4-9de0-fc29ca7d416f,OPay,"OPAY is a very Trusted, Reliable and I to Crown it all the Best Digital Online Bank in Africa. Everything about OPAY is Sweet and Easygoing, no stress, there's nothing like network issues that will limit transactions. Here is my Request, Please OPAY make me your AMBASSADOR...",5,2026-09-26,Google Play,Customer Review,https://play.google.com/store/apps/details?id=team.opay.pay&hl=en&gl=ng
237eb33d-7fc0-4470-b976-127a63a0f84d,OPay,best for transaction,4,2026-09-26,Google Play,Customer Review,https://play.google.com/store/apps/details?id=team.opay.pay&hl=en&gl=ng
84e3faeb-9758-4d28-9822-05394d98827c,OPay,"opay is one of the tested and trusted app ever, their network is top notch 💯💯",5,2026-09-26,Google Play,Customer Review,https://play.google.com/store/apps/details?id=team.opay.pay&hl=en&gl=ng
d34bf50d-37c5-444c-ad06-3711dc980558,OPay,"the best fintech so far, stress free and very fast",5,2026-09-26,Google Play,Customer Review,https://play.google.com/store/apps/details?id=team.opay.pay&hl=en&gl=ng
a0fd6a37-87cb-4c53-a5d5-32e4673ff200,OPay,i love this app,4,2026-09-26,Google Play,Customer Review,https://play.google.com/store/apps/details?id=team.opay.pay&hl=en&gl=ng
6d0f04d7-9df5-4beb-850b-0d7f9a5e2d11,OPay,love ❤️,5,2026-09-26,Google Play,Customer Review,https://play.google.com/store/apps/details?id=team.opay.pay&hl=en&gl=ng
338eea6d-3ccb-4f45-8e3f-9dc6300a7b63,OPay,Excellent 👌,5,2026-09-26,Google Play,Customer Review,https://play.google.com/store/apps/details?id=team.opay.pay&hl=en&gl=ng
0ca1c75b-4802-4bb0-8380-0852e5e971e9,OPay,wonderful,5,2026-09-26,Google Play,Customer Review,https://play.google.com/store/apps/details?id=team.opay.pay&hl=en&gl=ng
a2c0f185-9903-49c7-be76-b88d2a0cbb46,OPay,excellent,5,2026-09-26,Google Play,Customer Review,https://play.google.com/store/apps/details?id=team.opay.pay&hl=en&gl=ng
3e1ed791-875b-42b4-93b3-96475c4df5c0,OPay,reliable company,5,2026-09-26,Google Play,Customer Review,https://play.google.com/store/apps/details?id=team.opay.pay&hl=en&gl=ng
96811bde-0bbb-4686-89bf-a6cc3d9fc155,OPay,very good,5,2026-09-26,Google Play,Customer Review,https://play.google.com/store/apps/details?id=team.opay.pay&hl=en&gl=ng
f8778625-8db0-4f2a-999d-8833929464f0,OPay,perfect,5,2026-09-26,Google Play,Customer Review,https://play.google.com/store/apps/details?id=team.opay.pay&hl=en&gl=ng
f3cf8c58-4530-4b9e-9756-ed00df367a48,OPay,nyash,5,2026-09-26,Google Play,Customer Review,https://play.google.com/store/apps/details?id=team.opay.pay&hl=en&gl=ng
6fa62929-90d3-44ab-b3f3-2a9497827b61,OPay,so reliable,5,2026-09-26,Google Play,Customer Review,https://play.google.com/store/apps/details?id=team.opay.pay&hl=en&gl=ng
12b5d02b-af7d-4308-8303-0eab9dbcc220,OPay,opay to the world 🌎 you made Nigeria proud and we the citizens had a great banking app experience kudos 👏🏾,5,2026-09-26,Google Play,Customer Review,https://play.google.com/store/apps/details?id=team.opay.pay&hl=en&gl=ng
4aec0a16-7c39-4971-a353-38b6d999bc58,OPay,wonderful,5,2026-09-26,Google Play,Customer Review,https://play.google.com/store/apps/details?id=team.opay.pay&hl=en&gl=ng
988d8760-e537-4b0b-b60d-5921c945e45a,OPay,good 👍,5,2026-09-26,Google Play,Customer Review,https://play.google.com/store/apps/details?id=team.opay.pay&hl=en&gl=ng
51bd240b-8525-4271-a5e8-a7f3100f48ae,OPay,I really love the way the transaction are fast cashbacks most expecially voucher I love it,5,2026-09-26,Google Play,Customer Review,https://play.google.com/store/apps/details?id=team.opay.pay&hl=en&gl=ng
1f05a8d8-5450-4061-b7d7-d70ad9a893ac,OPay,"seriously, opay banking is really beyoung banking, I love transaction and the way their do resolve issue, especially on transaction matters",1,2026-09-26,Google Play,Customer Review,https://play.google.com/store/apps/details?id=team.opay.pay&hl=en&gl=ng
f70212f8-5102-4b4a-a4f1-fa9d2d932ecf,OPay,"why u deceive us by telling us to upgrade our spend and saves, and suddenly, you cancel ❌ spend and saves, and transfer our money to safebox, why??",3,2026-09-26,Google Play,Customer Review,https://play.google.com/store/apps/details?id=team.opay.pay&hl=en&gl=ng
b8bf9b69-1a78-441f-af21-be29be11ce84,OPay,good app and always ready to go,4,2026-09-26,Google Play,Customer Review,https://play.google.com/store/apps/details?id=team.opay.pay&hl=en&gl=ng
f016c51b-edf9-418b-a6f1-d801070fe92d,OPay,splendid,5,2026-09-26,Google Play,Customer Review,https://play.google.com/store/apps/details?id=team.opay.pay&hl=en&gl=ng
6100d851-3d5d-4f17-a008-3b428cb8966c,OPay,perfect,5,2026-09-26,Google Play,Customer Review,https://play.google.com/store/apps/details?id=team.opay.pay&hl=en&gl=ng
554eb728-92e5-46b3-98c2-0034b8120eab,OPay,SO NICE,5,2026-09-26,Google Play,Customer Review,https://play.google.com/store/apps/details?id=team.opay.pay&hl=en&gl=ng
1fee73cc-204f-4a3a-8843-212a6f454cce,OPay,good and potable,5,2026-09-26,Google Play,Customer Review,https://play.google.com/store/apps/details?id=team.opay.pay&hl=en&gl=ng
b44387a8-7ca5-4d0c-ab1e-afa6595e8108,OPay,"there's a problem from you guys end😡 for the past three years that I've been using Opay. I can't imagine after updating my app instead of it to function properly it's started misbehaving. if I want to send money to either opay account or another bank it will be asking me for facial recognition even after verifying the facial recognition it will still take me back, I had to send the money to my palmpay app before I can successfully do transaction. I've been experiencing this for morethan 2 weeks",3,2026-09-26,Google Play,Customer Review,https://play.google.com/store/apps/details?id=team.opay.pay&hl=en&gl=ng
371f3896-0faa-4e30-80f6-b35d08b63ecd,OPay,cuz I can't get a loan,1,2026-09-26,Google Play,Customer Review,https://play.google.com/store/apps/details?id=team.opay.pay&hl=en&gl=ng
459059a0-7556-4985-bf64-cc4d2924e98a,OPay,awesome 😎,5,2026-09-26,Google Play,Customer Review,https://play.google.com/store/apps/details?id=team.opay.pay&hl=en&gl=ng
a3409515-5fb2-4b44-9ee5-49e1ef22348a,OPay,good app,5,2026-09-26,Google Play,Customer Review,https://play.google.com/store/apps/details?id=team.opay.pay&hl=en&gl=ng
ab7543c4-0113-4064-9d94-ca6ea65147c2,OPay,i love it,5,2026-09-26,Google Play,Customer Review,https://play.google.com/store/apps/details?id=team.opay.pay&hl=en&gl=ng
000d88ff-5648-4a36-9a1d-e23ebfff6e08,OPay,fantastic,5,2026-09-26,Google Play,Customer Review,https://play.google.com/store/apps/details?id=team.opay.pay&hl=en&gl=ng
c987abf9-333b-4108-a814-17ef37b476a2,OPay,Superb seamless transactions,5,2026-09-26,Google Play,Customer Review,https://play.google.com/store/apps/details?id=team.opay.pay&hl=en&gl=ng
c4745bcf-03ba-4a75-a681-1c3da6779dcd,OPay,customer friendly app,5,2026-09-26,Google Play,Customer Review,https://play.google.com/store/apps/details?id=team.opay.pay&hl=en&gl=ng
9dc5f7b5-59f8-4d1b-b710-1b2e9c47ed88,OPay,Nice I really enjoyed it OPAY has changed my transaction Life eazy thank you so much 🙏❤️❤️,5,2026-09-26,Google Play,Customer Review,https://play.google.com/store/apps/details?id=team.opay.pay&hl=en&gl=ng
1da41478-38eb-491e-87b0-61927aa26bff,OPay,"This is the first Bank that I actually save money....be it airtime, data, payment of bills, transfers etc. Great work",5,2026-09-26,Google Play,Customer Review,https://play.google.com/store/apps/details?id=team.opay.pay&hl=en&gl=ng
e38376cb-84f2-4e78-beb4-49a2207445f8,OPay,👍 nice app,5,2026-09-26,Google Play,Customer Review,https://play.google.com/store/apps/details?id=team.opay.pay&hl=en&gl=ng
8d1dd7c6-3be7-4057-b15f-1834b55908f8,OPay,after I updated my opay to the latest version.it has been slowing down if I want to do a transaction or if I want to login to the app please you guys should look into it fix it,1,2026-09-26,Google Play,Customer Review,https://play.google.com/store/apps/details?id=team.opay.pay&hl=en&gl=ng
adaee4b3-2162-4ca4-adb5-c883666d68dd,OPay,just that you need to work on refunding erroneous transfer that was sent to a different bank instead of the correct one.,5,2026-09-26,Google Play,Customer Review,https://play.google.com/store/apps/details?id=team.opay.pay&hl=en&gl=ng
4b89f422-71dc-4695-89f8-566d8ccd5090,OPay,best banking app ever.. please am having problem with my account it's restricted from transactions have did all the nessery things opay ask but still haven't released my account.. please help,3,2026-09-26,Google Play,Customer Review,https://play.google.com/store/apps/details?id=team.opay.pay&hl=en&gl=ng
5bcd65bd-d664-44e8-a0de-8c6230d80d38,OPay,IT IS VERY FAST IN MAKING TRANSACTIONS 💯,5,2026-09-26,Google Play,Customer Review,https://play.google.com/store/apps/details?id=team.opay.pay&hl=en&gl=ng
ec6d1f9e-c7e6-45fa-a585-ed33da72e1f6,OPay,good always good,5,2026-09-26,Google Play,Customer Review,https://play.google.com/store/apps/details?id=team.opay.pay&hl=en&gl=ng
f8522702-5098-40cd-b0ec-c062d70a13ee,OPay,very good,5,2026-09-26,Google Play,Customer Review,https://play.google.com/store/apps/details?id=team.opay.pay&hl=en&gl=ng
a0e002e9-c118-4ceb-a846-04467c635b7a,OPay,"Very Good, I love you Opay🌹",5,2026-09-26,Google Play,Customer Review,https://play.google.com/store/apps/details?id=team.opay.pay&hl=en&gl=ng
ad5f4896-efd8-41ad-bd29-f41b70692f05,OPay,very reliable,5,2026-09-26,Google Play,Customer Review,https://play.google.com/store/apps/details?id=team.opay.pay&hl=en&gl=ng
fd681d12-8fb6-4707-b487-8af1a490b845,OPay,it is very fast and reliable 🤗,5,2026-09-26,Google Play,Customer Review,https://play.google.com/store/apps/details?id=team.opay.pay&hl=en&gl=ng
94fd2fb4-2b31-4079-8d41-6445dac002f7,OPay,Most amazing bank app,4,2026-09-26,Google Play,Customer Review,https://play.google.com/store/apps/details?id=team.opay.pay&hl=en&gl=ng
1c44eaa3-b0f3-4cf7-89dd-8acdb1495b52,OPay,Totally awesome a must app for daily transactions 😊,5,2026-09-26,Google Play,Customer Review,https://play.google.com/store/apps/details?id=team.opay.pay&hl=en&gl=ng
df81e748-9cf8-4936-8082-cd5238c222ac,OPay,excellent,5,2026-09-26,Google Play,Customer Review,https://play.google.com/store/apps/details?id=team.opay.pay&hl=en&gl=ng
1322a619-870e-4aae-881d-1429a9ff257d,OPay,"I love opay app, very fast and reliable 😍",5,2026-09-26,Google Play,Customer Review,https://play.google.com/store/apps/details?id=team.opay.pay&hl=en&gl=ng
ed9bafaf-14de-4f8a-be4c-70737e36a12e,OPay,"Opay is very good app bank that someone can save more money and have inerest on it,God bless you all",5,2026-09-26,Google Play,Customer Review,https://play.google.com/store/apps/details?id=team.opay.pay&hl=en&gl=ng
f1e14b55-eb73-49f7-9c07-2f1a2e91b407,OPay,Easiest and fastest banking app,5,2026-09-26,Google Play,Customer Review,https://play.google.com/store/apps/details?id=team.opay.pay&hl=en&gl=ng
c60741cf-b07a-4342-a020-d6dc802241af,OPay,We need a normal version of hawail Y5 please,5,2026-09-26,Google Play,Customer Review,https://play.google.com/store/apps/details?id=team.opay.pay&hl=en&gl=ng
e9b03669-a7a3-424b-b8ec-cee96df4d6ec,OPay,opay is the best fr,5,2026-09-26,Google Play,Customer Review,https://play.google.com/store/apps/details?id=team.opay.pay&hl=en&gl=ng
524e5907-d8c1-4753-b26f-073c9351b249,OPay,I love this app,5,2026-09-26,Google Play,Customer Review,https://play.google.com/store/apps/details?id=team.opay.pay&hl=en&gl=ng
9ead0101-aa31-48e3-83bd-88ebda802e8f,OPay,great,5,2026-09-26,Google Play,Customer Review,https://play.google.com/store/apps/details?id=team.opay.pay&hl=en&gl=ng
eddd7dba-b949-491f-ad51-82dfce9452cf,OPay,Check your SMS messages and send me the 6-digit code you just received,5,2026-09-26,Google Play,Customer Review,https://play.google.com/store/apps/details?id=team.opay.pay&hl=en&gl=ng
27a0a239-8ba3-4c5f-990d-852625599077,OPay,The only bank i can recommend keep recommending,5,2026-09-26,Google Play,Customer Review,https://play.google.com/store/apps/details?id=team.opay.pay&hl=en&gl=ng
89c49c6c-fc47-4663-bd56-12e0ac6bf86d,OPay,the best bank as it stands in Nigeria love you OPAY ❤️,4,2026-09-26,Google Play,Customer Review,https://play.google.com/store/apps/details?id=team.opay.pay&hl=en&gl=ng
15d7f255-1bd4-44ae-87da-b994a82e4a94,OPay,Best mobile money app indeed.keep it up,5,2026-09-26,Google Play,Customer Review,https://play.google.com/store/apps/details?id=team.opay.pay&hl=en&gl=ng
b4ff5bc9-56cb-4817-8d90-cd0ff91cc625,OPay,okay is very easy to you no much stress just great,5,2026-09-26,Google Play,Customer Review,https://play.google.com/store/apps/details?id=team.opay.pay&hl=en&gl=ng
b1c6ebb0-37d3-4530-ae85-1078bc480f6c,OPay,easier and happiness,5,2026-09-26,Google Play,Customer Review,https://play.google.com/store/apps/details?id=team.opay.pay&hl=en&gl=ng
10a5e7e2-7954-45a0-8966-ed58977187e6,OPay,fast and truly reliable,5,2026-09-26,Google Play,Customer Review,https://play.google.com/store/apps/details?id=team.opay.pay&hl=en&gl=ng
e6499243-ab7e-44e1-a277-1c19fb785548,OPay,very nice and warm,5,2026-09-26,Google Play,Customer Review,https://play.google.com/store/apps/details?id=team.opay.pay&hl=en&gl=ng
b6f6f96c-2c4d-4626-910a-551d020a7752,OPay,to me they are the best,5,2026-09-26,Google Play,Customer Review,https://play.google.com/store/apps/details?id=team.opay.pay&hl=en&gl=ng
fda653b5-b8fd-4366-99ae-6338673097a3,OPay,I love their security,4,2026-09-26,Google Play,Customer Review,https://play.google.com/store/apps/details?id=team.opay.pay&hl=en&gl=ng
982c499c-aa80-46f3-8856-cb914ed7b332,OPay,best,5,2026-09-26,Google Play,Customer Review,https://play.google.com/store/apps/details?id=team.opay.pay&hl=en&gl=ng
d9b985e9-7478-4a40-b5aa-db4c3b1c0e35,OPay,I really love this app very fast 24/7,5,2026-09-26,Google Play,Customer Review,https://play.google.com/store/apps/details?id=team.opay.pay&hl=en&gl=ng
0be5ccd8-eaac-4672-8664-f6f852019a1c,OPay,"Excellent E-commerce App, only that the management should try and establish standard public offices at least each in every geopolitical zone of Nigeria.",5,2026-09-26,Google Play,Customer Review,https://play.google.com/store/apps/details?id=team.opay.pay&hl=en&gl=ng
e23cd6c9-7ae4-4b58-8573-cb80177b79ec,OPay,it's nice . but am not seeing any payments of bills on it,4,2026-09-26,Google Play,Customer Review,https://play.google.com/store/apps/details?id=team.opay.pay&hl=en&gl=ng
35877fb0-1a9e-4bc5-bcac-cf4e96024c44,OPay,recommendable,5,2026-09-26,Google Play,Customer Review,https://play.google.com/store/apps/details?id=team.opay.pay&hl=en&gl=ng
b904f140-d001-4040-8b1b-770a395fd293,OPay,Reliable and user friendly,5,2026-09-26,Google Play,Customer Review,https://play.google.com/store/apps/details?id=team.opay.pay&hl=en&gl=ng
81e29596-6790-4b98-a62e-197e4b57ecb4,OPay,since yesterday I can't transfer or buy reached card to my app. I don't know what is happened to the app please someone should help me,5,2026-09-26,Google Play,Customer Review,https://play.google.com/store/apps/details?id=team.opay.pay&hl=en&gl=ng
dec0338b-afa5-4a41-8520-f45089de95c6,OPay,The perfect banking app is OPay! Very Okay👍,5,2026-09-26,Google Play,Customer Review,https://play.google.com/store/apps/details?id=team.opay.pay&hl=en&gl=ng
c026a6fd-50e2-4a01-9aa4-be6e73c86ea9,OPay,best app so far,5,2026-09-26,Google Play,Customer Review,https://play.google.com/store/apps/details?id=team.opay.pay&hl=en&gl=ng
b6e60eed-f265-447f-a5ae-e56015eada60,OPay,awesome,5,2026-09-26,Google Play,Customer Review,https://play.google.com/store/apps/details?id=team.opay.pay&hl=en&gl=ng
29531e43-8642-42fd-93cd-d7995e2c7a28,OPay,Most Reliable,5,2026-09-26,Google Play,Customer Review,https://play.google.com/store/apps/details?id=team.opay.pay&hl=en&gl=ng
e415dc27-cf76-4306-a85b-973a34f5474f,OPay,excellent service,5,2026-09-26,Google Play,Customer Review,https://play.google.com/store/apps/details?id=team.opay.pay&hl=en&gl=ng
db1b77fd-5833-4560-b562-90aac2c3470a,OPay,U people are the best.it is fast and it is easy to use.wit no.i love opay.everythings is fine about opay u guys are the best when it comes to network banking app.,5,2026-09-26,Google Play,Customer Review,https://play.google.com/store/apps/details?id=team.opay.pay&hl=en&gl=ng
7bf21f42-4dfe-4041-b5ef-dfc2a937477a,OPay,very smart,5,2026-09-26,Google Play,Customer Review,https://play.google.com/store/apps/details?id=team.opay.pay&hl=en&gl=ng
9b772c01-d7ab-4211-bb98-5ee3f1b57745,OPay,one of the best,3,2026-09-26,Google Play,Customer Review,https://play.google.com/store/apps/details?id=team.opay.pay&hl=en&gl=ng
eb4d6bf1-1f2c-4c7a-9080-830c0e40a438,OPay,what an amazing app,5,2026-09-26,Google Play,Customer Review,https://play.google.com/store/apps/details?id=team.opay.pay&hl=en&gl=ng
bd5b1f54-b34f-43f3-809b-a82af13a1aca,OPay,good,5,2026-09-26,Google Play,Customer Review,https://play.google.com/store/apps/details?id=team.opay.pay&hl=en&gl=ng
11efbe46-467e-458e-96b3-0cc727ddcc8f,OPay,"Opay is the best among all the app we have on the platform, Opay is number one banking app in Nigeria",5,2026-09-26,Google Play,Customer Review,https://play.google.com/store/apps/details?id=team.opay.pay&hl=en&gl=ng
50ff6f98-645d-423a-9ac5-54038c554045,OPay,Your Service is good. Why do you allow fraudulent apps to use your name for their adverts. Claiming to pay for watching videos through your bank. They even use your logo. it is discouraging,4,2026-09-26,Google Play,Customer Review,https://play.google.com/store/apps/details?id=team.opay.pay&hl=en&gl=ng
c70ed7d4-fa97-4c6e-bafd-2699728f31b5,OPay,perfect,4,2026-09-26,Google Play,Customer Review,https://play.google.com/store/apps/details?id=team.opay.pay&hl=en&gl=ng
b5d10f63-4b5b-4ead-91f3-d5a51ce5fdb9,OPay,Very dependable,5,2026-09-26,Google Play,Customer Review,https://play.google.com/store/apps/details?id=team.opay.pay&hl=en&gl=ng
127f7af8-fcbb-42f9-89aa-674428c42f34,OPay,I love Opay because my money is save,5,2026-09-26,Google Play,Customer Review,https://play.google.com/store/apps/details?id=team.opay.pay&hl=en&gl=ng
4565fb36-038d-4316-9bef-f05190996bc3,OPay,very good,5,2026-09-26,Google Play,Customer Review,https://play.google.com/store/apps/details?id=team.opay.pay&hl=en&gl=ng
d2e69005-0ec2-4fbf-ab1f-f8bfcbdd7b93,OPay,Great,5,2026-09-26,Google Play,Customer Review,https://play.google.com/store/apps/details?id=team.opay.pay&hl=en&gl=ng
a838866c-857a-4415-b039-25ddbd301f18,OPay,Very easy and fast,5,2026-09-26,Google Play,Customer Review,https://play.google.com/store/apps/details?id=team.opay.pay&hl=en&gl=ng
863f2b47-d4e2-49a2-8e8f-09fb2f591a7e,OPay,this app is the best transaction app in the world 🪄⚽👆⭐⭐💫✨,5,2026-09-26,Google Play,Customer Review,https://play.google.com/store/apps/details?id=team.opay.pay&hl=en&gl=ng
edcbfde2-650e-441f-abcc-844ec354baf6,OPay,very fast and reliable,5,2026-09-26,Google Play,Customer Review,https://play.google.com/store/apps/details?id=team.opay.pay&hl=en&gl=ng
aae9dde7-a53f-47f6-92a4-ab5e8295f536,OPay,Very good,5,2026-09-26,Google Play,Customer Review,https://play.google.com/store/apps/details?id=team.opay.pay&hl=en&gl=ng
c947b341-0e52-48ec-8240-646ec32544ac,OPay,this is amazing 😍😍😍,5,2026-09-26,Google Play,Customer Review,https://play.google.com/store/apps/details?id=team.opay.pay&hl=en&gl=ng
b3698218-1583-4412-ac26-56703a285762,OPay,i love the Cashback and interest and it's fast,4,2026-09-26,Google Play,Customer Review,https://play.google.com/store/apps/details?id=team.opay.pay&hl=en&gl=ng
e52e01c3-6cef-4560-9270-c5969c069697,OPay,"best mobile banking app , with top notch security",5,2026-09-26,Google Play,Customer Review,https://play.google.com/store/apps/details?id=team.opay.pay&hl=en&gl=ng
43a72506-465d-49e2-a7b9-1d52cd99da00,OPay,so cool,5,2026-09-26,Google Play,Customer Review,https://play.google.com/store/apps/details?id=team.opay.pay&hl=en&gl=ng
e0aa1b47-cb2a-4270-8403-50ab5ba3abf7,OPay,very reliable banking!,5,2026-09-26,Google Play,Customer Review,https://play.google.com/store/apps/details?id=team.opay.pay&hl=en&gl=ng
43a50b4e-877e-4ea8-a2d2-c114856d0b8c,OPay,best app ever,5,2026-09-26,Google Play,Customer Review,https://play.google.com/store/apps/details?id=team.opay.pay&hl=en&gl=ng
c0f5fca1-589f-40c1-bdb6-431a3b276fc8,OPay,Good 😊👍,4,2026-09-26,Google Play,Customer Review,https://play.google.com/store/apps/details?id=team.opay.pay&hl=en&gl=ng
e6efd41a-5025-40f6-baba-a94ad4d638c8,OPay,my best online bank,4,2026-09-26,Google Play,Customer Review,https://play.google.com/store/apps/details?id=team.opay.pay&hl=en&gl=ng
ae06cee5-5cab-4fc3-943f-260e12fd00fb,OPay,it's good app opay,5,2026-09-26,Google Play,Customer Review,https://play.google.com/store/apps/details?id=team.opay.pay&hl=en&gl=ng
fcdb8d8b-dc0e-469e-a5b5-9da2b8fee987,OPay,I love opay so much smooth service and secured,5,2026-09-26,Google Play,Customer Review,https://play.google.com/store/apps/details?id=team.opay.pay&hl=en&gl=ng
ab1604b9-1346-4f9b-8074-c41ad778bf3d,OPay,no stress,5,2026-09-26,Google Play,Customer Review,https://play.google.com/store/apps/details?id=team.opay.pay&hl=en&gl=ng
79135afa-ab8e-4631-8fad-890597fc87f5,OPay,amazing nd convenient,5,2026-09-26,Google Play,Customer Review,https://play.google.com/store/apps/details?id=team.opay.pay&hl=en&gl=ng
8d30a6aa-7bbb-4707-9358-0b6cdbdffc4e,OPay,things are going well with this app.,4,2026-09-26,Google Play,Customer Review,https://play.google.com/store/apps/details?id=team.opay.pay&hl=en&gl=ng
afba3c8d-4085-4284-843c-e3c4791c03a7,OPay,5star operational,5,2026-09-26,Google Play,Customer Review,https://play.google.com/store/apps/details?id=team.opay.pay&hl=en&gl=ng
81102e33-758a-4957-9a88-96242548228d,OPay,nice,5,2026-09-26,Google Play,Customer Review,https://play.google.com/store/apps/details?id=team.opay.pay&hl=en&gl=ng
7c5f8c9e-0588-426b-b23d-761b85a97791,OPay,The best of the best in online banking,5,2026-09-26,Google Play,Customer Review,https://play.google.com/store/apps/details?id=team.opay.pay&hl=en&gl=ng
e75f320c-ac71-4ef6-93fb-0f69196fd48b,OPay,it is the best account,5,2026-09-26,Google Play,Customer Review,https://play.google.com/store/apps/details?id=team.opay.pay&hl=en&gl=ng
3d1e0899-f07c-4318-a243-430be1fe41d9,OPay,Nice one,5,2026-09-26,Google Play,Customer Review,https://play.google.com/store/apps/details?id=team.opay.pay&hl=en&gl=ng
e69dce37-e38e-49a4-b83c-d97018cc47fe,OPay,Excellent for business transactions,5,2026-09-26,Google Play,Customer Review,https://play.google.com/store/apps/details?id=team.opay.pay&hl=en&gl=ng
0adcb7a3-339d-4d3f-bcdf-5adf104e54a7,OPay,good network and reliable than any banks under CBN...,5,2026-09-26,Google Play,Customer Review,https://play.google.com/store/apps/details?id=team.opay.pay&hl=en&gl=ng
da509b73-a34d-46f5-9d01-74117d798f51,OPay,lovely experience,4,2026-09-26,Google Play,Customer Review,https://play.google.com/store/apps/details?id=team.opay.pay&hl=en&gl=ng
f984335f-2512-48a9-bd99-a4cad9ad406a,OPay,best mobile banking app so far,5,2026-09-26,Google Play,Customer Review,https://play.google.com/store/apps/details?id=team.opay.pay&hl=en&gl=ng
bc46f6e7-12be-4a28-a0fc-cc6fa326486d,OPay,precious ❤️❤️,5,2026-09-26,Google Play,Customer Review,https://play.google.com/store/apps/details?id=team.opay.pay&hl=en&gl=ng
c63c8548-12d1-4d92-a5a7-698be159b143,OPay,hn. no pouomk of look .pnlpo. fcxs xmzx.8-33 unbmv.bbkg v,1,2026-09-26,Google Play,Customer Review,https://play.google.com/store/apps/details?id=team.opay.pay&hl=en&gl=ng
c3d57148-df62-450f-bbe4-0ac130f29b7b,OPay,the real deal,5,2026-09-26,Google Play,Customer Review,https://play.google.com/store/apps/details?id=team.opay.pay&hl=en&gl=ng
af35e853-be1d-44e1-8686-6c7502eaa9e3,OPay,I love opay,5,2026-09-26,Google Play,Customer Review,https://play.google.com/store/apps/details?id=team.opay.pay&hl=en&gl=ng
fb249c14-2993-4aa9-83c6-d5db9c016256,OPay,"Honestly, this is the BEST online App ever!! thank you Opay for always coming through ❤️❤️❤️",5,2026-09-26,Google Play,Customer Review,https://play.google.com/store/apps/details?id=team.opay.pay&hl=en&gl=ng
858d1d3d-ca7e-4bff-be46-3db58f897708,OPay,Good app,5,2026-09-26,Google Play,Customer Review,https://play.google.com/store/apps/details?id=team.opay.pay&hl=en&gl=ng
1c8c6bfb-59d2-45b5-b6dc-1a18495f70f8,OPay,good,5,2026-09-26,Google Play,Customer Review,https://play.google.com/store/apps/details?id=team.opay.pay&hl=en&gl=ng
f2cfd0b6-278d-419d-8beb-777a6490bf44,OPay,i don't know if it's only me but i did a transaction where I was debited but the other person was not credited I reported the issue but to no avail,3,2026-09-26,Google Play,Customer Review,https://play.google.com/store/apps/details?id=team.opay.pay&hl=en&gl=ng
9b190efa-4dd0-4499-b3dc-b267e2b244d7,OPay,the best app so far. always deliver whenever the need arises,5,2026-09-26,Google Play,Customer Review,https://play.google.com/store/apps/details?id=team.opay.pay&hl=en&gl=ng
5a9683f1-cc76-499d-a43c-d534d8b15cba,OPay,"opay is just one of a kind,",5,2026-09-26,Google Play,Customer Review,https://play.google.com/store/apps/details?id=team.opay.pay&hl=en&gl=ng
fb01bc29-e00d-4458-84e7-058b47246519,OPay,very nice,5,2026-09-26,Google Play,Customer Review,https://play.google.com/store/apps/details?id=team.opay.pay&hl=en&gl=ng
136a0881-015b-4737-8036-2b50b452cb07,OPay,it's simply the best ! 5* is too small,5,2026-09-26,Google Play,Customer Review,https://play.google.com/store/apps/details?id=team.opay.pay&hl=en&gl=ng
e4d9d7ba-cf4d-45fe-8080-46382777554c,OPay,it's lovely,5,2026-09-26,Google Play,Customer Review,https://play.google.com/store/apps/details?id=team.opay.pay&hl=en&gl=ng
0815f314-e38e-4f23-be9f-f6e01166e9d9,OPay,this is a very good App,5,2026-09-26,Google Play,Customer Review,https://play.google.com/store/apps/details?id=team.opay.pay&hl=en&gl=ng
6addca52-ef7e-44e0-a3cf-7b2bdf269635,OPay,Excellent App.,5,2026-09-26,Google Play,Customer Review,https://play.google.com/store/apps/details?id=team.opay.pay&hl=en&gl=ng
4e6958ff-eaff-40b5-b2e2-f7c624afb637,OPay,good 4me U,5,2026-09-26,Google Play,Customer Review,https://play.google.com/store/apps/details?id=team.opay.pay&hl=en&gl=ng
fcc7b49f-af8b-43c0-a912-f9718e7177b8,OPay,nice 🙂👍,4,2026-09-26,Google Play,Customer Review,https://play.google.com/store/apps/details?id=team.opay.pay&hl=en&gl=ng
c185ee32-ea80-4eaf-9926-84f95ac559fc,OPay,i enjoy using opay no scam maximum security and good network,5,2026-09-26,Google Play,Customer Review,https://play.google.com/store/apps/details?id=team.opay.pay&hl=en&gl=ng
39612535-0809-4b0a-b548-2c15ee672f12,OPay,so good,5,2026-09-26,Google Play,Customer Review,https://play.google.com/store/apps/details?id=team.opay.pay&hl=en&gl=ng
977af6f4-fc01-4b0d-861d-fe21b331094b,OPay,"l like the app it's very active, responsive, reliable and professional infact i recommend it as the best among the online banking app i have ever seen.",5,2026-09-26,Google Play,Customer Review,https://play.google.com/store/apps/details?id=team.opay.pay&hl=en&gl=ng
8df60dc5-57d4-4822-b54d-cd06120e2819,OPay,Opay is fast and reliable ✅👌,5,2026-09-26,Google Play,Customer Review,https://play.google.com/store/apps/details?id=team.opay.pay&hl=en&gl=ng
661e7d4f-bc6c-44d9-932b-f9ebe838305f,OPay,the best,4,2026-09-26,Google Play,Customer Review,https://play.google.com/store/apps/details?id=team.opay.pay&hl=en&gl=ng
e2c5738f-fe1b-4eba-9329-c80c513c66d0,OPay,nice,5,2026-09-26,Google Play,Customer Review,https://play.google.com/store/apps/details?id=team.opay.pay&hl=en&gl=ng
33e86cf0-ba81-400b-9bdf-b82c8c3da876,OPay,great,5,2026-09-26,Google Play,Customer Review,https://play.google.com/store/apps/details?id=team.opay.pay&hl=en&gl=ng
70cc9198-8870-4df5-b20e-ce33254d095e,OPay,"opay is a nice banking app that's makes transaction's easier, I love it",5,2026-09-26,Google Play,Customer Review,https://play.google.com/store/apps/details?id=team.opay.pay&hl=en&gl=ng
4f4c1d36-587f-43bb-bd19-e75a4f7897e4,OPay,I need money,5,2026-09-26,Google Play,Customer Review,https://play.google.com/store/apps/details?id=team.opay.pay&hl=en&gl=ng
237312f2-3704-4c77-80fb-7f3f9a9c4da2,OPay,Very easy in all way,5,2026-09-26,Google Play,Customer Review,https://play.google.com/store/apps/details?id=team.opay.pay&hl=en&gl=ng
5e9f9a6c-42f0-4ef7-a8b0-181489f111e2,OPay,perfect,5,2026-09-26,Google Play,Customer Review,https://play.google.com/store/apps/details?id=team.opay.pay&hl=en&gl=ng
8ffab980-c2b9-4c09-8860-c1fea5fb5b00,OPay,been the best so far,5,2026-09-26,Google Play,Customer Review,https://play.google.com/store/apps/details?id=team.opay.pay&hl=en&gl=ng
5566e357-a5be-4e32-afde-5db5f7dfe805,OPay,"Reliable, is the word that defines how Opay has been, I've not had any hiccups not once, maybe that day is coming 😅, but for now they do what they are meant to do really really really well. If I could give them six stars, I would. Great job Opay team!",5,2026-09-26,Google Play,Customer Review,https://play.google.com/store/apps/details?id=team.opay.pay&hl=en&gl=ng
393aec4c-b7f1-41a2-866b-25057705f22b,OPay,it's so reliable and quick too,4,2026-09-26,Google Play,Customer Review,https://play.google.com/store/apps/details?id=team.opay.pay&hl=en&gl=ng
b8ab702b-8172-485e-8b13-827a2b25a9dd,OPay,"remove those betting ads,opay is a bank not a betting platform",2,2026-09-26,Google Play,Customer Review,https://play.google.com/store/apps/details?id=team.opay.pay&hl=en&gl=ng
25cf9a54-0055-4e93-9f5b-33d45bc509b7,OPay,opay is very good 👍,5,2026-09-26,Google Play,Customer Review,https://play.google.com/store/apps/details?id=team.opay.pay&hl=en&gl=ng
9a599b29-4b14-4d0c-aced-2340ad60d446,OPay,it's very reliable and fast,4,2026-09-26,Google Play,Customer Review,https://play.google.com/store/apps/details?id=team.opay.pay&hl=en&gl=ng
a918a252-4769-45ab-b817-4871f2c20c48,OPay,good,5,2026-09-26,Google Play,Customer Review,https://play.google.com/store/apps/details?id=team.opay.pay&hl=en&gl=ng
58690e96-20c6-4eb6-9665-6f4a8b0bba30,OPay,please I can't install opay on my phone! it keeps saying the app isn't available for my device,1,2026-09-26,Google Play,Customer Review,https://play.google.com/store/apps/details?id=team.opay.pay&hl=en&gl=ng
5679b049-7a4c-4543-8d80-ffa5385a408e,OPay,"Opay is amazing, it's really worth the hype, I love using it, and the USSD option is great too, they keep evolving and it's beautiful growing with it.",5,2026-09-26,Google Play,Customer Review,https://play.google.com/store/apps/details?id=team.opay.pay&hl=en&gl=ng
b26dc519-ee71-46fb-bdad-eb0acd9a7505,OPay,top notch,5,2026-09-26,Google Play,Customer Review,https://play.google.com/store/apps/details?id=team.opay.pay&hl=en&gl=ng
1f647df2-7ce4-4aac-a459-4504d6efee6f,OPay,my best app is opay,5,2026-09-26,Google Play,Customer Review,https://play.google.com/store/apps/details?id=team.opay.pay&hl=en&gl=ng
a1ba94a9-7c49-4758-b2e1-34d92b48e116,OPay,BEST MOBILE BANKING APP 💯,5,2026-09-26,Google Play,Customer Review,https://play.google.com/store/apps/details?id=team.opay.pay&hl=en&gl=ng
e59df667-da64-4b03-9ca3-a73024fd4dcf,OPay,so fast,5,2026-09-26,Google Play,Customer Review,https://play.google.com/store/apps/details?id=team.opay.pay&hl=en&gl=ng
6636523a-aa70-4677-99fb-550a3bb9ac3a,OPay,Good app,4,2026-09-26,Google Play,Customer Review,https://play.google.com/store/apps/details?id=team.opay.pay&hl=en&gl=ng
0f555ec2-65b2-4887-80d4-fdeec51502a8,OPay,very good,5,2026-09-26,Google Play,Customer Review,https://play.google.com/store/apps/details?id=team.opay.pay&hl=en&gl=ng
4deb7e81-fbdf-4f6d-93dd-3d8fbf16537a,OPay,"Opay Digital, pays",5,2026-09-26,Google Play,Customer Review,https://play.google.com/store/apps/details?id=team.opay.pay&hl=en&gl=ng
3a108fcd-3e9f-42f4-a0c2-4a0521412bcb,OPay,best Banking ever. highly reliable and recommendable,5,2026-09-26,Google Play,Customer Review,https://play.google.com/store/apps/details?id=team.opay.pay&hl=en&gl=ng
c9fed679-91c3-414f-ae6d-d66d62355d1e,OPay,"Opay is the best bank in Nigeria, I've forget all my national banks",5,2026-09-26,Google Play,Customer Review,https://play.google.com/store/apps/details?id=team.opay.pay&hl=en&gl=ng
8697a6ba-af17-4157-96e4-9f787398e78d,OPay,perfect,5,2026-09-26,Google Play,Customer Review,https://play.google.com/store/apps/details?id=team.opay.pay&hl=en&gl=ng
14173d6f-881d-4ade-8381-d8d6b47bae07,OPay,"Fast, reliable, efficient,all Nigerians should have for better and easy transfer",5,2026-09-26,Google Play,Customer Review,https://play.google.com/store/apps/details?id=team.opay.pay&hl=en&gl=ng
9ca47de4-89ef-41be-bee9-4cf92b6bdccc,OPay,it is fast and reliable,4,2026-09-26,Google Play,Customer Review,https://play.google.com/store/apps/details?id=team.opay.pay&hl=en&gl=ng
66937895-494f-4b36-b69a-01d7e47487f6,OPay,very fast,5,2026-09-26,Google Play,Customer Review,https://play.google.com/store/apps/details?id=team.opay.pay&hl=en&gl=ng
f3be5d6e-1cd9-4d18-b6e8-0e0478224570,OPay,Opay you're the best,5,2026-09-26,Google Play,Customer Review,https://play.google.com/store/apps/details?id=team.opay.pay&hl=en&gl=ng
b3f104c4-0014-4e1a-9662-d0c72b71b761,OPay,nice onebkeep it up 💯✊,5,2026-09-26,Google Play,Customer Review,https://play.google.com/store/apps/details?id=team.opay.pay&hl=en&gl=ng
fccc2211-2678-4943-aae2-fb0ecb09ae84,OPay,very interesting app,5,2026-09-26,Google Play,Customer Review,https://play.google.com/store/apps/details?id=team.opay.pay&hl=en&gl=ng
4c5ac46d-2047-4af4-9ee7-f59e2e04d798,OPay,Opay app,5,2026-09-26,Google Play,Customer Review,https://play.google.com/store/apps/details?id=team.opay.pay&hl=en&gl=ng
51335198-e213-412e-8dac-a0193d19f535,OPay,"this app was so good until it started glitch in and now the money that I have in my account cannot be withdrawn. I thought it would be a user friendly app but it wasn't what I thought,most of the times I end up staring at a blank screen knowing fully well that it will write back to it being the network .But my other apps like moniepoint and some other banks are very good and work perfectly with my data .",5,2026-09-26,Google Play,Customer Review,https://play.google.com/store/apps/details?id=team.opay.pay&hl=en&gl=ng
3b813152-6a55-4ca3-9fbf-e550a625b828,OPay,This is the best micro finance app I've ever used,5,2026-09-26,Google Play,Customer Review,https://play.google.com/store/apps/details?id=team.opay.pay&hl=en&gl=ng
71210e08-fa97-4175-a7a0-25a4b339daa5,OPay,Stress-free app💯 business transactions made easier 👌,5,2026-09-26,Google Play,Customer Review,https://play.google.com/store/apps/details?id=team.opay.pay&hl=en&gl=ng
904e9997-dad5-4401-9ce1-e54cca3997aa,OPay,Very good so far,5,2026-09-26,Google Play,Customer Review,https://play.google.com/store/apps/details?id=team.opay.pay&hl=en&gl=ng
8333b1ff-e7e7-49a2-ac89-572858fecd64,OPay,Very reliable,4,2026-09-26,Google Play,Customer Review,https://play.google.com/store/apps/details?id=team.opay.pay&hl=en&gl=ng
581f5ede-3e2a-4237-ac7f-599df133b2d8,OPay,u people are trying,3,2026-09-26,Google Play,Customer Review,https://play.google.com/store/apps/details?id=team.opay.pay&hl=en&gl=ng
46e8a4cc-1e11-4e5d-a835-304c59fbe6be,OPay,bravo,5,2026-09-26,Google Play,Customer Review,https://play.google.com/store/apps/details?id=team.opay.pay&hl=en&gl=ng
b02820a4-1dc9-4efc-913f-97f8c4ece250,OPay,"Point 1 money app. fast, reliable and dependable",3,2026-09-26,Google Play,Customer Review,https://play.google.com/store/apps/details?id=team.opay.pay&hl=en&gl=ng
2ae21769-fdbc-45ae-856a-5ffde9a76647,OPay,I love this app,5,2026-09-26,Google Play,Customer Review,https://play.google.com/store/apps/details?id=team.opay.pay&hl=en&gl=ng
9a19aba0-3a22-4732-90bf-41afaf6bcbc5,OPay,so good and fast in networking 👌,5,2026-09-26,Google Play,Customer Review,https://play.google.com/store/apps/details?id=team.opay.pay&hl=en&gl=ng
64e99ab0-5251-4ac9-944e-cdc666817f6c,OPay,best app ever,5,2026-09-26,Google Play,Customer Review,https://play.google.com/store/apps/details?id=team.opay.pay&hl=en&gl=ng
35ddce39-3a2a-46fe-bce2-42c494e29ff5,OPay,excellent,5,2026-09-26,Google Play,Customer Review,https://play.google.com/store/apps/details?id=team.opay.pay&hl=en&gl=ng
f34aea0c-a63b-4110-924b-e18b2b4fab78,OPay,experience has been smooth Soo far but the recent upgrade that transfers money from the spend and save into the safe box should be reversed please,3,2026-09-26,Google Play,Customer Review,https://play.google.com/store/apps/details?id=team.opay.pay&hl=en&gl=ng
84c3ee4c-11b3-4c97-8af0-43fedf0d0bc2,OPay,opay for life,5,2026-09-26,Google Play,Customer Review,https://play.google.com/store/apps/details?id=team.opay.pay&hl=en&gl=ng
873f34c2-cb08-425f-95a6-603f9ae97dd0,OPay,"The best I've seen so far for sending and receiving funds. Just that your loan rates/charges are way too high, and even seem extortionate.",4,2026-09-26,Google Play,Customer Review,https://play.google.com/store/apps/details?id=team.opay.pay&hl=en&gl=ng
b7453d9c-9d8a-4afc-9149-686190b59c46,OPay,"I love the app,it has many options like paying for exams and many other things to mention a few ❤️",5,2026-09-26,Google Play,Customer Review,https://play.google.com/store/apps/details?id=team.opay.pay&hl=en&gl=ng
18d6306d-06de-4f0d-8518-fe77d88c595b,OPay,excellent,5,2026-09-26,Google Play,Customer Review,https://play.google.com/store/apps/details?id=team.opay.pay&hl=en&gl=ng
0cd7744c-934a-4ba1-a1ed-933052fe0a30,OPay,ad22 to do it for a.,4,2026-09-26,Google Play,Customer Review,https://play.google.com/store/apps/details?id=team.opay.pay&hl=en&gl=ng
a39d9c83-f962-482c-967d-0f27d2026720,OPay,"Since I started using opay, it has been tremendous and I'm really satisfy with the network experience.",5,2026-09-26,Google Play,Customer Review,https://play.google.com/store/apps/details?id=team.opay.pay&hl=en&gl=ng
2d45b846-1dc6-4ca6-960d-acc7e4f99b6d,OPay,very reliable easy and faster,5,2026-09-26,Google Play,Customer Review,https://play.google.com/store/apps/details?id=team.opay.pay&hl=en&gl=ng
8fc3a689-2056-4fa3-8261-d666a6807df7,OPay,thank God Opay is active banking no bank give me joy more than Opay,5,2026-09-26,Google Play,Customer Review,https://play.google.com/store/apps/details?id=team.opay.pay&hl=en&gl=ng
a403918e-0a80-4025-80c9-fe70916698e5,OPay,perfect,5,2026-09-26,Google Play,Customer Review,https://play.google.com/store/apps/details?id=team.opay.pay&hl=en&gl=ng
15992f18-5d6f-4c6c-a554-72c075ea87c4,OPay,Very efficient,5,2026-09-26,Google Play,Customer Review,https://play.google.com/store/apps/details?id=team.opay.pay&hl=en&gl=ng
191baba0-dbf9-4c42-83d8-43c04ed10edc,OPay,easy..,5,2026-09-26,Google Play,Customer Review,https://play.google.com/store/apps/details?id=team.opay.pay&hl=en&gl=ng
46d12b4e-07aa-4735-b2bb-2a2f8cd7ec7a,OPay,very very good,5,2026-09-26,Google Play,Customer Review,https://play.google.com/store/apps/details?id=team.opay.pay&hl=en&gl=ng
d03c9ae3-706e-4389-8994-e4a268b60bbf,OPay,reliable and dependable,5,2026-09-26,Google Play,Customer Review,https://play.google.com/store/apps/details?id=team.opay.pay&hl=en&gl=ng
eeda52b0-792a-4e8a-b4c2-0884dbb7f5bd,OPay,wonderful app,5,2026-09-26,Google Play,Customer Review,https://play.google.com/store/apps/details?id=team.opay.pay&hl=en&gl=ng
0c841568-18b0-4419-80f2-cde4bc2022b0,OPay,good,4,2026-09-26,Google Play,Customer Review,https://play.google.com/store/apps/details?id=team.opay.pay&hl=en&gl=ng
d0453572-c883-4eff-9774-2ac90663d9ab,OPay,OPAY it's the best,5,2026-09-26,Google Play,Customer Review,https://play.google.com/store/apps/details?id=team.opay.pay&hl=en&gl=ng
30e891e5-308a-4ec2-a9d9-88b0891d5a64,OPay,good one,5,2026-09-26,Google Play,Customer Review,https://play.google.com/store/apps/details?id=team.opay.pay&hl=en&gl=ng
6e6c49ca-2d3b-4233-b981-b9bef402a118,OPay,very good and reliable app,5,2026-09-26,Google Play,Customer Review,https://play.google.com/store/apps/details?id=team.opay.pay&hl=en&gl=ng
900b265e-5b27-4b03-bea9-b1bc55faafd1,OPay,Great am well please keep it up! More greece,5,2026-09-26,Google Play,Customer Review,https://play.google.com/store/apps/details?id=team.opay.pay&hl=en&gl=ng
36a0cffa-2a04-46c9-a3bd-debf202219f0,OPay,the best of the best.....o pay mi,5,2026-09-26,Google Play,Customer Review,https://play.google.com/store/apps/details?id=team.opay.pay&hl=en&gl=ng
b03e574a-55a8-4eff-bf39-7d9b4420fd79,OPay,excellent,5,2026-09-26,Google Play,Customer Review,https://play.google.com/store/apps/details?id=team.opay.pay&hl=en&gl=ng
1e3d88ae-3215-4c79-9b5c-cb1bf206c0ea,OPay,Good app but you guys should add search 🔎 on the transaction history area so we can search,3,2026-09-26,Google Play,Customer Review,https://play.google.com/store/apps/details?id=team.opay.pay&hl=en&gl=ng
eca3329c-2c3b-47c3-abaf-8dd06ac05d68,OPay,Fast transaction and easy to operate. I love everything about opay❤️❤️❤️,5,2026-09-26,Google Play,Customer Review,https://play.google.com/store/apps/details?id=team.opay.pay&hl=en&gl=ng
1841ed09-2a3f-429d-aded-b94fe85b7a3d,OPay,nice,5,2026-09-26,Google Play,Customer Review,https://play.google.com/store/apps/details?id=team.opay.pay&hl=en&gl=ng
0d5dbe0f-b539-42b6-b95a-342557de8622,OPay,There are perfect,5,2026-09-26,Google Play,Customer Review,https://play.google.com/store/apps/details?id=team.opay.pay&hl=en&gl=ng
c30624f9-f415-497e-93de-13f575c3e399,OPay,Nice,5,2026-09-26,Google Play,Customer Review,https://play.google.com/store/apps/details?id=team.opay.pay&hl=en&gl=ng
36de8cb8-84b8-47fb-8910-cca2cc377976,OPay,opay is best bank I have ever seen,5,2026-09-26,Google Play,Customer Review,https://play.google.com/store/apps/details?id=team.opay.pay&hl=en&gl=ng
e100b2b6-4972-4424-8ab0-095b2930a47e,OPay,good and reliable,5,2026-09-26,Google Play,Customer Review,https://play.google.com/store/apps/details?id=team.opay.pay&hl=en&gl=ng
b1f2e2e2-d6a9-4c8b-9607-be8d6bcad8ee,OPay,opay is fast and reliable where transaction are done well,5,2026-09-26,Google Play,Customer Review,https://play.google.com/store/apps/details?id=team.opay.pay&hl=en&gl=ng
426dee4e-a98a-4da1-87f5-32cda4d153f9,OPay,llateefbamus,5,2026-09-26,Google Play,Customer Review,https://play.google.com/store/apps/details?id=team.opay.pay&hl=en&gl=ng
ee8f4ffa-cef4-4ddc-a590-5f196ce0f4e8,OPay,smooth,5,2026-09-26,Google Play,Customer Review,https://play.google.com/store/apps/details?id=team.opay.pay&hl=en&gl=ng
986642f2-c884-427d-afe6-3565df4c118c,OPay,love it,5,2026-09-26,Google Play,Customer Review,https://play.google.com/store/apps/details?id=team.opay.pay&hl=en&gl=ng
c7a324f9-e958-4db4-bfa6-f9acc174bf2a,OPay,"The best, keep it up guys.",5,2026-09-26,Google Play,Customer Review,https://play.google.com/store/apps/details?id=team.opay.pay&hl=en&gl=ng
42864cb4-ea74-487a-94ac-e664e612bedc,OPay,Excellent,5,2026-09-26,Google Play,Customer Review,https://play.google.com/store/apps/details?id=team.opay.pay&hl=en&gl=ng
0fc41bc8-735a-4866-bffe-8899d5f1869a,OPay,Amazing,5,2026-09-26,Google Play,Customer Review,https://play.google.com/store/apps/details?id=team.opay.pay&hl=en&gl=ng
078cce47-7a77-474c-8f2d-b9253fd6ce65,OPay,I'm disappointed to see my. dearly bank connived with unknown app developer like Great. short to screw Nigerians of their time and data and the management should take their more serious.,1,2026-09-26,Google Play,Customer Review,https://play.google.com/store/apps/details?id=team.opay.pay&hl=en&gl=ng
db259d1b-1573-461d-94ce-f27a2459e6a7,OPay,Opay Pays,5,2026-09-25,Google Play,Customer Review,https://play.google.com/store/apps/details?id=team.opay.pay&hl=en&gl=ng
1eb3f3b7-df60-4037-a61b-80ed7570a245,OPay,excellent,5,2026-09-25,Google Play,Customer Review,https://play.google.com/store/apps/details?id=team.opay.pay&hl=en&gl=ng
a741279d-84c1-4bba-9df8-cc22437066ec,OPay,the best online transaction app,5,2026-09-25,Google Play,Customer Review,https://play.google.com/store/apps/details?id=team.opay.pay&hl=en&gl=ng
fd5be953-78ec-47c5-b71f-e963269c61fc,OPay,I don't like the fact that USSD cost 10naira,4,2026-09-25,Google Play,Customer Review,https://play.google.com/store/apps/details?id=team.opay.pay&hl=en&gl=ng
076f5936-81a7-4a22-bfbe-bc85857ba17d,OPay,easy and fast,5,2026-09-25,Google Play,Customer Review,https://play.google.com/store/apps/details?id=team.opay.pay&hl=en&gl=ng
9f857e70-42fd-4a3d-bf5a-b50f74cdb88a,OPay,very nice app,5,2026-09-25,Google Play,Customer Review,https://play.google.com/store/apps/details?id=team.opay.pay&hl=en&gl=ng
cdf82fd4-1b8b-4f87-9039-2495b979f5db,OPay,waw it's fine forever,5,2026-09-25,Google Play,Customer Review,https://play.google.com/store/apps/details?id=team.opay.pay&hl=en&gl=ng
81dae785-99bd-4fcc-93d2-151a41a30857,OPay,you guys are amazing,5,2026-09-25,Google Play,Customer Review,https://play.google.com/store/apps/details?id=team.opay.pay&hl=en&gl=ng
aa8212cd-e152-437a-ab9c-665130267e1d,OPay,Super! O pay is God sent .It's a great reliever that take banking to every door steps .,5,2026-09-25,Google Play,Customer Review,https://play.google.com/store/apps/details?id=team.opay.pay&hl=en&gl=ng
99efe866-be05-4e80-9a14-b11c211c7621,OPay,active,5,2026-09-25,Google Play,Customer Review,https://play.google.com/store/apps/details?id=team.opay.pay&hl=en&gl=ng
3bf65da1-42ca-4688-a8d2-fa5f97baafa3,OPay,my pin opay,5,2026-09-25,Google Play,Customer Review,https://play.google.com/store/apps/details?id=team.opay.pay&hl=en&gl=ng
f0fc897c-e685-411f-83f9-57b16de64423,OPay,it so good to used I love using it than other banks,5,2026-09-25,Google Play,Customer Review,https://play.google.com/store/apps/details?id=team.opay.pay&hl=en&gl=ng
853ece15-8140-497d-9056-18d627c9d0d8,OPay,Good 👍,5,2026-09-25,Google Play,Customer Review,https://play.google.com/store/apps/details?id=team.opay.pay&hl=en&gl=ng
9520b40a-7e3e-43c2-a875-670068beb791,OPay,umar,5,2026-09-25,Google Play,Customer Review,https://play.google.com/store/apps/details?id=team.opay.pay&hl=en&gl=ng
eb3797f7-0a10-4a8c-bfd6-b8e6db989218,OPay,Mathias 100,5,2026-09-25,Google Play,Customer Review,https://play.google.com/store/apps/details?id=team.opay.pay&hl=en&gl=ng
709963d5-f611-4dad-9c9a-75f454b1bf72,OPay,excellent service,4,2026-09-25,Google Play,Customer Review,https://play.google.com/store/apps/details?id=team.opay.pay&hl=en&gl=ng
4adf7715-68de-4316-be7c-beeb2c7e96f2,OPay,This app is the best app to saved money,5,2026-09-25,Google Play,Customer Review,https://play.google.com/store/apps/details?id=team.opay.pay&hl=en&gl=ng
05cf56cf-8391-4289-af7c-166e4fb383e3,OPay,it's so good to use,5,2026-09-25,Google Play,Customer Review,https://play.google.com/store/apps/details?id=team.opay.pay&hl=en&gl=ng
8e60762c-e8a2-423d-a27d-36d687598f8b,OPay,wonderful,2,2026-09-25,Google Play,Customer Review,https://play.google.com/store/apps/details?id=team.opay.pay&hl=en&gl=ng
986806cc-7770-4a8d-bae4-93ae908921b6,OPay,very great,5,2026-09-25,Google Play,Customer Review,https://play.google.com/store/apps/details?id=team.opay.pay&hl=en&gl=ng
3854f206-9b89-4b75-8280-3af57d453897,OPay,You provide the best banking network,5,2026-09-25,Google Play,Customer Review,https://play.google.com/store/apps/details?id=team.opay.pay&hl=en&gl=ng
69b95d2e-4f6e-4c78-bd6f-9f0d3a26c860,OPay,"Opay, is simply the best among Nigeria Banks.",5,2026-09-25,Google Play,Customer Review,https://play.google.com/store/apps/details?id=team.opay.pay&hl=en&gl=ng
b2c31cfd-d93f-48d8-ab15-8342f2490936,OPay,very nice app,1,2026-09-25,Google Play,Customer Review,https://play.google.com/store/apps/details?id=team.opay.pay&hl=en&gl=ng
bbe4e987-4bea-4054-b004-361eaa09c46b,OPay,Opay has never disappointed since I have been using the App. I pray it continues to do more in term of customers satisfaction. Thanks.,5,2026-09-25,Google Play,Customer Review,https://play.google.com/store/apps/details?id=team.opay.pay&hl=en&gl=ng
725e111f-ca4c-4fd8-ad13-bc38dd1dff66,OPay,Good,5,2026-09-25,Google Play,Customer Review,https://play.google.com/store/apps/details?id=team.opay.pay&hl=en&gl=ng
2a729690-23c6-4f8e-8f42-fb3fcdf62b80,OPay,the easiest way OPAY,5,2026-09-25,Google Play,Customer Review,https://play.google.com/store/apps/details?id=team.opay.pay&hl=en&gl=ng
9b98caab-1532-404b-9afd-e83ff3505df0,OPay,guest house in more days than I can't,5,2026-09-25,Google Play,Customer Review,https://play.google.com/store/apps/details?id=team.opay.pay&hl=en&gl=ng
f9b22671-52cd-49bb-aeec-b3905a0a3790,OPay,Very good,5,2026-09-25,Google Play,Customer Review,https://play.google.com/store/apps/details?id=team.opay.pay&hl=en&gl=ng
ffe177a1-bf78-43bd-8db3-1b336c7082ca,OPay,this app is very easy and good to use,5,2026-09-25,Google Play,Customer Review,https://play.google.com/store/apps/details?id=team.opay.pay&hl=en&gl=ng
d3b4ca6f-9002-47ff-8dd0-f5e9a6f3113c,OPay,best app ever used,5,2026-09-25,Google Play,Customer Review,https://play.google.com/store/apps/details?id=team.opay.pay&hl=en&gl=ng
f9bd63a8-8f1e-4112-b39b-20f26647ffd6,OPay,"so straight,smart and confidently perfect services 🥰",5,2026-09-25,Google Play,Customer Review,https://play.google.com/store/apps/details?id=team.opay.pay&hl=en&gl=ng
c1e72092-982e-4fb1-9970-9fef9fd6733b,OPay,This App is the best,4,2026-09-25,Google Play,Customer Review,https://play.google.com/store/apps/details?id=team.opay.pay&hl=en&gl=ng
05bb929a-246a-4014-8aff-e1531f1d65c4,OPay,"Opay is most important , transfer money, Sending money, faster transfer Bank",5,2026-09-25,Google Play,Customer Review,https://play.google.com/store/apps/details?id=team.opay.pay&hl=en&gl=ng
367e9eba-2fe4-4616-95f5-c47da1d6107f,OPay,Opay are so exceptional.Sometimes I'm speechless cause this very Opay there are really trying,5,2026-09-25,Google Play,Customer Review,https://play.google.com/store/apps/details?id=team.opay.pay&hl=en&gl=ng
5b9de73d-9c73-493e-810b-712ee517f0d1,OPay,best of them all,5,2026-09-25,Google Play,Customer Review,https://play.google.com/store/apps/details?id=team.opay.pay&hl=en&gl=ng
98869d16-869d-4141-acbe-bbe88dede9d4,OPay,Some more activities would be magnificent,4,2026-09-25,Google Play,Customer Review,https://play.google.com/store/apps/details?id=team.opay.pay&hl=en&gl=ng
28d0b78e-4a51-487c-8a9e-67fdb42ad7c2,OPay,"This is a very good app but has a lot of issues.I have tried to deposit with ussd but I was never credited but the sender was debited.I has happened severally and I have reported it to customer service but I didn't receive a good response at all, I was dissatisfied with the response I heard, please you guys should fix this issue",2,2026-09-25,Google Play,Customer Review,https://play.google.com/store/apps/details?id=team.opay.pay&hl=en&gl=ng
bff1c550-44ff-44bd-baba-962346f3467c,OPay,very good,5,2026-09-25,Google Play,Customer Review,https://play.google.com/store/apps/details?id=team.opay.pay&hl=en&gl=ng
a7e7c6a5-4468-47cc-badd-2e81dbd46675,OPay,"fast, smart, easy and reliable",5,2026-09-25,Google Play,Customer Review,https://play.google.com/store/apps/details?id=team.opay.pay&hl=en&gl=ng
3283786e-021b-4ea1-ba96-db03ad0b076f,OPay,Please am having issues logging into my bank app please check it out,1,2026-09-25,Google Play,Customer Review,https://play.google.com/store/apps/details?id=team.opay.pay&hl=en&gl=ng
fa05d896-82fd-4bbe-b35d-27e4ae502dba,OPay,"fast, smooth and secure",5,2026-09-25,Google Play,Customer Review,https://play.google.com/store/apps/details?id=team.opay.pay&hl=en&gl=ng
ef9da2c9-9501-4df7-933f-fcd8a74fbcae,OPay,Awesome Platform,5,2026-09-25,Google Play,Customer Review,https://play.google.com/store/apps/details?id=team.opay.pay&hl=en&gl=ng
245ebd57-03be-442b-83b2-eef2f4b4dd34,OPay,awesome,5,2026-09-25,Google Play,Customer Review,https://play.google.com/store/apps/details?id=team.opay.pay&hl=en&gl=ng
5ecfdaac-455d-4e32-b2dd-5c439e7db4af,OPay,Opay is Okay.... Opay has been the best ever since I started using it.,5,2026-09-25,Google Play,Customer Review,https://play.google.com/store/apps/details?id=team.opay.pay&hl=en&gl=ng
c97b8a05-0406-4601-924a-448e73f0cdc8,OPay,Real app for money matters 💵,5,2026-09-25,Google Play,Customer Review,https://play.google.com/store/apps/details?id=team.opay.pay&hl=en&gl=ng
0ad9bf8f-5ff4-43d2-80cc-7fc4e8c2c029,OPay,Fast and reliable.,5,2026-09-25,Google Play,Customer Review,https://play.google.com/store/apps/details?id=team.opay.pay&hl=en&gl=ng
f2691f96-b452-4bc4-bd46-4d7a3fbddd19,OPay,Best banking app ever,4,2026-09-25,Google Play,Customer Review,https://play.google.com/store/apps/details?id=team.opay.pay&hl=en&gl=ng
27ecf6d1-44e6-44e7-a968-75a499512671,OPay,Exceptional,5,2026-09-25,Google Play,Customer Review,https://play.google.com/store/apps/details?id=team.opay.pay&hl=en&gl=ng
7f1e5d13-2266-417e-997f-f2501e8f2150,OPay,"i really love this app very easy and fast transaction opay got Ur back when it comes to doing transactions,trust me much love",5,2026-09-25,Google Play,Customer Review,https://play.google.com/store/apps/details?id=team.opay.pay&hl=en&gl=ng
a1cd41ef-0aa1-458b-b046-10c06ae42bdf,OPay,the bast,5,2026-09-25,Google Play,Customer Review,https://play.google.com/store/apps/details?id=team.opay.pay&hl=en&gl=ng
9007f8c3-d54b-4fc0-ab65-7915800d2b85,OPay,very good app,5,2026-09-25,Google Play,Customer Review,https://play.google.com/store/apps/details?id=team.opay.pay&hl=en&gl=ng
8ea433e4-a133-4b0d-a92c-8fb0a7dfc57c,OPay,too much,5,2026-09-25,Google Play,Customer Review,https://play.google.com/store/apps/details?id=team.opay.pay&hl=en&gl=ng
49f5c83a-0f16-4cf6-8a66-6ece4531b771,OPay,"Very good. I love the fast response,it makes banking easy. if you haven't downloaded the app , please do and thank me later.",5,2026-09-25,Google Play,Customer Review,https://play.google.com/store/apps/details?id=team.opay.pay&hl=en&gl=ng
ea605c41-0947-4957-8072-002b2b52ab6d,OPay,the best,5,2026-09-25,Google Play,Customer Review,https://play.google.com/store/apps/details?id=team.opay.pay&hl=en&gl=ng
347d1c97-4855-442e-8576-11a08457718e,OPay,Good app,5,2026-09-25,Google Play,Customer Review,https://play.google.com/store/apps/details?id=team.opay.pay&hl=en&gl=ng
8ecaed2a-685f-40c1-b9f3-60949023dcc7,OPay,Gaskiya muna jin dadin anfani da wannan manhajar ta opay sosai da sosai,5,2026-09-25,Google Play,Customer Review,https://play.google.com/store/apps/details?id=team.opay.pay&hl=en&gl=ng
eb9f17c2-9aab-4ffe-97bf-d7f0661d8fd3,OPay,so good 💯,5,2026-09-25,Google Play,Customer Review,https://play.google.com/store/apps/details?id=team.opay.pay&hl=en&gl=ng
4c172879-6b61-44fe-a2f8-e1cfabb18109,OPay,the colour green is too light to read on white background. it gives we people with bad sight difficulties to read it,4,2026-09-25,Google Play,Customer Review,https://play.google.com/store/apps/details?id=team.opay.pay&hl=en&gl=ng
35f3bd74-94ff-45fd-bffc-dcc07af0fbdd,OPay,good,5,2026-09-25,Google Play,Customer Review,https://play.google.com/store/apps/details?id=team.opay.pay&hl=en&gl=ng
716fbf47-385d-467d-8cac-0368b3b2aa38,OPay,The app is good,5,2026-09-25,Google Play,Customer Review,https://play.google.com/store/apps/details?id=team.opay.pay&hl=en&gl=ng
9ecb3515-1847-45b7-8d6c-3f1b35ad8627,OPay,good,5,2026-09-25,Google Play,Customer Review,https://play.google.com/store/apps/details?id=team.opay.pay&hl=en&gl=ng
df31b0eb-7366-4877-a1eb-5093b16f6fd3,OPay,active ✅,5,2026-09-25,Google Play,Customer Review,https://play.google.com/store/apps/details?id=team.opay.pay&hl=en&gl=ng
ee921d1c-4423-495c-bac6-bdb34c74a6cb,OPay,Best in 9ja,5,2026-09-25,Google Play,Customer Review,https://play.google.com/store/apps/details?id=team.opay.pay&hl=en&gl=ng
373b5161-6093-47be-897e-2427b2a6d684,OPay,opay is best and fast transaction app so far,5,2026-09-25,Google Play,Customer Review,https://play.google.com/store/apps/details?id=team.opay.pay&hl=en&gl=ng
3f07ced3-f941-4571-89c2-9d924ec35c3e,OPay,very satisfactory,4,2026-09-25,Google Play,Customer Review,https://play.google.com/store/apps/details?id=team.opay.pay&hl=en&gl=ng
330732b2-6d6c-480c-85f2-4b7df06f1b47,OPay,Fast and reliable,5,2026-09-25,Google Play,Customer Review,https://play.google.com/store/apps/details?id=team.opay.pay&hl=en&gl=ng
c80c2fe0-1faa-449c-99b3-ec3d5621f5ae,OPay,am okay with your services,5,2026-09-25,Google Play,Customer Review,https://play.google.com/store/apps/details?id=team.opay.pay&hl=en&gl=ng
ba4be56e-782a-4ac4-b022-df7175d7ac0f,OPay,smooth UI but low returns and bonus,5,2026-09-25,Google Play,Customer Review,https://play.google.com/store/apps/details?id=team.opay.pay&hl=en&gl=ng
a63130fb-a0a7-4977-91a5-efafb470dfa7,OPay,Best bank,5,2026-09-25,Google Play,Customer Review,https://play.google.com/store/apps/details?id=team.opay.pay&hl=en&gl=ng
c24a05d0-a043-4a9f-b637-60bc6ec4ccd9,OPay,opay app na e lele ooo,5,2026-09-25,Google Play,Customer Review,https://play.google.com/store/apps/details?id=team.opay.pay&hl=en&gl=ng
fce2e435-52f0-48a9-aec5-9ce811975440,OPay,it is good for people who are doing business,5,2026-09-25,Google Play,Customer Review,https://play.google.com/store/apps/details?id=team.opay.pay&hl=en&gl=ng
addfd783-b201-44c5-af82-dfadaf87c0a6,OPay,Good,5,2026-09-25,Google Play,Customer Review,https://play.google.com/store/apps/details?id=team.opay.pay&hl=en&gl=ng
05bb4cf7-c0e4-4389-98c6-0e660f462e07,OPay,easy to understand,5,2026-09-25,Google Play,Customer Review,https://play.google.com/store/apps/details?id=team.opay.pay&hl=en&gl=ng
ae364674-3212-4033-a572-568435ce3596,OPay,opay is the best I give them my 5 star,5,2026-09-25,Google Play,Customer Review,https://play.google.com/store/apps/details?id=team.opay.pay&hl=en&gl=ng
ad1b1642-8bca-4b0f-aabd-53f664e5176a,OPay,BEST I HAVE SEEN,5,2026-09-25,Google Play,Customer Review,https://play.google.com/store/apps/details?id=team.opay.pay&hl=en&gl=ng
c6c52152-e48d-495d-a280-0c8e530e140e,OPay,very fast and security is top notch,5,2026-09-25,Google Play,Customer Review,https://play.google.com/store/apps/details?id=team.opay.pay&hl=en&gl=ng
f0917ec6-4c12-4592-bdbb-9c66b97b69fc,OPay,good,5,2026-09-25,Google Play,Customer Review,https://play.google.com/store/apps/details?id=team.opay.pay&hl=en&gl=ng
3f99e721-c794-476e-a652-263715244f42,OPay,just good,4,2026-09-25,Google Play,Customer Review,https://play.google.com/store/apps/details?id=team.opay.pay&hl=en&gl=ng
95e66d11-0761-4dc9-9eaf-54a3deba79dd,OPay,if it's not good I won't be keeping my money in it it's just good,5,2026-09-25,Google Play,Customer Review,https://play.google.com/store/apps/details?id=team.opay.pay&hl=en&gl=ng
0dc6ca85-2372-4a5f-b8eb-b05e2965b43a,OPay,omo opay una save people pass doctors 😂,5,2026-09-25,Google Play,Customer Review,https://play.google.com/store/apps/details?id=team.opay.pay&hl=en&gl=ng
31068f7e-f38a-4d9e-8e8b-412cc05571cf,OPay,good experience but there will be always a room for more improvements,4,2026-09-25,Google Play,Customer Review,https://play.google.com/store/apps/details?id=team.opay.pay&hl=en&gl=ng
fd8e84e9-9bea-4b73-9323-60dedfea4a1b,OPay,This App as taking Away Banking problems from average Nigerian Good Work and a Very Big Thank You to Opay and management.,5,2026-09-25,Google Play,Customer Review,https://play.google.com/store/apps/details?id=team.opay.pay&hl=en&gl=ng
88fa102b-eb7e-4acc-9869-a5fa9cff23a5,OPay,Nice one,5,2026-09-25,Google Play,Customer Review,https://play.google.com/store/apps/details?id=team.opay.pay&hl=en&gl=ng
8e9a8de5-6cbf-49c5-9928-ea1c8432afc4,OPay,Fantastically good.,5,2026-09-25,Google Play,Customer Review,https://play.google.com/store/apps/details?id=team.opay.pay&hl=en&gl=ng
b38f6dcc-dd1e-46c2-8291-7dde052e52d4,OPay,i like the app it is so fast so download your own now,5,2026-09-25,Google Play,Customer Review,https://play.google.com/store/apps/details?id=team.opay.pay&hl=en&gl=ng
6df6180f-dc1a-4725-ad3a-f0dc9067bade,OPay,glad,5,2026-09-25,Google Play,Customer Review,https://play.google.com/store/apps/details?id=team.opay.pay&hl=en&gl=ng
6e3dcd84-2227-47a2-b439-1a60aa488003,OPay,is making life easier,5,2026-09-25,Google Play,Customer Review,https://play.google.com/store/apps/details?id=team.opay.pay&hl=en&gl=ng
720fb24c-21ee-4a08-bd59-2d98bd166bb3,OPay,perfect,5,2026-09-25,Google Play,Customer Review,https://play.google.com/store/apps/details?id=team.opay.pay&hl=en&gl=ng
630240a2-d206-4730-9fca-b47806e0a1d0,OPay,"When talk of transactions, immediate response to customers, Your service is perfectly okay.👍",5,2026-09-25,Google Play,Customer Review,https://play.google.com/store/apps/details?id=team.opay.pay&hl=en&gl=ng
560c484e-8658-4098-9ef9-472ab0a57fbe,OPay,top notch,5,2026-09-25,Google Play,Customer Review,https://play.google.com/store/apps/details?id=team.opay.pay&hl=en&gl=ng
60461c45-1dd7-4561-9214-4b1d2ab7bfef,OPay,good,5,2026-09-25,Google Play,Customer Review,https://play.google.com/store/apps/details?id=team.opay.pay&hl=en&gl=ng
6d9ad89f-6542-4a42-a5f5-4039da4c3045,OPay,this app is the best fr fr,5,2026-09-25,Google Play,Customer Review,https://play.google.com/store/apps/details?id=team.opay.pay&hl=en&gl=ng
8427a335-fa22-410f-bf5f-a7a608cfafaa,OPay,excellently reliable,5,2026-09-25,Google Play,Customer Review,https://play.google.com/store/apps/details?id=team.opay.pay&hl=en&gl=ng
03eced09-6c02-44b0-81d3-8dd4e9de9026,OPay,this app is very good and reliable,5,2026-09-25,Google Play,Customer Review,https://play.google.com/store/apps/details?id=team.opay.pay&hl=en&gl=ng
b373d909-38df-487a-a5d4-ba6b6e0e63d9,OPay,excellent,5,2026-09-25,Google Play,Customer Review,https://play.google.com/store/apps/details?id=team.opay.pay&hl=en&gl=ng
65d1cf9b-ec66-4318-91a1-957d4a3291f1,OPay,Okay really,5,2026-09-25,Google Play,Customer Review,https://play.google.com/store/apps/details?id=team.opay.pay&hl=en&gl=ng
3830ad8a-6305-4c49-a5f1-bebd7477cf7c,OPay,I can't describe how much I love opay.,5,2026-09-25,Google Play,Customer Review,https://play.google.com/store/apps/details?id=team.opay.pay&hl=en&gl=ng
eec66ce1-bb29-49d6-b2df-51207ff6e043,OPay,your services are very good,5,2026-09-25,Google Play,Customer Review,https://play.google.com/store/apps/details?id=team.opay.pay&hl=en&gl=ng
8d3640b6-ffbb-4eda-8a64-985a92d556dc,OPay,"Here is a short, clear script you can read out loud or send to them. ​""Opay is good, but their loan interest rates are way too high. ​The biggest problem is the calling. When you borrow, they call you too much. Even when you don't borrow, they still call to pressure you to take a loan. Calling someone to force them to take a loan needs to stop. ​Borrowing is a personal choice, not something anyone should be pressured into.""",1,2026-09-25,Google Play,Customer Review,https://play.google.com/store/apps/details?id=team.opay.pay&hl=en&gl=ng
eb12f681-021d-47cf-bcbd-53f63ce278c6,OPay,i8 interested with the service God bless the intire staff of opay amen,5,2026-09-25,Google Play,Customer Review,https://play.google.com/store/apps/details?id=team.opay.pay&hl=en&gl=ng
9b712f6b-cfdb-4f77-8e70-fa6b138db52e,OPay,excellent 👌👍,5,2026-09-25,Google Play,Customer Review,https://play.google.com/store/apps/details?id=team.opay.pay&hl=en&gl=ng
961dc751-e454-4903-96ec-08dbeb9bf9da,OPay,amazing with opay,5,2026-09-25,Google Play,Customer Review,https://play.google.com/store/apps/details?id=team.opay.pay&hl=en&gl=ng
1c8100cd-3467-4b43-8067-8eb393743afc,OPay,the best so far🍒♥️☺️,5,2026-09-25,Google Play,Customer Review,https://play.google.com/store/apps/details?id=team.opay.pay&hl=en&gl=ng
1bf0c60f-ccbd-4840-9a65-e330b0b1bb86,OPay,Excellent 👌,5,2026-09-25,Google Play,Customer Review,https://play.google.com/store/apps/details?id=team.opay.pay&hl=en&gl=ng
c398d294-9fd7-44d3-a24c-e8fd1b9689ac,OPay,"Nice app, user friendly. Almost perfect, just that I don't believe anything is perfect. The customer care service needs to be responsive more than automated response. Able to reach a real person to resolve issues. Now, I complete the 5 star rating. I came to upgrade the app, then saw my review of about 3 years ago, it was well on customer care service then, which I can't remember anymore. But as it is, I don't even have any reason to reach the customer service again. All operations are smooth.",5,2026-09-25,Google Play,Customer Review,https://play.google.com/store/apps/details?id=team.opay.pay&hl=en&gl=ng
708d8839-29e9-4fc0-9760-a755faabbebc,OPay,"Excellent app, easy to use at all times 👍",5,2026-09-25,Google Play,Customer Review,https://play.google.com/store/apps/details?id=team.opay.pay&hl=en&gl=ng
b0f4f64c-4c45-40fc-a07c-cb023568d1c5,OPay,The best 🌟🌟,5,2026-09-25,Google Play,Customer Review,https://play.google.com/store/apps/details?id=team.opay.pay&hl=en&gl=ng
c2bf25b0-c425-445f-a913-b4c9e06dc975,OPay,"awesome, fantastic kudos 💯",5,2026-09-25,Google Play,Customer Review,https://play.google.com/store/apps/details?id=team.opay.pay&hl=en&gl=ng
9f419143-fefe-43f6-9984-f47d88ea9c31,OPay,we are you you guys awesome,5,2026-09-25,Google Play,Customer Review,https://play.google.com/store/apps/details?id=team.opay.pay&hl=en&gl=ng
db5f452c-c51a-41aa-b6c2-ab09a9bad249,OPay,no customer service in my own. oooooo,1,2026-09-25,Google Play,Customer Review,https://play.google.com/store/apps/details?id=team.opay.pay&hl=en&gl=ng
41074643-1237-4917-8b29-92ce249c2edd,OPay,Am happy for the,5,2026-09-25,Google Play,Customer Review,https://play.google.com/store/apps/details?id=team.opay.pay&hl=en&gl=ng
2dcfb3d5-feb8-422d-925f-6dfec8ebaa65,OPay,fast and easy,5,2026-09-25,Google Play,Customer Review,https://play.google.com/store/apps/details?id=team.opay.pay&hl=en&gl=ng
39435d70-835e-43f4-bdd1-fd79ba152aac,OPay,100 percent reliable,1,2026-09-25,Google Play,Customer Review,https://play.google.com/store/apps/details?id=team.opay.pay&hl=en&gl=ng
6fa56bfa-ec79-4e2f-a5fc-5f2b1025c5fe,OPay,I love Opay,5,2026-09-25,Google Play,Customer Review,https://play.google.com/store/apps/details?id=team.opay.pay&hl=en&gl=ng
c6d555b3-7b2e-4766-a843-0ebce8fd0dac,OPay,great,5,2026-09-25,Google Play,Customer Review,https://play.google.com/store/apps/details?id=team.opay.pay&hl=en&gl=ng
65ab6d2a-589a-4365-9cc1-c36412a437a0,OPay,"thanks for the amazing financial experience. one issue I have is the constant notifications on loan ads and other unnecessary things, please notifs should be limited to just transactions, that's all, some of us never need those notifs, okay. that's the reason for the three star rating instead of five. thanks, if you implement changes immediately.",3,2026-09-25,Google Play,Customer Review,https://play.google.com/store/apps/details?id=team.opay.pay&hl=en&gl=ng
3d3cbb10-092b-46a4-8e91-9ef7562467f2,OPay,nice,5,2026-09-25,Google Play,Customer Review,https://play.google.com/store/apps/details?id=team.opay.pay&hl=en&gl=ng
ddb85fe3-360c-4c1f-801d-2bfcc047fb80,OPay,No failing,5,2026-09-25,Google Play,Customer Review,https://play.google.com/store/apps/details?id=team.opay.pay&hl=en&gl=ng
7e05086f-0e8d-47f2-b660-8564b3465640,OPay,I lack Opay.,5,2026-09-25,Google Play,Customer Review,https://play.google.com/store/apps/details?id=team.opay.pay&hl=en&gl=ng
b81b8238-5535-4a65-946f-ccbe1c1b486a,OPay,"opay app has been the best banking app I ever used, with fast and reliable service, but kindly help the user by adding email to the options of receiving otp, because of someone like us that is using opay Nigeria from another country, where our sim card service provider is not available, have been having issues to log into my account because I can't receive otp and I need to send money to my family, please kindly assist us in diaspora to add options of receiving otp in our email",5,2026-09-25,Google Play,Customer Review,https://play.google.com/store/apps/details?id=team.opay.pay&hl=en&gl=ng
0d46fac9-5c44-415c-9339-f76996047e16,OPay,currently u guys are slacking,4,2026-09-25,Google Play,Customer Review,https://play.google.com/store/apps/details?id=team.opay.pay&hl=en&gl=ng
f527982a-a6c6-47a4-9514-23134218f89b,OPay,opay is best online banking I've seen,5,2026-09-25,Google Play,Customer Review,https://play.google.com/store/apps/details?id=team.opay.pay&hl=en&gl=ng
a31aaa38-2482-4140-b0f7-8c9ce6927b73,OPay,this is the number one best of all banking app in the world I love you opay keep it up,5,2026-09-25,Google Play,Customer Review,https://play.google.com/store/apps/details?id=team.opay.pay&hl=en&gl=ng
211e3ec1-8e94-48b9-9ef2-05ee33925238,OPay,i really liked this app,1,2026-09-25,Google Play,Customer Review,https://play.google.com/store/apps/details?id=team.opay.pay&hl=en&gl=ng
ba4ffeda-5ce6-4061-95e6-cef1e4c82cac,OPay,The best online banking app,5,2026-09-25,Google Play,Customer Review,https://play.google.com/store/apps/details?id=team.opay.pay&hl=en&gl=ng
784755ab-6c97-45a4-8a33-1c17b220808b,OPay,great app,4,2026-09-25,Google Play,Customer Review,https://play.google.com/store/apps/details?id=team.opay.pay&hl=en&gl=ng
deb9c78e-03f9-48da-86ed-ae81b0dd5bc4,OPay,good app,5,2026-09-25,Google Play,Customer Review,https://play.google.com/store/apps/details?id=team.opay.pay&hl=en&gl=ng
b9a75ae5-0462-4c05-9bb0-3a0af6fa958f,OPay,Amazing experiences since I started using Opay.,5,2026-09-25,Google Play,Customer Review,https://play.google.com/store/apps/details?id=team.opay.pay&hl=en&gl=ng
cb92abf2-f804-47c3-be6c-555e9ffa74ff,OPay,the most safest bank 👌👌,5,2026-09-25,Google Play,Customer Review,https://play.google.com/store/apps/details?id=team.opay.pay&hl=en&gl=ng
62cd9572-b855-4074-94bd-c333519f4f0d,OPay,it's actually reliable🥰,5,2026-09-25,Google Play,Customer Review,https://play.google.com/store/apps/details?id=team.opay.pay&hl=en&gl=ng
2365b29c-6384-49f2-bbae-2d60779629b6,OPay,i really like the app but sometimes the network is frustrating. Don't know if it's my area anyways,4,2026-09-25,Google Play,Customer Review,https://play.google.com/store/apps/details?id=team.opay.pay&hl=en&gl=ng
15fcc1e7-7266-4335-b0c4-2cf41886f72d,OPay,it's amazing,5,2026-09-25,Google Play,Customer Review,https://play.google.com/store/apps/details?id=team.opay.pay&hl=en&gl=ng
6100dec7-8d18-4189-90d6-5f8710a5e053,OPay,Opay banking system is the best and serves you honestly. I recommend all my friends to join OPAY BANK AND GAMES it pays.,5,2026-09-25,Google Play,Customer Review,https://play.google.com/store/apps/details?id=team.opay.pay&hl=en&gl=ng
e93b05dc-09d6-4510-8ab7-f55f317681a8,OPay,whatsapp,5,2026-09-25,Google Play,Customer Review,https://play.google.com/store/apps/details?id=team.opay.pay&hl=en&gl=ng
45ff1b5a-b31a-41aa-a694-a0c446966715,OPay,Good Encouraging...,5,2026-09-25,Google Play,Customer Review,https://play.google.com/store/apps/details?id=team.opay.pay&hl=en&gl=ng
963e8f1a-61f6-4242-9271-0b17db524a07,OPay,I am very satisfying,5,2026-09-25,Google Play,Customer Review,https://play.google.com/store/apps/details?id=team.opay.pay&hl=en&gl=ng
c0ac6682-7399-40fc-b994-91aa340eee17,OPay,excellent,5,2026-09-25,Google Play,Customer Review,https://play.google.com/store/apps/details?id=team.opay.pay&hl=en&gl=ng
3b8249eb-928d-4d95-a078-e5edb41804b2,OPay,uzee money 🤑 like this app,5,2026-09-25,Google Play,Customer Review,https://play.google.com/store/apps/details?id=team.opay.pay&hl=en&gl=ng
0ffc0dbe-7aa3-40dc-b63c-3e5b8fd585fe,OPay,very very good,5,2026-09-25,Google Play,Customer Review,https://play.google.com/store/apps/details?id=team.opay.pay&hl=en&gl=ng
6e1053f0-f48d-4624-966e-15bbc0c11c81,OPay,I'm really interested in using the app,5,2026-09-25,Google Play,Customer Review,https://play.google.com/store/apps/details?id=team.opay.pay&hl=en&gl=ng
447a6cc1-44b0-4441-94e3-8ed89f957158,OPay,The best ❤️❤️,5,2026-09-25,Google Play,Customer Review,https://play.google.com/store/apps/details?id=team.opay.pay&hl=en&gl=ng
c955bfdf-4a72-4e93-8a26-d675dc2d16fa,OPay,opay Account is the best in the world,5,2026-09-25,Google Play,Customer Review,https://play.google.com/store/apps/details?id=team.opay.pay&hl=en&gl=ng
5656e1e3-2554-462c-b9bb-9c5c191b1f51,OPay,"opay makes transactions easier, faster and reliable. keep up",5,2026-09-25,Google Play,Customer Review,https://play.google.com/store/apps/details?id=team.opay.pay&hl=en&gl=ng
5bc958cb-f806-40b6-a6ab-b1acc8d46b0f,OPay,nothing much to say opay is just the best thanks for making our life's better. opay is okay,5,2026-09-25,Google Play,Customer Review,https://play.google.com/store/apps/details?id=team.opay.pay&hl=en&gl=ng
3cd78fca-6ee4-4169-a1a0-6cbaa190c522,OPay,simple and easy banking,5,2026-09-25,Google Play,Customer Review,https://play.google.com/store/apps/details?id=team.opay.pay&hl=en&gl=ng
b9672975-4356-40bc-9c76-e27e69cbcb6a,OPay,it's helped in my business a lot... like once I received a scam alert and confirmed it was true..it saved me thousands...,5,2026-09-25,Google Play,Customer Review,https://play.google.com/store/apps/details?id=team.opay.pay&hl=en&gl=ng
042d6a59-c619-4a3e-a1a7-c793fad353e5,OPay,I love you,5,2026-09-25,Google Play,Customer Review,https://play.google.com/store/apps/details?id=team.opay.pay&hl=en&gl=ng
284d8c3e-6db8-4e15-b1a8-85bde8c53514,OPay,one of the best banking experience,5,2026-09-25,Google Play,Customer Review,https://play.google.com/store/apps/details?id=team.opay.pay&hl=en&gl=ng
50f90cdd-1715-4165-834a-f6c5ac23a008,OPay,Excellent,5,2026-09-25,Google Play,Customer Review,https://play.google.com/store/apps/details?id=team.opay.pay&hl=en&gl=ng
61eb7118-b93f-4420-a889-b6f8fdf475c3,OPay,exceptional experience,5,2026-09-25,Google Play,Customer Review,https://play.google.com/store/apps/details?id=team.opay.pay&hl=en&gl=ng
409bbc8b-a338-4440-bb53-8578ae23ae7a,OPay,the best,5,2026-09-25,Google Play,Customer Review,https://play.google.com/store/apps/details?id=team.opay.pay&hl=en&gl=ng
eece6d19-6b31-4a6c-9c6e-d9d25a3bc8ef,OPay,opay is one of the all it is so amazing easier transfer no delay shap,5,2026-09-25,Google Play,Customer Review,https://play.google.com/store/apps/details?id=team.opay.pay&hl=en&gl=ng
efedee57-fade-419f-800b-c5c1249e171f,OPay,very fast and reliable,5,2026-09-25,Google Play,Customer Review,https://play.google.com/store/apps/details?id=team.opay.pay&hl=en&gl=ng
c571b090-ccfd-449a-b6de-17a0cbfa689c,OPay,Love the transaction,5,2026-09-25,Google Play,Customer Review,https://play.google.com/store/apps/details?id=team.opay.pay&hl=en&gl=ng
3375bfd7-b280-40c4-82d9-87d8bf851668,OPay,Sharp,5,2026-09-25,Google Play,Customer Review,https://play.google.com/store/apps/details?id=team.opay.pay&hl=en&gl=ng
e3434308-565e-4269-b98d-e972ce5893e6,OPay,Awesome,5,2026-09-25,Google Play,Customer Review,https://play.google.com/store/apps/details?id=team.opay.pay&hl=en&gl=ng
06a77815-2c52-4825-8b01-96714bf04b4a,OPay,This is a very good app,5,2026-09-25,Google Play,Customer Review,https://play.google.com/store/apps/details?id=team.opay.pay&hl=en&gl=ng
104ac090-644d-476d-a79b-3e03d654e4bf,OPay,very good,4,2026-09-25,Google Play,Customer Review,https://play.google.com/store/apps/details?id=team.opay.pay&hl=en&gl=ng
5513b8c4-645e-4308-9900-760e5cf4987e,OPay,"Fast, easy and reliable app I guarantee them 💯 Percent",5,2026-09-25,Google Play,Customer Review,https://play.google.com/store/apps/details?id=team.opay.pay&hl=en&gl=ng
0d05c8c3-48a6-4db4-82c0-dae7f045d204,OPay,simply reliable transfers. Made transfers in Nigeria easier I won't even lie.,5,2026-09-25,Google Play,Customer Review,https://play.google.com/store/apps/details?id=team.opay.pay&hl=en&gl=ng
424cdf04-9d85-4c17-8c49-60f390e994e6,OPay,More than ordinary banking,5,2026-09-25,Google Play,Customer Review,https://play.google.com/store/apps/details?id=team.opay.pay&hl=en&gl=ng
7cead62c-59a3-498c-a15f-b5bccefe159d,OPay,Nice App for Banking,5,2026-09-25,Google Play,Customer Review,https://play.google.com/store/apps/details?id=team.opay.pay&hl=en&gl=ng
9b29657f-1e35-4ae1-8e05-e90cd333d2a8,OPay,Just what I want in an online banking...,5,2026-09-25,Google Play,Customer Review,https://play.google.com/store/apps/details?id=team.opay.pay&hl=en&gl=ng
0b49c6da-208c-4730-9141-25ee84ce3eec,OPay,opay is a good and responsible online app.,5,2026-09-25,Google Play,Customer Review,https://play.google.com/store/apps/details?id=team.opay.pay&hl=en&gl=ng
8f513711-02ac-43ca-831c-3a602c223fe5,OPay,Excellent banking.,5,2026-09-25,Google Play,Customer Review,https://play.google.com/store/apps/details?id=team.opay.pay&hl=en&gl=ng
991dcfb0-bc75-4986-bb30-fe56eb2d0283,OPay,seamless transactions,5,2026-09-25,Google Play,Customer Review,https://play.google.com/store/apps/details?id=team.opay.pay&hl=en&gl=ng
ff932425-d49e-497c-a349-f0cb44048e09,OPay,Banking becomes easy with opay,5,2026-09-25,Google Play,Customer Review,https://play.google.com/store/apps/details?id=team.opay.pay&hl=en&gl=ng
5b5f615c-b058-4acd-ae5a-f93a7953de4d,OPay,one of the best bank app am really satisfy,5,2026-09-25,Google Play,Customer Review,https://play.google.com/store/apps/details?id=team.opay.pay&hl=en&gl=ng
b8088fba-64de-42b2-a21d-74dcbaf8cd2c,OPay,but why is my play store not fast in downloading?,5,2026-09-25,Google Play,Customer Review,https://play.google.com/store/apps/details?id=team.opay.pay&hl=en&gl=ng
30ed0c74-bf45-4f91-b0e9-3ca3da4a313b,OPay,l love this app because they always give me free airtime always and data,5,2026-09-25,Google Play,Customer Review,https://play.google.com/store/apps/details?id=team.opay.pay&hl=en&gl=ng
56e73a9e-5d51-4a54-bd41-dd7981d51f3e,OPay,fast and reliable,5,2026-09-25,Google Play,Customer Review,https://play.google.com/store/apps/details?id=team.opay.pay&hl=en&gl=ng
12cd0202-725b-4410-a8b3-3c712a89fe1f,OPay,great 👍👍👍👍 the best,5,2026-09-25,Google Play,Customer Review,https://play.google.com/store/apps/details?id=team.opay.pay&hl=en&gl=ng
f2dfc45e-5120-4803-b573-8d4316c3b4df,OPay,Excellently Satisfactory!,5,2026-09-25,Google Play,Customer Review,https://play.google.com/store/apps/details?id=team.opay.pay&hl=en&gl=ng
99c1573c-5693-4b3b-b904-4c8671bf947f,OPay,opay easy to operate app should create money game platform to ease the hardship on the land.,5,2026-09-25,Google Play,Customer Review,https://play.google.com/store/apps/details?id=team.opay.pay&hl=en&gl=ng
610c8a67-ad63-48d3-a7d7-64724c155acc,OPay,awesome,5,2026-09-25,Google Play,Customer Review,https://play.google.com/store/apps/details?id=team.opay.pay&hl=en&gl=ng
b545468f-8ca1-4e23-8b5c-11c066cc3296,OPay,Opay duniyane,5,2026-09-25,Google Play,Customer Review,https://play.google.com/store/apps/details?id=team.opay.pay&hl=en&gl=ng
b97cf330-5ddb-4697-8776-80c1d66a72a7,OPay,I like opay because of its seamless transaction,5,2026-09-25,Google Play,Customer Review,https://play.google.com/store/apps/details?id=team.opay.pay&hl=en&gl=ng
dec27fcc-45a1-44a4-9bb7-9eaad8eafe1b,OPay,"Very fast and reliable, but I wealth deduction needs to stop 🚫🙅🏾, but for the transaction 💯",5,2026-09-25,Google Play,Customer Review,https://play.google.com/store/apps/details?id=team.opay.pay&hl=en&gl=ng
e20b4ddb-1589-4dcc-af9e-f288cae44a9a,OPay,excellent,5,2026-09-25,Google Play,Customer Review,https://play.google.com/store/apps/details?id=team.opay.pay&hl=en&gl=ng
725ea2f4-ae70-4261-8859-731aa163da2b,OPay,still the best and easy to navigate Bank app,5,2026-09-25,Google Play,Customer Review,https://play.google.com/store/apps/details?id=team.opay.pay&hl=en&gl=ng
ab843b2c-7158-4a84-8520-42ffb6d52c5b,OPay,my opay app is not opening,5,2026-09-25,Google Play,Customer Review,https://play.google.com/store/apps/details?id=team.opay.pay&hl=en&gl=ng
4c26847a-9d6a-4141-8b6a-b89a0d39ea4c,OPay,like it,5,2026-09-25,Google Play,Customer Review,https://play.google.com/store/apps/details?id=team.opay.pay&hl=en&gl=ng
9a521b8b-e8d6-4ab4-9d59-1dc0431bf853,OPay,"opay is reliable, dependence and trusted, it's more than being a bank, I will encourage whosoever wants to do business with them to do it without panicked. if anyone wants security and his or her accounts to be protected, then he should rush to opay and do business with them, they're actually good for recommendations because they're fast and can satisfied your need",5,2026-09-25,Google Play,Customer Review,https://play.google.com/store/apps/details?id=team.opay.pay&hl=en&gl=ng
bb0fca29-d296-44e5-8edf-d392f19842c1,OPay,my email was hacked so please I need your help,5,2026-09-25,Google Play,Customer Review,https://play.google.com/store/apps/details?id=team.opay.pay&hl=en&gl=ng
e8992ae4-cdf1-49b0-8538-0c6fdcf45969,OPay,very reliable,5,2026-09-25,Google Play,Customer Review,https://play.google.com/store/apps/details?id=team.opay.pay&hl=en&gl=ng
ce7577a8-eaec-4ac6-a35f-09a98a8035b9,OPay,You're the best,5,2026-09-25,Google Play,Customer Review,https://play.google.com/store/apps/details?id=team.opay.pay&hl=en&gl=ng
7df10e72-9c9f-465c-8e2a-98778eab7907,OPay,Excellent Service,5,2026-09-25,Google Play,Customer Review,https://play.google.com/store/apps/details?id=team.opay.pay&hl=en&gl=ng
dc7d5bdb-5826-4290-be44-cbc677037c20,OPay,Fast and guarantee transfer 🔥,5,2026-09-25,Google Play,Customer Review,https://play.google.com/store/apps/details?id=team.opay.pay&hl=en&gl=ng
a1063b70-ddd0-4b81-8610-982df6341931,OPay,the best mobile banking app I have ever used,5,2026-09-25,Google Play,Customer Review,https://play.google.com/store/apps/details?id=team.opay.pay&hl=en&gl=ng
a8316f08-4927-4f47-9328-ee85f99c69e5,OPay,I love it,5,2026-09-25,Google Play,Customer Review,https://play.google.com/store/apps/details?id=team.opay.pay&hl=en&gl=ng
73a8cf07-a52d-41e7-a60f-89134c5c37c1,OPay,Outstanding,5,2026-09-25,Google Play,Customer Review,https://play.google.com/store/apps/details?id=team.opay.pay&hl=en&gl=ng
8455fb2f-5d37-47a3-947a-31f7c7dbb729,OPay,Satisfactorily efficient to use.,5,2026-09-25,Google Play,Customer Review,https://play.google.com/store/apps/details?id=team.opay.pay&hl=en&gl=ng
6211bed2-dbe6-49e8-bcea-73eb27bedbe0,OPay,very fast for transaction,4,2026-09-25,Google Play,Customer Review,https://play.google.com/store/apps/details?id=team.opay.pay&hl=en&gl=ng
df257469-9cba-4a29-9baf-fc1e7b04245d,OPay,good,5,2026-09-25,Google Play,Customer Review,https://play.google.com/store/apps/details?id=team.opay.pay&hl=en&gl=ng
e0e8d3f9-2ec3-4acc-8850-725c832b3e5d,OPay,the best,5,2026-09-25,Google Play,Customer Review,https://play.google.com/store/apps/details?id=team.opay.pay&hl=en&gl=ng
f365b737-7914-432a-a07b-0972527bb30e,OPay,its the best but I can't update my app,5,2026-09-25,Google Play,Customer Review,https://play.google.com/store/apps/details?id=team.opay.pay&hl=en&gl=ng
898ff130-a9a6-4b52-87bc-a1c46dd97604,OPay,direba,1,2026-09-25,Google Play,Customer Review,https://play.google.com/store/apps/details?id=team.opay.pay&hl=en&gl=ng
d52d34cf-f419-4f15-99f3-0e5cd279f3ac,OPay,very very nice,5,2026-09-25,Google Play,Customer Review,https://play.google.com/store/apps/details?id=team.opay.pay&hl=en&gl=ng
298f1fc2-c034-4ff8-bd8b-8f5708e1c73d,OPay,good,1,2026-09-25,Google Play,Customer Review,https://play.google.com/store/apps/details?id=team.opay.pay&hl=en&gl=ng
5a15bf34-40af-4f6a-9fb0-faf7168a15d4,OPay,opay is very reliable and safe 🙌🏽 I must commend that it is a very sweet online bank. I recommend opay guys 🙌🏽,5,2026-09-25,Google Play,Customer Review,https://play.google.com/store/apps/details?id=team.opay.pay&hl=en&gl=ng
f7a3ff7a-00a0-4235-948c-7aa659dcd2fe,OPay,wonderful 😘😘😘,5,2026-09-25,Google Play,Customer Review,https://play.google.com/store/apps/details?id=team.opay.pay&hl=en&gl=ng
2890bc7f-1f71-4e2e-8fc7-67d093b0a4d8,OPay,Reduce interest on load.,5,2026-09-25,Google Play,Customer Review,https://play.google.com/store/apps/details?id=team.opay.pay&hl=en&gl=ng
546845be-ab86-47a5-8f2e-6b0822141529,OPay,the is very slow to open for operation.,2,2026-09-25,Google Play,Customer Review,https://play.google.com/store/apps/details?id=team.opay.pay&hl=en&gl=ng
6cf5744b-5284-4e30-9c89-67598e484e88,OPay,very good 👍👍👍👍👍😊😊😊😊😊,5,2026-09-25,Google Play,Customer Review,https://play.google.com/store/apps/details?id=team.opay.pay&hl=en&gl=ng
692740e0-9bbc-4c2f-8962-e943108bc581,OPay,good,5,2026-09-25,Google Play,Customer Review,https://play.google.com/store/apps/details?id=team.opay.pay&hl=en&gl=ng
72e628ec-7bf8-49ab-8a60-d7b403195cb4,OPay,is good and reliable,5,2026-09-25,Google Play,Customer Review,https://play.google.com/store/apps/details?id=team.opay.pay&hl=en&gl=ng
b247d11d-6e99-4c23-b38c-73569669e693,OPay,reliable,4,2026-09-25,Google Play,Customer Review,https://play.google.com/store/apps/details?id=team.opay.pay&hl=en&gl=ng
c2f2ffe4-bf79-43a1-b8ab-bb190b42fdca,OPay,Opay provides simpler and smarter way to make payments.,5,2026-09-25,Google Play,Customer Review,https://play.google.com/store/apps/details?id=team.opay.pay&hl=en&gl=ng
a9baaf6d-b17e-4de8-a1a3-7e50fb0ef93c,OPay,i love opay ✌️,5,2026-09-25,Google Play,Customer Review,https://play.google.com/store/apps/details?id=team.opay.pay&hl=en&gl=ng
036a1c48-59c3-4e01-a7b4-8ec6316361ad,OPay,"Excellent, quick, and dependable",4,2026-09-25,Google Play,Customer Review,https://play.google.com/store/apps/details?id=team.opay.pay&hl=en&gl=ng
dbe6efb0-d2ae-4883-b3e7-9917086da9e2,OPay,Best app for me,5,2026-09-25,Google Play,Customer Review,https://play.google.com/store/apps/details?id=team.opay.pay&hl=en&gl=ng
ec2d8a76-49a1-4906-8a0c-2ffefa31513c,OPay,great👍,5,2026-09-25,Google Play,Customer Review,https://play.google.com/store/apps/details?id=team.opay.pay&hl=en&gl=ng
54346c05-eaa8-4359-a14c-a5370553151e,OPay,no bad experience so far...,5,2026-09-25,Google Play,Customer Review,https://play.google.com/store/apps/details?id=team.opay.pay&hl=en&gl=ng
9b7146d5-3884-468b-8cff-25ca1defd9ad,OPay,the best,5,2026-09-25,Google Play,Customer Review,https://play.google.com/store/apps/details?id=team.opay.pay&hl=en&gl=ng
60b39bde-1466-4894-ae89-4cf6e7c55bb0,OPay,very good to partner with,5,2026-09-25,Google Play,Customer Review,https://play.google.com/store/apps/details?id=team.opay.pay&hl=en&gl=ng
6a8d4f3b-72ed-44e2-9103-00f2a9059ce3,OPay,amazing,5,2026-09-25,Google Play,Customer Review,https://play.google.com/store/apps/details?id=team.opay.pay&hl=en&gl=ng
f02d1cda-312b-4085-931b-e73b4aca7f6a,OPay,"opay reliable and fast in transaction,love u opay",5,2026-09-25,Google Play,Customer Review,https://play.google.com/store/apps/details?id=team.opay.pay&hl=en&gl=ng
4e83749a-8eac-45b4-bb3c-d8e87242765f,OPay,the best and Easy banking App👍👌,5,2026-09-25,Google Play,Customer Review,https://play.google.com/store/apps/details?id=team.opay.pay&hl=en&gl=ng
dada3521-6edf-486f-af26-e0caafd02f2a,OPay,Can't say much but opay or nothing. The best among the best,4,2026-09-25,Google Play,Customer Review,https://play.google.com/store/apps/details?id=team.opay.pay&hl=en&gl=ng
398d90a8-9826-45f9-96be-b4f1589ff656,OPay,one of the best apps I have ever used,5,2026-09-25,Google Play,Customer Review,https://play.google.com/store/apps/details?id=team.opay.pay&hl=en&gl=ng
e502e3ff-30c1-492b-bc72-5603f75226de,OPay,app is a good app but for the past 72 hr I have been unable to long into it's mobile app. I don't know if there's any technical glitch or issue currently ongoing but please do well to fix immediately,3,2026-09-25,Google Play,Customer Review,https://play.google.com/store/apps/details?id=team.opay.pay&hl=en&gl=ng
421e0b18-137a-4fc1-a487-426a8c8741e1,OPay,good app,1,2026-09-25,Google Play,Customer Review,https://play.google.com/store/apps/details?id=team.opay.pay&hl=en&gl=ng
e4744a4c-054f-429a-ac9a-20dc9259e7f7,OPay,"I have been enjoying a smooth transaction with OPay, especially the cyber security features, it's outstanding compared to some big commercial banks.",5,2026-09-25,Google Play,Customer Review,https://play.google.com/store/apps/details?id=team.opay.pay&hl=en&gl=ng
77028cc1-02f2-4162-8388-27fcc4a60df9,OPay,I love this app so much ❤️🙌,5,2026-09-25,Google Play,Customer Review,https://play.google.com/store/apps/details?id=team.opay.pay&hl=en&gl=ng
8af992d1-e2b4-42db-8ca2-65346068cde3,OPay,"Opay is the best among all, keep on doing the excellent job",5,2026-09-25,Google Play,Customer Review,https://play.google.com/store/apps/details?id=team.opay.pay&hl=en&gl=ng
d2a483eb-d5c4-4822-8376-0d1753b175ec,OPay,Very easy to use and user friendly. I'm happy that in the update you can categorize the type of payment. Will definitely help in analysis. ♥️♥️,5,2026-09-25,Google Play,Customer Review,https://play.google.com/store/apps/details?id=team.opay.pay&hl=en&gl=ng
03786409-55a2-485d-853e-6a93866b027d,OPay,"this App is reliable , fast and convenient infact I don't have any problems at all kudos to you people.",5,2026-09-25,Google Play,Customer Review,https://play.google.com/store/apps/details?id=team.opay.pay&hl=en&gl=ng
0bf18d7e-7f25-4637-9cd8-640433a8c1a8,OPay,excellent app for banking and fast operating,5,2026-09-25,Google Play,Customer Review,https://play.google.com/store/apps/details?id=team.opay.pay&hl=en&gl=ng
5407a19e-be0f-4b80-beca-ce7ba947a2cb,OPay,opay is more than banking,5,2026-09-25,Google Play,Customer Review,https://play.google.com/store/apps/details?id=team.opay.pay&hl=en&gl=ng
2c8251c9-8976-4054-9b6d-e1f51e6260f8,OPay,Brilliant service,5,2026-09-25,Google Play,Customer Review,https://play.google.com/store/apps/details?id=team.opay.pay&hl=en&gl=ng
b6cee9a1-c748-4ebe-8c99-8e15016c347a,OPay,Easy to access and secure,5,2026-09-25,Google Play,Customer Review,https://play.google.com/store/apps/details?id=team.opay.pay&hl=en&gl=ng
7b942ee0-0e86-406c-a767-08a60425b040,OPay,it was always give me joy 😊,5,2026-09-25,Google Play,Customer Review,https://play.google.com/store/apps/details?id=team.opay.pay&hl=en&gl=ng
7e921ea5-090f-4014-b39d-a9513eb09e2c,OPay,Very efficient,5,2026-09-25,Google Play,Customer Review,https://play.google.com/store/apps/details?id=team.opay.pay&hl=en&gl=ng
3ec5f440-86ab-41ca-bdca-b549f682324b,OPay,you guys are doing well in Nigeria economy,5,2026-09-25,Google Play,Customer Review,https://play.google.com/store/apps/details?id=team.opay.pay&hl=en&gl=ng
0a683b7c-a81f-440e-9663-31b931e4a925,OPay,Opay the best good and reliable,5,2026-09-25,Google Play,Customer Review,https://play.google.com/store/apps/details?id=team.opay.pay&hl=en&gl=ng
dd14452a-f743-493a-aecc-61cef700c55b,OPay,fast and transaction,5,2026-09-25,Google Play,Customer Review,https://play.google.com/store/apps/details?id=team.opay.pay&hl=en&gl=ng
d5af630f-ac50-4aef-a87b-e777166ff6ad,OPay,You guys are doing so great but your loan rates are too high for your customers,5,2026-09-25,Google Play,Customer Review,https://play.google.com/store/apps/details?id=team.opay.pay&hl=en&gl=ng
8ac50977-8a6a-4fbe-95b3-ae7f10f007ad,OPay,Good App 👌,5,2026-09-25,Google Play,Customer Review,https://play.google.com/store/apps/details?id=team.opay.pay&hl=en&gl=ng
80008b79-010f-4ddf-bac6-851c44251be2,OPay,great app for fast transactions,5,2026-09-25,Google Play,Customer Review,https://play.google.com/store/apps/details?id=team.opay.pay&hl=en&gl=ng
46f617dd-3390-45b5-9bca-d1aed759178f,OPay,it's just the best,5,2026-09-25,Google Play,Customer Review,https://play.google.com/store/apps/details?id=team.opay.pay&hl=en&gl=ng
dc1908da-d58b-4e1c-9f59-d6f147692f52,OPay,🥰🥰 am short of words 😁,5,2026-09-25,Google Play,Customer Review,https://play.google.com/store/apps/details?id=team.opay.pay&hl=en&gl=ng
6d919303-6a99-4d91-b3f1-9a1a48092089,OPay,Sweetest,5,2026-09-25,Google Play,Customer Review,https://play.google.com/store/apps/details?id=team.opay.pay&hl=en&gl=ng
b568bab9-8d07-4909-bf76-6f3e748b7477,OPay,"Opay has been good for a long time, but has recently become annoying. Why can't I make transfers to a regular account? You make it impossible to continue after being verified all in the name of security. it's like you will need to include a list of trusted accounts and make transactions smooth otherwise, you may lose customers because others are also complaining. My 5 stars has dropped to 3.",3,2026-09-25,Google Play,Customer Review,https://play.google.com/store/apps/details?id=team.opay.pay&hl=en&gl=ng
cdd98871-032a-4065-8a65-1c92edee0fbb,OPay,"very nice, fast and reliable app. Opay is the best",5,2026-09-25,Google Play,Customer Review,https://play.google.com/store/apps/details?id=team.opay.pay&hl=en&gl=ng
41f1e421-c78d-47e6-8a9b-963ea8ee6d0c,OPay,one of the best App in Nigeria kudos 👏 💐 to opay 💯,5,2026-09-25,Google Play,Customer Review,https://play.google.com/store/apps/details?id=team.opay.pay&hl=en&gl=ng
3c27d92c-82c9-4152-83bc-e5471af1930d,OPay,"Opay is the best online banking,no stress, how can I rate it 100 stars 🤩",5,2026-09-25,Google Play,Customer Review,https://play.google.com/store/apps/details?id=team.opay.pay&hl=en&gl=ng
a0a30aaf-9431-4833-a84b-0fe28a6896e4,OPay,"A very nice app with smooth interface, transactions are seamless and smooth as well",5,2026-09-25,Google Play,Customer Review,https://play.google.com/store/apps/details?id=team.opay.pay&hl=en&gl=ng
800f9b27-dc91-44cb-83e8-f7b6eba7180c,OPay,only 2 two banks in Nigeria: Opay and others.,5,2026-09-25,Google Play,Customer Review,https://play.google.com/store/apps/details?id=team.opay.pay&hl=en&gl=ng
4e41a7da-afd1-40bf-bbe8-878fec18775e,OPay,supreme,5,2026-09-25,Google Play,Customer Review,https://play.google.com/store/apps/details?id=team.opay.pay&hl=en&gl=ng
a64537d5-62f5-42ab-9189-63c0590b3b95,OPay,Ukasha dauda,1,2026-09-25,Google Play,Customer Review,https://play.google.com/store/apps/details?id=team.opay.pay&hl=en&gl=ng
903b5482-ca3e-40b8-bf15-f4b22ac99d79,OPay,very easy and reliable as always,5,2026-09-25,Google Play,Customer Review,https://play.google.com/store/apps/details?id=team.opay.pay&hl=en&gl=ng
3f5fad6d-4e2c-4a02-8098-d11fb710452a,OPay,impressive,5,2026-09-25,Google Play,Customer Review,https://play.google.com/store/apps/details?id=team.opay.pay&hl=en&gl=ng
1ba65dc8-3084-49bf-99cb-45a50ccf61c0,OPay,"interesting, close to perfection in service.",4,2026-09-25,Google Play,Customer Review,https://play.google.com/store/apps/details?id=team.opay.pay&hl=en&gl=ng
8a05bd1f-70d5-4475-9a2c-69f86f7ca0d1,OPay,SANIMIHMAD,3,2026-09-25,Google Play,Customer Review,https://play.google.com/store/apps/details?id=team.opay.pay&hl=en&gl=ng
bc355c77-f842-44b3-8813-abbd787f6419,OPay,I need my opay back,5,2026-09-25,Google Play,Customer Review,https://play.google.com/store/apps/details?id=team.opay.pay&hl=en&gl=ng
5ce4ffe7-05ad-4bc6-a9e1-cc6bafc37978,OPay,Fantastic payment app for local transactions,5,2026-09-25,Google Play,Customer Review,https://play.google.com/store/apps/details?id=team.opay.pay&hl=en&gl=ng
696a597b-6e73-4741-ae7f-6604c6053211,OPay,opay is exceptional. opay has made banking system easy to use with no stress involve. Most importantly it has a high level of securing your bank account.,5,2026-09-25,Google Play,Customer Review,https://play.google.com/store/apps/details?id=team.opay.pay&hl=en&gl=ng
1238da49-8e94-4882-9ff7-47e861468254,OPay,the best banking app,5,2026-09-25,Google Play,Customer Review,https://play.google.com/store/apps/details?id=team.opay.pay&hl=en&gl=ng
a470a099-1ce4-4958-b250-cfcf2cd50494,OPay,opay is the best like I mean the best keep it up 👏,5,2026-09-25,Google Play,Customer Review,https://play.google.com/store/apps/details?id=team.opay.pay&hl=en&gl=ng
6bdc2f5e-c072-4cb7-952d-af38bac4dfa5,OPay,Premium experience all the way.,5,2026-09-25,Google Play,Customer Review,https://play.google.com/store/apps/details?id=team.opay.pay&hl=en&gl=ng
8f2b27e7-a183-47fb-90fc-7749628ec522,OPay,Fantastic,5,2026-09-25,Google Play,Customer Review,https://play.google.com/store/apps/details?id=team.opay.pay&hl=en&gl=ng
e13d91f3-a4ce-48e3-8bff-93e7b269d9da,OPay,Easy transfer Easy deposit so reliable but I can't still upgrade my to tier 3 dues to network issue,5,2026-09-25,Google Play,Customer Review,https://play.google.com/store/apps/details?id=team.opay.pay&hl=en&gl=ng
d53d3c3d-e267-491a-a64b-247085cd066f,OPay,good,5,2026-09-25,Google Play,Customer Review,https://play.google.com/store/apps/details?id=team.opay.pay&hl=en&gl=ng
5b63aeeb-b537-492a-8453-4f443a603a66,OPay,"awesome experience. stress free transactions, please keep up the good work",5,2026-09-25,Google Play,Customer Review,https://play.google.com/store/apps/details?id=team.opay.pay&hl=en&gl=ng
2554cecc-971e-4574-870a-6f5bd175ce72,OPay,great experience,5,2026-09-25,Google Play,Customer Review,https://play.google.com/store/apps/details?id=team.opay.pay&hl=en&gl=ng
8cc31bc9-02b3-4be9-9351-2d77f995e007,OPay,The transfer process with OPAY is very quick at both end.,5,2026-09-25,Google Play,Customer Review,https://play.google.com/store/apps/details?id=team.opay.pay&hl=en&gl=ng
0d53d5fd-e4c5-48a4-b0b2-15c806d59f5d,OPay,active,5,2026-09-25,Google Play,Customer Review,https://play.google.com/store/apps/details?id=team.opay.pay&hl=en&gl=ng
9361f83d-d33b-442b-8550-7967ac317be3,OPay,fast and reliable,5,2026-09-25,Google Play,Customer Review,https://play.google.com/store/apps/details?id=team.opay.pay&hl=en&gl=ng
a2e9c5bb-c40b-4026-a275-796d205c9548,OPay,I love the app it always gives me what I want what do people should stop collecting charges,5,2026-09-25,Google Play,Customer Review,https://play.google.com/store/apps/details?id=team.opay.pay&hl=en&gl=ng
b102d88b-45d5-4f8f-95fa-aee6466e36a4,OPay,Very good and okay opay,5,2026-09-25,Google Play,Customer Review,https://play.google.com/store/apps/details?id=team.opay.pay&hl=en&gl=ng
1d523ed6-7479-41a7-851f-a5af3fd83293,OPay,doing great,5,2026-09-25,Google Play,Customer Review,https://play.google.com/store/apps/details?id=team.opay.pay&hl=en&gl=ng
b5f1f43c-edfd-43e3-aef4-db22b9914873,OPay,very cool,5,2026-09-25,Google Play,Customer Review,https://play.google.com/store/apps/details?id=team.opay.pay&hl=en&gl=ng
ed0dc056-a818-437c-8753-14b658270614,OPay,it is fast and reliable,5,2026-09-25,Google Play,Customer Review,https://play.google.com/store/apps/details?id=team.opay.pay&hl=en&gl=ng
4376c775-956b-46c2-836c-af33e93e8c8b,OPay,fast and Reliable,5,2026-09-25,Google Play,Customer Review,https://play.google.com/store/apps/details?id=team.opay.pay&hl=en&gl=ng
844dbbd2-d917-4168-803f-a50bb23069bc,OPay,Omor e dey good sha,5,2026-09-25,Google Play,Customer Review,https://play.google.com/store/apps/details?id=team.opay.pay&hl=en&gl=ng
d7f3d010-aa90-4f04-95cd-71b3cf72d077,OPay,"opay is good and reliable, test and trust",5,2026-09-25,Google Play,Customer Review,https://play.google.com/store/apps/details?id=team.opay.pay&hl=en&gl=ng
160fb261-f116-4920-9e4f-c27a5b8cf757,OPay,Thank you opay,5,2026-09-25,Google Play,Customer Review,https://play.google.com/store/apps/details?id=team.opay.pay&hl=en&gl=ng
3fd05212-7f26-4cb3-bc25-77f4e8f2ae38,OPay,♥️♥️♥️♥️♥️♥️,5,2026-09-25,Google Play,Customer Review,https://play.google.com/store/apps/details?id=team.opay.pay&hl=en&gl=ng
8a165fc8-e4e7-4379-8283-b5823b7e22cc,OPay,opay is perfect I am enjoying this bank,5,2026-09-25,Google Play,Customer Review,https://play.google.com/store/apps/details?id=team.opay.pay&hl=en&gl=ng
aab54bb0-2f5f-4972-bdd7-f8fe6ec559a9,OPay,great,4,2026-09-25,Google Play,Customer Review,https://play.google.com/store/apps/details?id=team.opay.pay&hl=en&gl=ng
e4ff3b36-22c9-4854-9234-2b37fca736ed,OPay,"This app takes too long to connect to the internet. I used to enjoy using OPay because of its fast and smooth service, but ever since I upgraded the app to the new version, I’ve been experiencing the exact opposite. It takes forever to connect, and even after it finally connects, it can take almost 30 minutes to complete a transaction. If not for the fact that I don’t like Moniepoint’s policies, I would have switched to Moniepoint and stopped using OPay altogether.",1,2026-09-25,Google Play,Customer Review,https://play.google.com/store/apps/details?id=team.opay.pay&hl=en&gl=ng
1cb5b3fb-fb07-4f9c-90aa-f6a7091d4c5f,OPay,it is a good and quick app to transfer cash. I like it. The app is very transparent in its operation.,5,2026-09-25,Google Play,Customer Review,https://play.google.com/store/apps/details?id=team.opay.pay&hl=en&gl=ng
3b640afc-43e9-4561-ab36-026d813a1684,OPay,The best in Nigeria so far.,5,2026-09-25,Google Play,Customer Review,https://play.google.com/store/apps/details?id=team.opay.pay&hl=en&gl=ng
029baa0e-1038-4b38-9904-9e840bd24508,OPay,superb,5,2026-09-25,Google Play,Customer Review,https://play.google.com/store/apps/details?id=team.opay.pay&hl=en&gl=ng
c6acf813-c307-4af7-9014-e3e481514902,OPay,It's a great wallet that I can boldly recommend to everyone of us to use,5,2026-09-25,Google Play,Customer Review,https://play.google.com/store/apps/details?id=team.opay.pay&hl=en&gl=ng
2cf4fb46-fb59-48ec-8db4-cf3e7f848d2b,OPay,"Apart from the fast and reliable transfers, the ease of payment when making purchases is great. even international commerce sites",5,2026-09-25,Google Play,Customer Review,https://play.google.com/store/apps/details?id=team.opay.pay&hl=en&gl=ng
8c4bb96a-b130-44c1-addf-0a2edb93496c,OPay,"..,.best of its kind.",5,2026-09-25,Google Play,Customer Review,https://play.google.com/store/apps/details?id=team.opay.pay&hl=en&gl=ng
2aecd32f-8370-409e-9890-cc039a6d2ccc,OPay,very reliable,5,2026-09-25,Google Play,Customer Review,https://play.google.com/store/apps/details?id=team.opay.pay&hl=en&gl=ng
ef968f8d-bfe1-46bf-9935-f6af6394ffff,OPay,was reliable and ok to use,5,2026-09-25,Google Play,Customer Review,https://play.google.com/store/apps/details?id=team.opay.pay&hl=en&gl=ng
d385c08c-c0c7-4512-885d-59bc47c8ec71,OPay,My experience is wonderful no description need just that new look on the user interface is not it doesn't look good the original was better now some things are unnecessarily small and some big,5,2026-09-25,Google Play,Customer Review,https://play.google.com/store/apps/details?id=team.opay.pay&hl=en&gl=ng
86c17306-8b02-421b-b666-32304f7cb0f3,OPay,just one star,1,2026-09-25,Google Play,Customer Review,https://play.google.com/store/apps/details?id=team.opay.pay&hl=en&gl=ng
7e7e4ad3-9fb1-49a1-b568-9c4c912df8d0,OPay,more than a bank,5,2026-09-25,Google Play,Customer Review,https://play.google.com/store/apps/details?id=team.opay.pay&hl=en&gl=ng
db318d0d-d9b0-4fd1-ab6b-413c37c5c75e,OPay,so far it has been awesome banking with opay pls do keep it up and upgrade much more better and stronger,5,2026-09-25,Google Play,Customer Review,https://play.google.com/store/apps/details?id=team.opay.pay&hl=en&gl=ng
d7772fc4-41a7-4742-9780-cfb976a8f4ff,OPay,Uses less data,5,2026-09-25,Google Play,Customer Review,https://play.google.com/store/apps/details?id=team.opay.pay&hl=en&gl=ng
e2b68ed1-afbd-4e17-aa04-2573c525b206,OPay,"Dear OPay Customer Service, I am writing to formally report and request an urgent investigation into a serious discrepancy concerning the balance and transactions on my OPay account. I carefully reviewed my account statement and noticed a transaction/balance discrepancy that I believe requires OPay's immediate reconciliations  I therefore request that OPay provide a complete transaction reconciliation showing, step by step: 4. Whether any amount was temporarily held, deducted, reversed, or m",3,2026-09-25,Google Play,Customer Review,https://play.google.com/store/apps/details?id=team.opay.pay&hl=en&gl=ng
d0396343-7442-4ae7-bf55-78893dca110e,OPay,Amazing app so far but the company needs to keep to their promise when it comes to responding to requests of account statements. it took two months before I was sent mine. I couldn't use it for what I wanted to use it for then! kindly work on that. Thank you 🤝,4,2026-09-25,Google Play,Customer Review,https://play.google.com/store/apps/details?id=team.opay.pay&hl=en&gl=ng
53f41fd8-8b79-438b-a66d-e44d6b19739e,OPay,The best among the digital banks in NG. OPay handles disputes well with feedback.,5,2026-09-25,Google Play,Customer Review,https://play.google.com/store/apps/details?id=team.opay.pay&hl=en&gl=ng
5baa70c0-d613-4ea7-8331-6703aa817f7e,OPay,App keeps crashing,5,2026-09-25,Google Play,Customer Review,https://play.google.com/store/apps/details?id=team.opay.pay&hl=en&gl=ng
0c9c3ab4-109f-4d76-aa48-4141a405d1fa,OPay,very very nice app,5,2026-09-25,Google Play,Customer Review,https://play.google.com/store/apps/details?id=team.opay.pay&hl=en&gl=ng
3299b651-1e9e-420d-b124-1fd2a4e9370e,OPay,"Amazing Banking App, it's been a great experience with this App, 👍👍👍👍👍 Why do I get this message that THIS APP IS BO LONGER COMPATIBLE WITH YOUR DEVICE. CONTACT THE DEVELOPERS FOR MORE INFO.",4,2026-09-25,Google Play,Customer Review,https://play.google.com/store/apps/details?id=team.opay.pay&hl=en&gl=ng
9a2aa47b-5c17-4fc2-874f-052fb9035af3,OPay,I can't borrow money from it,5,2026-09-25,Google Play,Customer Review,https://play.google.com/store/apps/details?id=team.opay.pay&hl=en&gl=ng
c4d77f09-a403-490e-83a7-48c295153225,OPay,Opay simply the best,5,2026-09-25,Google Play,Customer Review,https://play.google.com/store/apps/details?id=team.opay.pay&hl=en&gl=ng
320bc680-e1ce-4eac-94fe-9a70d73a792a,OPay,This app is so good with everything 😎 very fast and reliable,5,2026-09-25,Google Play,Customer Review,https://play.google.com/store/apps/details?id=team.opay.pay&hl=en&gl=ng
851809a9-336b-4e00-8ee8-97efcdc825fe,OPay,I so much love this app because it helps me for fast transaction,5,2026-09-25,Google Play,Customer Review,https://play.google.com/store/apps/details?id=team.opay.pay&hl=en&gl=ng
0860ec03-fb20-4c31-973e-1104d8f8eb52,OPay,Yes pollock I like it,5,2026-09-25,Google Play,Customer Review,https://play.google.com/store/apps/details?id=team.opay.pay&hl=en&gl=ng
561994c6-1368-4db6-b79d-f596f6ef0e90,OPay,I want to update my opay,5,2026-09-25,Google Play,Customer Review,https://play.google.com/store/apps/details?id=team.opay.pay&hl=en&gl=ng
c0592eec-04c4-4efc-8473-0708c4c042c9,OPay,satisfactory,5,2026-09-25,Google Play,Customer Review,https://play.google.com/store/apps/details?id=team.opay.pay&hl=en&gl=ng
83409951-d6e4-48f7-a120-a55b9a41fee2,OPay,China player and get free access I enjoy open ever since I don't open,5,2026-09-25,Google Play,Customer Review,https://play.google.com/store/apps/details?id=team.opay.pay&hl=en&gl=ng
dec1085a-f0f8-458e-a1e9-77b0c4ea6b70,OPay,Cool,1,2026-09-25,Google Play,Customer Review,https://play.google.com/store/apps/details?id=team.opay.pay&hl=en&gl=ng
41086852-2222-4ad6-b246-f4c989704f28,OPay,pure transfer,5,2026-09-25,Google Play,Customer Review,https://play.google.com/store/apps/details?id=team.opay.pay&hl=en&gl=ng
b550339c-73aa-4a9f-b238-4bb05bc938a7,OPay,"OPay is a very convenient and reliable app. Transfers are fast, and the services are easy to use. I really appreciate the improvements they continue to make. I would love to see OPay add health insurance and lock savings options. These would make the app even more useful and help users save and protect themselves financially.",5,2026-09-25,Google Play,Customer Review,https://play.google.com/store/apps/details?id=team.opay.pay&hl=en&gl=ng
3837be44-79e4-44df-80ec-e604678a0aaa,OPay,You guys are doing fu**king great 👍. I hope you keep it up,5,2026-09-25,Google Play,Customer Review,https://play.google.com/store/apps/details?id=team.opay.pay&hl=en&gl=ng
24094fb1-de12-4038-8b81-37c580c406a0,OPay,I love opay,5,2026-09-25,Google Play,Customer Review,https://play.google.com/store/apps/details?id=team.opay.pay&hl=en&gl=ng
271e17b4-a5f5-4918-8b38-2a70021a3f66,OPay,always best,5,2026-09-25,Google Play,Customer Review,https://play.google.com/store/apps/details?id=team.opay.pay&hl=en&gl=ng
3bf2d5e1-4514-4708-9f40-1c92ef172192,OPay,The transactions are quick,5,2026-09-25,Google Play,Customer Review,https://play.google.com/store/apps/details?id=team.opay.pay&hl=en&gl=ng
6659b99e-b8fa-46e4-973f-7e36f77d5431,OPay,OPay is good app ever,5,2026-09-24,Google Play,Customer Review,https://play.google.com/store/apps/details?id=team.opay.pay&hl=en&gl=ng
8b180f3d-31f7-4be9-ae12-f72002daad0c,OPay,fastest nd reliable,5,2026-09-24,Google Play,Customer Review,https://play.google.com/store/apps/details?id=team.opay.pay&hl=en&gl=ng
83b04ef6-4f01-45b2-ada3-048bcc445ec6,OPay,abubakar muhammed gero Takalafiya,5,2026-09-24,Google Play,Customer Review,https://play.google.com/store/apps/details?id=team.opay.pay&hl=en&gl=ng
e1a725ed-75ac-4910-8d3a-51b591f59663,OPay,this app is very good 👍,5,2026-09-24,Google Play,Customer Review,https://play.google.com/store/apps/details?id=team.opay.pay&hl=en&gl=ng
0ab68f09-d009-4a81-9323-40096c1faaee,OPay,"I noticed that the balance icon was reduced, pls take it back to the bigger icon.",3,2026-09-24,Google Play,Customer Review,https://play.google.com/store/apps/details?id=team.opay.pay&hl=en&gl=ng
9f7278e0-84f0-48c6-85cc-197cc4483b05,OPay,"Opay teaches you financial literacy.... if you don't learn money especially as an entrepreneur , you could never save .... that's where Opay steps in .... Opay is bae 😍 ❤️",5,2026-09-24,Google Play,Customer Review,https://play.google.com/store/apps/details?id=team.opay.pay&hl=en&gl=ng
86edcaf6-620b-475b-bfa4-ce149719561a,OPay,like it,5,2026-09-24,Google Play,Customer Review,https://play.google.com/store/apps/details?id=team.opay.pay&hl=en&gl=ng
2ed8113f-fbcd-4e29-8d50-0c58c1ec0b20,OPay,Best,5,2026-09-24,Google Play,Customer Review,https://play.google.com/store/apps/details?id=team.opay.pay&hl=en&gl=ng
87bf2aaa-002d-4ba8-aab4-a86b2d4dd851,OPay,amazing 🤩,5,2026-09-24,Google Play,Customer Review,https://play.google.com/store/apps/details?id=team.opay.pay&hl=en&gl=ng
c33674c6-13ba-42b4-82bc-b16b95c05460,OPay,you guys are cool,5,2026-09-24,Google Play,Customer Review,https://play.google.com/store/apps/details?id=team.opay.pay&hl=en&gl=ng
2f33a0e2-76d8-4fb0-bd07-47368c724afb,OPay,awesome,5,2026-09-24,Google Play,Customer Review,https://play.google.com/store/apps/details?id=team.opay.pay&hl=en&gl=ng
d730fa29-7fd2-40a6-b69e-43b87a963e9b,OPay,the best bank,5,2026-09-24,Google Play,Customer Review,https://play.google.com/store/apps/details?id=team.opay.pay&hl=en&gl=ng
a07785ea-c204-4df3-87af-7dcc70757fff,OPay,Good app,5,2026-09-24,Google Play,Customer Review,https://play.google.com/store/apps/details?id=team.opay.pay&hl=en&gl=ng
bab89a2c-48ff-4e42-8597-370b31f360c7,OPay,"The Opay service is top notch and their live support chat is doing something different. No hidden charges, reverse pending payment,give transaction history without stress and always update users on the information that truly matters. More grace 🙏 and cheers.",5,2026-09-24,Google Play,Customer Review,https://play.google.com/store/apps/details?id=team.opay.pay&hl=en&gl=ng
1dc39630-3abe-4d93-b668-7fdebba47956,OPay,it's very easy to use and fast,5,2026-09-24,Google Play,Customer Review,https://play.google.com/store/apps/details?id=team.opay.pay&hl=en&gl=ng
4af04321-a762-4ac7-832c-5681cb853ba3,OPay,very fast,5,2026-09-24,Google Play,Customer Review,https://play.google.com/store/apps/details?id=team.opay.pay&hl=en&gl=ng
90b63446-f094-46f8-ac59-cf0c728f8b32,OPay,Excellent,5,2026-09-24,Google Play,Customer Review,https://play.google.com/store/apps/details?id=team.opay.pay&hl=en&gl=ng
b67566da-eb63-44c6-8ff9-90c7c7c85b51,OPay,GARBAMOHMMAD,5,2026-09-24,Google Play,Customer Review,https://play.google.com/store/apps/details?id=team.opay.pay&hl=en&gl=ng
6e1bf2ea-537a-4265-a5e3-796037bc9142,OPay,delay in opening.,3,2026-09-24,Google Play,Customer Review,https://play.google.com/store/apps/details?id=team.opay.pay&hl=en&gl=ng
dc1c0b24-79b2-4d55-89c0-69c3b6e27219,OPay,good,5,2026-09-24,Google Play,Customer Review,https://play.google.com/store/apps/details?id=team.opay.pay&hl=en&gl=ng
79cf37f4-6e81-4713-b92f-1fa93df6ee74,OPay,"I love this app like mad, cuz no stress",5,2026-09-24,Google Play,Customer Review,https://play.google.com/store/apps/details?id=team.opay.pay&hl=en&gl=ng
1d834f62-898c-4ebc-914c-5cd06cf89dd6,OPay,"I love the enemy, flexibility and confident am getting from Opay banking services.",5,2026-09-24,Google Play,Customer Review,https://play.google.com/store/apps/details?id=team.opay.pay&hl=en&gl=ng
7eed2ba6-d8bc-42da-94c9-af2ecf46954d,OPay,"They charged my account for subscription and it never reflected on YouTube music I told them they told me it was sent and it was never sent, they charge me excessively I contacted their support but they are too stupid and said they can't so anything. They are bunch of thieves I'll be sueing them pretty soon. Am coming for you. imagine I placed 1 million in the account and that would have been how they would have wiped my account clean right 😤.",1,2026-09-24,Google Play,Customer Review,https://play.google.com/store/apps/details?id=team.opay.pay&hl=en&gl=ng
45abcdae-7170-4d40-9046-0c4de2075f84,OPay,one of the best online apps ever love it so much ooo ❤️,5,2026-09-24,Google Play,Customer Review,https://play.google.com/store/apps/details?id=team.opay.pay&hl=en&gl=ng
2de97b54-555c-4631-adcb-f7d7c11f7870,OPay,since I started using this app I haven't regret having a bank with them 💯💯💯,5,2026-09-24,Google Play,Customer Review,https://play.google.com/store/apps/details?id=team.opay.pay&hl=en&gl=ng
c9e407f7-0c05-4d5a-a978-e9f3f40aa37b,OPay,I love opay app,5,2026-09-24,Google Play,Customer Review,https://play.google.com/store/apps/details?id=team.opay.pay&hl=en&gl=ng
d5364605-2a64-4e9c-afd8-fd87b5b511a4,OPay,gud,4,2026-09-24,Google Play,Customer Review,https://play.google.com/store/apps/details?id=team.opay.pay&hl=en&gl=ng
36130720-01d6-4491-a000-a188d5863950,OPay,All good,5,2026-09-24,Google Play,Customer Review,https://play.google.com/store/apps/details?id=team.opay.pay&hl=en&gl=ng
e9975aab-d4dd-41ce-888b-84a4ad07a874,OPay,very good.,5,2026-09-24,Google Play,Customer Review,https://play.google.com/store/apps/details?id=team.opay.pay&hl=en&gl=ng
d383c0db-69df-40e2-b268-945def1d5293,OPay,Opay is Okay 👍,5,2026-09-24,Google Play,Customer Review,https://play.google.com/store/apps/details?id=team.opay.pay&hl=en&gl=ng
086c17c0-4fae-4032-acdf-4e27958f7d47,OPay,easy and reliable,5,2026-09-24,Google Play,Customer Review,https://play.google.com/store/apps/details?id=team.opay.pay&hl=en&gl=ng
1eef4d9b-3e73-43f8-bf95-84fbb22bc752,OPay,i love the app its good it fast and reliable,5,2026-09-24,Google Play,Customer Review,https://play.google.com/store/apps/details?id=team.opay.pay&hl=en&gl=ng
f48a7c2d-704f-4fdb-8460-fffa08f55a37,OPay,"nice app , very fast & reliable, but sometimes your electricity network is frustrating. Please improve your electricity network.",5,2026-09-24,Google Play,Customer Review,https://play.google.com/store/apps/details?id=team.opay.pay&hl=en&gl=ng
4dcc900b-b0f7-4c9c-a5be-3c72cb426177,OPay,very good,5,2026-09-24,Google Play,Customer Review,https://play.google.com/store/apps/details?id=team.opay.pay&hl=en&gl=ng
1be07544-c26c-4da1-b211-7112b5de953e,OPay,The Opay app is more than just a banking experience. It takes care of a lot of my personal business transactions with ease with bonuses... one of a kind application,5,2026-09-24,Google Play,Customer Review,https://play.google.com/store/apps/details?id=team.opay.pay&hl=en&gl=ng
4a546e68-8dcf-4f55-a7d0-b71e9a4403d1,OPay,very very good you guys are the best,5,2026-09-24,Google Play,Customer Review,https://play.google.com/store/apps/details?id=team.opay.pay&hl=en&gl=ng
f88d2721-c490-48ee-8f23-5d42e1ce5cf0,OPay,good,5,2026-09-24,Google Play,Customer Review,https://play.google.com/store/apps/details?id=team.opay.pay&hl=en&gl=ng
b0a2c027-dd04-47d1-939f-bbd443a36c0a,OPay,"Very good, fast and reliable always",5,2026-09-24,Google Play,Customer Review,https://play.google.com/store/apps/details?id=team.opay.pay&hl=en&gl=ng
9fc3cee1-c070-4852-bdb8-9b41846481c9,OPay,good to me so quickly and I love it,4,2026-09-24,Google Play,Customer Review,https://play.google.com/store/apps/details?id=team.opay.pay&hl=en&gl=ng
ca5db6dc-2daf-48da-ba85-06f2f08bb06a,OPay,I love opay,5,2026-09-24,Google Play,Customer Review,https://play.google.com/store/apps/details?id=team.opay.pay&hl=en&gl=ng
4b07f5ac-9e4c-4d1c-bb5b-4a8fdb991ec7,OPay,top notch,5,2026-09-24,Google Play,Customer Review,https://play.google.com/store/apps/details?id=team.opay.pay&hl=en&gl=ng
14f03fd3-b2fe-4e79-ae32-bddd598ffd95,OPay,fast in delivering,5,2026-09-24,Google Play,Customer Review,https://play.google.com/store/apps/details?id=team.opay.pay&hl=en&gl=ng
e14be513-ec30-44e0-9aff-28477012fe80,OPay,getting better but taking my 10$ for each transaction,3,2026-09-24,Google Play,Customer Review,https://play.google.com/store/apps/details?id=team.opay.pay&hl=en&gl=ng
5c7c8595-6fed-4d4b-a66a-fed5cd48bdd0,OPay,I love Opay is a good bank,5,2026-09-24,Google Play,Customer Review,https://play.google.com/store/apps/details?id=team.opay.pay&hl=en&gl=ng
cad39a43-1308-489c-a76f-2afa66c622bd,OPay,good person,5,2026-09-24,Google Play,Customer Review,https://play.google.com/store/apps/details?id=team.opay.pay&hl=en&gl=ng
621f9e18-b35d-4cfb-9bdb-6c4466d2efff,OPay,wonderful app,1,2026-09-24,Google Play,Customer Review,https://play.google.com/store/apps/details?id=team.opay.pay&hl=en&gl=ng
5ab5b83f-54b1-4e46-8272-3624f4b7a21f,OPay,"l have a great experience with this application, your money is safe with opay",5,2026-09-24,Google Play,Customer Review,https://play.google.com/store/apps/details?id=team.opay.pay&hl=en&gl=ng
2c33210b-c98e-4b35-82da-6d2108429d89,OPay,The service was perfect. I enjoyed quick transaction. Complaint was attended to without any delay.,5,2026-09-24,Google Play,Customer Review,https://play.google.com/store/apps/details?id=team.opay.pay&hl=en&gl=ng
5fdd20cd-c32f-44a0-aba4-0110a09e7966,OPay,"Opay is the best, this is more than banking...0 stress",5,2026-09-24,Google Play,Customer Review,https://play.google.com/store/apps/details?id=team.opay.pay&hl=en&gl=ng
3bfc29b6-c452-40c7-b2f1-7351d92f1e3f,OPay,i so love the app,5,2026-09-24,Google Play,Customer Review,https://play.google.com/store/apps/details?id=team.opay.pay&hl=en&gl=ng
17435b4f-9557-4ea5-9467-db99be9dc42e,OPay,I really love this app. it makes transactions easier,4,2026-09-24,Google Play,Customer Review,https://play.google.com/store/apps/details?id=team.opay.pay&hl=en&gl=ng
3ad7e123-ed72-486c-b56b-68c55d4ad3ec,OPay,"Excellent customer service. So much in love with this app, no stress at all. Very smooth running of transaction",5,2026-09-24,Google Play,Customer Review,https://play.google.com/store/apps/details?id=team.opay.pay&hl=en&gl=ng
255a867a-ab97-4088-a173-2388602babbc,OPay,niceapp,5,2026-09-24,Google Play,Customer Review,https://play.google.com/store/apps/details?id=team.opay.pay&hl=en&gl=ng
acdb88fd-89b5-4dfa-9600-7aff156b8909,OPay,excellent,5,2026-09-24,Google Play,Customer Review,https://play.google.com/store/apps/details?id=team.opay.pay&hl=en&gl=ng
d18e461b-c887-49f3-82dd-bbeacfe042a8,OPay,super great,5,2026-09-24,Google Play,Customer Review,https://play.google.com/store/apps/details?id=team.opay.pay&hl=en&gl=ng
ca26765a-d323-4f61-8e35-90e8b7b36633,OPay,wonderful and stress free,4,2026-09-24,Google Play,Customer Review,https://play.google.com/store/apps/details?id=team.opay.pay&hl=en&gl=ng
7f16fa6e-dca4-47db-b4d4-2e4e1acf28e8,OPay,100% good and reliable,5,2026-09-24,Google Play,Customer Review,https://play.google.com/store/apps/details?id=team.opay.pay&hl=en&gl=ng
cd8c02a3-1d66-48de-86fd-9d526d8319b6,OPay,good,5,2026-09-24,Google Play,Customer Review,https://play.google.com/store/apps/details?id=team.opay.pay&hl=en&gl=ng
787db381-fd82-4ca7-9c4f-6b013b3b0b77,OPay,super good 👌,5,2026-09-24,Google Play,Customer Review,https://play.google.com/store/apps/details?id=team.opay.pay&hl=en&gl=ng
cd33ae1b-06f4-48ca-a802-d5dfffa8a146,OPay,"The best thing to happen to the banking sector in Nigeria is Opay. Amazing Bank, Amazing services. Keep growing. Just one thing to pay attention to, pls reduce yiur interest rates for your loans.",5,2026-09-24,Google Play,Customer Review,https://play.google.com/store/apps/details?id=team.opay.pay&hl=en&gl=ng
cebfa147-1095-4044-bac9-cfd9ccdb0653,OPay,247 satisfaction no wahala for me and family na Opay we dey .,5,2026-09-24,Google Play,Customer Review,https://play.google.com/store/apps/details?id=team.opay.pay&hl=en&gl=ng
fa54a174-151e-410b-a031-ba778e88733a,OPay,great,5,2026-09-24,Google Play,Customer Review,https://play.google.com/store/apps/details?id=team.opay.pay&hl=en&gl=ng
b0a21039-a9fc-4123-b3a0-24a6d8542aeb,OPay,fast and reliable buh them no borrow me money sha,5,2026-09-24,Google Play,Customer Review,https://play.google.com/store/apps/details?id=team.opay.pay&hl=en&gl=ng
a3606f46-0594-4e94-a031-d43a86d8baaa,OPay,"This app makes daily transaction as a student amazing, Thank you Opay",5,2026-09-24,Google Play,Customer Review,https://play.google.com/store/apps/details?id=team.opay.pay&hl=en&gl=ng
c85d9532-ac83-4c71-8cdf-db0d6173fd00,OPay,the app is reliable and dependable,5,2026-09-24,Google Play,Customer Review,https://play.google.com/store/apps/details?id=team.opay.pay&hl=en&gl=ng
d73572d1-5d8f-4614-bc6f-75891b6e103c,OPay,thank you,5,2026-09-24,Google Play,Customer Review,https://play.google.com/store/apps/details?id=team.opay.pay&hl=en&gl=ng
750560e7-db97-4c94-b9b7-7aea187fd8bd,OPay,The Goat 🐐💯👌,5,2026-09-24,Google Play,Customer Review,https://play.google.com/store/apps/details?id=team.opay.pay&hl=en&gl=ng
60c425ec-81b2-4a03-949d-e66c10d08ef1,OPay,keep doing the work.,5,2026-09-24,Google Play,Customer Review,https://play.google.com/store/apps/details?id=team.opay.pay&hl=en&gl=ng
663911f6-74ed-4a76-8c25-3252f1532827,OPay,I love opay,5,2026-09-24,Google Play,Customer Review,https://play.google.com/store/apps/details?id=team.opay.pay&hl=en&gl=ng
4b497fc3-48b7-4ae1-8314-28dcc0144b7c,OPay,"Opay is simply the best, smarter than the smartest, world can't do with out you, we love you.",5,2026-09-24,Google Play,Customer Review,https://play.google.com/store/apps/details?id=team.opay.pay&hl=en&gl=ng
a2e48b10-4dab-47d6-9fec-2ce31ce0bee6,OPay,The Best among the best I will suggest you add crypto related on opay too or maybe saving or investing in USD or other foreign exchanges as it will help onboard more users and versatility hope you pay attention to this suggestions cause soon everything will soon be tokenized and digitalized I still love the App regardlessly,5,2026-09-24,Google Play,Customer Review,https://play.google.com/store/apps/details?id=team.opay.pay&hl=en&gl=ng
0ab81218-c648-4b5c-8dbd-aeb70a901654,OPay,wow my guys app nml nml wlh haryanzu ina matukar son opay fa,3,2026-09-24,Google Play,Customer Review,https://play.google.com/store/apps/details?id=team.opay.pay&hl=en&gl=ng
5f7e7e53-05b6-4beb-be45-268bfa5457bc,OPay,so good and nice,5,2026-09-24,Google Play,Customer Review,https://play.google.com/store/apps/details?id=team.opay.pay&hl=en&gl=ng
97ec59b8-7a01-4e95-afc8-482ee0526533,OPay,you too much,5,2026-09-24,Google Play,Customer Review,https://play.google.com/store/apps/details?id=team.opay.pay&hl=en&gl=ng
ff41d5ce-bd8c-43eb-8ac3-186b1ee17bae,OPay,ina jin dadin app,5,2026-09-24,Google Play,Customer Review,https://play.google.com/store/apps/details?id=team.opay.pay&hl=en&gl=ng
a0fed050-f996-4ef8-a353-6d1f4266483c,OPay,"I specifically chose the option of transferring my ""spend and save"" to my ""O'wealth"" but you went ahead to automatically and forcefully send it to safe box. And why put a live chat option on your app when it never ever responds to questions? That is how I cancelled my daily savings to Safe box and instead of ending it, you now charge me twice a day! I don't think I'll be doing this with you guys anymore.",1,2026-09-24,Google Play,Customer Review,https://play.google.com/store/apps/details?id=team.opay.pay&hl=en&gl=ng
010b2704-ca2b-4857-9ee5-2d5c3f11d9b7,OPay,easy to used,5,2026-09-24,Google Play,Customer Review,https://play.google.com/store/apps/details?id=team.opay.pay&hl=en&gl=ng
dda71ec5-6781-444d-af53-5fb664734953,OPay,Lovely app,5,2026-09-24,Google Play,Customer Review,https://play.google.com/store/apps/details?id=team.opay.pay&hl=en&gl=ng
7d6cec8d-1342-4bb2-aee2-db93d35734b3,OPay,1) Updating the app has greatly improved now. Kudos. 2) Good Job ! Keep it up.,5,2026-09-24,Google Play,Customer Review,https://play.google.com/store/apps/details?id=team.opay.pay&hl=en&gl=ng
0ced2edd-63f3-446f-9119-73e8570948b7,OPay,very good,5,2026-09-24,Google Play,Customer Review,https://play.google.com/store/apps/details?id=team.opay.pay&hl=en&gl=ng
b92d9db1-2521-48ac-a312-850c8631b045,OPay,excellent,5,2026-09-24,Google Play,Customer Review,https://play.google.com/store/apps/details?id=team.opay.pay&hl=en&gl=ng
682e5f61-d7bb-47c1-ac07-3bd9ade5e0e5,OPay,easy always.... excellent work,5,2026-09-24,Google Play,Customer Review,https://play.google.com/store/apps/details?id=team.opay.pay&hl=en&gl=ng
cf939722-5431-42ee-84bb-614b9b6f20b7,OPay,Nice experience 😁,5,2026-09-24,Google Play,Customer Review,https://play.google.com/store/apps/details?id=team.opay.pay&hl=en&gl=ng
7175f681-6853-48ef-b31c-c59f4c7e0612,OPay,"I just love opay, I never regret dealing with you all my transaction alway in smooth and easy way. but one more thing I want from Opay they should upgrade to the rank of getting their opay Master Card, I have your virtual card which i tried to use for online transaction but they rejected it that is not a master card.. I will be so glad if opay should upgrade themselves in giving master card that means you will be 100% every where...I love opay. thanks",5,2026-09-24,Google Play,Customer Review,https://play.google.com/store/apps/details?id=team.opay.pay&hl=en&gl=ng
47554348-5367-4ebc-9b6c-c3f78559470f,OPay,opay is at the top of them all,5,2026-09-24,Google Play,Customer Review,https://play.google.com/store/apps/details?id=team.opay.pay&hl=en&gl=ng
ed0855df-7f9f-43dc-b5ff-149aee01f11a,OPay,"I so much love your service, The best online banking that you can reply on anytime. thank you so much for this APP",5,2026-09-24,Google Play,Customer Review,https://play.google.com/store/apps/details?id=team.opay.pay&hl=en&gl=ng
7a5c12ea-84fe-4e9e-bdce-ba872de51302,OPay,This app has not failed to deliver since I started using it. So I am giving it all the 5 💫⭐🌟✨.,5,2026-09-24,Google Play,Customer Review,https://play.google.com/store/apps/details?id=team.opay.pay&hl=en&gl=ng
c1f4a9e6-7339-446a-8472-10c50b284f55,OPay,good,5,2026-09-24,Google Play,Customer Review,https://play.google.com/store/apps/details?id=team.opay.pay&hl=en&gl=ng
22984c75-062c-436a-b29c-bb08d8ec35e9,OPay,"beautiful experience with you,no network failures,fast and very reliable,keep it up",5,2026-09-24,Google Play,Customer Review,https://play.google.com/store/apps/details?id=team.opay.pay&hl=en&gl=ng
69cccbf9-5bef-4582-809d-0f68e4e0439f,OPay,very nice app with seamless navigation i love the app and recommend it to everyone to explore,5,2026-09-24,Google Play,Customer Review,https://play.google.com/store/apps/details?id=team.opay.pay&hl=en&gl=ng
925b712e-3992-444a-a706-dfd36ef16bb2,OPay,done,5,2026-09-24,Google Play,Customer Review,https://play.google.com/store/apps/details?id=team.opay.pay&hl=en&gl=ng
47eda940-d430-4d95-9a02-de816d743c8d,OPay,Nice,5,2026-09-24,Google Play,Customer Review,https://play.google.com/store/apps/details?id=team.opay.pay&hl=en&gl=ng
cc99a3b3-4ac7-45cc-8569-1e2685c0361d,OPay,perfect app; best of its kind.,5,2026-09-24,Google Play,Customer Review,https://play.google.com/store/apps/details?id=team.opay.pay&hl=en&gl=ng
067633cf-c605-4e56-81be-fc6537b40966,OPay,Flash,5,2026-09-24,Google Play,Customer Review,https://play.google.com/store/apps/details?id=team.opay.pay&hl=en&gl=ng
175cadf5-4daf-45d5-90aa-c3b9b897a246,OPay,excellent,4,2026-09-24,Google Play,Customer Review,https://play.google.com/store/apps/details?id=team.opay.pay&hl=en&gl=ng
c8b3c53a-fe25-4d50-9e45-a600a37ba5ee,OPay,best apps,5,2026-09-24,Google Play,Customer Review,https://play.google.com/store/apps/details?id=team.opay.pay&hl=en&gl=ng
ab1c2cde-7b3f-4004-bd5a-a9e7fd8d6e1c,OPay,great,5,2026-09-24,Google Play,Customer Review,https://play.google.com/store/apps/details?id=team.opay.pay&hl=en&gl=ng
0eb3a75c-9f2d-4779-a5c0-f7583dc52cef,OPay,not bad,1,2026-09-24,Google Play,Customer Review,https://play.google.com/store/apps/details?id=team.opay.pay&hl=en&gl=ng
476f07a7-a25b-408b-a58e-60365f4afde2,OPay,please I made a payment from my opay to gossip harbor I bought some online and I make payments the money left my account but I didn't receive what I brought so I I've learnt complain in the game app they said no payment received I should go to my bank up till now no refund,1,2026-09-24,Google Play,Customer Review,https://play.google.com/store/apps/details?id=team.opay.pay&hl=en&gl=ng
6afabe29-8a67-4557-8f8b-21df6d453c93,OPay,I love Opay till thy kingdom come You really made life easier,5,2026-09-24,Google Play,Customer Review,https://play.google.com/store/apps/details?id=team.opay.pay&hl=en&gl=ng
3f6582d2-4099-4c4f-8afa-f229c8ff7eee,OPay,i love this application.... china's product,4,2026-09-24,Google Play,Customer Review,https://play.google.com/store/apps/details?id=team.opay.pay&hl=en&gl=ng
831fadd0-60f4-4722-89b1-78a7359ca670,OPay,Very fast and easy interface,5,2026-09-24,Google Play,Customer Review,https://play.google.com/store/apps/details?id=team.opay.pay&hl=en&gl=ng
c945e62b-cf28-445a-8db5-7d101de942e4,OPay,its good,5,2026-09-24,Google Play,Customer Review,https://play.google.com/store/apps/details?id=team.opay.pay&hl=en&gl=ng
19438f30-e607-4d03-99a7-4fc9c877f92e,OPay,good app,5,2026-09-24,Google Play,Customer Review,https://play.google.com/store/apps/details?id=team.opay.pay&hl=en&gl=ng
93d73119-2398-421b-9f25-1408f6e8dc9e,OPay,I love opay is fast and secure,5,2026-09-24,Google Play,Customer Review,https://play.google.com/store/apps/details?id=team.opay.pay&hl=en&gl=ng
2b1d5a75-4278-4f78-b83f-0a07d832f8d4,OPay,kunsan komai nufin allahne kumakomai sai. Allah yanufa mu agurinmu musulmai kenan Amma komi dakukagani anan duniya yanadafarkokuma yanadakarshe karkumantadahaka nidaman banataba mantawa dahakan rayuwata kuma dukyanda danadamyakaiyakawo sayasami Wani abun daydamehe tokmarhaka dai kaiyanzuhaka meyadameka inajiran amsa haryanzu kugani bamai iyabani wannan amsar zawon Loka ci tokmarhaka innazauna tsawo Loka I nakedauka inatinani kafinna gabatar da Abu kuma karkuyi tsammani cewa zanbakumamaki Akanh,5,2026-09-24,Google Play,Customer Review,https://play.google.com/store/apps/details?id=team.opay.pay&hl=en&gl=ng
bc5e8444-1f2e-4593-8ad5-ee0f00d29275,OPay,"Opay is the best in everything no bank comes closer, Opay for life",5,2026-09-24,Google Play,Customer Review,https://play.google.com/store/apps/details?id=team.opay.pay&hl=en&gl=ng
5ffe7c1a-d9b3-4062-babf-f57bdfd0a6e6,OPay,Good,4,2026-09-24,Google Play,Customer Review,https://play.google.com/store/apps/details?id=team.opay.pay&hl=en&gl=ng
01e15205-8e66-49ed-abfe-3f75dabc3e87,OPay,it fast and reliable,5,2026-09-24,Google Play,Customer Review,https://play.google.com/store/apps/details?id=team.opay.pay&hl=en&gl=ng
e0191835-917b-4a35-be97-920e9719d1c0,OPay,satisfactory,5,2026-09-24,Google Play,Customer Review,https://play.google.com/store/apps/details?id=team.opay.pay&hl=en&gl=ng
3e82074c-4dee-424a-95d2-f16ca87599f8,OPay,best among equal,5,2026-09-24,Google Play,Customer Review,https://play.google.com/store/apps/details?id=team.opay.pay&hl=en&gl=ng
1edccc02-a856-4eac-8089-9a1412309df1,OPay,The app has been amazing so far,5,2026-09-24,Google Play,Customer Review,https://play.google.com/store/apps/details?id=team.opay.pay&hl=en&gl=ng
367bddb4-570f-40d8-838c-691cd8cb70da,OPay,good 👍,5,2026-09-24,Google Play,Customer Review,https://play.google.com/store/apps/details?id=team.opay.pay&hl=en&gl=ng
a73ca3c8-6886-43a8-bd78-b97f3c13839a,OPay,fast and reliable,5,2026-09-24,Google Play,Customer Review,https://play.google.com/store/apps/details?id=team.opay.pay&hl=en&gl=ng
9d4f633f-a333-4a05-bb0a-c8e0035407c2,OPay,💯,5,2026-09-24,Google Play,Customer Review,https://play.google.com/store/apps/details?id=team.opay.pay&hl=en&gl=ng
94896233-a2e2-49ec-9c64-9cb1703667ae,OPay,"Opay service is superb, it worth 5 star, but four them.",4,2026-09-24,Google Play,Customer Review,https://play.google.com/store/apps/details?id=team.opay.pay&hl=en&gl=ng
ffdedbd7-1c4a-4933-a029-bb47a0a783d6,OPay,i love this app,5,2026-09-24,Google Play,Customer Review,https://play.google.com/store/apps/details?id=team.opay.pay&hl=en&gl=ng
65ebb345-8df0-4b30-9cf9-9d485dd6fab3,OPay,it part felt and its good for us,5,2026-09-24,Google Play,Customer Review,https://play.google.com/store/apps/details?id=team.opay.pay&hl=en&gl=ng
93053a21-8d6d-4aa3-989e-630fa0a23af7,OPay,this app is the bestttt,5,2026-09-24,Google Play,Customer Review,https://play.google.com/store/apps/details?id=team.opay.pay&hl=en&gl=ng
2da8d711-e470-4007-b841-f8822a202901,OPay,A very good app,5,2026-09-24,Google Play,Customer Review,https://play.google.com/store/apps/details?id=team.opay.pay&hl=en&gl=ng
c569030f-dc84-4675-809a-9b53e1381309,OPay,so cool it's makes everything easy,5,2026-09-24,Google Play,Customer Review,https://play.google.com/store/apps/details?id=team.opay.pay&hl=en&gl=ng
4c82171a-4468-4dd8-b7aa-38dc72299e0f,OPay,the app is a good app opay is the best,5,2026-09-24,Google Play,Customer Review,https://play.google.com/store/apps/details?id=team.opay.pay&hl=en&gl=ng
90074002-7ff9-4958-a240-913a43c0c357,OPay,good,5,2026-09-24,Google Play,Customer Review,https://play.google.com/store/apps/details?id=team.opay.pay&hl=en&gl=ng
cbe60e49-ddf4-499d-b260-8907a7ce03d2,OPay,"I just want to make a comment on your latest update. The previous version is more optimal than the current version. There is an urgent need to review this version. These icons are bigger, and a lot more.",5,2026-09-24,Google Play,Customer Review,https://play.google.com/store/apps/details?id=team.opay.pay&hl=en&gl=ng
95dcc0c7-010e-409a-94fa-67ae987c2708,OPay,really good,5,2026-09-24,Google Play,Customer Review,https://play.google.com/store/apps/details?id=team.opay.pay&hl=en&gl=ng
03d9fed2-74b2-4010-93a5-2c719ef97732,OPay,amazing app for amazing people 🥰😘,5,2026-09-24,Google Play,Customer Review,https://play.google.com/store/apps/details?id=team.opay.pay&hl=en&gl=ng
86be893b-94b3-4bc6-8dd8-0f43197d6593,OPay,trust worldly and reliable,5,2026-09-24,Google Play,Customer Review,https://play.google.com/store/apps/details?id=team.opay.pay&hl=en&gl=ng
5f329065-4879-48ad-aa36-837cf197c577,OPay,fast,5,2026-09-24,Google Play,Customer Review,https://play.google.com/store/apps/details?id=team.opay.pay&hl=en&gl=ng
872f30f1-ef34-4817-ba87-2c40895eaa36,OPay,its a good app to use,5,2026-09-24,Google Play,Customer Review,https://play.google.com/store/apps/details?id=team.opay.pay&hl=en&gl=ng
94a83641-f891-49e9-bb2f-15054e1ad789,OPay,so amazing 😍,5,2026-09-24,Google Play,Customer Review,https://play.google.com/store/apps/details?id=team.opay.pay&hl=en&gl=ng
39037987-d0b8-4735-834a-a6a24943793a,OPay,exceptional,5,2026-09-24,Google Play,Customer Review,https://play.google.com/store/apps/details?id=team.opay.pay&hl=en&gl=ng
19c03e6c-f2ba-477e-9cc3-362d4405e620,OPay,My helper when broke,4,2026-09-24,Google Play,Customer Review,https://play.google.com/store/apps/details?id=team.opay.pay&hl=en&gl=ng
13dd9b66-d6ad-4292-97d9-c9b316b91524,OPay,Perfect for banking,5,2026-09-24,Google Play,Customer Review,https://play.google.com/store/apps/details?id=team.opay.pay&hl=en&gl=ng
4ad61c83-f3b2-438a-9f63-517e18fb3c76,OPay,very good app and 100% transfer success rate,5,2026-09-24,Google Play,Customer Review,https://play.google.com/store/apps/details?id=team.opay.pay&hl=en&gl=ng
d0bb95de-ad7d-4dad-87ca-daf5e91bee2b,OPay,thank,5,2026-09-24,Google Play,Customer Review,https://play.google.com/store/apps/details?id=team.opay.pay&hl=en&gl=ng
ec7b6cd9-50da-483d-a230-6e3f619d929f,OPay,Excellent service.,5,2026-09-24,Google Play,Customer Review,https://play.google.com/store/apps/details?id=team.opay.pay&hl=en&gl=ng
8f54b0e4-2b35-4e04-9b53-d19c48435283,OPay,they have one of the best service,4,2026-09-24,Google Play,Customer Review,https://play.google.com/store/apps/details?id=team.opay.pay&hl=en&gl=ng
5f0b2d4e-6eba-45ce-96f9-333e4d87e8b5,OPay,very fast and trustworthy,5,2026-09-24,Google Play,Customer Review,https://play.google.com/store/apps/details?id=team.opay.pay&hl=en&gl=ng
d2f4a1b2-7220-403e-b6f5-875c899db34e,OPay,Great app,5,2026-09-24,Google Play,Customer Review,https://play.google.com/store/apps/details?id=team.opay.pay&hl=en&gl=ng
7a38b075-7942-48da-812e-38078c878e6c,OPay,"As far as online transaction remains a thing, Opay is doing the upper best.",5,2026-09-24,Google Play,Customer Review,https://play.google.com/store/apps/details?id=team.opay.pay&hl=en&gl=ng
fa6422f3-290e-42a6-882c-61e1454aa3ec,OPay,excellent,4,2026-09-24,Google Play,Customer Review,https://play.google.com/store/apps/details?id=team.opay.pay&hl=en&gl=ng
609dcb02-8f66-478f-9e7c-1632201bc8bc,OPay,Good app to use,5,2026-09-24,Google Play,Customer Review,https://play.google.com/store/apps/details?id=team.opay.pay&hl=en&gl=ng
c3a6cc82-5061-4061-b0ac-85f22c0281e3,OPay,very reliable and trusted 💯,5,2026-09-24,Google Play,Customer Review,https://play.google.com/store/apps/details?id=team.opay.pay&hl=en&gl=ng
566ef8f1-3243-45c0-9f6f-2252825f1495,OPay,very reliable and support my business growth,5,2026-09-24,Google Play,Customer Review,https://play.google.com/store/apps/details?id=team.opay.pay&hl=en&gl=ng
f3b530cd-4ccb-46c9-ae0f-f1ac2226cf4e,OPay,OPAY IS OKAY !,5,2026-09-24,Google Play,Customer Review,https://play.google.com/store/apps/details?id=team.opay.pay&hl=en&gl=ng
b81e8346-739c-401e-a145-1552eac7fc50,OPay,opay is 100% reliable,5,2026-09-24,Google Play,Customer Review,https://play.google.com/store/apps/details?id=team.opay.pay&hl=en&gl=ng
89aad068-54c0-4e1e-b206-5389f59e09b3,OPay,awesome,5,2026-09-24,Google Play,Customer Review,https://play.google.com/store/apps/details?id=team.opay.pay&hl=en&gl=ng
544453f6-b598-4e30-84a0-06763d7f38ac,OPay,please reduce the amount of virtual card creation please for God's sake reduce it to 200 or 300,5,2026-09-24,Google Play,Customer Review,https://play.google.com/store/apps/details?id=team.opay.pay&hl=en&gl=ng
81e68f97-dc62-46b4-9764-ca68a6b162dc,OPay,Good,5,2026-09-24,Google Play,Customer Review,https://play.google.com/store/apps/details?id=team.opay.pay&hl=en&gl=ng
472ddd5f-15a9-4b37-adba-8c3a0dd3aee7,OPay,best of the best,5,2026-09-24,Google Play,Customer Review,https://play.google.com/store/apps/details?id=team.opay.pay&hl=en&gl=ng
c997e783-1056-42ac-a985-a781e55a19de,OPay,Excellent service,5,2026-09-24,Google Play,Customer Review,https://play.google.com/store/apps/details?id=team.opay.pay&hl=en&gl=ng
900fff9a-45c4-4073-8908-66cd591ae08e,OPay,100% secure and sweet,5,2026-09-24,Google Play,Customer Review,https://play.google.com/store/apps/details?id=team.opay.pay&hl=en&gl=ng
09191956-60d6-4628-9de6-d43b57fc5da0,OPay,fantastic app,5,2026-09-24,Google Play,Customer Review,https://play.google.com/store/apps/details?id=team.opay.pay&hl=en&gl=ng
040f6803-317b-4e46-b531-9178c04906dc,OPay,please you people should work on electricity plan it's very poor and frustrating,5,2026-09-24,Google Play,Customer Review,https://play.google.com/store/apps/details?id=team.opay.pay&hl=en&gl=ng
13054b60-cce4-43f6-acb4-93fab405ba2a,OPay,best bank in Nigeria 🇳🇬 👏,5,2026-09-24,Google Play,Customer Review,https://play.google.com/store/apps/details?id=team.opay.pay&hl=en&gl=ng
d02599c5-2f51-487c-85a1-4894aa973edb,OPay,exemptional and unimaginable experience,5,2026-09-24,Google Play,Customer Review,https://play.google.com/store/apps/details?id=team.opay.pay&hl=en&gl=ng
2cd3da5f-6a88-4703-a878-97c93ffcfda2,OPay,good,5,2026-09-24,Google Play,Customer Review,https://play.google.com/store/apps/details?id=team.opay.pay&hl=en&gl=ng
52a77fef-1a05-4cd7-ae4a-9ddeacbb6af0,OPay,the best app ever very easy to use no problems with transactions,5,2026-09-24,Google Play,Customer Review,https://play.google.com/store/apps/details?id=team.opay.pay&hl=en&gl=ng
e6da09a3-a01c-41ba-a6c9-bb6a7870e829,OPay,it's a good app and it's the best banking app for now,5,2026-09-24,Google Play,Customer Review,https://play.google.com/store/apps/details?id=team.opay.pay&hl=en&gl=ng
f235775a-c4a4-4286-9ede-eebeac5d8dc2,OPay,good 👍 app group chat and the rest are differential data but🤑💰🥳,5,2026-09-24,Google Play,Customer Review,https://play.google.com/store/apps/details?id=team.opay.pay&hl=en&gl=ng
b63dd8bf-4d59-4873-8987-647aa2526cf0,OPay,perfect,5,2026-09-24,Google Play,Customer Review,https://play.google.com/store/apps/details?id=team.opay.pay&hl=en&gl=ng
8f4e38ca-9de0-44ae-a03f-a70e58213f52,OPay,Opay is the best. Thank you so much,5,2026-09-24,Google Play,Customer Review,https://play.google.com/store/apps/details?id=team.opay.pay&hl=en&gl=ng
410f8591-16d5-4073-b226-297f834b2bec,OPay,good,5,2026-09-24,Google Play,Customer Review,https://play.google.com/store/apps/details?id=team.opay.pay&hl=en&gl=ng
2c7296e1-e386-4da0-942c-990aae598fa8,OPay,Good,5,2026-09-24,Google Play,Customer Review,https://play.google.com/store/apps/details?id=team.opay.pay&hl=en&gl=ng
9a7818b9-6f9c-42f3-9a68-aa96ec4326ee,OPay,Very okay and efficient,5,2026-09-24,Google Play,Customer Review,https://play.google.com/store/apps/details?id=team.opay.pay&hl=en&gl=ng
c85d6d8d-d06f-4004-8499-252b644b65e9,OPay,fast,5,2026-09-24,Google Play,Customer Review,https://play.google.com/store/apps/details?id=team.opay.pay&hl=en&gl=ng
14cbd3f3-3ada-4b58-8f14-8fad3c4815a3,OPay,awesome,5,2026-09-24,Google Play,Customer Review,https://play.google.com/store/apps/details?id=team.opay.pay&hl=en&gl=ng
e94a3e16-e2a1-4ef4-a8fa-ab61a602a773,OPay,good I love this,1,2026-09-24,Google Play,Customer Review,https://play.google.com/store/apps/details?id=team.opay.pay&hl=en&gl=ng
3fb5da35-9b90-407a-8adf-3443bc38eb69,OPay,opay is simply the best,5,2026-09-24,Google Play,Customer Review,https://play.google.com/store/apps/details?id=team.opay.pay&hl=en&gl=ng
98be2cb6-b776-4d9a-9fc9-cd4e3fc10b6a,OPay,Great,5,2026-09-24,Google Play,Customer Review,https://play.google.com/store/apps/details?id=team.opay.pay&hl=en&gl=ng
3d917c81-4d25-4bd1-90e6-dd8e59480cdf,OPay,"this is fantastic and reliable online banking, Everything was just easier and smoothly, I'm always happy that I was one of the OPAY usual users.",5,2026-09-24,Google Play,Customer Review,https://play.google.com/store/apps/details?id=team.opay.pay&hl=en&gl=ng
394c3f88-7dcb-4b7f-b255-dbcebfff33aa,OPay,wonderful opay is the best🥰🥰,5,2026-09-24,Google Play,Customer Review,https://play.google.com/store/apps/details?id=team.opay.pay&hl=en&gl=ng
c5afb4d2-93fd-4d76-9cba-1f2ab58a87db,OPay,fantastic bank,5,2026-09-24,Google Play,Customer Review,https://play.google.com/store/apps/details?id=team.opay.pay&hl=en&gl=ng
63832466-45f8-4bee-89de-8d970144f1fd,OPay,Great!,4,2026-09-24,Google Play,Customer Review,https://play.google.com/store/apps/details?id=team.opay.pay&hl=en&gl=ng
41568156-84cb-4bf2-a02c-3f846e0a3b2e,OPay,it was good,5,2026-09-24,Google Play,Customer Review,https://play.google.com/store/apps/details?id=team.opay.pay&hl=en&gl=ng
75a38d74-5c1d-40fb-bc64-12c5f59ae17e,OPay,Opay the number one Banking so Good to use,5,2026-09-24,Google Play,Customer Review,https://play.google.com/store/apps/details?id=team.opay.pay&hl=en&gl=ng
964af377-0edc-4e0c-a8be-f50c97583a23,OPay,I just love this app 💞,5,2026-09-24,Google Play,Customer Review,https://play.google.com/store/apps/details?id=team.opay.pay&hl=en&gl=ng
c04d0d6d-75f5-4f8f-8b6a-b8c47052c32a,OPay,Both you and your verve card are all thiefs. foolish thiefs. if I ever use una card do transaction again make I bend,1,2026-09-24,Google Play,Customer Review,https://play.google.com/store/apps/details?id=team.opay.pay&hl=en&gl=ng
08404c72-f588-48e8-9d71-4c5757d3dd6a,OPay,"THE FRAUDULENT LOAN APP EVER ,100k to pay 180k just for 120 days ,they are the criminals loan app l will never referred you loan app even to my enemies",1,2026-09-24,Google Play,Customer Review,https://play.google.com/store/apps/details?id=team.opay.pay&hl=en&gl=ng
0d1e5991-0d7e-4e7b-9244-8dd35b5c6bb2,OPay,JOHN NDANA,5,2026-09-24,Google Play,Customer Review,https://play.google.com/store/apps/details?id=team.opay.pay&hl=en&gl=ng
262f4f11-a42a-4bd5-aeb9-0530e0e6c70c,OPay,they make my day easier,5,2026-09-24,Google Play,Customer Review,https://play.google.com/store/apps/details?id=team.opay.pay&hl=en&gl=ng
dc98d565-e290-44cf-8953-cbd5afc71436,OPay,The easiest bank to ever be used...y'all the best!!!,5,2026-09-24,Google Play,Customer Review,https://play.google.com/store/apps/details?id=team.opay.pay&hl=en&gl=ng
f5b66306-ac2c-4f51-8e3f-04a2c48d4fd8,OPay,lovel,5,2026-09-24,Google Play,Customer Review,https://play.google.com/store/apps/details?id=team.opay.pay&hl=en&gl=ng
245c5de1-d9a7-437b-844c-d1ac54990b29,OPay,it's a good app,1,2026-09-24,Google Play,Customer Review,https://play.google.com/store/apps/details?id=team.opay.pay&hl=en&gl=ng
10adbccb-a943-4470-bf18-01bd4ce80fbb,OPay,"easie,made life easy",5,2026-09-24,Google Play,Customer Review,https://play.google.com/store/apps/details?id=team.opay.pay&hl=en&gl=ng
50d43a2e-b46b-41f0-9d9c-8a432effa6be,OPay,Erdoo Grace Sahchia,5,2026-09-24,Google Play,Customer Review,https://play.google.com/store/apps/details?id=team.opay.pay&hl=en&gl=ng
e4407fab-4f98-483d-816a-a62c51184299,OPay,very easy,4,2026-09-24,Google Play,Customer Review,https://play.google.com/store/apps/details?id=team.opay.pay&hl=en&gl=ng
ddaee8a1-99cc-4643-9de3-9f188fc4de22,OPay,Excellent performance 👏🥇,5,2026-09-24,Google Play,Customer Review,https://play.google.com/store/apps/details?id=team.opay.pay&hl=en&gl=ng
db30600b-7101-4dfa-8b2b-2420a72ad23b,OPay,it's reliable💯,5,2026-09-24,Google Play,Customer Review,https://play.google.com/store/apps/details?id=team.opay.pay&hl=en&gl=ng
f028b04f-b68f-4cda-a846-08a151b3fa27,OPay,Best of all time... Love it... opay is ok.✌🏼,5,2026-09-24,Google Play,Customer Review,https://play.google.com/store/apps/details?id=team.opay.pay&hl=en&gl=ng
9e86fa11-dd4a-4809-934f-c15c90d8d452,OPay,Best fintech app,5,2026-09-24,Google Play,Customer Review,https://play.google.com/store/apps/details?id=team.opay.pay&hl=en&gl=ng
b460c00b-2d3f-44c1-89b9-5bbfb05bbbec,OPay,very good 👍👍,5,2026-09-24,Google Play,Customer Review,https://play.google.com/store/apps/details?id=team.opay.pay&hl=en&gl=ng
28e1c584-cf12-4b8c-bff9-ca7067fc30da,OPay,very good 👍,5,2026-09-24,Google Play,Customer Review,https://play.google.com/store/apps/details?id=team.opay.pay&hl=en&gl=ng
500dc717-ec8d-47fc-952f-74ac756c9598,OPay,I love you ❤️❤️❤️ I miss you ❤️❤️❤️ my opay,5,2026-09-24,Google Play,Customer Review,https://play.google.com/store/apps/details?id=team.opay.pay&hl=en&gl=ng
e8dcf11f-f034-48bd-8a7f-c356a0fdd521,OPay,excellent 👍🏽,5,2026-09-24,Google Play,Customer Review,https://play.google.com/store/apps/details?id=team.opay.pay&hl=en&gl=ng
14daa1e0-f989-4818-b033-681a945cca05,OPay,"Opay is over good, I need additional 5 Star to give Opay making 10 stars. I love it💖💖💖💖💖💖💖💖💖💞💞💞",5,2026-09-24,Google Play,Customer Review,https://play.google.com/store/apps/details?id=team.opay.pay&hl=en&gl=ng
d0d64ce0-8d3a-45f6-b05a-b5f5f4cb1382,OPay,wonderful,5,2026-09-24,Google Play,Customer Review,https://play.google.com/store/apps/details?id=team.opay.pay&hl=en&gl=ng
eb1d1d12-a965-4269-ab13-64261d3fb810,OPay,best banking app,5,2026-09-24,Google Play,Customer Review,https://play.google.com/store/apps/details?id=team.opay.pay&hl=en&gl=ng
3e1f4747-9451-4fbc-b8f3-01866c77bd3b,OPay,This app has helped me a lot. I think God used this app to bless me. Thank you Opay,5,2026-09-24,Google Play,Customer Review,https://play.google.com/store/apps/details?id=team.opay.pay&hl=en&gl=ng
8e001c09-fedb-4790-8b13-7fddd5259255,OPay,Opay app is very Good and reliable keep it up,5,2026-09-24,Google Play,Customer Review,https://play.google.com/store/apps/details?id=team.opay.pay&hl=en&gl=ng
a400b734-eef0-476f-87f7-70be26d514ee,OPay,Good,5,2026-09-24,Google Play,Customer Review,https://play.google.com/store/apps/details?id=team.opay.pay&hl=en&gl=ng
b6ff0b43-f2fd-44a8-858d-9409af5db8c8,OPay,it's so easy to use this app and it do make me feel good,5,2026-09-24,Google Play,Customer Review,https://play.google.com/store/apps/details?id=team.opay.pay&hl=en&gl=ng
e22562b7-5613-4d9e-a398-024e53e61420,OPay,very good,5,2026-09-24,Google Play,Customer Review,https://play.google.com/store/apps/details?id=team.opay.pay&hl=en&gl=ng
af3c738d-06bf-430d-905c-3c82967aa542,OPay,confirm app👍,5,2026-09-24,Google Play,Customer Review,https://play.google.com/store/apps/details?id=team.opay.pay&hl=en&gl=ng
4196c120-2277-4702-b2b4-7b21d20082fd,OPay,smooth and seamless usage,5,2026-09-24,Google Play,Customer Review,https://play.google.com/store/apps/details?id=team.opay.pay&hl=en&gl=ng
a2ce206e-58ef-42fe-a7da-1ef1437b869e,OPay,one of my Best banking app,5,2026-09-24,Google Play,Customer Review,https://play.google.com/store/apps/details?id=team.opay.pay&hl=en&gl=ng
102456da-4044-436c-b53c-90f712afeacc,OPay,The best of all time,5,2026-09-24,Google Play,Customer Review,https://play.google.com/store/apps/details?id=team.opay.pay&hl=en&gl=ng
52d62658-bbc4-481c-8391-df4f600dba9b,OPay,no opay no mobile banking the even opay is a way of life,5,2026-09-24,Google Play,Customer Review,https://play.google.com/store/apps/details?id=team.opay.pay&hl=en&gl=ng
1092fb0a-1ecb-48f5-b777-b565b074f36e,OPay,it is very reliable,5,2026-09-24,Google Play,Customer Review,https://play.google.com/store/apps/details?id=team.opay.pay&hl=en&gl=ng
2c3a5c06-cd8c-49ad-abee-14c0f64ed7f6,OPay,love it,5,2026-09-24,Google Play,Customer Review,https://play.google.com/store/apps/details?id=team.opay.pay&hl=en&gl=ng
aa834c1c-2962-4ed7-a0f9-16682861abda,OPay,simply the best,5,2026-09-24,Google Play,Customer Review,https://play.google.com/store/apps/details?id=team.opay.pay&hl=en&gl=ng
b99ca826-7c38-4988-b304-2d3dfaa32097,OPay,Smartest Bank Ever,5,2026-09-24,Google Play,Customer Review,https://play.google.com/store/apps/details?id=team.opay.pay&hl=en&gl=ng
2018e5d9-7095-4208-97ac-99d6754bd998,OPay,"Opay is the best of them all,I like Opay, is Opay or nothing",5,2026-09-24,Google Play,Customer Review,https://play.google.com/store/apps/details?id=team.opay.pay&hl=en&gl=ng
8afde068-74ed-431d-928b-81b4de22d458,OPay,olalere taiwo,5,2026-09-24,Google Play,Customer Review,https://play.google.com/store/apps/details?id=team.opay.pay&hl=en&gl=ng
ddc408ca-c19d-430b-8c1c-ce5a90e2e3f7,OPay,extra perfect I really love it,5,2026-09-24,Google Play,Customer Review,https://play.google.com/store/apps/details?id=team.opay.pay&hl=en&gl=ng
30d63c86-0002-4324-9c82-e9dedf769e32,OPay,excellent,5,2026-09-24,Google Play,Customer Review,https://play.google.com/store/apps/details?id=team.opay.pay&hl=en&gl=ng
e3d9e8bd-cd25-40b0-afc1-911dbc5eeecc,OPay,opay providers a smooth user experience every single time. it's a great online banking app,5,2026-09-24,Google Play,Customer Review,https://play.google.com/store/apps/details?id=team.opay.pay&hl=en&gl=ng
ce60fba5-97e7-4533-9693-5494289a36ca,OPay,"Wonderful app for my money, just keeps getting better",5,2026-09-24,Google Play,Customer Review,https://play.google.com/store/apps/details?id=team.opay.pay&hl=en&gl=ng
316956a5-251e-4929-a0b0-9c2f505af81d,OPay,💯,1,2026-09-24,Google Play,Customer Review,https://play.google.com/store/apps/details?id=team.opay.pay&hl=en&gl=ng
804059cd-9273-4db0-ae59-3f3518be2a90,OPay,smooth user interface and always easy to use. Quick transfers and excellent customer service.,5,2026-09-24,Google Play,Customer Review,https://play.google.com/store/apps/details?id=team.opay.pay&hl=en&gl=ng
02ea0340-6f14-48d7-a970-98b0a3bd90e3,OPay,nice and efficient,5,2026-09-24,Google Play,Customer Review,https://play.google.com/store/apps/details?id=team.opay.pay&hl=en&gl=ng
56bd1553-2d11-4852-a5a7-76d9cf0956ad,OPay,more than a bank,5,2026-09-24,Google Play,Customer Review,https://play.google.com/store/apps/details?id=team.opay.pay&hl=en&gl=ng
9144b791-7008-4a32-8280-da147932e999,OPay,good,5,2026-09-24,Google Play,Customer Review,https://play.google.com/store/apps/details?id=team.opay.pay&hl=en&gl=ng
a5896047-d732-47f6-b44c-d497e83a67e5,OPay,fast and reliable 💯,5,2026-09-24,Google Play,Customer Review,https://play.google.com/store/apps/details?id=team.opay.pay&hl=en&gl=ng
540fbd92-2c3f-4e79-8199-1be892baaba5,OPay,It's superlative. Life is easy with Opay.,5,2026-09-24,Google Play,Customer Review,https://play.google.com/store/apps/details?id=team.opay.pay&hl=en&gl=ng
6bf8929b-8801-476d-a6ff-bea4a9cd7389,OPay,I am satisfied for opay may god protect you opay,5,2026-09-24,Google Play,Customer Review,https://play.google.com/store/apps/details?id=team.opay.pay&hl=en&gl=ng
ec7787f5-deeb-4015-97a3-400e7292e23f,OPay,opay is simply the best,5,2026-09-24,Google Play,Customer Review,https://play.google.com/store/apps/details?id=team.opay.pay&hl=en&gl=ng
863e684e-7890-4239-9a14-4c62938732c5,OPay,The best always.,5,2026-09-24,Google Play,Customer Review,https://play.google.com/store/apps/details?id=team.opay.pay&hl=en&gl=ng
0cde88c4-5c3a-4e69-8c1e-53c225a09612,OPay,The Best I've ever Used ✨✨💯,5,2026-09-24,Google Play,Customer Review,https://play.google.com/store/apps/details?id=team.opay.pay&hl=en&gl=ng
935a01bd-703c-4766-8abf-119929c150d2,OPay,top top,5,2026-09-24,Google Play,Customer Review,https://play.google.com/store/apps/details?id=team.opay.pay&hl=en&gl=ng
00b90f08-fd33-4da6-876b-5a61f9a31ca1,OPay,What a lovely Application 💗,5,2026-09-24,Google Play,Customer Review,https://play.google.com/store/apps/details?id=team.opay.pay&hl=en&gl=ng
fb62c13e-8861-430b-adb7-c2b6d72adac5,OPay,I am satisfied with you,5,2026-09-24,Google Play,Customer Review,https://play.google.com/store/apps/details?id=team.opay.pay&hl=en&gl=ng
ba99b1fa-850c-48d2-b90b-db9edfff23fe,OPay,best,5,2026-09-24,Google Play,Customer Review,https://play.google.com/store/apps/details?id=team.opay.pay&hl=en&gl=ng
e7c58204-4d78-40a9-852c-a6050e03e7b9,OPay,"easy,fast and perfect transaction with opay app. Had challenge? solution occurs forthwith.",5,2026-09-24,Google Play,Customer Review,https://play.google.com/store/apps/details?id=team.opay.pay&hl=en&gl=ng
b700ff5f-a797-4b76-aa10-0f7aaf4e4fd7,OPay,Superb Application. Second to none,5,2026-09-24,Google Play,Customer Review,https://play.google.com/store/apps/details?id=team.opay.pay&hl=en&gl=ng
70ea2204-cf0c-4636-8268-a656ff43a95f,OPay,good,5,2026-09-24,Google Play,Customer Review,https://play.google.com/store/apps/details?id=team.opay.pay&hl=en&gl=ng
e0ae61b5-410b-4291-86d8-457565c365f4,OPay,very good,5,2026-09-24,Google Play,Customer Review,https://play.google.com/store/apps/details?id=team.opay.pay&hl=en&gl=ng
51d0a494-e40f-41e4-9179-76f5224fa030,OPay,best online banking system and good customer service provider 🤩🤩🤩🤩🤩,5,2026-09-24,Google Play,Customer Review,https://play.google.com/store/apps/details?id=team.opay.pay&hl=en&gl=ng
c54d8a80-477e-4078-adcc-0126fcbccf17,OPay,"I so much like this app, it makes my transactions fast and efficient. Does not consume battery,easy to use and navigate and lighting speed. kudos ro your organisation.",5,2026-09-24,Google Play,Customer Review,https://play.google.com/store/apps/details?id=team.opay.pay&hl=en&gl=ng
009fd7a3-60db-4602-8ec3-732c16dd2e71,OPay,best,5,2026-09-24,Google Play,Customer Review,https://play.google.com/store/apps/details?id=team.opay.pay&hl=en&gl=ng
09a675e6-edec-4d32-b0a1-a659e96ba2f9,OPay,Good application and keep the good work going sky is ur limit,5,2026-09-24,Google Play,Customer Review,https://play.google.com/store/apps/details?id=team.opay.pay&hl=en&gl=ng
1f8df96f-18ea-416d-9d98-8fd3e54ca3e4,OPay,it's hard to sign up,1,2026-09-24,Google Play,Customer Review,https://play.google.com/store/apps/details?id=team.opay.pay&hl=en&gl=ng
01af9750-c35a-4a0c-bef1-b4ffb37a4a48,OPay,"opay has the way to make life easier , free Airtime",5,2026-09-24,Google Play,Customer Review,https://play.google.com/store/apps/details?id=team.opay.pay&hl=en&gl=ng
98e26aaf-2731-476b-a59a-713c0d6daa06,OPay,it's really great but at least there should be giveaway 😒,4,2026-09-24,Google Play,Customer Review,https://play.google.com/store/apps/details?id=team.opay.pay&hl=en&gl=ng
98e78b5d-6364-4035-9210-f1c111f0359a,OPay,a very good and safe banking app to trust with your money,5,2026-09-24,Google Play,Customer Review,https://play.google.com/store/apps/details?id=team.opay.pay&hl=en&gl=ng
aa597330-0ec8-473b-8003-b42952e36d72,OPay,Opay is okay joor,5,2026-09-24,Google Play,Customer Review,https://play.google.com/store/apps/details?id=team.opay.pay&hl=en&gl=ng
4fee82c2-2d87-4d8b-ad89-d2dad8579b56,OPay,great 👍,4,2026-09-24,Google Play,Customer Review,https://play.google.com/store/apps/details?id=team.opay.pay&hl=en&gl=ng
f7036e70-2b06-4535-af06-fa855c468cb0,OPay,Best of the best,5,2026-09-24,Google Play,Customer Review,https://play.google.com/store/apps/details?id=team.opay.pay&hl=en&gl=ng
e7de980d-d263-466d-9ae1-b40fc1cc8593,OPay,opay is simply the best but stopped giving loans one of the best loans you could ever get is with opay,5,2026-09-24,Google Play,Customer Review,https://play.google.com/store/apps/details?id=team.opay.pay&hl=en&gl=ng
c8184f87-dd67-4949-8f6b-e3173f339872,OPay,"SO FAR MY EXPERIENCE WITH OPAY IS THE BEST AS LONG AS ONLINE BANKING IS CONCERN, I LOVE THE WAY ISSUES OF FAILED TRANSACTION'S AS SETTLED WITHIN MINUTES.",5,2026-09-24,Google Play,Customer Review,https://play.google.com/store/apps/details?id=team.opay.pay&hl=en&gl=ng
52529bc4-edce-40d8-9ee9-67f85ff5c963,OPay,good,5,2026-09-24,Google Play,Customer Review,https://play.google.com/store/apps/details?id=team.opay.pay&hl=en&gl=ng
7a004b6b-a0e1-4172-a4f7-1211c55df770,OPay,fast and reliable,5,2026-09-24,Google Play,Customer Review,https://play.google.com/store/apps/details?id=team.opay.pay&hl=en&gl=ng
743112f0-bf12-4692-8369-0dbf356c6714,OPay,Very good 👍🏿. Fast and accurate,5,2026-09-24,Google Play,Customer Review,https://play.google.com/store/apps/details?id=team.opay.pay&hl=en&gl=ng
c4641bd9-e009-4e06-bf24-2d5c9c13a10b,OPay,good,5,2026-09-24,Google Play,Customer Review,https://play.google.com/store/apps/details?id=team.opay.pay&hl=en&gl=ng
1880e6cd-355e-4e66-ae3b-d3ed3fc3cc1b,OPay,Reliable,4,2026-09-24,Google Play,Customer Review,https://play.google.com/store/apps/details?id=team.opay.pay&hl=en&gl=ng
446b2553-35d2-45ca-b429-d3e66afe21e5,OPay,"very good app,very fast and swift no delay in transactions whatsoever",5,2026-09-24,Google Play,Customer Review,https://play.google.com/store/apps/details?id=team.opay.pay&hl=en&gl=ng
16162caa-c479-4d8e-b4eb-c2d2b2c49e8d,OPay,super nice,5,2026-09-24,Google Play,Customer Review,https://play.google.com/store/apps/details?id=team.opay.pay&hl=en&gl=ng
f5a56287-fd13-4f01-b132-e36e3a2b7b56,OPay,I love it,5,2026-09-24,Google Play,Customer Review,https://play.google.com/store/apps/details?id=team.opay.pay&hl=en&gl=ng
67232ccd-0d26-4ab9-95d1-7b9506d41052,OPay,I love Opay. This app is topnotch. Their service is excellent. This fintech company is the best of all. Kudos to the Opay team!! 👍,5,2026-09-24,Google Play,Customer Review,https://play.google.com/store/apps/details?id=team.opay.pay&hl=en&gl=ng
6cc1b0fc-8df5-46de-af94-eddada0a2192,OPay,excellent,5,2026-09-24,Google Play,Customer Review,https://play.google.com/store/apps/details?id=team.opay.pay&hl=en&gl=ng
a1302f5f-7f09-4124-82e0-5a2d5ed023f5,OPay,very fast and reliable.. I love it,5,2026-09-24,Google Play,Customer Review,https://play.google.com/store/apps/details?id=team.opay.pay&hl=en&gl=ng
036c8189-023b-46b4-9e9f-1cd5f309ae7d,OPay,very good and fast,5,2026-09-24,Google Play,Customer Review,https://play.google.com/store/apps/details?id=team.opay.pay&hl=en&gl=ng
6c12561d-b6fe-487b-acb5-679265f24e90,OPay,I enjoy great service all round. Kudos to the team👏,5,2026-09-24,Google Play,Customer Review,https://play.google.com/store/apps/details?id=team.opay.pay&hl=en&gl=ng
f975b5a8-1fc1-4b5e-a1ca-8418e913d721,OPay,"no long 🧢, simply the best, regardless of what they say",5,2026-09-24,Google Play,Customer Review,https://play.google.com/store/apps/details?id=team.opay.pay&hl=en&gl=ng
6d1635fd-45e6-4a48-a379-28ebb14b2c37,OPay,so soft I love it,5,2026-09-24,Google Play,Customer Review,https://play.google.com/store/apps/details?id=team.opay.pay&hl=en&gl=ng
8aa6bc45-c62f-44d9-86b4-c955b371bd8a,OPay,Opay is very reliable. they make financial transactions easy. daily savings and easy access to loans. I recommend Opay,5,2026-09-24,Google Play,Customer Review,https://play.google.com/store/apps/details?id=team.opay.pay&hl=en&gl=ng
9a7b7722-0707-456d-8efc-33cd536791d3,OPay,fast,5,2026-09-24,Google Play,Customer Review,https://play.google.com/store/apps/details?id=team.opay.pay&hl=en&gl=ng
b0a61e79-4ac1-46e0-8321-7d5878565d9d,OPay,Best app reliable and trusted,5,2026-09-24,Google Play,Customer Review,https://play.google.com/store/apps/details?id=team.opay.pay&hl=en&gl=ng
d33ed2c8-f6e7-4b1c-b401-f6f4f05543eb,OPay,good to use n easy,4,2026-09-24,Google Play,Customer Review,https://play.google.com/store/apps/details?id=team.opay.pay&hl=en&gl=ng
85e096ca-ca97-4e1c-89ff-aa80732ea1f4,OPay,#opay_na_milestone_sofar_! for 9ja already opay leads banks!. I don't know about Tomorrow but opaY is okaY! @oko×ogbuolle×Say-So-!,4,2026-09-24,Google Play,Customer Review,https://play.google.com/store/apps/details?id=team.opay.pay&hl=en&gl=ng
6a7e8350-4db8-4880-9b80-82e4fb171d0b,OPay,Emm,5,2026-09-24,Google Play,Customer Review,https://play.google.com/store/apps/details?id=team.opay.pay&hl=en&gl=ng
fabddd25-39ac-4c8b-953b-b908d1fd8db0,OPay,thanks you 100%,5,2026-09-24,Google Play,Customer Review,https://play.google.com/store/apps/details?id=team.opay.pay&hl=en&gl=ng
f2f52ccc-1c5c-4639-b122-6bb88e2635d0,OPay,Very fast and reliable,5,2026-09-24,Google Play,Customer Review,https://play.google.com/store/apps/details?id=team.opay.pay&hl=en&gl=ng
517ae8e6-45c1-4282-a787-bbabb9b72412,OPay,The perfect Money app in the world,5,2026-09-24,Google Play,Customer Review,https://play.google.com/store/apps/details?id=team.opay.pay&hl=en&gl=ng
d0b3c900-3ebf-4052-97c4-f86987daeaa4,OPay,"Kudos to Opay, Please u people should improve in recovery of erroneous transaction",4,2026-09-24,Google Play,Customer Review,https://play.google.com/store/apps/details?id=team.opay.pay&hl=en&gl=ng
15c2bba7-7e60-4d88-907a-49b88db573d7,OPay,Perfect,5,2026-09-24,Google Play,Customer Review,https://play.google.com/store/apps/details?id=team.opay.pay&hl=en&gl=ng
ad60afba-af3c-4b83-9fef-5d388ade688d,OPay,so good and easy to use.. the best app ever 💯,5,2026-09-24,Google Play,Customer Review,https://play.google.com/store/apps/details?id=team.opay.pay&hl=en&gl=ng
3eb30dde-9ad6-4961-b051-49dd416dd05d,OPay,Ever reliable real time services,5,2026-09-24,Google Play,Customer Review,https://play.google.com/store/apps/details?id=team.opay.pay&hl=en&gl=ng
7b48bfe1-eab3-4266-a83b-32f21e9f46b2,OPay,wonderful 👍,5,2026-09-24,Google Play,Customer Review,https://play.google.com/store/apps/details?id=team.opay.pay&hl=en&gl=ng
57992626-078c-4415-90c8-8ef40a607972,OPay,For me using Opay has been the best decision I made.,5,2026-09-24,Google Play,Customer Review,https://play.google.com/store/apps/details?id=team.opay.pay&hl=en&gl=ng
78adb71f-5d51-4beb-bbb7-3621e76c097e,OPay,"sincerely, it's interestingly great and satisfactory",5,2026-09-24,Google Play,Customer Review,https://play.google.com/store/apps/details?id=team.opay.pay&hl=en&gl=ng
3d3c6f6f-fea5-4601-b480-6cc695799b8d,OPay,opay is a very good network banking.,5,2026-09-24,Google Play,Customer Review,https://play.google.com/store/apps/details?id=team.opay.pay&hl=en&gl=ng
40c40580-9fd5-432a-b442-ac1b1ffae2a9,OPay,excellent,5,2026-09-24,Google Play,Customer Review,https://play.google.com/store/apps/details?id=team.opay.pay&hl=en&gl=ng
4866e15d-df4f-498a-9464-e2d92fb093fe,OPay,very interested and reliable app,5,2026-09-24,Google Play,Customer Review,https://play.google.com/store/apps/details?id=team.opay.pay&hl=en&gl=ng
3ee34a36-7e2e-45f7-ae0f-ea7d26b4b525,OPay,very good,5,2026-09-24,Google Play,Customer Review,https://play.google.com/store/apps/details?id=team.opay.pay&hl=en&gl=ng
2c1be02c-77f2-4b29-b464-55671384e907,OPay,I have never experienced network glitch before..... opay is so perfect,5,2026-09-24,Google Play,Customer Review,https://play.google.com/store/apps/details?id=team.opay.pay&hl=en&gl=ng
e9158869-c108-41b6-8ebe-0101e0875754,OPay,The Best for now,5,2026-09-24,Google Play,Customer Review,https://play.google.com/store/apps/details?id=team.opay.pay&hl=en&gl=ng
70934118-3a02-430e-a970-3fb1af91b136,OPay,"the new UPDATEd one is so Exquisite, fast like automatic moto very smooth nd lovely UPDATE, more nd more elevation to Opay, opay the People choice Opay makes TRANSACTION easier and Faster Opay we belong.",5,2026-09-24,Google Play,Customer Review,https://play.google.com/store/apps/details?id=team.opay.pay&hl=en&gl=ng
c76eb83e-a46b-4277-a711-cbe2a9ff1037,OPay,Thiks,5,2026-09-24,Google Play,Customer Review,https://play.google.com/store/apps/details?id=team.opay.pay&hl=en&gl=ng
7fc297f5-4473-4782-bfec-798f56743883,OPay,"10/10 banking app, fast and secure.",5,2026-09-24,Google Play,Customer Review,https://play.google.com/store/apps/details?id=team.opay.pay&hl=en&gl=ng
8def3d33-7120-4003-a470-d0080e96a8e5,OPay,honestly opay app has given me the best experience of a bank so far but I have a question though 🤔 the stars we get what are they for and what can we use them for,4,2026-09-24,Google Play,Customer Review,https://play.google.com/store/apps/details?id=team.opay.pay&hl=en&gl=ng
ab83c7f8-5547-43c2-8938-21628994d01f,OPay,faster,5,2026-09-24,Google Play,Customer Review,https://play.google.com/store/apps/details?id=team.opay.pay&hl=en&gl=ng
39b3b0de-8a33-41fb-8996-51adc1fd1376,OPay,always excited,5,2026-09-24,Google Play,Customer Review,https://play.google.com/store/apps/details?id=team.opay.pay&hl=en&gl=ng
68a81f4f-c1d2-4725-8d84-1edc8dabf2e0,OPay,very good with good airtime discount and easy transfers thanks a lot opay,5,2026-09-24,Google Play,Customer Review,https://play.google.com/store/apps/details?id=team.opay.pay&hl=en&gl=ng
a1945658-a01d-4cc8-b7dc-0db48f1136e1,OPay,The app sounds very excellent and most of its services are easy,4,2026-09-24,Google Play,Customer Review,https://play.google.com/store/apps/details?id=team.opay.pay&hl=en&gl=ng
03291faa-1ccc-4a88-9709-59757ba07728,OPay,Sweet experience in all ways... BEST BANKING APP SINCE COVID ERA,5,2026-09-24,Google Play,Customer Review,https://play.google.com/store/apps/details?id=team.opay.pay&hl=en&gl=ng
bd52c2df-8a67-474a-87af-546190213052,OPay,cool,5,2026-09-24,Google Play,Customer Review,https://play.google.com/store/apps/details?id=team.opay.pay&hl=en&gl=ng
0a6d37ce-9b3a-41cb-b0c6-84ee51c877d2,OPay,perfect!,5,2026-09-24,Google Play,Customer Review,https://play.google.com/store/apps/details?id=team.opay.pay&hl=en&gl=ng
c64729d2-0d81-40a8-80b9-30e1fcbca9d0,OPay,perfectly ok,5,2026-09-24,Google Play,Customer Review,https://play.google.com/store/apps/details?id=team.opay.pay&hl=en&gl=ng
e28a5019-abe0-4107-94aa-18a34ed0a1a0,OPay,excellent,5,2026-09-24,Google Play,Customer Review,https://play.google.com/store/apps/details?id=team.opay.pay&hl=en&gl=ng
7fd1c3fa-37fc-4ef9-8ee8-a52f6a3239ae,OPay,okay is a very nice and reliable MFB I've ever seen,5,2026-09-24,Google Play,Customer Review,https://play.google.com/store/apps/details?id=team.opay.pay&hl=en&gl=ng
ba3bcf21-8bdd-4869-816d-8a5f72030c8d,OPay,I'mma.,5,2026-09-24,Google Play,Customer Review,https://play.google.com/store/apps/details?id=team.opay.pay&hl=en&gl=ng
50b164db-aa36-4496-bcae-7a440510b70d,OPay,"Awesome, I recommend this app to y'all",5,2026-09-24,Google Play,Customer Review,https://play.google.com/store/apps/details?id=team.opay.pay&hl=en&gl=ng
849fb92f-2eb9-4311-93c3-00e4c0095af6,OPay,fast and reliable,5,2026-09-24,Google Play,Customer Review,https://play.google.com/store/apps/details?id=team.opay.pay&hl=en&gl=ng
1ed9772b-8f28-4e9a-9fc2-e9d2552bdf0f,OPay,so Relieved app,5,2026-09-24,Google Play,Customer Review,https://play.google.com/store/apps/details?id=team.opay.pay&hl=en&gl=ng
696237b7-2fa6-4fd3-811a-77a370b01362,OPay,Very great app,5,2026-09-24,Google Play,Customer Review,https://play.google.com/store/apps/details?id=team.opay.pay&hl=en&gl=ng
5c82a0b8-4d85-4c55-86bc-789ef8151658,OPay,they don't borrow me money again,5,2026-09-24,Google Play,Customer Review,https://play.google.com/store/apps/details?id=team.opay.pay&hl=en&gl=ng
aee5b661-df5c-43d5-b975-5f4f219f9c6e,OPay,smooth transaction,5,2026-09-24,Google Play,Customer Review,https://play.google.com/store/apps/details?id=team.opay.pay&hl=en&gl=ng
85268239-eaf4-4801-b3f0-37832614f59f,OPay,92#z|%,2,2026-09-24,Google Play,Customer Review,https://play.google.com/store/apps/details?id=team.opay.pay&hl=en&gl=ng
11487fee-214d-4e03-a713-36c666e1c593,OPay,very supportive and understandable. am impressed with the service,4,2026-09-24,Google Play,Customer Review,https://play.google.com/store/apps/details?id=team.opay.pay&hl=en&gl=ng
2c25040f-3e95-4b7d-96e5-fe26bb25ba27,OPay,excellent,5,2026-09-24,Google Play,Customer Review,https://play.google.com/store/apps/details?id=team.opay.pay&hl=en&gl=ng
5f356015-254e-426e-bf40-b53ff21a1246,OPay,opay best banking experience,5,2026-09-24,Google Play,Customer Review,https://play.google.com/store/apps/details?id=team.opay.pay&hl=en&gl=ng
d1529292-1adf-4d08-94b5-7487bdc07b22,OPay,nice app,5,2026-09-24,Google Play,Customer Review,https://play.google.com/store/apps/details?id=team.opay.pay&hl=en&gl=ng
cf9abcf6-3d91-4447-98eb-134ec4c053b0,OPay,so good,5,2026-09-24,Google Play,Customer Review,https://play.google.com/store/apps/details?id=team.opay.pay&hl=en&gl=ng
958cafbb-437f-4e8c-974d-0adf480d7b56,OPay,opay is a nice banking app even in next generation I will love to use it again because it's fast and reliable for any kind of transaction you are going to make,5,2026-09-24,Google Play,Customer Review,https://play.google.com/store/apps/details?id=team.opay.pay&hl=en&gl=ng
23df7915-5b43-4669-b47c-7edddf88bab1,OPay,"fast and reliable, hope you guys don't fail us 🙏🏾 can you guys employ me, am good at device software.",5,2026-09-24,Google Play,Customer Review,https://play.google.com/store/apps/details?id=team.opay.pay&hl=en&gl=ng
bceacf62-e8e5-4b4e-92d6-722813bff565,OPay,very good app,5,2026-09-24,Google Play,Customer Review,https://play.google.com/store/apps/details?id=team.opay.pay&hl=en&gl=ng
5a6d80dd-63ad-44a2-9fa2-40cfaffcce1c,OPay,Opay %%%% may Your service Will countinue,5,2026-09-24,Google Play,Customer Review,https://play.google.com/store/apps/details?id=team.opay.pay&hl=en&gl=ng
0e24cf6b-381e-4778-bc58-c63bd196b599,OPay,"simply the best, thanks for giving Nigerian the privilege to know what a good service looks like",5,2026-09-24,Google Play,Customer Review,https://play.google.com/store/apps/details?id=team.opay.pay&hl=en&gl=ng
8945cafb-c0b0-416f-8ea4-e936bf42c5f4,OPay,it kind of very nice,3,2026-09-24,Google Play,Customer Review,https://play.google.com/store/apps/details?id=team.opay.pay&hl=en&gl=ng
74131b87-c419-4628-9a74-d51bc0b40c9e,OPay,the app is fast in making payments,5,2026-09-24,Google Play,Customer Review,https://play.google.com/store/apps/details?id=team.opay.pay&hl=en&gl=ng
09de374d-77cc-45ce-80e1-3fcb430d105c,OPay,very good,5,2026-09-24,Google Play,Customer Review,https://play.google.com/store/apps/details?id=team.opay.pay&hl=en&gl=ng
14f784ba-0b4a-4eb9-9732-81d52ce8b236,OPay,سيئ جدا ولا يمكن الدفع أون لاين وعملت اكثر من شكوى ومتحتلش اضطريت ادفع من الشارع,1,2026-09-24,Google Play,Customer Review,https://play.google.com/store/apps/details?id=team.opay.pay&hl=en&gl=ng
fd8054ed-15a1-47e1-bdd1-a11807ea2a3c,OPay,in the year 2026 I personally think that there can be no better banking app better than Opay in Nigeria,5,2026-09-24,Google Play,Customer Review,https://play.google.com/store/apps/details?id=team.opay.pay&hl=en&gl=ng
fa66ba88-d475-43f7-9ad5-4ae276de2f1d,OPay,very good app,5,2026-09-24,Google Play,Customer Review,https://play.google.com/store/apps/details?id=team.opay.pay&hl=en&gl=ng
f077e784-4e61-409c-9a6c-24119b807c70,OPay,very good,5,2026-09-24,Google Play,Customer Review,https://play.google.com/store/apps/details?id=team.opay.pay&hl=en&gl=ng
03b500ee-ad17-4d57-b877-f36fec2dc110,OPay,Excellent,5,2026-09-24,Google Play,Customer Review,https://play.google.com/store/apps/details?id=team.opay.pay&hl=en&gl=ng
aac3a81a-d985-40e2-a1da-fc151038a876,OPay,very good,5,2026-09-24,Google Play,Customer Review,https://play.google.com/store/apps/details?id=team.opay.pay&hl=en&gl=ng
54fb382b-8c9d-4e89-99dc-d04ebf85cf05,OPay,Excellent app for banking,5,2026-09-24,Google Play,Customer Review,https://play.google.com/store/apps/details?id=team.opay.pay&hl=en&gl=ng
8c8068df-def5-42b8-a859-a11a3c30e61a,OPay,opay is okay @ 8,5,2026-09-24,Google Play,Customer Review,https://play.google.com/store/apps/details?id=team.opay.pay&hl=en&gl=ng
159c1278-1d73-40ab-b320-f763be3b874b,OPay,I find this as best financial institution ever.,5,2026-09-24,Google Play,Customer Review,https://play.google.com/store/apps/details?id=team.opay.pay&hl=en&gl=ng
451cca9d-0a3d-4576-9573-619b9ee60326,OPay,Wonderful,5,2026-09-24,Google Play,Customer Review,https://play.google.com/store/apps/details?id=team.opay.pay&hl=en&gl=ng
be0728c5-4a44-414e-a1ce-4d408b7945a0,OPay,"Opay is simply the best, with seamless transaction anything.",5,2026-09-24,Google Play,Customer Review,https://play.google.com/store/apps/details?id=team.opay.pay&hl=en&gl=ng
1acb6a21-c70e-418e-8e0a-e6b58b02387f,OPay,Opay is a good and reliable app. Keep up the good work 👍,4,2026-09-24,Google Play,Customer Review,https://play.google.com/store/apps/details?id=team.opay.pay&hl=en&gl=ng
b09f60e1-0efe-45fc-a069-5de1a5119930,OPay,This app is very wonderful. It is fast and accurate. keep it up. Opay is the best.,5,2026-09-24,Google Play,Customer Review,https://play.google.com/store/apps/details?id=team.opay.pay&hl=en&gl=ng
28cf87c6-ba3f-462c-9887-675bd7cfef23,OPay,I'm,5,2026-09-24,Google Play,Customer Review,https://play.google.com/store/apps/details?id=team.opay.pay&hl=en&gl=ng
9f4c6a92-5897-4381-bc7a-9432bb54f8e7,OPay,Opay has made transactions quite seamless and it's my go-to app,5,2026-09-24,Google Play,Customer Review,https://play.google.com/store/apps/details?id=team.opay.pay&hl=en&gl=ng
9661f20e-5d58-464d-8d22-b585124863c1,OPay,"fast,easy and dependable",5,2026-09-24,Google Play,Customer Review,https://play.google.com/store/apps/details?id=team.opay.pay&hl=en&gl=ng
1e43823e-598c-4494-9dc1-91216926959c,OPay,wonderful service every time.,5,2026-09-24,Google Play,Customer Review,https://play.google.com/store/apps/details?id=team.opay.pay&hl=en&gl=ng
b553c101-c762-487c-9288-ee8d29260d3f,OPay,opay interest rates is very very high. there interest rates is thesame to the amount you borrowed. please you guys should do something about it,1,2026-09-24,Google Play,Customer Review,https://play.google.com/store/apps/details?id=team.opay.pay&hl=en&gl=ng
9112330d-f5a7-4ce7-bd3f-1e9478efecd9,OPay,"opay is really an app that deserves all the praises, it's fast, reliable and easy to use👌",5,2026-09-24,Google Play,Customer Review,https://play.google.com/store/apps/details?id=team.opay.pay&hl=en&gl=ng
1ba1089e-fece-4a86-8ec0-7729b5ca0c4f,OPay,Exceptional!,4,2026-09-24,Google Play,Customer Review,https://play.google.com/store/apps/details?id=team.opay.pay&hl=en&gl=ng
11fde6a8-ad9c-490b-a499-01c3897ac9af,OPay,very very good,5,2026-09-24,Google Play,Customer Review,https://play.google.com/store/apps/details?id=team.opay.pay&hl=en&gl=ng
54ad9352-50b1-4137-b144-1d8c3dd25503,OPay,excellent 👌,5,2026-09-24,Google Play,Customer Review,https://play.google.com/store/apps/details?id=team.opay.pay&hl=en&gl=ng
16ff3c7a-4e8d-4589-8ceb-6531496df099,OPay,wonderful,5,2026-09-24,Google Play,Customer Review,https://play.google.com/store/apps/details?id=team.opay.pay&hl=en&gl=ng
6765679c-62df-4541-9d99-20a705ca4cfb,OPay,very good app,5,2026-09-24,Google Play,Customer Review,https://play.google.com/store/apps/details?id=team.opay.pay&hl=en&gl=ng
0d5e8b4a-8f8e-4381-8e01-30a9d696edfa,OPay,nice,1,2026-09-24,Google Play,Customer Review,https://play.google.com/store/apps/details?id=team.opay.pay&hl=en&gl=ng
1556b2c1-cf6e-4c9f-a382-84b50a4cc1ab,OPay,Your service is seamless.... opay is one of the best,5,2026-09-24,Google Play,Customer Review,https://play.google.com/store/apps/details?id=team.opay.pay&hl=en&gl=ng
110e44a6-6ad5-417f-976e-c374ee527292,OPay,exceptional,5,2026-09-24,Google Play,Customer Review,https://play.google.com/store/apps/details?id=team.opay.pay&hl=en&gl=ng
24bb917c-575f-42a8-b3e5-56cf3c6c1df5,OPay,super duper easy 👌 but you didn't learn someone loan,5,2026-09-24,Google Play,Customer Review,https://play.google.com/store/apps/details?id=team.opay.pay&hl=en&gl=ng
9cbe642b-cf83-4d3b-9a5b-5cf84aec1269,OPay,I love it thanks,5,2026-09-24,Google Play,Customer Review,https://play.google.com/store/apps/details?id=team.opay.pay&hl=en&gl=ng
842115ec-e2b7-4053-a14a-79c9fd7cffa3,OPay,trustworthy app,5,2026-09-24,Google Play,Customer Review,https://play.google.com/store/apps/details?id=team.opay.pay&hl=en&gl=ng
493d7676-e7d9-4849-b889-4302fbfc507d,OPay,The best ✌️,5,2026-09-24,Google Play,Customer Review,https://play.google.com/store/apps/details?id=team.opay.pay&hl=en&gl=ng
5f6ab142-51a7-4b70-a69c-fd960c185622,OPay,The best.,5,2026-09-24,Google Play,Customer Review,https://play.google.com/store/apps/details?id=team.opay.pay&hl=en&gl=ng
2ab55b33-697b-47f7-8ae3-646933dae775,OPay,"I love the experience, free and fast transactions . Keep it up opay 👍👍",5,2026-09-24,Google Play,Customer Review,https://play.google.com/store/apps/details?id=team.opay.pay&hl=en&gl=ng
75c4b085-751b-49db-9f4b-31e11bb9880e,OPay,"omo I can't not lie opay is better than most banks in Nigeria ,I love opay I can't do without opay 🤗🫠🫡",5,2026-09-24,Google Play,Customer Review,https://play.google.com/store/apps/details?id=team.opay.pay&hl=en&gl=ng
c5aee006-625d-4d9b-8481-c78f1aa3222f,OPay,network very exceptional,5,2026-09-24,Google Play,Customer Review,https://play.google.com/store/apps/details?id=team.opay.pay&hl=en&gl=ng
d4eb37f9-279c-49e0-8e27-4c36ab3c74be,OPay,good service,3,2026-09-24,Google Play,Customer Review,https://play.google.com/store/apps/details?id=team.opay.pay&hl=en&gl=ng
18deae8a-c060-4369-bc07-40aa2398a674,OPay,hussainihadi,5,2026-09-24,Google Play,Customer Review,https://play.google.com/store/apps/details?id=team.opay.pay&hl=en&gl=ng
50aca06d-2508-4c0d-84e9-4edf10aa89de,OPay,opay is so exceptional and outstanding from other banking apps with a fast payment and also delivery. for me opay would always stand out as the best,5,2026-09-24,Google Play,Customer Review,https://play.google.com/store/apps/details?id=team.opay.pay&hl=en&gl=ng
c46bde38-196e-4ef4-a349-52e73943b7cb,OPay,"opay would have been more better if there are other ways getting Otp,you won't understand until you leave Nigeria and you lost your wallet number,to me it's useless,why will you need otp when face verification is correct and confirm that you are the rightful owner and why are there no options on receiving otp,why is the email not useful when it comes to receiving otp please work on your app",1,2026-09-24,Google Play,Customer Review,https://play.google.com/store/apps/details?id=team.opay.pay&hl=en&gl=ng
9df079a9-f781-49b0-a4f6-63202e98eca5,OPay,good,5,2026-09-24,Google Play,Customer Review,https://play.google.com/store/apps/details?id=team.opay.pay&hl=en&gl=ng
3e06e913-88ec-4d7f-b592-b6a533e13f5e,OPay,good,5,2026-09-24,Google Play,Customer Review,https://play.google.com/store/apps/details?id=team.opay.pay&hl=en&gl=ng
f09ff874-1bc3-4ea7-ba64-7879d97b2b59,OPay,Opay the better and easier way of banking. pay bills easily,5,2026-09-24,Google Play,Customer Review,https://play.google.com/store/apps/details?id=team.opay.pay&hl=en&gl=ng
1aa760b3-34e1-463f-817b-c9079c2e94ab,OPay,Wonderful app 💟,5,2026-09-24,Google Play,Customer Review,https://play.google.com/store/apps/details?id=team.opay.pay&hl=en&gl=ng
7d1a1612-f12b-4cf1-aba4-39c0b97cd89e,OPay,Opay is top-notch and second to none. Fast transactions and easy operation.,5,2026-09-24,Google Play,Customer Review,https://play.google.com/store/apps/details?id=team.opay.pay&hl=en&gl=ng
5d78a6e6-1995-4682-b0b7-6ac8557824cc,OPay,"you guys better find away to increase our Cash back point that is just it if it is network you guy are number one,",4,2026-09-24,Google Play,Customer Review,https://play.google.com/store/apps/details?id=team.opay.pay&hl=en&gl=ng
a53f9f1b-5587-462f-aea5-52c04d48e2ae,OPay,I love it's features 😍,3,2026-09-24,Google Play,Customer Review,https://play.google.com/store/apps/details?id=team.opay.pay&hl=en&gl=ng
b5fe2f00-3562-4afe-8be8-38d698dca633,OPay,no I'm gj,1,2026-09-24,Google Play,Customer Review,https://play.google.com/store/apps/details?id=team.opay.pay&hl=en&gl=ng
bf9c55b6-faaf-4e40-8e31-9526aa7f86fd,OPay,Very good and safe for all kinds of transactions,5,2026-09-24,Google Play,Customer Review,https://play.google.com/store/apps/details?id=team.opay.pay&hl=en&gl=ng
975ec97c-c4c0-420f-90fd-8dcf3ce38963,OPay,"Love the App I just love it, I don't know how to describe the feeling, but it's safe, easy and cool just love it",5,2026-09-24,Google Play,Customer Review,https://play.google.com/store/apps/details?id=team.opay.pay&hl=en&gl=ng
9b9ef819-7fca-4f53-add3-c0986585a07f,OPay,indeed it's excellent,5,2026-09-24,Google Play,Customer Review,https://play.google.com/store/apps/details?id=team.opay.pay&hl=en&gl=ng
f6336dd2-d401-4798-bc98-dd63ec05961e,OPay,I don't know why they keep restarting the app each time I try to log in,5,2026-09-24,Google Play,Customer Review,https://play.google.com/store/apps/details?id=team.opay.pay&hl=en&gl=ng
637b090f-23f9-463e-80da-1a167e98a3c8,OPay,very fast and the customer service is excellent,5,2026-09-24,Google Play,Customer Review,https://play.google.com/store/apps/details?id=team.opay.pay&hl=en&gl=ng
116e2076-6abb-4459-b49e-fab5e1a80536,OPay,is very easy to operate,4,2026-09-24,Google Play,Customer Review,https://play.google.com/store/apps/details?id=team.opay.pay&hl=en&gl=ng
0e5a2f83-41e9-497d-9d79-2998cc41009f,OPay,I gave them one start cuz they are too good if they want the remaining 4 star ⭐ they can buy it from me 😁😁😁,1,2026-09-24,Google Play,Customer Review,https://play.google.com/store/apps/details?id=team.opay.pay&hl=en&gl=ng
d4caca86-6fdc-478d-b280-a339669ca457,OPay,"Best Online bank ever, Opay service is top notch. I always have confidence when I want to receive or send funds, well done guys keep it up",5,2026-09-24,Google Play,Customer Review,https://play.google.com/store/apps/details?id=team.opay.pay&hl=en&gl=ng
b97bbe43-f15f-415b-9b97-4e9f6ca26994,OPay,nice experience,5,2026-09-24,Google Play,Customer Review,https://play.google.com/store/apps/details?id=team.opay.pay&hl=en&gl=ng
e8b903d2-813b-4c2a-83db-5b07ca4b8219,OPay,nice one,5,2026-09-24,Google Play,Customer Review,https://play.google.com/store/apps/details?id=team.opay.pay&hl=en&gl=ng
2e8e20b3-2803-4541-b092-2d797a823e75,OPay,❤️,5,2026-09-24,Google Play,Customer Review,https://play.google.com/store/apps/details?id=team.opay.pay&hl=en&gl=ng
54ef3ab0-0f79-4df4-9ea2-851179c13dbb,OPay,Opay is my forever best bank,5,2026-09-24,Google Play,Customer Review,https://play.google.com/store/apps/details?id=team.opay.pay&hl=en&gl=ng
316488c0-3b90-43b0-b701-641fcdd54251,OPay,very smooth and faster,5,2026-09-24,Google Play,Customer Review,https://play.google.com/store/apps/details?id=team.opay.pay&hl=en&gl=ng
5e4a6bf9-7723-46d5-a61a-ad3b9d515ca0,OPay,excellent,5,2026-09-24,Google Play,Customer Review,https://play.google.com/store/apps/details?id=team.opay.pay&hl=en&gl=ng
68d1d0db-8348-420c-a9de-fc90dcf9e049,OPay,excellent it's better than palmpay but you guys don't give loans,5,2026-09-24,Google Play,Customer Review,https://play.google.com/store/apps/details?id=team.opay.pay&hl=en&gl=ng
6c275023-0685-49c9-b88d-12965e4555e9,OPay,For real this is the best banking app in the world,5,2026-09-24,Google Play,Customer Review,https://play.google.com/store/apps/details?id=team.opay.pay&hl=en&gl=ng
db3f5454-17f4-4187-a870-34205f862359,OPay,Best,5,2026-09-24,Google Play,Customer Review,https://play.google.com/store/apps/details?id=team.opay.pay&hl=en&gl=ng
174106cc-93d4-4f39-8a69-0a5950a55c00,OPay,Abdul araba,5,2026-09-24,Google Play,Customer Review,https://play.google.com/store/apps/details?id=team.opay.pay&hl=en&gl=ng
35f8e1f3-1b0d-4190-a566-610aaa30bee7,OPay,good 👍👍👍,3,2026-09-24,Google Play,Customer Review,https://play.google.com/store/apps/details?id=team.opay.pay&hl=en&gl=ng
99e6609a-b39e-4181-842c-0d39a38c306b,OPay,Nice app,5,2026-09-24,Google Play,Customer Review,https://play.google.com/store/apps/details?id=team.opay.pay&hl=en&gl=ng
2158b612-9da3-4136-a5f6-0aaf29c17fdf,OPay,good,3,2026-09-24,Google Play,Customer Review,https://play.google.com/store/apps/details?id=team.opay.pay&hl=en&gl=ng
d08eabc8-2ac0-46be-8055-17bf751ba4af,OPay,my experience with opay so awesome,3,2026-09-24,Google Play,Customer Review,https://play.google.com/store/apps/details?id=team.opay.pay&hl=en&gl=ng
151ab8ff-beed-4d94-979b-a1a207725dc6,OPay,ADVISE AND DECIPLINE OF LIFE,5,2026-09-24,Google Play,Customer Review,https://play.google.com/store/apps/details?id=team.opay.pay&hl=en&gl=ng
80fd8188-ccc8-482c-9363-4033f656863f,OPay,"very effective, easy to transfer and well connectivity it realible and fast.",4,2026-09-24,Google Play,Customer Review,https://play.google.com/store/apps/details?id=team.opay.pay&hl=en&gl=ng
1ba0e8f7-effc-47ae-9542-d4d96640e4b4,OPay,"Opay is the the best digital money app ever. It is safe, convenient and also easy to access. If I can, I could have given them 💯 🌟.",5,2026-09-24,Google Play,Customer Review,https://play.google.com/store/apps/details?id=team.opay.pay&hl=en&gl=ng
a0bc5855-528e-4c65-8fa4-7d06899dc50f,OPay,good,4,2026-09-24,Google Play,Customer Review,https://play.google.com/store/apps/details?id=team.opay.pay&hl=en&gl=ng
138204dc-c2d0-492c-a8a9-95d8a85682a3,OPay,banking with opay is a great achievement,2,2026-09-24,Google Play,Customer Review,https://play.google.com/store/apps/details?id=team.opay.pay&hl=en&gl=ng
debcc0bf-d82c-45b9-a713-5358ffcd8d52,OPay,Was crazy fast,5,2026-09-24,Google Play,Customer Review,https://play.google.com/store/apps/details?id=team.opay.pay&hl=en&gl=ng
f6ab6a37-0bc1-4927-9deb-45c31586d348,OPay,best bank,5,2026-09-24,Google Play,Customer Review,https://play.google.com/store/apps/details?id=team.opay.pay&hl=en&gl=ng
4fde48c0-3d7d-4458-adea-4cbef624d5cc,OPay,Very good and nice,4,2026-09-24,Google Play,Customer Review,https://play.google.com/store/apps/details?id=team.opay.pay&hl=en&gl=ng
64d510e4-c706-4652-bc15-3323372b495a,OPay,perfect,5,2026-09-24,Google Play,Customer Review,https://play.google.com/store/apps/details?id=team.opay.pay&hl=en&gl=ng
cc1b0200-d968-4c7d-a30e-0db19b295530,OPay,Opay is great but sometimes when report touches your account weather you are wrong or not opay will not ask dey will go ahead and freeze your account forgetting that you are their customers and other bank will report and instead of confirming from the Opay user they will freeze your account forgetting your are their customers they should learn from other Banks,5,2026-09-24,Google Play,Customer Review,https://play.google.com/store/apps/details?id=team.opay.pay&hl=en&gl=ng
922e6e0f-5c13-425d-8abf-a94fc02cb8ce,OPay,I love this video it makes me feel good when eve am said and i Len a lot ailot about it,5,2026-09-24,Google Play,Customer Review,https://play.google.com/store/apps/details?id=team.opay.pay&hl=en&gl=ng
78e92c1b-1e32-4464-9847-17d85f24fbe8,OPay,I really appreciate the initiators of this app.. Good job well done.. although the app seems hangs. I know opay team can do better. apart from that it an online app I dearly recommend to people fast and convenience. I enjoy the cashback and bonuses on every airtime and data subscriptions I do.,5,2026-09-24,Google Play,Customer Review,https://play.google.com/store/apps/details?id=team.opay.pay&hl=en&gl=ng
6e6a1823-9408-4440-85d4-7a3f37442433,OPay,Best App,5,2026-09-24,Google Play,Customer Review,https://play.google.com/store/apps/details?id=team.opay.pay&hl=en&gl=ng
c9478c1e-8f75-4bec-b2d9-0adb485c0ce8,OPay,it is a very nice app,1,2026-09-24,Google Play,Customer Review,https://play.google.com/store/apps/details?id=team.opay.pay&hl=en&gl=ng
4d85c14f-3b6a-4121-950b-5e003a92bd9d,OPay,Goog,5,2026-09-24,Google Play,Customer Review,https://play.google.com/store/apps/details?id=team.opay.pay&hl=en&gl=ng
4f510aec-3a66-4f30-95aa-ceb4ce1b98b8,OPay,This is literally one of the best out there. Don't believe me? Check it out yourself.,5,2026-09-24,Google Play,Customer Review,https://play.google.com/store/apps/details?id=team.opay.pay&hl=en&gl=ng
eb112d22-32e6-417a-94e6-60fdb06c8dd9,OPay,Couldn't install in this device,5,2026-09-24,Google Play,Customer Review,https://play.google.com/store/apps/details?id=team.opay.pay&hl=en&gl=ng
b102af78-fad3-47bc-8848-fabdc0b8dee1,OPay,good,5,2026-09-24,Google Play,Customer Review,https://play.google.com/store/apps/details?id=team.opay.pay&hl=en&gl=ng
64438c92-7643-4a41-8fc6-901ca5e97f33,OPay,YAUAZAUTA,2,2026-09-24,Google Play,Customer Review,https://play.google.com/store/apps/details?id=team.opay.pay&hl=en&gl=ng
2ddb2689-ca29-42f2-8737-281b87fe0a67,OPay,yes it's me,5,2026-09-24,Google Play,Customer Review,https://play.google.com/store/apps/details?id=team.opay.pay&hl=en&gl=ng
75ecfeed-e52c-4a6a-abfc-30dd375dfb42,OPay,its very nice app,5,2026-09-24,Google Play,Customer Review,https://play.google.com/store/apps/details?id=team.opay.pay&hl=en&gl=ng
98ace8f9-3b21-49e4-b61a-bec495af40f2,OPay,"Banking made EASY with OPAY!!! Thank you for coming into the Nigerian market, and making banking easy!",5,2026-09-24,Google Play,Customer Review,https://play.google.com/store/apps/details?id=team.opay.pay&hl=en&gl=ng
03cd5ad5-e3b3-463c-9135-49e1bd580522,OPay,this is the best apps,5,2026-09-24,Google Play,Customer Review,https://play.google.com/store/apps/details?id=team.opay.pay&hl=en&gl=ng
37340839-9b0c-4def-bb87-efa1ca52e6e2,OPay,"smooth transaction no delays, one of the best so far now in all transactions digital transactions services... keep the good work !!!",4,2026-09-24,Google Play,Customer Review,https://play.google.com/store/apps/details?id=team.opay.pay&hl=en&gl=ng
edfa680f-0ed7-4f0c-a57b-f8e6b57ff05d,OPay,i no go lie e sharp 👍👍😏😏,5,2026-09-24,Google Play,Customer Review,https://play.google.com/store/apps/details?id=team.opay.pay&hl=en&gl=ng
1bad891d-ac33-4e79-87b3-a067febc4840,OPay,best,5,2026-09-23,Google Play,Customer Review,https://play.google.com/store/apps/details?id=team.opay.pay&hl=en&gl=ng
e65d85bb-4b11-4f72-83ac-d5eb839fe46c,OPay,"It is very good, strong network and quality servers....",5,2026-09-23,Google Play,Customer Review,https://play.google.com/store/apps/details?id=team.opay.pay&hl=en&gl=ng
66b99077-5ee9-4be4-9e65-52a43ad4a72f,OPay,Very reliable and swift action,5,2026-09-23,Google Play,Customer Review,https://play.google.com/store/apps/details?id=team.opay.pay&hl=en&gl=ng
3ca4cc04-29f9-42bf-8429-fba3e81952bf,OPay,good,5,2026-09-23,Google Play,Customer Review,https://play.google.com/store/apps/details?id=team.opay.pay&hl=en&gl=ng
5ee6ffc3-cb76-4196-8702-c0aee99d4f40,OPay,Great,4,2026-09-23,Google Play,Customer Review,https://play.google.com/store/apps/details?id=team.opay.pay&hl=en&gl=ng
f211dd49-ff02-4368-b0c8-97146ecae40b,OPay,I'm a teenager and I really recommend Opay for all Nigeria teenagers because it gives you free transfers opportunity to other banks thrice aday and no transfer fee to Opay accounts and very fast and reliable,4,2026-09-23,Google Play,Customer Review,https://play.google.com/store/apps/details?id=team.opay.pay&hl=en&gl=ng
9771f6b5-75fd-49c0-8a30-dd9c30a62ae8,OPay,thanks for ever thing,5,2026-09-23,Google Play,Customer Review,https://play.google.com/store/apps/details?id=team.opay.pay&hl=en&gl=ng
db848a70-24ce-4e70-a9c2-6393cf17bbe5,OPay,driver,2,2026-09-23,Google Play,Customer Review,https://play.google.com/store/apps/details?id=team.opay.pay&hl=en&gl=ng
e0c5f4a7-74d2-45bf-a2a2-b019d0575822,OPay,i love opay but sometimes ussd dey whine me sometime,5,2026-09-23,Google Play,Customer Review,https://play.google.com/store/apps/details?id=team.opay.pay&hl=en&gl=ng
bb3bb6e3-f5c5-4620-a28d-3c39f1d9d856,OPay,This app is very reliable and smart I really enjoy this app Smartest transaction,5,2026-09-23,Google Play,Customer Review,https://play.google.com/store/apps/details?id=team.opay.pay&hl=en&gl=ng
b155a0c5-bb88-48f2-a27c-2f758ce31a0d,OPay,I like opay so much I delete my palmpay account,5,2026-09-23,Google Play,Customer Review,https://play.google.com/store/apps/details?id=team.opay.pay&hl=en&gl=ng
5793d338-01ba-4cc7-a216-9fac1916c649,OPay,I love the app,5,2026-09-23,Google Play,Customer Review,https://play.google.com/store/apps/details?id=team.opay.pay&hl=en&gl=ng
61ffd07b-2ceb-47f4-ab68-c324f82c9e2d,OPay,exception,5,2026-09-23,Google Play,Customer Review,https://play.google.com/store/apps/details?id=team.opay.pay&hl=en&gl=ng
5652f60b-aad3-48ea-bcd2-2a048687d35f,OPay,not reliadbly,2,2026-09-23,Google Play,Customer Review,https://play.google.com/store/apps/details?id=team.opay.pay&hl=en&gl=ng
1299a747-02b0-42d5-a1cb-c5cec1b96198,OPay,Great 😘,4,2026-09-23,Google Play,Customer Review,https://play.google.com/store/apps/details?id=team.opay.pay&hl=en&gl=ng
59d268c4-6ca2-4be7-83d4-40f7a59706d7,OPay,Very convenient and stressfree app,5,2026-09-23,Google Play,Customer Review,https://play.google.com/store/apps/details?id=team.opay.pay&hl=en&gl=ng
9f343e64-de57-4f30-8da0-6175e9b2175b,OPay,Fast and reliable available to all types of network Fast and easy payment,5,2026-09-23,Google Play,Customer Review,https://play.google.com/store/apps/details?id=team.opay.pay&hl=en&gl=ng
6e3b3cda-8e0e-435a-888c-321c38d7988d,OPay,opay keeps getting better. thank you,4,2026-09-23,Google Play,Customer Review,https://play.google.com/store/apps/details?id=team.opay.pay&hl=en&gl=ng
7564ae7c-5d11-4ef5-8d0c-4e795aacc680,OPay,opay pay oooo omor I love their banking service so much 🥰😍,5,2026-09-23,Google Play,Customer Review,https://play.google.com/store/apps/details?id=team.opay.pay&hl=en&gl=ng
74157e0f-0ae0-4968-945c-dcf100622318,OPay,Perfect Bank App Services,5,2026-09-23,Google Play,Customer Review,https://play.google.com/store/apps/details?id=team.opay.pay&hl=en&gl=ng
1aea25ec-333c-4708-8375-a27755220e78,OPay,i really enjoy using the app,5,2026-09-23,Google Play,Customer Review,https://play.google.com/store/apps/details?id=team.opay.pay&hl=en&gl=ng
2ac23083-d92b-4d6a-8f93-5f76b22677f3,OPay,I love their services especially 'OWEALTH'. You will invest your funds and get interest daily. Less bank charges and get cashback from every airtime topup.,5,2026-09-23,Google Play,Customer Review,https://play.google.com/store/apps/details?id=team.opay.pay&hl=en&gl=ng
6435c229-6016-47f4-b200-80b958344472,OPay,how can I get a loan,5,2026-09-23,Google Play,Customer Review,https://play.google.com/store/apps/details?id=team.opay.pay&hl=en&gl=ng
67d159db-3874-417c-af7e-aa131d17470d,OPay,the amount of calls received for loan repayment is too much. kindly reduce the calls especially when the repayment date is not near.,3,2026-09-23,Google Play,Customer Review,https://play.google.com/store/apps/details?id=team.opay.pay&hl=en&gl=ng
c652a0e3-c23b-45aa-8f04-d85eab05a89d,OPay,why do i have to have data ro buy data?,4,2026-09-23,Google Play,Customer Review,https://play.google.com/store/apps/details?id=team.opay.pay&hl=en&gl=ng
7d0bc636-f5f6-4036-ab5e-abdc2d47113c,OPay,Best Bank. You made the technology process so seamless. thank you OPAY,5,2026-09-23,Google Play,Customer Review,https://play.google.com/store/apps/details?id=team.opay.pay&hl=en&gl=ng
bf175bf0-a008-49eb-adac-6a66baea96d9,OPay,very poor customer service from Eniola M.，Employee ID 9153 one of your employees. You are taking 1hr plus without resolving my issue and later left a bot with me on the chat after a debit,5,2026-09-23,Google Play,Customer Review,https://play.google.com/store/apps/details?id=team.opay.pay&hl=en&gl=ng
5fc7a218-8d38-4866-9cce-2b2a8d5e170f,OPay,excellent,5,2026-09-23,Google Play,Customer Review,https://play.google.com/store/apps/details?id=team.opay.pay&hl=en&gl=ng
3c62fc6b-60b6-457c-b28e-ff1b332a9b0d,OPay,very reliable,5,2026-09-23,Google Play,Customer Review,https://play.google.com/store/apps/details?id=team.opay.pay&hl=en&gl=ng
cc679b0f-c5ae-4793-88ff-9248d3e34deb,OPay,good 👍😊,5,2026-09-23,Google Play,Customer Review,https://play.google.com/store/apps/details?id=team.opay.pay&hl=en&gl=ng
836843a6-4764-410a-874f-916cd399b22f,OPay,"My best bank so far, making life easy.",5,2026-09-23,Google Play,Customer Review,https://play.google.com/store/apps/details?id=team.opay.pay&hl=en&gl=ng
f491e720-8d0b-413b-8bec-f48c8eddaafd,OPay,baabtundeakala,5,2026-09-23,Google Play,Customer Review,https://play.google.com/store/apps/details?id=team.opay.pay&hl=en&gl=ng
846f16ce-ffc5-4fab-98e2-93776c93363c,OPay,It's an excellent app,5,2026-09-23,Google Play,Customer Review,https://play.google.com/store/apps/details?id=team.opay.pay&hl=en&gl=ng
d1f83765-3ec1-45d0-b106-5816d67dea39,OPay,very good and interesting,5,2026-09-23,Google Play,Customer Review,https://play.google.com/store/apps/details?id=team.opay.pay&hl=en&gl=ng
9396955c-c42a-490b-b755-d031cfaf0ade,OPay,"Opay App runs reliably, fast, responsive, top-notch service...",4,2026-09-23,Google Play,Customer Review,https://play.google.com/store/apps/details?id=team.opay.pay&hl=en&gl=ng
761f9b54-0ac1-40db-ab55-8308a2bfa477,OPay,thank you all I love Una opay 👋👋👋👋,5,2026-09-23,Google Play,Customer Review,https://play.google.com/store/apps/details?id=team.opay.pay&hl=en&gl=ng
d9afbc07-d1c1-4ede-9aa9-9fc324f410b1,OPay,perfect,5,2026-09-23,Google Play,Customer Review,https://play.google.com/store/apps/details?id=team.opay.pay&hl=en&gl=ng
8634e1e3-9c39-4bfb-9ee9-cb069c8a15cd,OPay,fast and best OPAY,5,2026-09-23,Google Play,Customer Review,https://play.google.com/store/apps/details?id=team.opay.pay&hl=en&gl=ng
15526b69-4134-4781-a8ce-9ffc3b9030bd,OPay,is good to go anytime,5,2026-09-23,Google Play,Customer Review,https://play.google.com/store/apps/details?id=team.opay.pay&hl=en&gl=ng
531a7830-32aa-46a5-b911-9c179e0ef3eb,OPay,operations re very efficient,5,2026-09-23,Google Play,Customer Review,https://play.google.com/store/apps/details?id=team.opay.pay&hl=en&gl=ng
53da3c64-ace6-4364-9fd2-bd97ecacbd81,OPay,"OPay has been an incredibly fast and reliable platform for sending and receiving money 24/7, even at midnight. I love that you can use their USSD code to transfer funds when you don't have data, and the app even opens offline at times. Don't listen to false rumors or people trying to bring them down—OPay never disappoints and remains one of the best banking apps in Nigeria! I love Opay.opay or nothing ❤️❤️❤️",5,2026-09-23,Google Play,Customer Review,https://play.google.com/store/apps/details?id=team.opay.pay&hl=en&gl=ng
d34c4826-355d-47e1-be0e-9c5f296f54a7,OPay,"The transactions are just so easy Fast, and0 network issues",5,2026-09-23,Google Play,Customer Review,https://play.google.com/store/apps/details?id=team.opay.pay&hl=en&gl=ng
d08cbf5e-a459-4f7e-b187-73bd4a7f533b,OPay,i want to make transfer without face verification,1,2026-09-23,Google Play,Customer Review,https://play.google.com/store/apps/details?id=team.opay.pay&hl=en&gl=ng
c78cfb6d-05d9-42a0-912d-7ee415d1d94d,OPay,the best mobile banking app ever.,5,2026-09-23,Google Play,Customer Review,https://play.google.com/store/apps/details?id=team.opay.pay&hl=en&gl=ng
b9df79e4-9e3b-4c7c-95f0-d5d87835a61f,OPay,"Better upgrade than before, but still hoping for more",3,2026-09-23,Google Play,Customer Review,https://play.google.com/store/apps/details?id=team.opay.pay&hl=en&gl=ng
99ebab25-f9a6-4244-acb9-59284e3513b3,OPay,active,5,2026-09-23,Google Play,Customer Review,https://play.google.com/store/apps/details?id=team.opay.pay&hl=en&gl=ng
71931741-5b5b-4f0a-8f58-088f5457dd86,OPay,very fast and reliable,3,2026-09-23,Google Play,Customer Review,https://play.google.com/store/apps/details?id=team.opay.pay&hl=en&gl=ng
eef7ba28-1d73-489d-a232-659e0619b653,OPay,nice app,4,2026-09-23,Google Play,Customer Review,https://play.google.com/store/apps/details?id=team.opay.pay&hl=en&gl=ng
f2cbe3bf-66e7-4af9-9973-ed1fbe460ad4,OPay,so cool for transaction,4,2026-09-23,Google Play,Customer Review,https://play.google.com/store/apps/details?id=team.opay.pay&hl=en&gl=ng
a6d7d341-481b-430e-93a4-8c1a029b9918,OPay,Very impressed.,5,2026-09-23,Google Play,Customer Review,https://play.google.com/store/apps/details?id=team.opay.pay&hl=en&gl=ng
b6e56abd-fed4-4d55-b0c6-e2c9e7f4cf41,OPay,very poor this day we can't make transfer to other bank,2,2026-09-23,Google Play,Customer Review,https://play.google.com/store/apps/details?id=team.opay.pay&hl=en&gl=ng
d8613d35-a2a7-4f3b-aefc-f6489dc4712f,OPay,it's a very good and trustable app .,5,2026-09-23,Google Play,Customer Review,https://play.google.com/store/apps/details?id=team.opay.pay&hl=en&gl=ng
f88d2779-02b6-48f7-9eb2-0064043414ed,OPay,Samuel Llambee Aka,1,2026-09-23,Google Play,Customer Review,https://play.google.com/store/apps/details?id=team.opay.pay&hl=en&gl=ng
870ee9e4-3a87-40c7-afd4-1ecc749453a7,OPay,safe and reliable.,5,2026-09-23,Google Play,Customer Review,https://play.google.com/store/apps/details?id=team.opay.pay&hl=en&gl=ng
32f57180-3e98-43a9-b7cd-48029e1374b7,OPay,Everything about this app are special so reliable Opay app is the best I so much love it especially with loan Easemoni because they are working together you always been there for me I beg increase my loan I want to use it to support my business you will never run down God bless Opay and Easemoni,5,2026-09-23,Google Play,Customer Review,https://play.google.com/store/apps/details?id=team.opay.pay&hl=en&gl=ng
1f285499-9097-42a0-b325-5fa19c46c341,OPay,"fast and reliable refund you, when it's hang",3,2026-09-23,Google Play,Customer Review,https://play.google.com/store/apps/details?id=team.opay.pay&hl=en&gl=ng
35301d92-eca1-4069-8849-159fb847ddd0,OPay,Good 😍😍😍😍😍,5,2026-09-23,Google Play,Customer Review,https://play.google.com/store/apps/details?id=team.opay.pay&hl=en&gl=ng
116f44de-0847-4a61-a701-cf58269d8d8e,OPay,good,5,2026-09-23,Google Play,Customer Review,https://play.google.com/store/apps/details?id=team.opay.pay&hl=en&gl=ng
aa16421e-7644-48bc-98d9-2370bc95ba90,OPay,uchealo,1,2026-09-23,Google Play,Customer Review,https://play.google.com/store/apps/details?id=team.opay.pay&hl=en&gl=ng
63cc2f65-25e5-40ad-b258-640b07f6f53a,OPay,taiwo fagbemi 123Movies,5,2026-09-23,Google Play,Customer Review,https://play.google.com/store/apps/details?id=team.opay.pay&hl=en&gl=ng
b9ba738a-00af-44d5-9cfc-02922bee967a,OPay,"wonderful app , just dat you can't make huge transfer",4,2026-09-23,Google Play,Customer Review,https://play.google.com/store/apps/details?id=team.opay.pay&hl=en&gl=ng
009d6317-43b1-4e41-9359-0f35965d3882,OPay,Opay 100/10,5,2026-09-23,Google Play,Customer Review,https://play.google.com/store/apps/details?id=team.opay.pay&hl=en&gl=ng
e1255143-2acf-43cf-a84e-6ae9100cb7a1,OPay,Best bank in Nigeria bar none ❤,5,2026-09-23,Google Play,Customer Review,https://play.google.com/store/apps/details?id=team.opay.pay&hl=en&gl=ng
b00460c7-bc24-433b-bfcb-9cd5ddc1ff9f,OPay,it was so fast and reliable,5,2026-09-23,Google Play,Customer Review,https://play.google.com/store/apps/details?id=team.opay.pay&hl=en&gl=ng
268b4f92-38cd-473f-936a-d5f23629315a,OPay,Excellent,5,2026-09-23,Google Play,Customer Review,https://play.google.com/store/apps/details?id=team.opay.pay&hl=en&gl=ng
dbbbdfb4-8981-4de0-89db-fe575b682b8a,OPay,why is this your opay is not showing records of a customer as it pay in or out,5,2026-09-23,Google Play,Customer Review,https://play.google.com/store/apps/details?id=team.opay.pay&hl=en&gl=ng
90f1ca4d-6fc3-435e-802a-4e0eb3c8a3af,OPay,Tested and Trusted,5,2026-09-23,Google Play,Customer Review,https://play.google.com/store/apps/details?id=team.opay.pay&hl=en&gl=ng
c37f6ce0-6075-4cbe-87ee-c05ea571f505,OPay,nice and great,5,2026-09-23,Google Play,Customer Review,https://play.google.com/store/apps/details?id=team.opay.pay&hl=en&gl=ng
05fa9e73-bd7a-43a3-9c18-d8311703e747,OPay,"It is 1000% reliable, online and offline!!",5,2026-09-23,Google Play,Customer Review,https://play.google.com/store/apps/details?id=team.opay.pay&hl=en&gl=ng
049e6968-4f65-4075-b191-a33ddc9c8fd1,OPay,so good and makes life easier,5,2026-09-23,Google Play,Customer Review,https://play.google.com/store/apps/details?id=team.opay.pay&hl=en&gl=ng
f64c12d1-069e-4aa4-85b5-01743e148e17,OPay,c n hi y,2,2026-09-23,Google Play,Customer Review,https://play.google.com/store/apps/details?id=team.opay.pay&hl=en&gl=ng
baa0b089-bed6-426b-b503-a4663b4fc009,OPay,"I love the app so much, it keep my money safe and you can also safe your money for future purposes",5,2026-09-23,Google Play,Customer Review,https://play.google.com/store/apps/details?id=team.opay.pay&hl=en&gl=ng
5b97d686-ffab-4d18-8ccb-6e884afa1575,OPay,lovely,5,2026-09-23,Google Play,Customer Review,https://play.google.com/store/apps/details?id=team.opay.pay&hl=en&gl=ng
d0757e54-daa4-453d-b6a1-d3710fbf1a83,OPay,wow i so much love this app because they are fast and reliable I trust them even more than some other apps,5,2026-09-23,Google Play,Customer Review,https://play.google.com/store/apps/details?id=team.opay.pay&hl=en&gl=ng
1ee47309-d18f-4309-ae1c-104797a83bf2,OPay,great!!!,5,2026-09-23,Google Play,Customer Review,https://play.google.com/store/apps/details?id=team.opay.pay&hl=en&gl=ng
46166a25-6343-4b3a-9b82-056698830c55,OPay,best banking app ever,5,2026-09-23,Google Play,Customer Review,https://play.google.com/store/apps/details?id=team.opay.pay&hl=en&gl=ng
a1269196-3506-40ca-aa8b-652074df5c57,OPay,Nice,3,2026-09-23,Google Play,Customer Review,https://play.google.com/store/apps/details?id=team.opay.pay&hl=en&gl=ng
40d76e7b-ff92-4ab2-bf1b-da53faa93401,OPay,opay is just too awesome,5,2026-09-23,Google Play,Customer Review,https://play.google.com/store/apps/details?id=team.opay.pay&hl=en&gl=ng
7e24c704-9259-45dc-8c1c-47e9ecd56e94,OPay,wonderful,4,2026-09-23,Google Play,Customer Review,https://play.google.com/store/apps/details?id=team.opay.pay&hl=en&gl=ng
47ecde35-c81f-4a8f-8b34-a5a050d39318,OPay,just playing without receiving nothing,5,2026-09-23,Google Play,Customer Review,https://play.google.com/store/apps/details?id=team.opay.pay&hl=en&gl=ng
3e8c37f9-051d-4521-a157-e78919bc4001,OPay,excellent 👌,5,2026-09-23,Google Play,Customer Review,https://play.google.com/store/apps/details?id=team.opay.pay&hl=en&gl=ng
aeab481a-2673-478b-a88d-5e02f532e9bd,OPay,Good and efficient,4,2026-09-23,Google Play,Customer Review,https://play.google.com/store/apps/details?id=team.opay.pay&hl=en&gl=ng
9af39d60-6446-4992-8ed7-8995d6b2468b,OPay,All I can say is that it's is very convenient to use with no stress at all,5,2026-09-23,Google Play,Customer Review,https://play.google.com/store/apps/details?id=team.opay.pay&hl=en&gl=ng
7a427bad-6522-4d67-aa78-108c819ceea6,OPay,easy to use,5,2026-09-23,Google Play,Customer Review,https://play.google.com/store/apps/details?id=team.opay.pay&hl=en&gl=ng
99611f51-7002-4f29-babc-0045a66a7490,OPay,good,5,2026-09-23,Google Play,Customer Review,https://play.google.com/store/apps/details?id=team.opay.pay&hl=en&gl=ng
93e6ad51-baea-46f7-a858-5d5db49bc5a2,OPay,Good performances.,5,2026-09-23,Google Play,Customer Review,https://play.google.com/store/apps/details?id=team.opay.pay&hl=en&gl=ng
e6a7bb8a-9d94-41ca-9635-ea6fd4d970e3,OPay,I love it,5,2026-09-23,Google Play,Customer Review,https://play.google.com/store/apps/details?id=team.opay.pay&hl=en&gl=ng
12a53679-f187-45f6-b27f-4f3f316d06e2,OPay,Good,4,2026-09-23,Google Play,Customer Review,https://play.google.com/store/apps/details?id=team.opay.pay&hl=en&gl=ng
34ed6761-cbf4-48f5-ac15-99dc43e42a41,OPay,Very good experience with Opay,5,2026-09-23,Google Play,Customer Review,https://play.google.com/store/apps/details?id=team.opay.pay&hl=en&gl=ng
824f57bd-a5e7-468d-a8f7-0c0888f02db7,OPay,good app,5,2026-09-23,Google Play,Customer Review,https://play.google.com/store/apps/details?id=team.opay.pay&hl=en&gl=ng
79ecfd76-6527-4751-a88d-d3005381f3f3,OPay,Good,5,2026-09-23,Google Play,Customer Review,https://play.google.com/store/apps/details?id=team.opay.pay&hl=en&gl=ng
d7c6a78e-eeb1-43a3-bc29-26d29f7241d3,OPay,"best of the best, life saver",5,2026-09-23,Google Play,Customer Review,https://play.google.com/store/apps/details?id=team.opay.pay&hl=en&gl=ng
d92397ab-1036-4e4f-aeb9-e3f8915f344d,OPay,good for quick transfers and buying data and airtime currently best banking app in Nigeria,5,2026-09-23,Google Play,Customer Review,https://play.google.com/store/apps/details?id=team.opay.pay&hl=en&gl=ng
10422982-28ba-407c-923c-56aae9ae6960,OPay,it's okay,5,2026-09-23,Google Play,Customer Review,https://play.google.com/store/apps/details?id=team.opay.pay&hl=en&gl=ng
9d7eea5c-9d2a-4589-9ddb-e85dc132acc6,OPay,l love this app very much easy to transfer and deposit,5,2026-09-23,Google Play,Customer Review,https://play.google.com/store/apps/details?id=team.opay.pay&hl=en&gl=ng
09e0e75a-eaa1-4d25-b068-f41af6e99aac,OPay,Great banking app,5,2026-09-23,Google Play,Customer Review,https://play.google.com/store/apps/details?id=team.opay.pay&hl=en&gl=ng
772d5068-c7c0-49b5-a420-1e5a0d8f77a7,OPay,Good,5,2026-09-23,Google Play,Customer Review,https://play.google.com/store/apps/details?id=team.opay.pay&hl=en&gl=ng
2554e66a-6210-4c9d-9bdc-efa18de242b2,OPay,user friendly...,4,2026-09-23,Google Play,Customer Review,https://play.google.com/store/apps/details?id=team.opay.pay&hl=en&gl=ng
1e174bac-74d5-473e-805d-32f760b3e2cf,OPay,best of its kind,5,2026-09-23,Google Play,Customer Review,https://play.google.com/store/apps/details?id=team.opay.pay&hl=en&gl=ng
4d579a08-e086-47c0-bbce-ec0731c0b097,OPay,trusted,5,2026-09-23,Google Play,Customer Review,https://play.google.com/store/apps/details?id=team.opay.pay&hl=en&gl=ng
07abf293-ec7b-4df6-8f73-a7cf29e7272c,OPay,very good 👍,5,2026-09-23,Google Play,Customer Review,https://play.google.com/store/apps/details?id=team.opay.pay&hl=en&gl=ng
908e40f9-7612-4ca1-8c0d-e6d9a7a06c9b,OPay,very good to use,5,2026-09-23,Google Play,Customer Review,https://play.google.com/store/apps/details?id=team.opay.pay&hl=en&gl=ng
dcd1c623-108a-42ba-b62b-a449e4d36b11,OPay,reliable,5,2026-09-23,Google Play,Customer Review,https://play.google.com/store/apps/details?id=team.opay.pay&hl=en&gl=ng
b7e1226f-7640-4361-9969-f0c90dd6de07,OPay,Opay is good,5,2026-09-23,Google Play,Customer Review,https://play.google.com/store/apps/details?id=team.opay.pay&hl=en&gl=ng
bebe38ff-bfd2-4bb0-9029-c863387c37de,OPay,"fast and reliable, in time of transaction",5,2026-09-23,Google Play,Customer Review,https://play.google.com/store/apps/details?id=team.opay.pay&hl=en&gl=ng
a4700f1c-1313-435f-bc70-7809fbb40c43,OPay,"Seemless,love it",5,2026-09-23,Google Play,Customer Review,https://play.google.com/store/apps/details?id=team.opay.pay&hl=en&gl=ng
db168f77-0740-47f7-b2a8-dc7cba195f12,OPay,excellent 👌,5,2026-09-23,Google Play,Customer Review,https://play.google.com/store/apps/details?id=team.opay.pay&hl=en&gl=ng
0314ee84-783b-48a0-a7ae-dcd97f6172e9,OPay,Great,5,2026-09-23,Google Play,Customer Review,https://play.google.com/store/apps/details?id=team.opay.pay&hl=en&gl=ng
b06b69ec-10cd-4ca0-9cf4-5afe86f3fb2c,OPay,Great,5,2026-09-23,Google Play,Customer Review,https://play.google.com/store/apps/details?id=team.opay.pay&hl=en&gl=ng
f9644bd6-98da-45aa-9ae2-77d22098e7f7,OPay,fast and reliable,5,2026-09-23,Google Play,Customer Review,https://play.google.com/store/apps/details?id=team.opay.pay&hl=en&gl=ng
1a4fcda8-4d4c-4f26-9054-2420d225a991,OPay,opay is always my online banking o,5,2026-09-23,Google Play,Customer Review,https://play.google.com/store/apps/details?id=team.opay.pay&hl=en&gl=ng
42b91362-6927-49ee-b22b-4a394465820b,OPay,it very nice,1,2026-09-23,Google Play,Customer Review,https://play.google.com/store/apps/details?id=team.opay.pay&hl=en&gl=ng
87ea2943-cdda-4e5d-a616-18d6c676885b,OPay,You're the best!,5,2026-09-23,Google Play,Customer Review,https://play.google.com/store/apps/details?id=team.opay.pay&hl=en&gl=ng
ca6f5fd7-7e67-4f89-8b2d-f766ef8db1eb,OPay,best among the rest,5,2026-09-23,Google Play,Customer Review,https://play.google.com/store/apps/details?id=team.opay.pay&hl=en&gl=ng
11b346ec-4676-4053-8707-01995b1c5f59,OPay,opay for life 👍👍❤️ no youth helper like opay👍,5,2026-09-23,Google Play,Customer Review,https://play.google.com/store/apps/details?id=team.opay.pay&hl=en&gl=ng
15782256-9427-45eb-acf6-6788fe241ce2,OPay,i swear opay gud ooo download opay it's good for transactions,5,2026-09-23,Google Play,Customer Review,https://play.google.com/store/apps/details?id=team.opay.pay&hl=en&gl=ng
3d15fada-226f-43a5-988b-4965f28842df,OPay,Good the best,5,2026-09-23,Google Play,Customer Review,https://play.google.com/store/apps/details?id=team.opay.pay&hl=en&gl=ng
343ef61f-f6a8-4a6c-9358-4fa174cc75a5,OPay,excellent keep it up,5,2026-09-23,Google Play,Customer Review,https://play.google.com/store/apps/details?id=team.opay.pay&hl=en&gl=ng
7a1345f9-e813-4df4-87bb-1c12dc990494,OPay,i love their network,5,2026-09-23,Google Play,Customer Review,https://play.google.com/store/apps/details?id=team.opay.pay&hl=en&gl=ng
38828f78-1baf-49e8-a571-2d02dc8fff01,OPay,It encourages me to save and also create a plan for my self,5,2026-09-23,Google Play,Customer Review,https://play.google.com/store/apps/details?id=team.opay.pay&hl=en&gl=ng
eb285757-2c1a-4b52-ace6-6d1939acea31,OPay,Thanks to you all who helped me with this app,5,2026-09-23,Google Play,Customer Review,https://play.google.com/store/apps/details?id=team.opay.pay&hl=en&gl=ng
6c6a0d2a-1267-4701-92f2-de1f46cad15e,OPay,ABBeySolomon,5,2026-09-23,Google Play,Customer Review,https://play.google.com/store/apps/details?id=team.opay.pay&hl=en&gl=ng
b4db8c7e-f394-4f6d-b796-aedc2901b1e0,OPay,"please why is your app saying it's not compatible with my device anymore, please fix this",5,2026-09-23,Google Play,Customer Review,https://play.google.com/store/apps/details?id=team.opay.pay&hl=en&gl=ng
7eb53ce5-6e01-4b14-b0f4-a88d590f0e8f,OPay,"Rating from 9ja. Your fintech is top-notch. It covers the solution for all the financial safety problems.. Anyone in this gen-z era that doesn't know of Opay or use it is actually a buzu... Additionally, @Opay, please add a locked fixed pocket that can never be liquidated premature. The same feature that Moniepoint has recently introduced... Most people need it because not all people have financial savings discipline. I hope you see this and see to it.",5,2026-09-23,Google Play,Customer Review,https://play.google.com/store/apps/details?id=team.opay.pay&hl=en&gl=ng
7611d4b1-38cb-47c7-8124-e5b9ea124bf2,OPay,not yet,1,2026-09-23,Google Play,Customer Review,https://play.google.com/store/apps/details?id=team.opay.pay&hl=en&gl=ng
ad22d71d-73db-40a0-85cb-93e0d3f758a2,OPay,"it's a wonderful app, fast and reliable",5,2026-09-23,Google Play,Customer Review,https://play.google.com/store/apps/details?id=team.opay.pay&hl=en&gl=ng
042438d7-d1d8-407b-98f8-01b858ddb0e3,OPay,"OPay is the number 1 best banking app so far. It’s fast, convenient, easy to navigate, and offers so many useful services in one place. I also appreciate the standard security features and how safe and secure transactions feel. From sending and receiving money to paying bills and managing everyday payments, OPay makes everything simple and stress-free. Overall, it has been a smooth and reliable experience, and that’s why OPay remains my number 1 choice so far.♥️👍🏾",5,2026-09-23,Google Play,Customer Review,https://play.google.com/store/apps/details?id=team.opay.pay&hl=en&gl=ng
f72267b5-71ba-4d69-919e-305e0f231355,OPay,cool,4,2026-09-23,Google Play,Customer Review,https://play.google.com/store/apps/details?id=team.opay.pay&hl=en&gl=ng
6166cd1c-074f-4cce-b512-11322353bbc2,OPay,good 👍,5,2026-09-23,Google Play,Customer Review,https://play.google.com/store/apps/details?id=team.opay.pay&hl=en&gl=ng
eda2310d-72b9-4960-a611-26b6a2754d55,OPay,"Fast and reliable local banking app, both at attending to customers, the network flow, saving challenge,card services and other services. Excellent 👏at a way of making life easier",5,2026-09-23,Google Play,Customer Review,https://play.google.com/store/apps/details?id=team.opay.pay&hl=en&gl=ng
eecbf7cc-28c4-43e0-aadc-ffb50ccbe34b,OPay,so goog to me,5,2026-09-23,Google Play,Customer Review,https://play.google.com/store/apps/details?id=team.opay.pay&hl=en&gl=ng
01d45235-f9f6-4e7f-aac9-831986aff2e5,OPay,OPay is the best,5,2026-09-23,Google Play,Customer Review,https://play.google.com/store/apps/details?id=team.opay.pay&hl=en&gl=ng
bd7dfee4-fc08-44e1-a840-262defe08d6f,OPay,Driving transportation moto,5,2026-09-23,Google Play,Customer Review,https://play.google.com/store/apps/details?id=team.opay.pay&hl=en&gl=ng
601fed85-c3f1-4d99-9ff2-b6c6bf5d6c26,OPay,good work,5,2026-09-23,Google Play,Customer Review,https://play.google.com/store/apps/details?id=team.opay.pay&hl=en&gl=ng
98c6557a-3c62-43cc-8ebd-10b18bb552ae,OPay,super easy,5,2026-09-23,Google Play,Customer Review,https://play.google.com/store/apps/details?id=team.opay.pay&hl=en&gl=ng
f6167765-c467-4aa3-8303-198d94dc2258,OPay,superb experience so far 👌,5,2026-09-23,Google Play,Customer Review,https://play.google.com/store/apps/details?id=team.opay.pay&hl=en&gl=ng
e08f0a17-3273-4409-9c84-0654907b206e,OPay,Flawless app,5,2026-09-23,Google Play,Customer Review,https://play.google.com/store/apps/details?id=team.opay.pay&hl=en&gl=ng
8e5b017b-d713-4b81-82b8-fcb18e446ba9,OPay,100% steady and fast. Opay is a too sure financial bank,5,2026-09-23,Google Play,Customer Review,https://play.google.com/store/apps/details?id=team.opay.pay&hl=en&gl=ng
e373fa3c-4db5-4816-807a-1ab9406ce0cf,OPay,"since i started using Opay have not had any Bank problem again, for me is super sure more than any other Banks in Nigeria.",5,2026-09-23,Google Play,Customer Review,https://play.google.com/store/apps/details?id=team.opay.pay&hl=en&gl=ng
e68a786f-ef02-47d4-bc4d-14388c9d5373,OPay,its amazing,5,2026-09-23,Google Play,Customer Review,https://play.google.com/store/apps/details?id=team.opay.pay&hl=en&gl=ng
1761307e-89a9-44e2-9703-6f42a3a8f66b,OPay,"experience so good ,,,How are mine going to work in your company..",5,2026-09-23,Google Play,Customer Review,https://play.google.com/store/apps/details?id=team.opay.pay&hl=en&gl=ng
024dc5df-2242-4142-beef-9bc77460a47c,OPay,Cool app,4,2026-09-23,Google Play,Customer Review,https://play.google.com/store/apps/details?id=team.opay.pay&hl=en&gl=ng
88dfa321-319d-491f-8474-2bbf10ac70ec,OPay,This app will not allow me to update it Why???????? I need help right now,1,2026-09-23,Google Play,Customer Review,https://play.google.com/store/apps/details?id=team.opay.pay&hl=en&gl=ng
11db7308-b9c4-43ce-9eec-57674ddaf1de,OPay,Seamless as usual.,5,2026-09-23,Google Play,Customer Review,https://play.google.com/store/apps/details?id=team.opay.pay&hl=en&gl=ng
820ffce0-2958-40e4-8b25-d206c3324544,OPay,very reliable and fast,5,2026-09-23,Google Play,Customer Review,https://play.google.com/store/apps/details?id=team.opay.pay&hl=en&gl=ng
5e8a853c-dd31-4199-9124-61ae865cb4ac,OPay,Best app ever,5,2026-09-23,Google Play,Customer Review,https://play.google.com/store/apps/details?id=team.opay.pay&hl=en&gl=ng
068f1611-613a-4224-b940-2347176b17ce,OPay,I love opay💤💥✨💌 no,5,2026-09-23,Google Play,Customer Review,https://play.google.com/store/apps/details?id=team.opay.pay&hl=en&gl=ng
a31d403a-47b3-4eaa-bf5f-cde50346ed68,OPay,I love it 100% smart and reliable,5,2026-09-23,Google Play,Customer Review,https://play.google.com/store/apps/details?id=team.opay.pay&hl=en&gl=ng
d416542f-94c3-4d3c-bad4-032f9e1fc102,OPay,It helps me out so much,5,2026-09-23,Google Play,Customer Review,https://play.google.com/store/apps/details?id=team.opay.pay&hl=en&gl=ng
db58696f-2c99-4de3-9ddf-0b2ee1df893b,OPay,i love this!!!!!!!,1,2026-09-23,Google Play,Customer Review,https://play.google.com/store/apps/details?id=team.opay.pay&hl=en&gl=ng
0dbec89f-b713-458b-a3e6-729f74b6eded,OPay,Plz opay customer plz put it back to version 2.2,5,2026-09-23,Google Play,Customer Review,https://play.google.com/store/apps/details?id=team.opay.pay&hl=en&gl=ng
b6738b3c-7bef-4799-b29d-ab2605fdb312,OPay,good,4,2026-09-23,Google Play,Customer Review,https://play.google.com/store/apps/details?id=team.opay.pay&hl=en&gl=ng
c2c531b4-7463-4629-98b5-5f43b05a617e,OPay,"Nice App, no failure, no disappointment.",5,2026-09-23,Google Play,Customer Review,https://play.google.com/store/apps/details?id=team.opay.pay&hl=en&gl=ng
2c790299-756d-4cc5-865c-637547051874,OPay,I lost the swift server the app makes payment More easier than ever but recently I noticed I don't longer receive alert from the app what could be the reason,5,2026-09-23,Google Play,Customer Review,https://play.google.com/store/apps/details?id=team.opay.pay&hl=en&gl=ng
c2d0dc13-f1c6-455f-bde6-4f65f0b20eb8,OPay,"it really deserve it, opay is okay, in terms of digital transaction, and rewards, very fast and reliable service easy to navigate and well trusted in security, with there internet service security text, that open the eyes of people to know how to save guard and protect their funding with their services, is number one in all,",5,2026-09-23,Google Play,Customer Review,https://play.google.com/store/apps/details?id=team.opay.pay&hl=en&gl=ng
2b15cc06-2bde-4734-9d08-87f3601ccefc,OPay,it's amazing 👏,5,2026-09-23,Google Play,Customer Review,https://play.google.com/store/apps/details?id=team.opay.pay&hl=en&gl=ng
9e9ea878-cc35-404c-8479-68850c118ddc,OPay,is good,5,2026-09-23,Google Play,Customer Review,https://play.google.com/store/apps/details?id=team.opay.pay&hl=en&gl=ng
4f4b4362-c8e0-484d-bbee-8c5501e39b54,OPay,@2w @w 2x@qsw ¡№&1q. zaN x2. v @Z2F.,4,2026-09-23,Google Play,Customer Review,https://play.google.com/store/apps/details?id=team.opay.pay&hl=en&gl=ng
f6088a41-9ea3-45ca-a0c0-06445c1262e7,OPay,Good,3,2026-09-23,Google Play,Customer Review,https://play.google.com/store/apps/details?id=team.opay.pay&hl=en&gl=ng
4da865e5-aeae-45f9-9e34-de529a558ad0,OPay,"One of the best banking app I have ever used. It's so fast, reliable, and easy to use.",5,2026-09-23,Google Play,Customer Review,https://play.google.com/store/apps/details?id=team.opay.pay&hl=en&gl=ng
26b2ac6c-6e17-4e52-b905-31d703ab1035,OPay,good,5,2026-09-23,Google Play,Customer Review,https://play.google.com/store/apps/details?id=team.opay.pay&hl=en&gl=ng
9b291587-1218-49c2-818d-2252e1ceabc6,OPay,This Opay app has been very reliable and seamless in sending and receiving money. And it does so in a very fast and secure manner. I really enjoy using it daily,5,2026-09-23,Google Play,Customer Review,https://play.google.com/store/apps/details?id=team.opay.pay&hl=en&gl=ng
b980a467-54ba-4f35-a51a-4b11daf9e5e2,OPay,oh okay we are together and this account so we have been joined our Brazilian myself in everywhere in anywhere this my account okay so any electron has been open has been dear they are seen on the we are together okay 👍❤️,5,2026-09-23,Google Play,Customer Review,https://play.google.com/store/apps/details?id=team.opay.pay&hl=en&gl=ng
956f0eca-2d8f-43f2-a27e-03679baed3b5,OPay,"opay is the best fastest digital online banking, but if you mistakenly sent money to the wrong person it is gone ever",5,2026-09-23,Google Play,Customer Review,https://play.google.com/store/apps/details?id=team.opay.pay&hl=en&gl=ng
501d026c-fb8b-49aa-823f-758449770159,OPay,very good,5,2026-09-23,Google Play,Customer Review,https://play.google.com/store/apps/details?id=team.opay.pay&hl=en&gl=ng
940aa188-01bd-4213-a60a-ae780839c967,OPay,I like love Opay easy and realyeble,5,2026-09-23,Google Play,Customer Review,https://play.google.com/store/apps/details?id=team.opay.pay&hl=en&gl=ng
25ee7c2e-0873-426b-8169-b63c4a2538e6,OPay,Great 👍,5,2026-09-23,Google Play,Customer Review,https://play.google.com/store/apps/details?id=team.opay.pay&hl=en&gl=ng
b0dba89a-83a6-499e-88ac-b86b7af4104a,OPay,just love the experience,4,2026-09-23,Google Play,Customer Review,https://play.google.com/store/apps/details?id=team.opay.pay&hl=en&gl=ng
7da09eea-db1d-4016-8b00-6bd419306418,OPay,ààaàaaaaàaaaaaaaaaàaaaaaa,2,2026-09-23,Google Play,Customer Review,https://play.google.com/store/apps/details?id=team.opay.pay&hl=en&gl=ng
c32fb251-7a5e-4a56-ad5e-a502464941cd,OPay,fast,5,2026-09-23,Google Play,Customer Review,https://play.google.com/store/apps/details?id=team.opay.pay&hl=en&gl=ng
a4fdd07e-bab4-4978-a467-2ccd8c6cb8e2,OPay,Easy to use,5,2026-09-23,Google Play,Customer Review,https://play.google.com/store/apps/details?id=team.opay.pay&hl=en&gl=ng
29f74b32-c922-418a-9568-fab5f9c98b83,OPay,I really enjoyed used it,5,2026-09-23,Google Play,Customer Review,https://play.google.com/store/apps/details?id=team.opay.pay&hl=en&gl=ng
15e2d534-d0bb-4f27-89e8-322a20d2d03d,OPay,simply the best,5,2026-09-23,Google Play,Customer Review,https://play.google.com/store/apps/details?id=team.opay.pay&hl=en&gl=ng
031052a6-cfbb-4cc4-851d-017b640ccec0,OPay,excellent,5,2026-09-23,Google Play,Customer Review,https://play.google.com/store/apps/details?id=team.opay.pay&hl=en&gl=ng
8a4ad5f1-ec4e-4379-89a9-8f851e6685ec,OPay,Best app ever😍😍😍,5,2026-09-23,Google Play,Customer Review,https://play.google.com/store/apps/details?id=team.opay.pay&hl=en&gl=ng
48339f15-0a04-40cb-8121-aa97bfc8bb68,OPay,perfect,5,2026-09-23,Google Play,Customer Review,https://play.google.com/store/apps/details?id=team.opay.pay&hl=en&gl=ng
de8a5ac8-fb74-44f2-b025-eebe7c75f51c,OPay,your service is excellent,5,2026-09-23,Google Play,Customer Review,https://play.google.com/store/apps/details?id=team.opay.pay&hl=en&gl=ng
59a03430-ac13-48e3-a2f1-865be06498c5,OPay,it takes time to install the app,2,2026-09-23,Google Play,Customer Review,https://play.google.com/store/apps/details?id=team.opay.pay&hl=en&gl=ng
94d4e12e-8072-48d2-a4a1-18ba4ae5ddd0,OPay,always accurate 👌,5,2026-09-23,Google Play,Customer Review,https://play.google.com/store/apps/details?id=team.opay.pay&hl=en&gl=ng
6265705e-b4d0-4cf7-942e-579387ecafca,OPay,good,5,2026-09-23,Google Play,Customer Review,https://play.google.com/store/apps/details?id=team.opay.pay&hl=en&gl=ng
f05e45b1-ed19-4742-8758-8b804737307d,OPay,abdullahi,5,2026-09-23,Google Play,Customer Review,https://play.google.com/store/apps/details?id=team.opay.pay&hl=en&gl=ng
527a7cee-0edc-443b-b730-0eebb658425f,OPay,nice app,5,2026-09-23,Google Play,Customer Review,https://play.google.com/store/apps/details?id=team.opay.pay&hl=en&gl=ng
3f55f9cd-09ea-47ce-915e-540c7d9d4830,OPay,Opay remains the best financial institution Their security and banking network is second to none,5,2026-09-23,Google Play,Customer Review,https://play.google.com/store/apps/details?id=team.opay.pay&hl=en&gl=ng
0241625a-ffcf-487f-b97c-436b15e30abf,OPay,Great 👌,5,2026-09-23,Google Play,Customer Review,https://play.google.com/store/apps/details?id=team.opay.pay&hl=en&gl=ng
696fff55-410d-490d-9c50-87d6cc9f5b4a,OPay,Good,1,2026-09-23,Google Play,Customer Review,https://play.google.com/store/apps/details?id=team.opay.pay&hl=en&gl=ng
e545b6e7-cc95-428d-918c-d0f8b82cdc82,OPay,opay is the best among all,5,2026-09-23,Google Play,Customer Review,https://play.google.com/store/apps/details?id=team.opay.pay&hl=en&gl=ng
63d7bd57-7934-4c3a-8fe8-81dd84387cab,OPay,This Opay App I've not used it before Cuz I used to be scared of it but I came to realise that most of my friends they're using it a friend of mine advice me to use it that is good so I've started using Opay I don't really know much about Opay like that I'm still scared of it now I will make it 5 star ⭐ not 3 ⭐ anymore cause their network banking service is really really great 👍🏼 ❤️❤️ this Opay App is the best. the problem I'm having with this App is they don't have branches nearby.........,5,2026-09-23,Google Play,Customer Review,https://play.google.com/store/apps/details?id=team.opay.pay&hl=en&gl=ng
fee9f4cf-1957-460c-9933-09d610dcacd4,OPay,good,5,2026-09-23,Google Play,Customer Review,https://play.google.com/store/apps/details?id=team.opay.pay&hl=en&gl=ng
e069cd0c-6463-4df3-a416-821eabaab245,OPay,best I have ever used,5,2026-09-23,Google Play,Customer Review,https://play.google.com/store/apps/details?id=team.opay.pay&hl=en&gl=ng
3f81c13f-80ea-457e-b481-de4880247a0d,OPay,EXCELLENT,4,2026-09-23,Google Play,Customer Review,https://play.google.com/store/apps/details?id=team.opay.pay&hl=en&gl=ng
5de29938-c393-460c-9e66-3923501be803,OPay,good,5,2026-09-23,Google Play,Customer Review,https://play.google.com/store/apps/details?id=team.opay.pay&hl=en&gl=ng
cd456294-c5ff-415a-bd6d-91861940f8a5,OPay,successful,5,2026-09-23,Google Play,Customer Review,https://play.google.com/store/apps/details?id=team.opay.pay&hl=en&gl=ng
a4c975de-0eb0-4c52-a593-e687fcc9f0ff,OPay,"i was using my normal banking before a friend introduce me to Opay and since then, i can't even remember when i save money with my normal bank Opay has made everything more easy for me because i can save money by each transaction i do ✌️❤️",5,2026-09-23,Google Play,Customer Review,https://play.google.com/store/apps/details?id=team.opay.pay&hl=en&gl=ng
ff869638-fa03-4c50-b6c5-fcf9a3200860,OPay,fantastic,5,2026-09-23,Google Play,Customer Review,https://play.google.com/store/apps/details?id=team.opay.pay&hl=en&gl=ng
c6d8f01a-fee4-4d2c-b257-6502d00e68b8,OPay,good,5,2026-09-23,Google Play,Customer Review,https://play.google.com/store/apps/details?id=team.opay.pay&hl=en&gl=ng
f96c40ad-45d3-47b8-9271-4a4de00b084c,OPay,good,5,2026-09-23,Google Play,Customer Review,https://play.google.com/store/apps/details?id=team.opay.pay&hl=en&gl=ng
7f7d324f-b7dd-4907-a3f8-9eb80c95287e,OPay,amazing,5,2026-09-23,Google Play,Customer Review,https://play.google.com/store/apps/details?id=team.opay.pay&hl=en&gl=ng
b96e8f39-1836-4b00-a2ae-ca0017b1ad3c,OPay,Nice,1,2026-09-23,Google Play,Customer Review,https://play.google.com/store/apps/details?id=team.opay.pay&hl=en&gl=ng
68a82b6f-d7e9-4b3c-9f9a-52ea8b892171,OPay,useless app guys don't download i invite people and got nothing,1,2026-09-23,Google Play,Customer Review,https://play.google.com/store/apps/details?id=team.opay.pay&hl=en&gl=ng
9064c7ea-11dd-47e0-8d9e-2cb8a1e62cd6,OPay,appvo,5,2026-09-23,Google Play,Customer Review,https://play.google.com/store/apps/details?id=team.opay.pay&hl=en&gl=ng
984effa5-3921-4279-bc42-cd1180e49255,OPay,exceptional,1,2026-09-23,Google Play,Customer Review,https://play.google.com/store/apps/details?id=team.opay.pay&hl=en&gl=ng
fbf7a788-e773-47a3-8799-79d34d8a17df,OPay,Awesome.,4,2026-09-23,Google Play,Customer Review,https://play.google.com/store/apps/details?id=team.opay.pay&hl=en&gl=ng
7fbb6c44-47b2-4e52-a4ea-6aa8d0e58a35,OPay,They are really trying and they hardly have network issues,5,2026-09-23,Google Play,Customer Review,https://play.google.com/store/apps/details?id=team.opay.pay&hl=en&gl=ng
db0b610c-dd1e-40da-84a1-add3d3d92f6f,OPay,"it's a very good mobile banking app, I strongly encourage people to use it.",5,2026-09-23,Google Play,Customer Review,https://play.google.com/store/apps/details?id=team.opay.pay&hl=en&gl=ng
e2541ec6-b2a7-4af4-9757-2711de1247fd,OPay,"opay are one of the best i have seen compering to other banks, fast in transfer and receiving, opay you are more than banks.",5,2026-09-23,Google Play,Customer Review,https://play.google.com/store/apps/details?id=team.opay.pay&hl=en&gl=ng
9fa24632-20df-4db7-8133-011ded60dbce,OPay,very good,5,2026-09-23,Google Play,Customer Review,https://play.google.com/store/apps/details?id=team.opay.pay&hl=en&gl=ng
a07170e4-8678-4073-8a75-546b11b89cee,OPay,"BEST, JUST THE BEST",5,2026-09-23,Google Play,Customer Review,https://play.google.com/store/apps/details?id=team.opay.pay&hl=en&gl=ng
11351b05-6d90-417c-890c-9d67090559e1,OPay,Sharp,5,2026-09-23,Google Play,Customer Review,https://play.google.com/store/apps/details?id=team.opay.pay&hl=en&gl=ng
28db394e-2e3c-4320-9ccc-bbc58f1d4aec,OPay,still observing,5,2026-09-23,Google Play,Customer Review,https://play.google.com/store/apps/details?id=team.opay.pay&hl=en&gl=ng
f866619f-1a01-4827-9092-722945941084,OPay,Please open the app for me,5,2026-09-23,Google Play,Customer Review,https://play.google.com/store/apps/details?id=team.opay.pay&hl=en&gl=ng
ddd95e27-3501-46b1-a196-9bf68685c64e,OPay,The Best So far!!❤,5,2026-09-23,Google Play,Customer Review,https://play.google.com/store/apps/details?id=team.opay.pay&hl=en&gl=ng
08dfcccf-a424-4d61-ab3c-d1da27e9ea0d,OPay,Abdulhamid,5,2026-09-23,Google Play,Customer Review,https://play.google.com/store/apps/details?id=team.opay.pay&hl=en&gl=ng
8eda6438-314e-45fa-af04-77f4f7bd16f6,OPay,nice,5,2026-09-23,Google Play,Customer Review,https://play.google.com/store/apps/details?id=team.opay.pay&hl=en&gl=ng
aaaad4fc-ac7c-45a7-9068-a224954c359d,OPay,"Well in terms of payment opay is fast and reliable I activated opay savings festival then I made a deposit of 10,000 naira then along the line I needed urgent funds to buy drugs so when I broke the savings they reduced my money to 9,992 naira why I reduced my rating to 2 star I will make it 5 star when my money is complete",2,2026-09-23,Google Play,Customer Review,https://play.google.com/store/apps/details?id=team.opay.pay&hl=en&gl=ng
8dfb5147-a5e3-4641-9cd0-6918873fe4e1,OPay,good,5,2026-09-23,Google Play,Customer Review,https://play.google.com/store/apps/details?id=team.opay.pay&hl=en&gl=ng
ef5392b2-5eaf-40af-bf43-aafdb32e3d19,OPay,opay is amazing bank,5,2026-09-23,Google Play,Customer Review,https://play.google.com/store/apps/details?id=team.opay.pay&hl=en&gl=ng
628e5738-b3cc-4211-a6e8-75cc423e8347,OPay,This is the best banking app i ever experienced.,5,2026-09-23,Google Play,Customer Review,https://play.google.com/store/apps/details?id=team.opay.pay&hl=en&gl=ng
60981c86-1e8e-4598-83cb-133a14cac31a,OPay,I love this app,5,2026-09-23,Google Play,Customer Review,https://play.google.com/store/apps/details?id=team.opay.pay&hl=en&gl=ng
1660f0c6-9f85-4132-b770-f4139c869d9f,OPay,amazing,5,2026-09-23,Google Play,Customer Review,https://play.google.com/store/apps/details?id=team.opay.pay&hl=en&gl=ng
4d923eb6-ccd2-4b4f-a8c2-a5fb30070666,OPay,good app,5,2026-09-23,Google Play,Customer Review,https://play.google.com/store/apps/details?id=team.opay.pay&hl=en&gl=ng
824bd6c2-9bd4-4f91-9fb0-74d68db4cce9,OPay,excellent,4,2026-09-23,Google Play,Customer Review,https://play.google.com/store/apps/details?id=team.opay.pay&hl=en&gl=ng
a876a1a8-4ec1-498f-a809-b8d63a2de86b,OPay,very good app,5,2026-09-23,Google Play,Customer Review,https://play.google.com/store/apps/details?id=team.opay.pay&hl=en&gl=ng
e5becf27-2e35-46a3-9202-b58a34cd0ea5,OPay,it is very good and realible app!,5,2026-09-23,Google Play,Customer Review,https://play.google.com/store/apps/details?id=team.opay.pay&hl=en&gl=ng
81c08e4b-37aa-4083-87f5-5785906a76da,OPay,This App is simply wonderful.,5,2026-09-23,Google Play,Customer Review,https://play.google.com/store/apps/details?id=team.opay.pay&hl=en&gl=ng
20dc0273-935f-4587-852b-ade5dac3e13f,OPay,Wonderful ♥️♥️,5,2026-09-23,Google Play,Customer Review,https://play.google.com/store/apps/details?id=team.opay.pay&hl=en&gl=ng
b02cb4f9-2f4d-40fe-8a41-3efee18b40dd,OPay,Vry faster,4,2026-09-23,Google Play,Customer Review,https://play.google.com/store/apps/details?id=team.opay.pay&hl=en&gl=ng
a0b1068c-1d02-45d5-a864-023feaf4bec4,OPay,Fast and reliable,5,2026-09-23,Google Play,Customer Review,https://play.google.com/store/apps/details?id=team.opay.pay&hl=en&gl=ng
608e6b59-ab31-4940-b7d7-7b7efe778d37,OPay,great and good,5,2026-09-23,Google Play,Customer Review,https://play.google.com/store/apps/details?id=team.opay.pay&hl=en&gl=ng
52a4469c-cdab-4539-b681-0b26bf27362a,OPay,i can't trade opay for any other bank bcos opay has a lot of security,5,2026-09-23,Google Play,Customer Review,https://play.google.com/store/apps/details?id=team.opay.pay&hl=en&gl=ng
e5a8c6cd-443b-4351-a077-5f0622385769,OPay,Opay is an amazing banking app. It's seamless and easy to navigate. The services are good and profitable.,5,2026-09-23,Google Play,Customer Review,https://play.google.com/store/apps/details?id=team.opay.pay&hl=en&gl=ng
04c89227-e73a-4195-8035-859f16abf9f5,OPay,I too much have confidence in you people keep it up,5,2026-09-23,Google Play,Customer Review,https://play.google.com/store/apps/details?id=team.opay.pay&hl=en&gl=ng
119622ee-cadd-47e9-ab62-0c774b7612da,OPay,the best,5,2026-09-23,Google Play,Customer Review,https://play.google.com/store/apps/details?id=team.opay.pay&hl=en&gl=ng
a4e6f95b-4940-4117-b55a-c951e9a1e88c,OPay,nice,5,2026-09-23,Google Play,Customer Review,https://play.google.com/store/apps/details?id=team.opay.pay&hl=en&gl=ng
71c5d516-52d5-413e-a077-62846df3a155,OPay,Just Too Good,5,2026-09-23,Google Play,Customer Review,https://play.google.com/store/apps/details?id=team.opay.pay&hl=en&gl=ng
a799b129-d984-45de-9857-8f5ba46fd5c2,OPay,Good life faster,4,2026-09-23,Google Play,Customer Review,https://play.google.com/store/apps/details?id=team.opay.pay&hl=en&gl=ng
09d8e146-1af9-44eb-b2af-6bb2995beb93,OPay,I love opay,5,2026-09-23,Google Play,Customer Review,https://play.google.com/store/apps/details?id=team.opay.pay&hl=en&gl=ng
b86d2800-384b-4649-9946-ea4336cdfac6,OPay,super experience,5,2026-09-23,Google Play,Customer Review,https://play.google.com/store/apps/details?id=team.opay.pay&hl=en&gl=ng
9e247620-b066-4541-8588-11dc0692a3f4,OPay,the app is fast,5,2026-09-23,Google Play,Customer Review,https://play.google.com/store/apps/details?id=team.opay.pay&hl=en&gl=ng
52e9885d-ae02-4edf-8fdc-98eb90df736c,OPay,exceptionally brilliant,5,2026-09-23,Google Play,Customer Review,https://play.google.com/store/apps/details?id=team.opay.pay&hl=en&gl=ng
4249ba31-1235-4e90-be0b-e1c0bc5c570c,OPay,"Whenever the network service is strong, OPay services are top notch. The constant request for app update is commendable. OPay my number one Fintech bank.",4,2026-09-23,Google Play,Customer Review,https://play.google.com/store/apps/details?id=team.opay.pay&hl=en&gl=ng
8121ac6c-eef1-48d9-9668-292dd7705c05,OPay,Excellent,5,2026-09-23,Google Play,Customer Review,https://play.google.com/store/apps/details?id=team.opay.pay&hl=en&gl=ng
709a9f40-7add-4726-adf3-849156ccfaac,OPay,The fastest bank ever and reliable,5,2026-09-23,Google Play,Customer Review,https://play.google.com/store/apps/details?id=team.opay.pay&hl=en&gl=ng
02a442dc-d5f1-41a3-9d9d-e84afcb3f3a9,OPay,I love this opay app,5,2026-09-23,Google Play,Customer Review,https://play.google.com/store/apps/details?id=team.opay.pay&hl=en&gl=ng
76a91576-0342-434d-a418-f17f04d0568a,OPay,"What is wrong with this app, I can't transfer! I just updated my app and I'm going through this kind of issues, this is annoying!! the issue has been fixed, thanks",4,2026-09-23,Google Play,Customer Review,https://play.google.com/store/apps/details?id=team.opay.pay&hl=en&gl=ng
69054149-2a87-4e81-9e2d-6bf74c6f968c,OPay,excellent fast and very efficient. I have very few if any complaints,5,2026-09-23,Google Play,Customer Review,https://play.google.com/store/apps/details?id=team.opay.pay&hl=en&gl=ng
0225e186-899c-4a8b-8426-7f4f8c0f58bb,OPay,cool,5,2026-09-23,Google Play,Customer Review,https://play.google.com/store/apps/details?id=team.opay.pay&hl=en&gl=ng
3738a268-1eaa-4cb5-ad81-5f018cdf58a3,OPay,the Best banking app so far. so reliable,5,2026-09-23,Google Play,Customer Review,https://play.google.com/store/apps/details?id=team.opay.pay&hl=en&gl=ng
7f77d084-3278-4332-9575-a97d483878f1,OPay,nothing much,5,2026-09-23,Google Play,Customer Review,https://play.google.com/store/apps/details?id=team.opay.pay&hl=en&gl=ng
34908e16-2a6f-4c65-b326-f8444df7dffb,OPay,good and reliable,5,2026-09-23,Google Play,Customer Review,https://play.google.com/store/apps/details?id=team.opay.pay&hl=en&gl=ng
80da3f3f-2a34-472b-bbc0-d40c7c53deba,OPay,"I love this app , very reliable, as a matter of fact I have been verbally advertising opay since before it became popular",5,2026-09-23,Google Play,Customer Review,https://play.google.com/store/apps/details?id=team.opay.pay&hl=en&gl=ng
a6862b5c-8c1a-46cd-b44e-48e7911706f3,OPay,opay is the best mobile banking app,5,2026-09-23,Google Play,Customer Review,https://play.google.com/store/apps/details?id=team.opay.pay&hl=en&gl=ng
6cf48cdb-a773-4a0e-a4b5-605cee69178f,OPay,very fast and flexible I think everyone should have this app I am loving it,5,2026-09-23,Google Play,Customer Review,https://play.google.com/store/apps/details?id=team.opay.pay&hl=en&gl=ng
d05fc268-cf1f-4a0e-bbc8-d74a295d28a0,OPay,The network always 100 percent,5,2026-09-23,Google Play,Customer Review,https://play.google.com/store/apps/details?id=team.opay.pay&hl=en&gl=ng
df9cbe74-f721-44bb-8567-3fff4fcfe8b4,OPay,Very good 👍,5,2026-09-23,Google Play,Customer Review,https://play.google.com/store/apps/details?id=team.opay.pay&hl=en&gl=ng
1e1ba6f2-0294-45f3-8c6a-3c6cbbed29c5,OPay,opay is a overrated...... like it the best bank ever keep up the good work opay if una like change over night 😁,5,2026-09-23,Google Play,Customer Review,https://play.google.com/store/apps/details?id=team.opay.pay&hl=en&gl=ng
f2d2aa60-e7f4-4b89-9804-27b410c816b7,OPay,Fantastic!!,4,2026-09-23,Google Play,Customer Review,https://play.google.com/store/apps/details?id=team.opay.pay&hl=en&gl=ng
9921d80e-4961-4877-bd1c-6af82532e86b,OPay,excellent,5,2026-09-23,Google Play,Customer Review,https://play.google.com/store/apps/details?id=team.opay.pay&hl=en&gl=ng
7e5ab3af-71a5-46f3-9b3d-860fdf2eb062,OPay,great,5,2026-09-23,Google Play,Customer Review,https://play.google.com/store/apps/details?id=team.opay.pay&hl=en&gl=ng
9b3c64ab-53bf-4f43-aa40-89cd00155fc3,OPay,best bank app...and its the fact they don't deduct loan from your balance..,5,2026-09-23,Google Play,Customer Review,https://play.google.com/store/apps/details?id=team.opay.pay&hl=en&gl=ng
fa6d0f99-9534-4d6d-bb13-2e522c843a55,OPay,Opay is the best App for me,5,2026-09-23,Google Play,Customer Review,https://play.google.com/store/apps/details?id=team.opay.pay&hl=en&gl=ng
d51d17b6-9d4b-46d0-affc-7a2b05e36948,OPay,Great app,5,2026-09-23,Google Play,Customer Review,https://play.google.com/store/apps/details?id=team.opay.pay&hl=en&gl=ng
0265462a-22e5-4ab7-ac99-ee534bd4ab5c,OPay,I love this app so fast and reliable,5,2026-09-23,Google Play,Customer Review,https://play.google.com/store/apps/details?id=team.opay.pay&hl=en&gl=ng
a52a606b-4e82-4569-9b0b-59529546a049,OPay,fast transfer I have ever see,5,2026-09-23,Google Play,Customer Review,https://play.google.com/store/apps/details?id=team.opay.pay&hl=en&gl=ng
e99282d3-aef2-4c26-af9f-e4151535c542,OPay,The app is doing well but I have an issue with paying electricity bills from Opay. Their service in that area is seldom available.,4,2026-09-23,Google Play,Customer Review,https://play.google.com/store/apps/details?id=team.opay.pay&hl=en&gl=ng
8084a518-a87f-43d3-a027-075987f23d77,OPay,love it,4,2026-09-23,Google Play,Customer Review,https://play.google.com/store/apps/details?id=team.opay.pay&hl=en&gl=ng
49186297-c455-4162-885e-0740737aa9c0,OPay,very easier,3,2026-09-23,Google Play,Customer Review,https://play.google.com/store/apps/details?id=team.opay.pay&hl=en&gl=ng
797abc52-14de-4828-8150-32a5356b3825,OPay,Best fintech app so far,5,2026-09-23,Google Play,Customer Review,https://play.google.com/store/apps/details?id=team.opay.pay&hl=en&gl=ng
0edee27c-75c9-4d7a-a117-35f37920075a,OPay,nice,5,2026-09-23,Google Play,Customer Review,https://play.google.com/store/apps/details?id=team.opay.pay&hl=en&gl=ng
9d1a0db5-a492-4c82-90a6-9f58116be7ae,OPay,Excellent,5,2026-09-23,Google Play,Customer Review,https://play.google.com/store/apps/details?id=team.opay.pay&hl=en&gl=ng
85c0ff31-5826-490b-a329-b21654a21c8f,OPay,",fx",5,2026-09-23,Google Play,Customer Review,https://play.google.com/store/apps/details?id=team.opay.pay&hl=en&gl=ng
e90dc5db-fa1a-4960-892a-00d8ac7d37c6,OPay,Awesome,5,2026-09-23,Google Play,Customer Review,https://play.google.com/store/apps/details?id=team.opay.pay&hl=en&gl=ng
e12b5558-9edd-4a78-9a62-26debf98ee9a,OPay,Good,5,2026-09-23,Google Play,Customer Review,https://play.google.com/store/apps/details?id=team.opay.pay&hl=en&gl=ng
30d545a7-69af-41eb-b0ed-3927da58bb8b,OPay,very good,4,2026-09-23,Google Play,Customer Review,https://play.google.com/store/apps/details?id=team.opay.pay&hl=en&gl=ng
3ff2a324-8866-4ffa-9af3-fd93f6aa559f,OPay,It have been an awesome experience with Opay mobile banking app. very smooth and reliable,5,2026-09-23,Google Play,Customer Review,https://play.google.com/store/apps/details?id=team.opay.pay&hl=en&gl=ng
d81cf376-2037-4209-a875-57c10df3cc80,OPay,fast easy and secure,5,2026-09-23,Google Play,Customer Review,https://play.google.com/store/apps/details?id=team.opay.pay&hl=en&gl=ng
7c3e1b02-0885-4fe8-9bd7-ff6a5a2ad45e,OPay,just ok,4,2026-09-23,Google Play,Customer Review,https://play.google.com/store/apps/details?id=team.opay.pay&hl=en&gl=ng
28a502cb-4fdb-4be3-8ae7-c3d05b41b8df,OPay,good and reliable online bank,5,2026-09-23,Google Play,Customer Review,https://play.google.com/store/apps/details?id=team.opay.pay&hl=en&gl=ng
2d7edd1a-13a8-441a-88bc-904d277f0573,OPay,"I would have rated this app 5 stars, but the EaseMoni loan you promote made me give it 4 stars. EaseMoni will offer me a loan but later decline it and then tell me to reapply after 5 days. I have been reapplying every 5 days for over 2 weeks now, but they still won't give me the loan. Please remove EaseMoni from your app or warn them to stop this nonsense.",3,2026-09-23,Google Play,Customer Review,https://play.google.com/store/apps/details?id=team.opay.pay&hl=en&gl=ng
16b4043c-f0a6-44ea-9dbf-9fc4cc0fa3fd,OPay,"The easiest, convinent, and safer financial app.",5,2026-09-23,Google Play,Customer Review,https://play.google.com/store/apps/details?id=team.opay.pay&hl=en&gl=ng
c48a9310-7eea-4226-a160-9a70352ec321,OPay,Excellent performance always.So reliable.,5,2026-09-23,Google Play,Customer Review,https://play.google.com/store/apps/details?id=team.opay.pay&hl=en&gl=ng
aa094e59-1525-419a-9496-603ff98ae8d6,OPay,excellent app,5,2026-09-23,Google Play,Customer Review,https://play.google.com/store/apps/details?id=team.opay.pay&hl=en&gl=ng
5cf09b6a-d930-475a-951f-bd8c0c334c98,OPay,I like opay,5,2026-09-23,Google Play,Customer Review,https://play.google.com/store/apps/details?id=team.opay.pay&hl=en&gl=ng
ba18a96a-c7bb-4f81-ba7e-09c2c74dfdb5,OPay,Opay is the best 👌,5,2026-09-23,Google Play,Customer Review,https://play.google.com/store/apps/details?id=team.opay.pay&hl=en&gl=ng
6683475a-e193-4d89-991d-39aad283683e,OPay,very fast and reliable,5,2026-09-23,Google Play,Customer Review,https://play.google.com/store/apps/details?id=team.opay.pay&hl=en&gl=ng
7bdae860-1575-4055-9905-a301c4f5a8e7,OPay,This Opay App is super good.,5,2026-09-23,Google Play,Customer Review,https://play.google.com/store/apps/details?id=team.opay.pay&hl=en&gl=ng
d100b4b6-bbd5-42b2-998a-98a3852aafc2,OPay,App takes forever to open,2,2026-09-23,Google Play,Customer Review,https://play.google.com/store/apps/details?id=team.opay.pay&hl=en&gl=ng
fc39ccde-24ef-4b09-971c-f43f7bc5448d,OPay,very good and reliable,5,2026-09-23,Google Play,Customer Review,https://play.google.com/store/apps/details?id=team.opay.pay&hl=en&gl=ng
56e61f63-ad56-43dd-aeb7-0d196ae96623,OPay,fantastic,5,2026-09-23,Google Play,Customer Review,https://play.google.com/store/apps/details?id=team.opay.pay&hl=en&gl=ng
c7305ecd-665c-432d-9361-082af22f09ac,OPay,"incredible app and there's lots of improvement day by day. However, unsolicited calls is inappropriate and distracting, including loans offer that is not given.",5,2026-09-23,Google Play,Customer Review,https://play.google.com/store/apps/details?id=team.opay.pay&hl=en&gl=ng
f424f70b-db75-4349-8e59-909db805e4c8,OPay,"Opay is the Best banking App of all time. It is flexible, easy to use with a friendly interface which is very transparent to both the sender and the receiver. No network failure, no network glitch. Sender sends money in less than 10s and receiver receives it in less than 5s. If there's a 100 star rating, I will 100% choose OPAY.",5,2026-09-23,Google Play,Customer Review,https://play.google.com/store/apps/details?id=team.opay.pay&hl=en&gl=ng
b993a898-1340-4c2d-83d8-de56bd911e43,OPay,😍😍😍,5,2026-09-23,Google Play,Customer Review,https://play.google.com/store/apps/details?id=team.opay.pay&hl=en&gl=ng
854981e0-2e82-494b-b314-2572691ba9f8,OPay,fast and reliable,5,2026-09-23,Google Play,Customer Review,https://play.google.com/store/apps/details?id=team.opay.pay&hl=en&gl=ng
51066c9a-7800-49f6-b661-92c0ae2e190c,OPay,This is the best banking app,5,2026-09-23,Google Play,Customer Review,https://play.google.com/store/apps/details?id=team.opay.pay&hl=en&gl=ng
4108efd9-8afd-4365-984a-c340d6b4e851,OPay,v and me uh,2,2026-09-23,Google Play,Customer Review,https://play.google.com/store/apps/details?id=team.opay.pay&hl=en&gl=ng
cf724752-0da9-4371-b121-973d7a5b0309,OPay,"it is the target savings, spend and save for me, it makes my savings journey easy and convenient",4,2026-09-23,Google Play,Customer Review,https://play.google.com/store/apps/details?id=team.opay.pay&hl=en&gl=ng
43588b6a-22b1-46f5-8d1e-cecdcc03f174,OPay,easy going,4,2026-09-23,Google Play,Customer Review,https://play.google.com/store/apps/details?id=team.opay.pay&hl=en&gl=ng
1ef0714f-026a-44ed-8d9f-83c00bd024d2,OPay,"Opay is the best. Since I've been using it, they have never disappointed me. Five stars for you guys.",5,2026-09-23,Google Play,Customer Review,https://play.google.com/store/apps/details?id=team.opay.pay&hl=en&gl=ng
398e68f1-aee8-4599-8528-9bd71f3b9ffb,OPay,absolutely marvellous,5,2026-09-23,Google Play,Customer Review,https://play.google.com/store/apps/details?id=team.opay.pay&hl=en&gl=ng
f76e96d2-8f3d-4353-885e-36d399404d44,OPay,I was mistakenly sent money to the bank but to due respect I want you to refund the money azap,5,2026-09-23,Google Play,Customer Review,https://play.google.com/store/apps/details?id=team.opay.pay&hl=en&gl=ng
0e3e90e5-f7bf-47b9-b9aa-3126f72e02cc,OPay,"Opay is Okay, seriously this is what we need, no matter where you're, best app ever",5,2026-09-23,Google Play,Customer Review,https://play.google.com/store/apps/details?id=team.opay.pay&hl=en&gl=ng
53f8c330-eddf-4759-9ec1-e09e4fdf14cc,OPay,very interesting,5,2026-09-23,Google Play,Customer Review,https://play.google.com/store/apps/details?id=team.opay.pay&hl=en&gl=ng
9bb13b65-25f5-4cce-ae37-3e6c7108636a,OPay,Nice,1,2026-09-23,Google Play,Customer Review,https://play.google.com/store/apps/details?id=team.opay.pay&hl=en&gl=ng
52d41fc6-8a5c-4de5-a90a-48b05c4d362b,OPay,nice one,5,2026-09-23,Google Play,Customer Review,https://play.google.com/store/apps/details?id=team.opay.pay&hl=en&gl=ng
876e0f28-7ea0-43b2-bbb6-6bddb4b808a8,OPay,Excellent,5,2026-09-23,Google Play,Customer Review,https://play.google.com/store/apps/details?id=team.opay.pay&hl=en&gl=ng
09d8611a-5753-499c-8e01-95de25e2fc98,OPay,I love this app makes things easier to do,5,2026-09-23,Google Play,Customer Review,https://play.google.com/store/apps/details?id=team.opay.pay&hl=en&gl=ng
9a59aa93-e147-41b0-aa9a-e6468fed966a,OPay,thumbs up at first I was scared of using opay app but when I give it a try it deserve more than five star maintain these ur standard I love opay 😊😊😊,5,2026-09-23,Google Play,Customer Review,https://play.google.com/store/apps/details?id=team.opay.pay&hl=en&gl=ng
28d38f40-e36d-40ce-b174-1f205c05a18d,OPay,akindele afeez adoo opay account number,5,2026-09-23,Google Play,Customer Review,https://play.google.com/store/apps/details?id=team.opay.pay&hl=en&gl=ng
33425014-9132-4b59-ae19-232fce70cc62,OPay,fastest payment,5,2026-09-23,Google Play,Customer Review,https://play.google.com/store/apps/details?id=team.opay.pay&hl=en&gl=ng
93bf9a89-d9cd-48b9-925c-1d18568c5262,OPay,"I don't know if it's possible to view history of transaction with a particular account holder and not all history at once. just looking forward to when you can do that. overall, you are the best",5,2026-09-23,Google Play,Customer Review,https://play.google.com/store/apps/details?id=team.opay.pay&hl=en&gl=ng
d32c3370-9ff6-48d4-8437-4ea3fb26e6d3,OPay,"Thank you all!, you all really built a very reliable app😌",5,2026-09-23,Google Play,Customer Review,https://play.google.com/store/apps/details?id=team.opay.pay&hl=en&gl=ng
2f1cdf39-e371-44c3-ab0a-301a7dc0f880,OPay,I love using it,5,2026-09-23,Google Play,Customer Review,https://play.google.com/store/apps/details?id=team.opay.pay&hl=en&gl=ng
a5a28432-ae77-4c6e-9e41-d63561ac0bd6,OPay,Very fast,5,2026-09-23,Google Play,Customer Review,https://play.google.com/store/apps/details?id=team.opay.pay&hl=en&gl=ng
b23772b6-0dc0-4048-9201-60222dbc0acd,OPay,it's very good,5,2026-09-23,Google Play,Customer Review,https://play.google.com/store/apps/details?id=team.opay.pay&hl=en&gl=ng
f1dcb040-d4b8-4b2f-9ff1-119c927ad605,OPay,beautiful app with the right features,4,2026-09-23,Google Play,Customer Review,https://play.google.com/store/apps/details?id=team.opay.pay&hl=en&gl=ng
8d057453-495a-4fea-ab83-29a8ad8709ed,OPay,"Hello OPay team. I would like to know whether the facial recognition and liveness verification technology used in your app is developed internally by OPay or provided by a third-party biometric technology company. Also, how is my facial biometric data processed and protected? Thank you.",4,2026-09-23,Google Play,Customer Review,https://play.google.com/store/apps/details?id=team.opay.pay&hl=en&gl=ng
d78d645f-3976-48c2-bc77-45b16a050fe0,OPay,accurate,4,2026-09-23,Google Play,Customer Review,https://play.google.com/store/apps/details?id=team.opay.pay&hl=en&gl=ng
7a5637f5-301b-44fe-a556-fb7c6655324e,OPay,"Good, smooth and easy operation",4,2026-09-23,Google Play,Customer Review,https://play.google.com/store/apps/details?id=team.opay.pay&hl=en&gl=ng
4d80a454-6ff1-49c7-84cc-4d797dbf9801,OPay,"bad, i don't have an account yet but they are requesting for saved pattern after installing the app",1,2026-09-23,Google Play,Customer Review,https://play.google.com/store/apps/details?id=team.opay.pay&hl=en&gl=ng
2304f074-8009-48b3-81a6-d78f8156fc90,OPay,NICE ONE APPLICATION OPAY,5,2026-09-23,Google Play,Customer Review,https://play.google.com/store/apps/details?id=team.opay.pay&hl=en&gl=ng
34c3be70-fe85-400a-a8fa-94a35841c2ae,OPay,very good,5,2026-09-23,Google Play,Customer Review,https://play.google.com/store/apps/details?id=team.opay.pay&hl=en&gl=ng
9e64dea6-2048-478a-84a9-4c4f63549bb2,OPay,I hss been 👍 but it's showing me space full 🌝,5,2026-09-23,Google Play,Customer Review,https://play.google.com/store/apps/details?id=team.opay.pay&hl=en&gl=ng
d8ee6765-8461-4a07-88a0-0f85cb3a23f8,OPay,i recommend you to join in using OPAY they are fast and reliable 👍,4,2026-09-23,Google Play,Customer Review,https://play.google.com/store/apps/details?id=team.opay.pay&hl=en&gl=ng
ff315d7d-db8b-42f5-a380-7ef128348a46,OPay,opay is very better for peoples and it is app that help for business and also it is.bank that save peoples money and put interest every day,5,2026-09-23,Google Play,Customer Review,https://play.google.com/store/apps/details?id=team.opay.pay&hl=en&gl=ng
5eadfd0b-83d3-400d-aca3-266005a98022,OPay,Too good,5,2026-09-23,Google Play,Customer Review,https://play.google.com/store/apps/details?id=team.opay.pay&hl=en&gl=ng
44a53a0b-5018-4ed4-b4c9-b37ef648a7ce,OPay,I don't need otp,5,2026-09-23,Google Play,Customer Review,https://play.google.com/store/apps/details?id=team.opay.pay&hl=en&gl=ng
c280811f-816e-4294-a2b5-744849575a6c,OPay,Great experience so far!,5,2026-09-23,Google Play,Customer Review,https://play.google.com/store/apps/details?id=team.opay.pay&hl=en&gl=ng
62b85819-c7e3-4d69-b2f1-903ca868f34b,OPay,So much reliable,5,2026-09-23,Google Play,Customer Review,https://play.google.com/store/apps/details?id=team.opay.pay&hl=en&gl=ng
dec1da85-6ca6-48ea-9abe-faf8fe1062ee,OPay,peaceful,5,2026-09-23,Google Play,Customer Review,https://play.google.com/store/apps/details?id=team.opay.pay&hl=en&gl=ng
d61f9800-7c9a-4e35-a780-54d5e928f5da,OPay,I was not the one who copied my Opay account to the Play store. I'm suspecting fraud,5,2026-09-23,Google Play,Customer Review,https://play.google.com/store/apps/details?id=team.opay.pay&hl=en&gl=ng
fc6e6909-7d0e-4821-997f-84bd5632a867,OPay,amazing 👏 🤩 🙀,5,2026-09-23,Google Play,Customer Review,https://play.google.com/store/apps/details?id=team.opay.pay&hl=en&gl=ng
a54054d3-2047-4b53-992f-c5737eb9cc6f,OPay,so fast and reliable. I love Opay,5,2026-09-23,Google Play,Customer Review,https://play.google.com/store/apps/details?id=team.opay.pay&hl=en&gl=ng
1778448f-60a0-4b81-9fbc-2085919beb54,OPay,Good,5,2026-09-23,Google Play,Customer Review,https://play.google.com/store/apps/details?id=team.opay.pay&hl=en&gl=ng
c70641e0-71d5-4f6e-91b6-90e62e4b38f4,OPay,I want to save my money inside Opay saving account so that I can be collecting,5,2026-09-23,Google Play,Customer Review,https://play.google.com/store/apps/details?id=team.opay.pay&hl=en&gl=ng
3f5ada98-9767-4243-b12a-75787b819698,OPay,beso,5,2026-09-23,Google Play,Customer Review,https://play.google.com/store/apps/details?id=team.opay.pay&hl=en&gl=ng
2ec270e6-5560-4a1f-819f-ec4e6e135ae2,OPay,sure you're beyond banking,5,2026-09-23,Google Play,Customer Review,https://play.google.com/store/apps/details?id=team.opay.pay&hl=en&gl=ng
72c59d61-8816-4546-b41d-1b2d9dd6c683,OPay,Great commendable service.,5,2026-09-23,Google Play,Customer Review,https://play.google.com/store/apps/details?id=team.opay.pay&hl=en&gl=ng
99b6cadd-16ee-447a-a77e-69b74d59280a,OPay,Nigerian,5,2026-09-23,Google Play,Customer Review,https://play.google.com/store/apps/details?id=team.opay.pay&hl=en&gl=ng
5a72244b-abc6-4219-8c90-8b569a9445cb,OPay,excellent,5,2026-09-23,Google Play,Customer Review,https://play.google.com/store/apps/details?id=team.opay.pay&hl=en&gl=ng
86d7bf05-0831-4762-a0ef-561a3f619e23,OPay,Opay my one in a million Banks,5,2026-09-22,Google Play,Customer Review,https://play.google.com/store/apps/details?id=team.opay.pay&hl=en&gl=ng
a840d251-2d65-4fa5-bf24-f2208c152fca,OPay,blast,5,2026-09-22,Google Play,Customer Review,https://play.google.com/store/apps/details?id=team.opay.pay&hl=en&gl=ng
926a4d58-2f35-4f2d-94a3-13b0a6f46fc0,OPay,"The best about OPay is when you leave you money on it for a long time just like normal bank it will be seen as fixed deposit and there will be interest on it,so lovely",5,2026-09-22,Google Play,Customer Review,https://play.google.com/store/apps/details?id=team.opay.pay&hl=en&gl=ng
931a8554-6615-4f6f-8515-f34dbd1b21b0,OPay,perfect,5,2026-09-22,Google Play,Customer Review,https://play.google.com/store/apps/details?id=team.opay.pay&hl=en&gl=ng
2fdc82af-e20f-4bd8-9260-bb1eeb30d719,OPay,best mobile app,5,2026-09-22,Google Play,Customer Review,https://play.google.com/store/apps/details?id=team.opay.pay&hl=en&gl=ng
7d9879a9-d000-4ed4-a021-f0feadb7748c,OPay,opay is my first and reliable bank app,5,2026-09-22,Google Play,Customer Review,https://play.google.com/store/apps/details?id=team.opay.pay&hl=en&gl=ng
712d1ede-9958-4b77-85b1-1d68ab1b4e13,OPay,it as been fast and easy,5,2026-09-22,Google Play,Customer Review,https://play.google.com/store/apps/details?id=team.opay.pay&hl=en&gl=ng
a1a7eb8a-1226-43f4-bef0-cd385c89ca65,OPay,very good,5,2026-09-22,Google Play,Customer Review,https://play.google.com/store/apps/details?id=team.opay.pay&hl=en&gl=ng
c4decb5c-95dd-4089-9b7d-246ea0479290,OPay,excellent,5,2026-09-22,Google Play,Customer Review,https://play.google.com/store/apps/details?id=team.opay.pay&hl=en&gl=ng
7b9b7c3b-2274-4738-9002-08e3d88d1e0f,OPay,The Best ✊🌱,5,2026-09-22,Google Play,Customer Review,https://play.google.com/store/apps/details?id=team.opay.pay&hl=en&gl=ng
f24f5da2-4d42-4bc1-bcb8-6d98bbd892a2,OPay,Dear opay support I wrote this from the bottom of my heart I've failed to update my opay app please you shall rectify my issue to be able to update my app,1,2026-09-22,Google Play,Customer Review,https://play.google.com/store/apps/details?id=team.opay.pay&hl=en&gl=ng
eade8062-5e2e-45ea-8f4c-e2f1c4dcc209,OPay,nice 👍 app I love 😘 opay,5,2026-09-22,Google Play,Customer Review,https://play.google.com/store/apps/details?id=team.opay.pay&hl=en&gl=ng
bd10c5e9-9177-45de-9866-0c4ba3496744,OPay,excellentt,5,2026-09-22,Google Play,Customer Review,https://play.google.com/store/apps/details?id=team.opay.pay&hl=en&gl=ng
dfa28161-dd31-4484-b62e-3cc70e694136,OPay,"Opay makes payment easier,it makes me do transaction without fear.",5,2026-09-22,Google Play,Customer Review,https://play.google.com/store/apps/details?id=team.opay.pay&hl=en&gl=ng
d53a6bc2-f747-48df-9ba0-63d4cef14ddb,OPay,best microfinance bank in Africa!!!,5,2026-09-22,Google Play,Customer Review,https://play.google.com/store/apps/details?id=team.opay.pay&hl=en&gl=ng
9674c20a-d382-4b91-a4ce-e4866f0809a0,OPay,well done speedy network 🛜,5,2026-09-22,Google Play,Customer Review,https://play.google.com/store/apps/details?id=team.opay.pay&hl=en&gl=ng
be7c50eb-41d7-46d7-bd4d-83b1dd15bfb4,OPay,"This app is the most popular, fast and reliable app for me 🤌",5,2026-09-22,Google Play,Customer Review,https://play.google.com/store/apps/details?id=team.opay.pay&hl=en&gl=ng
8e4279f7-f4b3-40a7-98fe-0911d211efdc,OPay,Fast and Reliable....OPAY KUDOS TO YOU GUYS,5,2026-09-22,Google Play,Customer Review,https://play.google.com/store/apps/details?id=team.opay.pay&hl=en&gl=ng
165675e6-e647-4b24-a60a-83eb417b559f,OPay,the service not that a good experience do put more effort on ur network thanks,2,2026-09-22,Google Play,Customer Review,https://play.google.com/store/apps/details?id=team.opay.pay&hl=en&gl=ng
5d0d80b6-3336-47b4-956a-79a893656c85,OPay,impressive and reliable 🥳,5,2026-09-22,Google Play,Customer Review,https://play.google.com/store/apps/details?id=team.opay.pay&hl=en&gl=ng
f192e5af-cbc7-4b3e-9d7f-a3daa8032a68,OPay,The best online bank I have used since a long time,5,2026-09-22,Google Play,Customer Review,https://play.google.com/store/apps/details?id=team.opay.pay&hl=en&gl=ng
726bda69-e056-457e-bb36-2962e75ea5a8,OPay,I love everything about opay it makes my day easier with transactions. it's easier to use and enjoyable 😉,5,2026-09-22,Google Play,Customer Review,https://play.google.com/store/apps/details?id=team.opay.pay&hl=en&gl=ng
af05c869-8026-4fe0-982e-c5e0a43ba01b,OPay,very nice and fast keep it up opay,5,2026-09-22,Google Play,Customer Review,https://play.google.com/store/apps/details?id=team.opay.pay&hl=en&gl=ng
fd8e8788-5368-4b05-9699-b1a6e9718d9e,OPay,Good,5,2026-09-22,Google Play,Customer Review,https://play.google.com/store/apps/details?id=team.opay.pay&hl=en&gl=ng
4c09d7c0-7a2c-4246-8ded-2265d027ce55,OPay,"My experience has been nothing short of AMAZING! Everything FAST! With the speed of lite! Please keep up the good work and always keep this app safe for Nigerians, because the day they realize that their hard earned money is no longer safe, they won't hesitate to leave you. Kudos guys!",5,2026-09-22,Google Play,Customer Review,https://play.google.com/store/apps/details?id=team.opay.pay&hl=en&gl=ng
0f530b7e-9f54-43f1-89d3-1ad90ebf92c9,OPay,lll1 lo,5,2026-09-22,Google Play,Customer Review,https://play.google.com/store/apps/details?id=team.opay.pay&hl=en&gl=ng
9b6bb15e-59d0-4922-89e2-72117642c4be,OPay,cboymoneymike,5,2026-09-22,Google Play,Customer Review,https://play.google.com/store/apps/details?id=team.opay.pay&hl=en&gl=ng
08ecb263-9597-4f4e-a574-d22c91078990,OPay,good,5,2026-09-22,Google Play,Customer Review,https://play.google.com/store/apps/details?id=team.opay.pay&hl=en&gl=ng
a7064a82-7ac7-4509-90e8-9cc31cf9df9a,OPay,"nah...... opay is the best rn for me transaction going smoothly, their loan side is also okay 👌",5,2026-09-22,Google Play,Customer Review,https://play.google.com/store/apps/details?id=team.opay.pay&hl=en&gl=ng
68fbcfc6-97e2-4bc0-bef2-4123673a679f,OPay,"It's really a nice app it fast and reliable, I think y'all should try it😊",5,2026-09-22,Google Play,Customer Review,https://play.google.com/store/apps/details?id=team.opay.pay&hl=en&gl=ng
8946b568-1337-4e5d-8747-45097f329450,OPay,so smooth and smart app,5,2026-09-22,Google Play,Customer Review,https://play.google.com/store/apps/details?id=team.opay.pay&hl=en&gl=ng
b2eef19d-a3eb-4913-8a04-8ef9cb60b620,OPay,Freedom,4,2026-09-22,Google Play,Customer Review,https://play.google.com/store/apps/details?id=team.opay.pay&hl=en&gl=ng
f81e4e35-baf7-4dc2-ba9f-189c39347114,OPay,good and reliable..😎,5,2026-09-22,Google Play,Customer Review,https://play.google.com/store/apps/details?id=team.opay.pay&hl=en&gl=ng
751e389f-2e46-4eff-b3a2-79d779ba330b,OPay,i kind of like the app,5,2026-09-22,Google Play,Customer Review,https://play.google.com/store/apps/details?id=team.opay.pay&hl=en&gl=ng
8519a3a7-692d-4e19-8849-0bf61f047d15,OPay,good but there should be a day for giveaway for we user please 🥺🫴help us consider it opay digital sevices thanks,5,2026-09-22,Google Play,Customer Review,https://play.google.com/store/apps/details?id=team.opay.pay&hl=en&gl=ng
df0c779f-903c-4f00-917c-32d0848b4f1c,OPay,a free fast and seamless app,5,2026-09-22,Google Play,Customer Review,https://play.google.com/store/apps/details?id=team.opay.pay&hl=en&gl=ng
b7bcddf3-e3ba-4889-978c-82ede73e1510,OPay,Stunning....,5,2026-09-22,Google Play,Customer Review,https://play.google.com/store/apps/details?id=team.opay.pay&hl=en&gl=ng
40a29868-cf86-4792-87e0-3201dabf5749,OPay,A very good banking app with seamless transfer and withdrawal. No issues at all...,5,2026-09-22,Google Play,Customer Review,https://play.google.com/store/apps/details?id=team.opay.pay&hl=en&gl=ng
7d1bc6b5-320b-49e3-82f6-f60545e33709,OPay,"improving better, I just love this app",5,2026-09-22,Google Play,Customer Review,https://play.google.com/store/apps/details?id=team.opay.pay&hl=en&gl=ng
f3276157-1453-4021-9681-de41d1deda7a,OPay,served better,5,2026-09-22,Google Play,Customer Review,https://play.google.com/store/apps/details?id=team.opay.pay&hl=en&gl=ng
d773ced9-3860-48f4-a8db-1f18e63ba681,OPay,I love 💕 this bank like none other,5,2026-09-22,Google Play,Customer Review,https://play.google.com/store/apps/details?id=team.opay.pay&hl=en&gl=ng
92078b20-fe70-4aa8-8e47-91adf846c9bb,OPay,So nice of an App. What's your customer care number?,5,2026-09-22,Google Play,Customer Review,https://play.google.com/store/apps/details?id=team.opay.pay&hl=en&gl=ng
0a571f75-462a-48ab-b6b9-664b8ceca300,OPay,Awesome 💯👍,5,2026-09-22,Google Play,Customer Review,https://play.google.com/store/apps/details?id=team.opay.pay&hl=en&gl=ng
4b7685a3-1c58-4d90-9b5c-12b45905b58b,OPay,Very flexible,5,2026-09-22,Google Play,Customer Review,https://play.google.com/store/apps/details?id=team.opay.pay&hl=en&gl=ng
ae63564a-a963-4855-b942-f81271a31de0,OPay,A very nice app 😄 I love it,5,2026-09-22,Google Play,Customer Review,https://play.google.com/store/apps/details?id=team.opay.pay&hl=en&gl=ng
e57420ec-36f8-4f90-9e07-5c93f0afb6ce,OPay,very good,5,2026-09-22,Google Play,Customer Review,https://play.google.com/store/apps/details?id=team.opay.pay&hl=en&gl=ng
74253eec-1517-45e2-a002-572c834380db,OPay,opay is one of the best online banking app I ever seen fa😍,5,2026-09-22,Google Play,Customer Review,https://play.google.com/store/apps/details?id=team.opay.pay&hl=en&gl=ng
9f6a37aa-16f2-48a0-b68f-3e6f2234496b,OPay,so fantastic I love it,5,2026-09-22,Google Play,Customer Review,https://play.google.com/store/apps/details?id=team.opay.pay&hl=en&gl=ng
c791e54c-02fc-48f4-9405-1bc1d901d488,OPay,Very good,5,2026-09-22,Google Play,Customer Review,https://play.google.com/store/apps/details?id=team.opay.pay&hl=en&gl=ng
a474e60b-2e83-46af-a41e-a9204c46ec0a,OPay,Best mobile Banking Ap,5,2026-09-22,Google Play,Customer Review,https://play.google.com/store/apps/details?id=team.opay.pay&hl=en&gl=ng
e023544b-fb55-419d-92f1-d44e39f164f3,OPay,Fantastic,5,2026-09-22,Google Play,Customer Review,https://play.google.com/store/apps/details?id=team.opay.pay&hl=en&gl=ng
37d7e82a-2d58-4289-8408-1e6dd19eee47,OPay,perfect 🔥,5,2026-09-22,Google Play,Customer Review,https://play.google.com/store/apps/details?id=team.opay.pay&hl=en&gl=ng
46abe45d-222a-49ce-8aa3-513e4c31b5a2,OPay,very good and working successfully,5,2026-09-22,Google Play,Customer Review,https://play.google.com/store/apps/details?id=team.opay.pay&hl=en&gl=ng
a1959c32-94f6-4d61-a970-6c59cb550e7b,OPay,sharp,5,2026-09-22,Google Play,Customer Review,https://play.google.com/store/apps/details?id=team.opay.pay&hl=en&gl=ng
23781b0b-317a-49fb-ae15-c917a7181a24,OPay,very good,5,2026-09-22,Google Play,Customer Review,https://play.google.com/store/apps/details?id=team.opay.pay&hl=en&gl=ng
1d836e77-f923-4b32-acfd-88797588cd59,OPay,excellent,5,2026-09-22,Google Play,Customer Review,https://play.google.com/store/apps/details?id=team.opay.pay&hl=en&gl=ng
b868dd55-b56e-4236-b0ab-789fb620fe1d,OPay,it a good app easy to use I will recommend u guys to use it,4,2026-09-22,Google Play,Customer Review,https://play.google.com/store/apps/details?id=team.opay.pay&hl=en&gl=ng
1576da20-e665-47b5-a67f-b3a4f42b8eec,OPay,no complaints at all with opay,5,2026-09-22,Google Play,Customer Review,https://play.google.com/store/apps/details?id=team.opay.pay&hl=en&gl=ng
1e343324-e2cf-4e03-990a-84832160e76c,OPay,nonsense,5,2026-09-22,Google Play,Customer Review,https://play.google.com/store/apps/details?id=team.opay.pay&hl=en&gl=ng
cd890f53-6361-4f13-8b4c-e9c60e4aaa65,OPay,"best bank to use transfers quickly, even if your under age you can use it.I love this app",5,2026-09-22,Google Play,Customer Review,https://play.google.com/store/apps/details?id=team.opay.pay&hl=en&gl=ng
73bf4dc9-d179-4b74-a0c2-2621af3ca384,OPay,"seamless transaction, easy to use interface and a topnotch mobile banking experience that is second to none.",5,2026-09-22,Google Play,Customer Review,https://play.google.com/store/apps/details?id=team.opay.pay&hl=en&gl=ng
a8e7b8bd-40b8-4cd9-9c3d-0e8c8ae4065f,OPay,zakariyya Hassn jega,5,2026-09-22,Google Play,Customer Review,https://play.google.com/store/apps/details?id=team.opay.pay&hl=en&gl=ng
cb02c0c5-c61e-48fe-8c7d-249988d5175d,OPay,"awesome, I love it",5,2026-09-22,Google Play,Customer Review,https://play.google.com/store/apps/details?id=team.opay.pay&hl=en&gl=ng
575d575e-ade2-452b-af8c-423df1ac85ed,OPay,Opay remains the best,5,2026-09-22,Google Play,Customer Review,https://play.google.com/store/apps/details?id=team.opay.pay&hl=en&gl=ng
1821cfa1-9cb9-4b35-8f94-c85ed7196ec6,OPay,the best,5,2026-09-22,Google Play,Customer Review,https://play.google.com/store/apps/details?id=team.opay.pay&hl=en&gl=ng
2815189d-b239-4ae0-825d-831b122d3762,OPay,peak experience😘😘,5,2026-09-22,Google Play,Customer Review,https://play.google.com/store/apps/details?id=team.opay.pay&hl=en&gl=ng
8d4e1945-076e-4c9b-b77e-bba25bf1d3ec,OPay,satisfied,5,2026-09-22,Google Play,Customer Review,https://play.google.com/store/apps/details?id=team.opay.pay&hl=en&gl=ng
cf59cf86-6a80-4cc3-8907-b4b1004bd9c0,OPay,Excellent in terms of Usage,5,2026-09-22,Google Play,Customer Review,https://play.google.com/store/apps/details?id=team.opay.pay&hl=en&gl=ng
5aad2a34-ba35-4787-a7a9-c8ab699005f8,OPay,nbrek v. Fhg,3,2026-09-22,Google Play,Customer Review,https://play.google.com/store/apps/details?id=team.opay.pay&hl=en&gl=ng
0559dc86-e139-4079-b7e7-3bfab023a841,OPay,Nice online banking app,5,2026-09-22,Google Play,Customer Review,https://play.google.com/store/apps/details?id=team.opay.pay&hl=en&gl=ng
c2745709-5bf7-4569-a9e5-ee4caadf3725,OPay,opay is one of the easiest and fastest microfinance Bank,5,2026-09-22,Google Play,Customer Review,https://play.google.com/store/apps/details?id=team.opay.pay&hl=en&gl=ng
0d01b74a-40a5-4a3b-a4c7-c73101544d99,OPay,it's good one,5,2026-09-22,Google Play,Customer Review,https://play.google.com/store/apps/details?id=team.opay.pay&hl=en&gl=ng
5d55d5d2-94f3-4534-b983-47b7bea56cfb,OPay,Good 👍 👍,5,2026-09-22,Google Play,Customer Review,https://play.google.com/store/apps/details?id=team.opay.pay&hl=en&gl=ng
8cba33d1-ffe2-41c9-8023-470bf6fce0db,OPay,This app is so authentic,5,2026-09-22,Google Play,Customer Review,https://play.google.com/store/apps/details?id=team.opay.pay&hl=en&gl=ng
1b56700c-5366-4a75-93f5-7636cd10996b,OPay,superb,5,2026-09-22,Google Play,Customer Review,https://play.google.com/store/apps/details?id=team.opay.pay&hl=en&gl=ng
b08bfcd8-c2da-4a16-8cb5-c7c44a402763,OPay,one of the best,5,2026-09-22,Google Play,Customer Review,https://play.google.com/store/apps/details?id=team.opay.pay&hl=en&gl=ng
b95fbff3-46a2-4aa1-8a05-cc81e8a6487a,OPay,I really love using Opay.,5,2026-09-22,Google Play,Customer Review,https://play.google.com/store/apps/details?id=team.opay.pay&hl=en&gl=ng
05ee741f-fb85-4e53-af2b-efb7d9997ad9,OPay,opay or nothing 🔥🔥👍👑,5,2026-09-22,Google Play,Customer Review,https://play.google.com/store/apps/details?id=team.opay.pay&hl=en&gl=ng
a2513d93-92f6-4d49-b4bb-614453ca1f36,OPay,very fast and reliable,5,2026-09-22,Google Play,Customer Review,https://play.google.com/store/apps/details?id=team.opay.pay&hl=en&gl=ng
fe7fb70e-9e8a-4a73-a1b8-b06c9d5c21fc,OPay,perfect and good,5,2026-09-22,Google Play,Customer Review,https://play.google.com/store/apps/details?id=team.opay.pay&hl=en&gl=ng
6ea03d5e-5752-4a63-85a8-f1fe1ac66cc3,OPay,it's really lovey,5,2026-09-22,Google Play,Customer Review,https://play.google.com/store/apps/details?id=team.opay.pay&hl=en&gl=ng
8619fb75-2501-48b3-a020-d7ccda8964ad,OPay,lovely app,5,2026-09-22,Google Play,Customer Review,https://play.google.com/store/apps/details?id=team.opay.pay&hl=en&gl=ng
244c8a17-cce2-446c-8007-129a59c1c037,OPay,i love opay I prey you last long in jesus name ooh,5,2026-09-22,Google Play,Customer Review,https://play.google.com/store/apps/details?id=team.opay.pay&hl=en&gl=ng
a4891414-e87b-4c75-bb23-eacc9207220d,OPay,𝕦 𝕕𝕖𝕡𝕖𝕟𝕕 𝕠𝕟 𝕕𝕒𝕥𝕒 𝕒𝕝𝕠𝕟𝕖,1,2026-09-22,Google Play,Customer Review,https://play.google.com/store/apps/details?id=team.opay.pay&hl=en&gl=ng
cc11e74f-f5f5-4e70-8767-c7394a516b66,OPay,"nice, active and perfect 100",5,2026-09-22,Google Play,Customer Review,https://play.google.com/store/apps/details?id=team.opay.pay&hl=en&gl=ng
d96e00cd-e02c-42b9-bf7a-f49895f2fec4,OPay,opay is best. it makes everything easier for us.,5,2026-09-22,Google Play,Customer Review,https://play.google.com/store/apps/details?id=team.opay.pay&hl=en&gl=ng
0c77f147-b323-4906-b6cc-db3456cdbc55,OPay,good,5,2026-09-22,Google Play,Customer Review,https://play.google.com/store/apps/details?id=team.opay.pay&hl=en&gl=ng
95615ff8-ada0-462d-b6b6-accc88b05a86,OPay,this wallet is the best of all,4,2026-09-22,Google Play,Customer Review,https://play.google.com/store/apps/details?id=team.opay.pay&hl=en&gl=ng
49c26781-bc8c-4159-9d94-0c32d9c701c6,OPay,Very good 👍,5,2026-09-22,Google Play,Customer Review,https://play.google.com/store/apps/details?id=team.opay.pay&hl=en&gl=ng
968e05e0-008d-43fc-81f5-cd820c577842,OPay,This is really nice,5,2026-09-22,Google Play,Customer Review,https://play.google.com/store/apps/details?id=team.opay.pay&hl=en&gl=ng
964ab3b8-a0ba-4223-9c59-217771753779,OPay,best of all app for banking,5,2026-09-22,Google Play,Customer Review,https://play.google.com/store/apps/details?id=team.opay.pay&hl=en&gl=ng
178e28d0-2636-44a1-8ed8-aa6ccfab1849,OPay,"very beautiful app,easy to understand and operate,so amazing and nice",5,2026-09-22,Google Play,Customer Review,https://play.google.com/store/apps/details?id=team.opay.pay&hl=en&gl=ng
3c825363-4068-4c13-bb82-edda7e045ba8,OPay,so lovely,5,2026-09-22,Google Play,Customer Review,https://play.google.com/store/apps/details?id=team.opay.pay&hl=en&gl=ng
0ac9aa88-3a26-4726-952d-10b8d790dbf8,OPay,very good,4,2026-09-22,Google Play,Customer Review,https://play.google.com/store/apps/details?id=team.opay.pay&hl=en&gl=ng
a249f9c4-b44a-4854-bf38-aba1a094be15,OPay,it's perfect 👌🏾,5,2026-09-22,Google Play,Customer Review,https://play.google.com/store/apps/details?id=team.opay.pay&hl=en&gl=ng
b155410c-e8b8-404c-9e1d-9c295e0d225e,OPay,Good,1,2026-09-22,Google Play,Customer Review,https://play.google.com/store/apps/details?id=team.opay.pay&hl=en&gl=ng
b0368282-e403-4a3c-8b3c-181fcdd2ffe2,OPay,it has the best network in terms of online money transfer and one of the best when it comes to online banking security,5,2026-09-22,Google Play,Customer Review,https://play.google.com/store/apps/details?id=team.opay.pay&hl=en&gl=ng
5d4a4c5b-acb1-4ece-9baa-7cceccdba5d9,OPay,its good and special easy for any transactions,1,2026-09-22,Google Play,Customer Review,https://play.google.com/store/apps/details?id=team.opay.pay&hl=en&gl=ng
3a1bf322-99b0-40f9-9328-91aaeca3cbea,OPay,very fast and. reliable,5,2026-09-22,Google Play,Customer Review,https://play.google.com/store/apps/details?id=team.opay.pay&hl=en&gl=ng
de2a8df3-c6b3-413d-878a-dcac2b1edc1d,OPay,top notch is the answer...,4,2026-09-22,Google Play,Customer Review,https://play.google.com/store/apps/details?id=team.opay.pay&hl=en&gl=ng
0f55d820-8914-43dc-ae01-76ec5b6e468c,OPay,"Opay standard may have been compromised, especially their cashbox. l",2,2026-09-22,Google Play,Customer Review,https://play.google.com/store/apps/details?id=team.opay.pay&hl=en&gl=ng
d1ec95b2-650c-4264-acc3-80b3ce873764,OPay,very perfect app,5,2026-09-22,Google Play,Customer Review,https://play.google.com/store/apps/details?id=team.opay.pay&hl=en&gl=ng
e14982d3-dee6-42e2-882b-9a546f4b681d,OPay,"I requested a statement from opay I haven't seen it this is more than two hours, even days.",4,2026-09-22,Google Play,Customer Review,https://play.google.com/store/apps/details?id=team.opay.pay&hl=en&gl=ng
93d20eb4-1d25-438d-889d-bbcfe667353e,OPay,"I've used Opay mobile app for quite a while now and I must say it's the best mobile banking app there is. No network issues or glitches, no pending transactions, no annoying ads or anything like that. If I could give a six star rating, I would.",5,2026-09-22,Google Play,Customer Review,https://play.google.com/store/apps/details?id=team.opay.pay&hl=en&gl=ng
b182f053-ff72-461f-8fdb-0b276794f7e5,OPay,This is an example of the app every normal human being needs. Everything works perfectly.,5,2026-09-22,Google Play,Customer Review,https://play.google.com/store/apps/details?id=team.opay.pay&hl=en&gl=ng
de2eb181-bf00-468b-8e95-1f2c5e36b96f,OPay,awesome,4,2026-09-22,Google Play,Customer Review,https://play.google.com/store/apps/details?id=team.opay.pay&hl=en&gl=ng
7659b437-3002-459f-97ad-743771858b75,OPay,Wow this app truly changed banking for Nigerians and even non Nigerians their transactions are so smooth and fast and it is so easy to get and so secure and the target savings and fixed deposits and many more enable people to be able to save money easily. Than you Opay for changing banking for us forever.,5,2026-09-22,Google Play,Customer Review,https://play.google.com/store/apps/details?id=team.opay.pay&hl=en&gl=ng
f9c89dfd-5d2f-4c01-8844-497e80ddc085,OPay,transaction,4,2026-09-22,Google Play,Customer Review,https://play.google.com/store/apps/details?id=team.opay.pay&hl=en&gl=ng
95d09d39-1fe1-4746-abcb-f96071d7b1b7,OPay,good application,5,2026-09-22,Google Play,Customer Review,https://play.google.com/store/apps/details?id=team.opay.pay&hl=en&gl=ng
738a5773-aaf7-4220-91b3-6d9ebf6eddb4,OPay,Opay is the best app. I have ever used. Saying they are reliable is an understatement.,5,2026-09-22,Google Play,Customer Review,https://play.google.com/store/apps/details?id=team.opay.pay&hl=en&gl=ng
c08e7be4-fd2a-4c56-a2c6-30c3347e68be,OPay,sure 😀,5,2026-09-22,Google Play,Customer Review,https://play.google.com/store/apps/details?id=team.opay.pay&hl=en&gl=ng
656c6d59-fe35-43a8-b166-69245d5ab6d4,OPay,👌,5,2026-09-22,Google Play,Customer Review,https://play.google.com/store/apps/details?id=team.opay.pay&hl=en&gl=ng
6051430e-a076-45ee-b4b7-cbc04b4ca247,OPay,am okay with you my queen 👑,4,2026-09-22,Google Play,Customer Review,https://play.google.com/store/apps/details?id=team.opay.pay&hl=en&gl=ng
7c14c8ff-5b53-45af-9108-adb11ed4c950,OPay,it a fast and responsive app,5,2026-09-22,Google Play,Customer Review,https://play.google.com/store/apps/details?id=team.opay.pay&hl=en&gl=ng
0372fc7a-1175-4b52-8433-58393d162070,OPay,splendid,5,2026-09-22,Google Play,Customer Review,https://play.google.com/store/apps/details?id=team.opay.pay&hl=en&gl=ng
ae417f49-0cb7-4e6a-bbcc-9c8db44f67fe,OPay,nice one,5,2026-09-22,Google Play,Customer Review,https://play.google.com/store/apps/details?id=team.opay.pay&hl=en&gl=ng
d4538bf3-cc53-41f5-ae03-260ac001f525,OPay,jei,5,2026-09-22,Google Play,Customer Review,https://play.google.com/store/apps/details?id=team.opay.pay&hl=en&gl=ng
69092da6-9a11-45f2-a5d5-7347ae71ce21,OPay,perfect,5,2026-09-22,Google Play,Customer Review,https://play.google.com/store/apps/details?id=team.opay.pay&hl=en&gl=ng
28bb11cc-ddaf-4b49-a6f4-2c6bb4dd9dc7,OPay,this app is so good,5,2026-09-22,Google Play,Customer Review,https://play.google.com/store/apps/details?id=team.opay.pay&hl=en&gl=ng
60c05ea2-59b4-4ab6-9998-64d4527e5442,OPay,is good and reliable,5,2026-09-22,Google Play,Customer Review,https://play.google.com/store/apps/details?id=team.opay.pay&hl=en&gl=ng
752ea325-2329-4ff5-a035-b5a2327cb52f,OPay,Good of it,5,2026-09-22,Google Play,Customer Review,https://play.google.com/store/apps/details?id=team.opay.pay&hl=en&gl=ng
866388c8-ebad-4bb0-b1ed-2bed2ddfcda7,OPay,An exceptional financial institution you can trust✅,5,2026-09-22,Google Play,Customer Review,https://play.google.com/store/apps/details?id=team.opay.pay&hl=en&gl=ng
12de45ab-d9ad-4ce5-b738-fa8ccfae1821,OPay,I love this app so much,5,2026-09-22,Google Play,Customer Review,https://play.google.com/store/apps/details?id=team.opay.pay&hl=en&gl=ng
1bb22bcd-417d-4a42-9a58-c63e2f7c1432,OPay,i really appreciate and love this app a lot . with this app my money is really safe,4,2026-09-22,Google Play,Customer Review,https://play.google.com/store/apps/details?id=team.opay.pay&hl=en&gl=ng
dd78d19c-fbb5-44d8-b420-84ece21f3106,OPay,I love opay,5,2026-09-22,Google Play,Customer Review,https://play.google.com/store/apps/details?id=team.opay.pay&hl=en&gl=ng
fb7114a6-5a97-4723-949d-3c73c98167b6,OPay,so annoying,2,2026-09-22,Google Play,Customer Review,https://play.google.com/store/apps/details?id=team.opay.pay&hl=en&gl=ng
fb80aad6-0106-4cc8-b4fb-c753d7e7ac02,OPay,you guys are the best 😍,5,2026-09-22,Google Play,Customer Review,https://play.google.com/store/apps/details?id=team.opay.pay&hl=en&gl=ng
5a64d150-5629-4e1d-8729-74f9b8bed2e6,OPay,very nice 👍,5,2026-09-22,Google Play,Customer Review,https://play.google.com/store/apps/details?id=team.opay.pay&hl=en&gl=ng
e2d700ca-c8f0-4a6c-8606-76811e525921,OPay,reliable and fast network,5,2026-09-22,Google Play,Customer Review,https://play.google.com/store/apps/details?id=team.opay.pay&hl=en&gl=ng
ef1a1519-e71f-4079-945c-1a2c45fd629b,OPay,it's such a fast and reliable means of financial transactions.,5,2026-09-22,Google Play,Customer Review,https://play.google.com/store/apps/details?id=team.opay.pay&hl=en&gl=ng
9957aefe-839e-45ba-863e-cd1f150fed26,OPay,fantastic,5,2026-09-22,Google Play,Customer Review,https://play.google.com/store/apps/details?id=team.opay.pay&hl=en&gl=ng
607076e3-199e-4513-9fa0-34a93196ce5e,OPay,very great 👍,5,2026-09-22,Google Play,Customer Review,https://play.google.com/store/apps/details?id=team.opay.pay&hl=en&gl=ng
5b0916b0-f848-42d9-8c78-189729ac8d11,OPay,Good,4,2026-09-22,Google Play,Customer Review,https://play.google.com/store/apps/details?id=team.opay.pay&hl=en&gl=ng
3dbc27b1-3cf9-4470-a486-e27067ee1d7f,OPay,Keep the good work going!,5,2026-09-22,Google Play,Customer Review,https://play.google.com/store/apps/details?id=team.opay.pay&hl=en&gl=ng
359bc798-c699-4d25-abb8-1cf47bb1ee8b,OPay,"Opay is the End of discussion,It simplicity is the most Amazing thing thank u opay",1,2026-09-22,Google Play,Customer Review,https://play.google.com/store/apps/details?id=team.opay.pay&hl=en&gl=ng
937029bb-3f7f-4f9e-a35d-96e17be0e5b9,OPay,Best,5,2026-09-22,Google Play,Customer Review,https://play.google.com/store/apps/details?id=team.opay.pay&hl=en&gl=ng
9afa5afb-aa69-4d95-8b0e-3f38baa73901,OPay,best,5,2026-09-22,Google Play,Customer Review,https://play.google.com/store/apps/details?id=team.opay.pay&hl=en&gl=ng
8b795670-3d31-4f03-a4b2-ba416a8d6118,OPay,it's fast and reliable,5,2026-09-22,Google Play,Customer Review,https://play.google.com/store/apps/details?id=team.opay.pay&hl=en&gl=ng
3e8fe61d-d968-4a34-b9b4-4ee655f71a46,OPay,OPay is great,4,2026-09-22,Google Play,Customer Review,https://play.google.com/store/apps/details?id=team.opay.pay&hl=en&gl=ng
93b6a0e0-d357-4444-94fb-0fbc7d95867b,OPay,fast and easy,5,2026-09-22,Google Play,Customer Review,https://play.google.com/store/apps/details?id=team.opay.pay&hl=en&gl=ng
512c627d-cebe-418e-ad9e-3fff46c33166,OPay,You are great,5,2026-09-22,Google Play,Customer Review,https://play.google.com/store/apps/details?id=team.opay.pay&hl=en&gl=ng
9374aeda-b6f7-4893-8cbe-0a9f1f6244e8,OPay,it's so fantastic,5,2026-09-22,Google Play,Customer Review,https://play.google.com/store/apps/details?id=team.opay.pay&hl=en&gl=ng
9dda97c7-7223-434d-9213-2ff94623f3ab,OPay,use opay and enjoy opay I love opay opay the best,5,2026-09-22,Google Play,Customer Review,https://play.google.com/store/apps/details?id=team.opay.pay&hl=en&gl=ng
e4e1b6fd-32cc-4355-9f5d-129132c3b508,OPay,Great app always,5,2026-09-22,Google Play,Customer Review,https://play.google.com/store/apps/details?id=team.opay.pay&hl=en&gl=ng
58ab6e27-ead0-4248-ac00-28688fa186a1,OPay,the app is very easy and reliable,5,2026-09-22,Google Play,Customer Review,https://play.google.com/store/apps/details?id=team.opay.pay&hl=en&gl=ng
997da480-0bea-4344-826f-acabe4aaa41e,OPay,Very efficient,5,2026-09-22,Google Play,Customer Review,https://play.google.com/store/apps/details?id=team.opay.pay&hl=en&gl=ng
5f75d5af-71ea-45b9-90c8-e5029e6b7214,OPay,The Most Realible App. No Cap,5,2026-09-22,Google Play,Customer Review,https://play.google.com/store/apps/details?id=team.opay.pay&hl=en&gl=ng
3028485b-d341-49a7-8b02-b60c896e6aea,OPay,I just love the app that's all,5,2026-09-22,Google Play,Customer Review,https://play.google.com/store/apps/details?id=team.opay.pay&hl=en&gl=ng
93a94bd9-a555-46d9-942b-b1b42c795ea2,OPay,best!,5,2026-09-22,Google Play,Customer Review,https://play.google.com/store/apps/details?id=team.opay.pay&hl=en&gl=ng
f9929afc-84e5-4b42-b81c-17b642747bb9,OPay,nice one,5,2026-09-22,Google Play,Customer Review,https://play.google.com/store/apps/details?id=team.opay.pay&hl=en&gl=ng
c0b37721-8268-45c3-9c77-dfe2a3667552,OPay,Opay deserves a 5 star rating. Kudos to Opay,5,2026-09-22,Google Play,Customer Review,https://play.google.com/store/apps/details?id=team.opay.pay&hl=en&gl=ng
d7c96601-356b-4742-8f17-f4ccac39a297,OPay,"Top Notch, Great App, So Reliable Transaction... I give you 100%.100 ⭐⭐⭐⭐⭐⭐⭐⭐⭐⭐⭐⭐⭐⭐⭐⭐⭐⭐⭐⭐⭐⭐⭐⭐⭐⭐⭐⭐⭐⭐⭐⭐⭐⭐⭐⭐⭐⭐⭐⭐⭐⭐⭐⭐⭐⭐⭐⭐⭐⭐⭐⭐",5,2026-09-22,Google Play,Customer Review,https://play.google.com/store/apps/details?id=team.opay.pay&hl=en&gl=ng
6ba7e500-03a9-49f0-93b5-a85d3588431c,OPay,🤍😘,5,2026-09-22,Google Play,Customer Review,https://play.google.com/store/apps/details?id=team.opay.pay&hl=en&gl=ng
6a80c8dd-8e7c-42f6-ada0-dbd2581525bf,OPay,Very good infact I enjoy it more than my main bank,5,2026-09-22,Google Play,Customer Review,https://play.google.com/store/apps/details?id=team.opay.pay&hl=en&gl=ng
4230e776-7ec5-41bc-9454-9adbf014e09c,OPay,They are really trying,5,2026-09-22,Google Play,Customer Review,https://play.google.com/store/apps/details?id=team.opay.pay&hl=en&gl=ng
6469b271-b292-4328-ab38-ba835fd08fac,OPay,fast and reliable,5,2026-09-22,Google Play,Customer Review,https://play.google.com/store/apps/details?id=team.opay.pay&hl=en&gl=ng
02634f9c-3f94-42a9-b10c-d77fd01af83d,OPay,awesome 👍,5,2026-09-22,Google Play,Customer Review,https://play.google.com/store/apps/details?id=team.opay.pay&hl=en&gl=ng
5130f59b-791b-4040-b796-d86c5d8bfbc3,OPay,i love it because it's fast and reliable ♥️,5,2026-09-22,Google Play,Customer Review,https://play.google.com/store/apps/details?id=team.opay.pay&hl=en&gl=ng
a818da26-f548-4380-8351-8c60bf1d6a1f,OPay,I like it,5,2026-09-22,Google Play,Customer Review,https://play.google.com/store/apps/details?id=team.opay.pay&hl=en&gl=ng
d57d371c-2519-444f-9fc8-457dbc114631,OPay,no scamming,5,2026-09-22,Google Play,Customer Review,https://play.google.com/store/apps/details?id=team.opay.pay&hl=en&gl=ng
919eb50e-8a4a-475d-8e63-78a3570160dc,OPay,A very fantastic app I had to give it a five star,5,2026-09-22,Google Play,Customer Review,https://play.google.com/store/apps/details?id=team.opay.pay&hl=en&gl=ng
63f5c48a-d8b0-4141-98eb-b5549d8b99d5,OPay,Very fast and reliable bank Opay is Okay 👍 👌,4,2026-09-22,Google Play,Customer Review,https://play.google.com/store/apps/details?id=team.opay.pay&hl=en&gl=ng
8f1fce1b-3265-411a-831d-ab47fc7193ca,OPay,good app,5,2026-09-22,Google Play,Customer Review,https://play.google.com/store/apps/details?id=team.opay.pay&hl=en&gl=ng
e121764f-4855-455c-a0e6-6704b18a71c4,OPay,it helpful so much,5,2026-09-22,Google Play,Customer Review,https://play.google.com/store/apps/details?id=team.opay.pay&hl=en&gl=ng
6d42a4c4-cfb9-4fec-b318-2612f99c1928,OPay,encouraging,4,2026-09-22,Google Play,Customer Review,https://play.google.com/store/apps/details?id=team.opay.pay&hl=en&gl=ng
24031c14-0f9f-48cc-a89a-dc069713f577,OPay,it is a very good online banking app and it also make things easier to access your money and transfer and also recharge for you television and other things including buying data....,5,2026-09-22,Google Play,Customer Review,https://play.google.com/store/apps/details?id=team.opay.pay&hl=en&gl=ng
a2fbd960-04c4-4026-a47a-ed9b3d68662e,OPay,nice one,5,2026-09-22,Google Play,Customer Review,https://play.google.com/store/apps/details?id=team.opay.pay&hl=en&gl=ng
91db0499-f462-4d9f-8bf2-99b67892b5e0,OPay,fast and reliable,5,2026-09-22,Google Play,Customer Review,https://play.google.com/store/apps/details?id=team.opay.pay&hl=en&gl=ng
775cf7c3-0f29-42fa-a214-f61f8878cfa2,OPay,NICE APP,5,2026-09-22,Google Play,Customer Review,https://play.google.com/store/apps/details?id=team.opay.pay&hl=en&gl=ng
a2f61972-7946-455d-a4d8-3f1e32600714,OPay,Best digital service app in Nigeria I really love opay. More growth to opay,5,2026-09-22,Google Play,Customer Review,https://play.google.com/store/apps/details?id=team.opay.pay&hl=en&gl=ng
0e7a50dc-1a4f-4de4-803b-2b15ae712321,OPay,ok,5,2026-09-22,Google Play,Customer Review,https://play.google.com/store/apps/details?id=team.opay.pay&hl=en&gl=ng
780879df-27d1-47fa-9afa-17809d4a31ce,OPay,I love Opay Services. The use of the app is very easy and transfer is seamless.,5,2026-09-22,Google Play,Customer Review,https://play.google.com/store/apps/details?id=team.opay.pay&hl=en&gl=ng
aade81d8-cf0e-4477-bcbb-9e811cee21cc,OPay,Is very good for me because is what I use as my best bank account,3,2026-09-22,Google Play,Customer Review,https://play.google.com/store/apps/details?id=team.opay.pay&hl=en&gl=ng
f2dcfa6a-eb47-41c1-8e74-9a8de52cacd1,OPay,"Can't buy Dangote Ipo, why?",5,2026-09-22,Google Play,Customer Review,https://play.google.com/store/apps/details?id=team.opay.pay&hl=en&gl=ng
e66ba2ba-dca8-47f4-a400-6e0eb010a623,OPay,i enjoyed opay more than u know excellent app,5,2026-09-22,Google Play,Customer Review,https://play.google.com/store/apps/details?id=team.opay.pay&hl=en&gl=ng
d16c6fc8-949f-4ea4-be05-43f65dc19ccc,OPay,very nice and easy,5,2026-09-22,Google Play,Customer Review,https://play.google.com/store/apps/details?id=team.opay.pay&hl=en&gl=ng
517ac84b-d4a5-4d3c-a4ff-f667e37ae3d8,OPay,easier operation,4,2026-09-22,Google Play,Customer Review,https://play.google.com/store/apps/details?id=team.opay.pay&hl=en&gl=ng
d514cd03-6bde-41c2-ba41-29ff8bf55ced,OPay,opay has made life easier I must say.. keep it up,4,2026-09-22,Google Play,Customer Review,https://play.google.com/store/apps/details?id=team.opay.pay&hl=en&gl=ng
9146108e-94e5-448b-8332-d4d7fc391559,OPay,"I have enjoyed opay for the last couple of years as a reliable Fintech app. But recently I see they have introduced loan apps into the app. I think buying airtime or data with loan or having loan option in the dashboard should be discontinued or at least optional to be disabled by users. I will prefer my account to be only used for transactions I don't want to have to deal with the temptation of loan. Aside that, opay as been one of the most reliable Fintech app in my opinion.",3,2026-09-22,Google Play,Customer Review,https://play.google.com/store/apps/details?id=team.opay.pay&hl=en&gl=ng
fda37f20-f4d4-495b-96b5-4ac5d6e1e324,OPay,Nic,5,2026-09-22,Google Play,Customer Review,https://play.google.com/store/apps/details?id=team.opay.pay&hl=en&gl=ng
deab2405-869d-4968-b8fa-10dfc4244f9b,OPay,Best in all transactions,5,2026-09-22,Google Play,Customer Review,https://play.google.com/store/apps/details?id=team.opay.pay&hl=en&gl=ng
da2b37a0-d184-4f9b-9590-5832e74651ac,OPay,very good,5,2026-09-22,Google Play,Customer Review,https://play.google.com/store/apps/details?id=team.opay.pay&hl=en&gl=ng
7dc2917d-6a55-4b78-87ed-be84edf6558a,OPay,"Opay, I love you guy's.... There's none like Opay in Nigeria...",5,2026-09-22,Google Play,Customer Review,https://play.google.com/store/apps/details?id=team.opay.pay&hl=en&gl=ng
92761d29-bfe7-4772-b48f-f9bf83e605de,OPay,"nice, paster and good to use",5,2026-09-22,Google Play,Customer Review,https://play.google.com/store/apps/details?id=team.opay.pay&hl=en&gl=ng
f5566ee2-1838-4819-a866-7a69d741ce1f,OPay,Fantastic 😍😍,5,2026-09-22,Google Play,Customer Review,https://play.google.com/store/apps/details?id=team.opay.pay&hl=en&gl=ng
5defe966-560f-44ef-a46f-5ebbe9167386,OPay,I have not had any difficult in using opay,5,2026-09-22,Google Play,Customer Review,https://play.google.com/store/apps/details?id=team.opay.pay&hl=en&gl=ng
a3a204cc-222b-4921-b289-65b6d37c8250,OPay,Better,5,2026-09-22,Google Play,Customer Review,https://play.google.com/store/apps/details?id=team.opay.pay&hl=en&gl=ng
c3ec7e58-3d78-49e7-baa9-df3cacfc9b0d,OPay,this app wasn't fast and responsive as I thought it'd had been,2,2026-09-22,Google Play,Customer Review,https://play.google.com/store/apps/details?id=team.opay.pay&hl=en&gl=ng
316368c9-6c45-4753-b1fb-8562c17bdeef,OPay,I don't use to get alert fast,1,2026-09-22,Google Play,Customer Review,https://play.google.com/store/apps/details?id=team.opay.pay&hl=en&gl=ng
76c8a5ba-e7f0-4de8-8110-58393d526cd8,OPay,reliable and fast,5,2026-09-22,Google Play,Customer Review,https://play.google.com/store/apps/details?id=team.opay.pay&hl=en&gl=ng
dedda72e-9283-418b-8cd1-2bf739532d7e,OPay,the best app ever,5,2026-09-22,Google Play,Customer Review,https://play.google.com/store/apps/details?id=team.opay.pay&hl=en&gl=ng
487fc52c-7a43-49b8-8b12-0b36a29808ca,OPay,Very useful and efficient App.,5,2026-09-22,Google Play,Customer Review,https://play.google.com/store/apps/details?id=team.opay.pay&hl=en&gl=ng
8a133f98-80a8-4a36-bc70-c28afabea34a,OPay,Good App very smart,5,2026-09-22,Google Play,Customer Review,https://play.google.com/store/apps/details?id=team.opay.pay&hl=en&gl=ng
e615a8dd-1d39-44d1-a6f4-3b118c42232b,OPay,it good,5,2026-09-22,Google Play,Customer Review,https://play.google.com/store/apps/details?id=team.opay.pay&hl=en&gl=ng
7db128f5-29ed-4608-a1e3-72948b1bbc9b,OPay,the best and easy to use,4,2026-09-22,Google Play,Customer Review,https://play.google.com/store/apps/details?id=team.opay.pay&hl=en&gl=ng
d0d82ae8-787c-4ca7-8bce-0723094feb95,OPay,good 👍,5,2026-09-22,Google Play,Customer Review,https://play.google.com/store/apps/details?id=team.opay.pay&hl=en&gl=ng
c85a687e-cd54-468c-9ab7-90e27bf3219f,OPay,I've been enjoying this since I downloaded it. Kudos to the brain behind it.,5,2026-09-22,Google Play,Customer Review,https://play.google.com/store/apps/details?id=team.opay.pay&hl=en&gl=ng
b2b745f8-a96c-4fd6-afec-cdbb7eb3d7ec,OPay,One of the things l love most about this app is the security and network.Opay is the best banking app I've ever used.,5,2026-09-22,Google Play,Customer Review,https://play.google.com/store/apps/details?id=team.opay.pay&hl=en&gl=ng
74b060f7-81bd-4a4e-8cb1-71b9099d7c87,OPay,"opay is very easy to use,sweet to operate, easy to receive alert no hanging of money",5,2026-09-22,Google Play,Customer Review,https://play.google.com/store/apps/details?id=team.opay.pay&hl=en&gl=ng
b168f0d4-6d5e-4acb-97a0-c1d185ea46f4,OPay,Always coming through 💯,5,2026-09-22,Google Play,Customer Review,https://play.google.com/store/apps/details?id=team.opay.pay&hl=en&gl=ng
fca351a6-b50c-471d-bc3c-28cab0cb2132,OPay,very good app for money transactions,5,2026-09-22,Google Play,Customer Review,https://play.google.com/store/apps/details?id=team.opay.pay&hl=en&gl=ng
564db0a0-076a-452c-9245-308f37688e44,OPay,I'm enjoying the app only that lately sms for received money come rather late now,4,2026-09-22,Google Play,Customer Review,https://play.google.com/store/apps/details?id=team.opay.pay&hl=en&gl=ng
7651d2fe-0d78-46d0-a84c-ac99ed8d6406,OPay,it help in different ways,5,2026-09-22,Google Play,Customer Review,https://play.google.com/store/apps/details?id=team.opay.pay&hl=en&gl=ng
28f623ef-a1e8-44b9-902f-4789953ae913,OPay,fine,5,2026-09-22,Google Play,Customer Review,https://play.google.com/store/apps/details?id=team.opay.pay&hl=en&gl=ng
ef4bd679-828a-4d9f-a07c-ad62459e61fb,OPay,very good but too much notification,4,2026-09-22,Google Play,Customer Review,https://play.google.com/store/apps/details?id=team.opay.pay&hl=en&gl=ng
a132cede-f045-4a44-8e5c-79981ce6f605,OPay,Excellent in transaction.Wonderfully in easy money transfer.With Opay our money is safe and secure.,5,2026-09-22,Google Play,Customer Review,https://play.google.com/store/apps/details?id=team.opay.pay&hl=en&gl=ng
c12e6484-1522-4a4d-b2ff-b638a16e7b63,OPay,this app is definitely the best and good at everything ... I just wish that one day their banks will be everywhere in Nigeria,5,2026-09-22,Google Play,Customer Review,https://play.google.com/store/apps/details?id=team.opay.pay&hl=en&gl=ng
dfe80a79-5aa8-4ddb-ab42-b842d740eeb2,OPay,it easy to use,5,2026-09-22,Google Play,Customer Review,https://play.google.com/store/apps/details?id=team.opay.pay&hl=en&gl=ng
b63e7dba-eef5-491b-b1d9-81e6bfe437ec,OPay,good,5,2026-09-22,Google Play,Customer Review,https://play.google.com/store/apps/details?id=team.opay.pay&hl=en&gl=ng
8a253c11-7c1a-4491-8829-c22320bf1026,OPay,very great app I really love the security method most especially,5,2026-09-22,Google Play,Customer Review,https://play.google.com/store/apps/details?id=team.opay.pay&hl=en&gl=ng
e8f5484c-f372-4cef-9eba-1a2f5b83a5db,OPay,wow,5,2026-09-22,Google Play,Customer Review,https://play.google.com/store/apps/details?id=team.opay.pay&hl=en&gl=ng
a151ca9d-4bc1-4050-8c71-502239945b41,OPay,very good,5,2026-09-22,Google Play,Customer Review,https://play.google.com/store/apps/details?id=team.opay.pay&hl=en&gl=ng
42a187e0-f541-4566-8242-e096dfe4d6e4,OPay,Excellent✌️,5,2026-09-22,Google Play,Customer Review,https://play.google.com/store/apps/details?id=team.opay.pay&hl=en&gl=ng
b196c246-7e60-4564-a58f-f9c912c188d9,OPay,very good,5,2026-09-22,Google Play,Customer Review,https://play.google.com/store/apps/details?id=team.opay.pay&hl=en&gl=ng
045b89dd-556d-4980-985a-8755f29628fe,OPay,Enjoy the transition,5,2026-09-22,Google Play,Customer Review,https://play.google.com/store/apps/details?id=team.opay.pay&hl=en&gl=ng
07681558-a8c6-4094-bb85-4559be4dbcf3,OPay,Nice!,5,2026-09-22,Google Play,Customer Review,https://play.google.com/store/apps/details?id=team.opay.pay&hl=en&gl=ng
f5acb143-72bc-4306-938b-7ff3a08662e1,OPay,OpAy is okay,5,2026-09-22,Google Play,Customer Review,https://play.google.com/store/apps/details?id=team.opay.pay&hl=en&gl=ng
9456ab58-b0a4-4614-a0e9-84fac4b5ec64,OPay,great 👍,5,2026-09-22,Google Play,Customer Review,https://play.google.com/store/apps/details?id=team.opay.pay&hl=en&gl=ng
1aed15b6-6902-451a-9c40-4d97613b4bc1,OPay,💯%,5,2026-09-22,Google Play,Customer Review,https://play.google.com/store/apps/details?id=team.opay.pay&hl=en&gl=ng
3bde6bd8-0e6c-458d-927f-bc56232cce2c,OPay,"smooth, excellent service!",4,2026-09-22,Google Play,Customer Review,https://play.google.com/store/apps/details?id=team.opay.pay&hl=en&gl=ng
ea6655b5-2e67-4047-8559-94066d2818a5,OPay,very good paformans,5,2026-09-22,Google Play,Customer Review,https://play.google.com/store/apps/details?id=team.opay.pay&hl=en&gl=ng
9d796688-d97b-4c50-a5e7-2718e2dc1932,OPay,excellent,5,2026-09-22,Google Play,Customer Review,https://play.google.com/store/apps/details?id=team.opay.pay&hl=en&gl=ng
7e8af111-3087-44f8-adc8-446b13f2d184,OPay,fine,5,2026-09-22,Google Play,Customer Review,https://play.google.com/store/apps/details?id=team.opay.pay&hl=en&gl=ng
dfaeddcf-1efc-4ff6-872f-c70f9b39696d,OPay,i enjoy using it,5,2026-09-22,Google Play,Customer Review,https://play.google.com/store/apps/details?id=team.opay.pay&hl=en&gl=ng
38182de1-cf56-4d58-8d72-4a6cb2945606,OPay,very good app,5,2026-09-22,Google Play,Customer Review,https://play.google.com/store/apps/details?id=team.opay.pay&hl=en&gl=ng
1aaa052f-01f2-4475-b0b7-28745c3583a2,OPay,"I give Opay five star,cos for now that R one of the best or the best, keep it up, sustainability is the key",5,2026-09-22,Google Play,Customer Review,https://play.google.com/store/apps/details?id=team.opay.pay&hl=en&gl=ng
27c539e3-ffea-44ce-b73d-df71b3137d03,OPay,It's very easy to open an account. It's also very fast and reliable. I enjoy using this app. Thanks Opay,4,2026-09-22,Google Play,Customer Review,https://play.google.com/store/apps/details?id=team.opay.pay&hl=en&gl=ng
97a389b9-8703-4cdb-b210-c6d14c90364c,OPay,why are you guys adding updates that make the look and little functionalities of the app that was fine worse?,2,2026-09-22,Google Play,Customer Review,https://play.google.com/store/apps/details?id=team.opay.pay&hl=en&gl=ng
138e6978-3ce9-4779-90fa-7c546f4b97c1,OPay,Good Network,5,2026-09-22,Google Play,Customer Review,https://play.google.com/store/apps/details?id=team.opay.pay&hl=en&gl=ng
27006c07-b024-4041-b345-0ab76319550e,OPay,excellent,5,2026-09-22,Google Play,Customer Review,https://play.google.com/store/apps/details?id=team.opay.pay&hl=en&gl=ng
4d8a8bda-b586-4164-8d20-0ef42096bad4,OPay,it's nice 🙂,5,2026-09-22,Google Play,Customer Review,https://play.google.com/store/apps/details?id=team.opay.pay&hl=en&gl=ng
f9b80a43-1a56-49ac-8367-c495e449e332,OPay,easy payment with less service fee,5,2026-09-22,Google Play,Customer Review,https://play.google.com/store/apps/details?id=team.opay.pay&hl=en&gl=ng
cdf1cd05-dda5-4515-a372-4f9d05c22751,OPay,fast and reliable opay have hacked the hackers. 3 gbosa for them,5,2026-09-22,Google Play,Customer Review,https://play.google.com/store/apps/details?id=team.opay.pay&hl=en&gl=ng
c1e66459-cde3-469f-870c-406963407aa7,OPay,without opay banking is not complete,5,2026-09-22,Google Play,Customer Review,https://play.google.com/store/apps/details?id=team.opay.pay&hl=en&gl=ng
d0fba882-c410-4300-ac8d-3e6a76a64b83,OPay,Excellent,5,2026-09-22,Google Play,Customer Review,https://play.google.com/store/apps/details?id=team.opay.pay&hl=en&gl=ng
a147e489-df72-4a1e-b0b1-4cd815822856,OPay,it is a great one to have you opay,5,2026-09-22,Google Play,Customer Review,https://play.google.com/store/apps/details?id=team.opay.pay&hl=en&gl=ng
9099f0e3-4b13-4f65-8b9d-50b4f91aaa2b,OPay,they are great,5,2026-09-22,Google Play,Customer Review,https://play.google.com/store/apps/details?id=team.opay.pay&hl=en&gl=ng
5bdf450a-d3f9-4a57-9fc3-0adcbbb79c81,OPay,nice Emmanuel,5,2026-09-22,Google Play,Customer Review,https://play.google.com/store/apps/details?id=team.opay.pay&hl=en&gl=ng
95308e89-3b52-4d41-ac86-b35fcf9bc420,OPay,it's so good I love that it doesn't crash,5,2026-09-22,Google Play,Customer Review,https://play.google.com/store/apps/details?id=team.opay.pay&hl=en&gl=ng
6e15682a-adf8-49e7-b66c-dcfcd3c55220,OPay,it is a good mobile banking app 💯 %%%,5,2026-09-22,Google Play,Customer Review,https://play.google.com/store/apps/details?id=team.opay.pay&hl=en&gl=ng
6a9f4c37-1852-43a9-a2d6-aa3ba8dd9a4b,OPay,One of the best banking app ever see i love opay,5,2026-09-22,Google Play,Customer Review,https://play.google.com/store/apps/details?id=team.opay.pay&hl=en&gl=ng
c81df607-2309-481d-9a13-43e5e7fb87c9,OPay,quick transactions,5,2026-09-22,Google Play,Customer Review,https://play.google.com/store/apps/details?id=team.opay.pay&hl=en&gl=ng
5cff64b8-ced4-4191-9f40-cd331e810a01,OPay,is so good and nice l like this app so much,1,2026-09-22,Google Play,Customer Review,https://play.google.com/store/apps/details?id=team.opay.pay&hl=en&gl=ng
cbe45de3-8141-4fe1-8ca2-7646e0e3aafc,OPay,"Need to clarify source of fund for transfer, and debit accordingly.",4,2026-09-22,Google Play,Customer Review,https://play.google.com/store/apps/details?id=team.opay.pay&hl=en&gl=ng
79f67679-ece1-4c06-83ce-8f280fda6081,OPay,this app is very easy to use and navigate,5,2026-09-22,Google Play,Customer Review,https://play.google.com/store/apps/details?id=team.opay.pay&hl=en&gl=ng
3b369878-ccd9-4fd0-8057-21d7fa31fcef,OPay,Very nice app I love it,5,2026-09-22,Google Play,Customer Review,https://play.google.com/store/apps/details?id=team.opay.pay&hl=en&gl=ng
d39f4738-ce20-4a19-8766-12d9285b0b87,OPay,it's so fantastic,5,2026-09-22,Google Play,Customer Review,https://play.google.com/store/apps/details?id=team.opay.pay&hl=en&gl=ng
d98277bc-c3ea-4077-a007-66cc5143bb59,OPay,"Bring back the previous interface, the (Add money) button is not good in the current location. Kindly bring back the (Transactions) button to where it was yesterday before this update. Keep up the good work,",4,2026-09-22,Google Play,Customer Review,https://play.google.com/store/apps/details?id=team.opay.pay&hl=en&gl=ng
2b31bf18-fadb-4af7-998f-fb1a877624f1,OPay,good,4,2026-09-22,Google Play,Customer Review,https://play.google.com/store/apps/details?id=team.opay.pay&hl=en&gl=ng
7cf748ae-bea4-4b9f-828e-f44cff76ffa2,OPay,great,5,2026-09-22,Google Play,Customer Review,https://play.google.com/store/apps/details?id=team.opay.pay&hl=en&gl=ng
70ab2ae2-1979-4809-ba7e-5870f68a81c9,OPay,very easy and trustworthy banking app . simplicity in glamour,5,2026-09-22,Google Play,Customer Review,https://play.google.com/store/apps/details?id=team.opay.pay&hl=en&gl=ng
c6416848-1fa8-4f3d-a299-71631f04f962,OPay,it's the best app for transaction,5,2026-09-22,Google Play,Customer Review,https://play.google.com/store/apps/details?id=team.opay.pay&hl=en&gl=ng
a99bcfe3-8756-4f82-bafd-a2eb9e5a2983,OPay,good,4,2026-09-22,Google Play,Customer Review,https://play.google.com/store/apps/details?id=team.opay.pay&hl=en&gl=ng
10ea192f-fed7-4859-a1ee-0727d4b4d94d,OPay,the best out of the bests,5,2026-09-22,Google Play,Customer Review,https://play.google.com/store/apps/details?id=team.opay.pay&hl=en&gl=ng
f7bd9481-d656-4f17-95ec-17b19194cfc2,OPay,I have be watching films but can claim the money,3,2026-09-22,Google Play,Customer Review,https://play.google.com/store/apps/details?id=team.opay.pay&hl=en&gl=ng
685b9c07-3a13-4bbf-98c3-c5090dd2f4c5,OPay,very nice and fast,5,2026-09-22,Google Play,Customer Review,https://play.google.com/store/apps/details?id=team.opay.pay&hl=en&gl=ng
68716425-6616-4410-9eac-fab343747e07,OPay,"The best online banking app in Nigeria......I love this app,it's fast, reliable,and efficient.....but opay u should be given your customers some money on their birthdays😂😂😂😂.... awesome app.....thank you opay",5,2026-09-22,Google Play,Customer Review,https://play.google.com/store/apps/details?id=team.opay.pay&hl=en&gl=ng
07fbc3b2-2d8f-4a98-875a-77bb6394239d,OPay,"The most reliable way of paying and receiving money, very fast.",5,2026-09-22,Google Play,Customer Review,https://play.google.com/store/apps/details?id=team.opay.pay&hl=en&gl=ng
dd860cb7-106d-43f9-b6bb-8d77dac4a6f2,OPay,Best online banking app i ever used since I have been using online Banks,5,2026-09-22,Google Play,Customer Review,https://play.google.com/store/apps/details?id=team.opay.pay&hl=en&gl=ng
32a0a086-91cc-4fe7-9ca0-aaed3197051e,OPay,oapy is best I swear,5,2026-09-22,Google Play,Customer Review,https://play.google.com/store/apps/details?id=team.opay.pay&hl=en&gl=ng
a1a33ac1-cff5-4e28-ac90-9e26ec9f08ac,OPay,"2019 when I began its use, I wasn't enjoying it though probably due to trust issues with the online banking system without a physical outlet. but, when I received my first bulk payment from a client I worked for and the money reflected immediately, I wasn't living in doubt again. I had an issue with money transferred to a merchant once for purchase but the moment I called Opay customer support, and followed up with a chat, it was reversed and my money was waiting for me. Simply the best OPAY...",5,2026-09-22,Google Play,Customer Review,https://play.google.com/store/apps/details?id=team.opay.pay&hl=en&gl=ng
35387e61-9639-4447-b16b-b7d23c6b56ef,OPay,best,5,2026-09-22,Google Play,Customer Review,https://play.google.com/store/apps/details?id=team.opay.pay&hl=en&gl=ng
a5e70ddc-b1b9-4d14-8d14-afe5423c2ba3,OPay,I really love this app called opay i don't even use any bank expect opay secure fast good,5,2026-09-22,Google Play,Customer Review,https://play.google.com/store/apps/details?id=team.opay.pay&hl=en&gl=ng
42190696-fed9-44f8-a020-8ffc0f003125,OPay,indeed I like how there net work is fast,1,2026-09-22,Google Play,Customer Review,https://play.google.com/store/apps/details?id=team.opay.pay&hl=en&gl=ng
329a49e3-6738-44b0-85c5-ea985e4e9651,OPay,fast secure and reliable,4,2026-09-22,Google Play,Customer Review,https://play.google.com/store/apps/details?id=team.opay.pay&hl=en&gl=ng
970ef58e-348a-4bc0-92b6-b89eabe9ddaf,OPay,"My name is Mr Chukwubueze Joseph Onyibor I always enjoy Opay , there transaction is 100% okay So I encourage people to go for Opay when it comes to on line Banking",5,2026-09-22,Google Play,Customer Review,https://play.google.com/store/apps/details?id=team.opay.pay&hl=en&gl=ng
e38f4f98-67af-492c-97ee-4e526ad8d773,OPay,"Opay remains my most favorite mobile wallet. Your services are top-notch, but I have a little recommendation. Finding transactions from months ago can be very hectic, I suggest for a search function on the transition history for easy sorting of older transactions.",5,2026-09-22,Google Play,Customer Review,https://play.google.com/store/apps/details?id=team.opay.pay&hl=en&gl=ng
bd8bc7ad-39a0-48bf-ab04-ed950bc752bd,OPay,lol at 3Aæ,5,2026-09-22,Google Play,Customer Review,https://play.google.com/store/apps/details?id=team.opay.pay&hl=en&gl=ng
faf6c5d5-5134-4a35-85d4-c0efac5a401d,OPay,excellent,5,2026-09-22,Google Play,Customer Review,https://play.google.com/store/apps/details?id=team.opay.pay&hl=en&gl=ng
73889a67-7e6e-4049-8de3-341c09e6a2e6,OPay,very fast and reliable,5,2026-09-22,Google Play,Customer Review,https://play.google.com/store/apps/details?id=team.opay.pay&hl=en&gl=ng
970b2156-9afd-49fd-90a1-dd5a2163f406,OPay,very excellent 👌,5,2026-09-22,Google Play,Customer Review,https://play.google.com/store/apps/details?id=team.opay.pay&hl=en&gl=ng
5d668818-2f75-4042-a875-9c9efc8ef35f,OPay,best bank so far,5,2026-09-22,Google Play,Customer Review,https://play.google.com/store/apps/details?id=team.opay.pay&hl=en&gl=ng
11288a20-b25d-4159-af77-016d274d967a,OPay,You are going well 👊👊👊,5,2026-09-22,Google Play,Customer Review,https://play.google.com/store/apps/details?id=team.opay.pay&hl=en&gl=ng
54cb04c7-e089-40ad-94ac-41e02475dc3c,OPay,EXCELLENT BANK APP,5,2026-09-22,Google Play,Customer Review,https://play.google.com/store/apps/details?id=team.opay.pay&hl=en&gl=ng
63fce1e0-65c0-46c3-b099-b3148c0b5838,OPay,amazing 😍,4,2026-09-22,Google Play,Customer Review,https://play.google.com/store/apps/details?id=team.opay.pay&hl=en&gl=ng
0c87c297-9127-42b4-8fa6-c17ffff6ac70,OPay,since I have been making use of this app I have never get problems in sending money or transfers money to other people or business.thank you for doing a great job withing digital banking industry.,5,2026-09-22,Google Play,Customer Review,https://play.google.com/store/apps/details?id=team.opay.pay&hl=en&gl=ng
2b0814f3-7209-4043-85e1-a8a0cd905ffb,OPay,"honestly Opay is the best. no fraud,no dull banking system, everything is working perfectly 👌. Opay is superb. Kudos!!!!!",5,2026-09-22,Google Play,Customer Review,https://play.google.com/store/apps/details?id=team.opay.pay&hl=en&gl=ng
41e4f5d0-ef5c-440d-8d18-e1cfcff11050,OPay,easy loans and farst,5,2026-09-22,Google Play,Customer Review,https://play.google.com/store/apps/details?id=team.opay.pay&hl=en&gl=ng
61fb1e86-2eef-4813-b6db-c0440999ff6f,OPay,Nice,5,2026-09-22,Google Play,Customer Review,https://play.google.com/store/apps/details?id=team.opay.pay&hl=en&gl=ng
09f61afe-a0e3-4b63-b01d-a3c4247b8879,OPay,very nice,5,2026-09-22,Google Play,Customer Review,https://play.google.com/store/apps/details?id=team.opay.pay&hl=en&gl=ng
5076e73e-22aa-46fe-9d2f-95f2c390e1cb,OPay,good performance,5,2026-09-22,Google Play,Customer Review,https://play.google.com/store/apps/details?id=team.opay.pay&hl=en&gl=ng
f1e048a9-8c34-44c0-9015-1d2b4881c8c0,OPay,the bank I trust ❤️,5,2026-09-22,Google Play,Customer Review,https://play.google.com/store/apps/details?id=team.opay.pay&hl=en&gl=ng
19cde860-066e-4ce9-ad22-5fa41e161419,OPay,very good 👍 to us,5,2026-09-22,Google Play,Customer Review,https://play.google.com/store/apps/details?id=team.opay.pay&hl=en&gl=ng
240cae5e-2616-4b01-89ed-96fa24378cca,OPay,fast in transaction,5,2026-09-22,Google Play,Customer Review,https://play.google.com/store/apps/details?id=team.opay.pay&hl=en&gl=ng
1d31d017-95a5-48f2-b8f5-9a58afe7cea8,OPay,opay is the best,5,2026-09-22,Google Play,Customer Review,https://play.google.com/store/apps/details?id=team.opay.pay&hl=en&gl=ng
3f6d6956-2707-4566-93f3-d34ac560f119,OPay,is good,5,2026-09-22,Google Play,Customer Review,https://play.google.com/store/apps/details?id=team.opay.pay&hl=en&gl=ng
e439127d-cafc-4f0f-bf61-30181511f669,OPay,"it is a great app, for easy banking.",5,2026-09-22,Google Play,Customer Review,https://play.google.com/store/apps/details?id=team.opay.pay&hl=en&gl=ng
53efa8e5-bb8e-493c-9f09-3cb561677e1b,OPay,I like Opay the way it's more secure. Their security is top-notch.,5,2026-09-22,Google Play,Customer Review,https://play.google.com/store/apps/details?id=team.opay.pay&hl=en&gl=ng
7cc6d3c3-fcdf-490a-ab3f-adf8f0a7ba5d,OPay,Great 4 greatness,5,2026-09-22,Google Play,Customer Review,https://play.google.com/store/apps/details?id=team.opay.pay&hl=en&gl=ng
e88dd844-1598-4dea-a9e7-52085b0f64e4,OPay,fastest app to do transfer,5,2026-09-22,Google Play,Customer Review,https://play.google.com/store/apps/details?id=team.opay.pay&hl=en&gl=ng
f957d4c1-adcf-46b4-aab9-20f5210b5fd7,OPay,y4mtj Good take,2,2026-09-22,Google Play,Customer Review,https://play.google.com/store/apps/details?id=team.opay.pay&hl=en&gl=ng
54bead2b-9ecb-42a4-8fee-d1749ca152ef,OPay,Best wallet banking I have ever used 💯,5,2026-09-22,Google Play,Customer Review,https://play.google.com/store/apps/details?id=team.opay.pay&hl=en&gl=ng
53f1e39e-4f05-4110-8a22-e5e778d70fcb,OPay,fast and easy,5,2026-09-22,Google Play,Customer Review,https://play.google.com/store/apps/details?id=team.opay.pay&hl=en&gl=ng
6bbe8640-b0e8-412a-8a2e-79ab4bfa28cd,OPay,great,5,2026-09-22,Google Play,Customer Review,https://play.google.com/store/apps/details?id=team.opay.pay&hl=en&gl=ng
40f11517-e62d-42c9-b3b3-a49cff69d1a3,OPay,nice bank,4,2026-09-22,Google Play,Customer Review,https://play.google.com/store/apps/details?id=team.opay.pay&hl=en&gl=ng
d4ccfcea-11fa-4c8e-98f9-77c599470533,OPay,very fast and reliable,5,2026-09-22,Google Play,Customer Review,https://play.google.com/store/apps/details?id=team.opay.pay&hl=en&gl=ng
e16e0e05-1d6e-4e0c-8c47-1a23badb8266,OPay,😍😍😍😍😍😍,5,2026-09-22,Google Play,Customer Review,https://play.google.com/store/apps/details?id=team.opay.pay&hl=en&gl=ng
978ef2b2-5913-490b-8ae8-a5a89bc9e4ae,OPay,it's easy to transfer,5,2026-09-22,Google Play,Customer Review,https://play.google.com/store/apps/details?id=team.opay.pay&hl=en&gl=ng
529951c4-4c62-41cd-ac35-32f0b818883f,OPay,very good,4,2026-09-22,Google Play,Customer Review,https://play.google.com/store/apps/details?id=team.opay.pay&hl=en&gl=ng
0391676c-03b0-49aa-b05c-f36e6e3977f1,OPay,nice experience,5,2026-09-22,Google Play,Customer Review,https://play.google.com/store/apps/details?id=team.opay.pay&hl=en&gl=ng
bcd554fb-b6a9-45d2-ba4a-8c0201092bbd,OPay,Keep on doing the good work oooh!,5,2026-09-22,Google Play,Customer Review,https://play.google.com/store/apps/details?id=team.opay.pay&hl=en&gl=ng
7115bda3-e180-4aec-8f87-728925034ebf,OPay,good,5,2026-09-22,Google Play,Customer Review,https://play.google.com/store/apps/details?id=team.opay.pay&hl=en&gl=ng
6b76e770-b301-4eba-bbaf-6012a4cc0ecc,OPay,Very convenient app.,5,2026-09-22,Google Play,Customer Review,https://play.google.com/store/apps/details?id=team.opay.pay&hl=en&gl=ng
e26f7538-ee1e-4669-8f15-1e4f8af787a1,OPay,"Love It, Live It 🤍💙❤️",5,2026-09-22,Google Play,Customer Review,https://play.google.com/store/apps/details?id=team.opay.pay&hl=en&gl=ng
25f90a18-43d6-4e2c-96bb-5b822b31792b,OPay,"exceptionally great, expectialy there seamless delivery",5,2026-09-22,Google Play,Customer Review,https://play.google.com/store/apps/details?id=team.opay.pay&hl=en&gl=ng
f8288897-0aa4-47df-b687-bc2571f33651,OPay,it so fantastic..,1,2026-09-22,Google Play,Customer Review,https://play.google.com/store/apps/details?id=team.opay.pay&hl=en&gl=ng
2b0aec97-111c-4c22-a8e2-fb23e7c94d71,OPay,"Muna mutukar godiya da kamfanin Opay,",5,2026-09-22,Google Play,Customer Review,https://play.google.com/store/apps/details?id=team.opay.pay&hl=en&gl=ng
91f1e956-b94e-4cdb-aad5-cab0a8179172,OPay,"my experience with opay is for sure 100% if there are 1,000 stars ⭐ for Opay I will rate all bcus my time with Opay is more than excellent 👌 experience",5,2026-09-22,Google Play,Customer Review,https://play.google.com/store/apps/details?id=team.opay.pay&hl=en&gl=ng
a92f7751-2955-4199-9728-57708583434f,OPay,the best app anyone can ever think of,5,2026-09-22,Google Play,Customer Review,https://play.google.com/store/apps/details?id=team.opay.pay&hl=en&gl=ng
94a6eb32-96c2-41ea-930d-46299e364f31,OPay,"Good experience so far. My terminal is old and it's lagging seriously now. It doesn't come on on time and once it on, it will be saying error fallback. If you have offices everywhere in the nation it would be easy for me to go and change it to a new one. The last time the terminal was faulty, I had to travel to Lagos from Delta to have it fixed. So we should do something about our availability of offices pls",4,2026-09-22,Google Play,Customer Review,https://play.google.com/store/apps/details?id=team.opay.pay&hl=en&gl=ng
a29cf47e-d97f-4daf-b035-904945d0b94e,OPay,"I’ve been using OPay for a while now, and honestly, it has made my daily transactions much easier. Transfers are quick, the app is simple to use, and I can pay bills without stress. Overall, I’m happy with my experience.But the electricity bill usually pend .",4,2026-09-22,Google Play,Customer Review,https://play.google.com/store/apps/details?id=team.opay.pay&hl=en&gl=ng
e80e2079-76a7-47a2-840d-2424162256a7,OPay,reliable 👍,5,2026-09-22,Google Play,Customer Review,https://play.google.com/store/apps/details?id=team.opay.pay&hl=en&gl=ng
8887cc5a-ae0a-4519-922e-9effc72efd6f,OPay,good,5,2026-09-22,Google Play,Customer Review,https://play.google.com/store/apps/details?id=team.opay.pay&hl=en&gl=ng
3da12e64-2e29-4cfd-b1bb-ee2b343150fb,OPay,excellent,5,2026-09-22,Google Play,Customer Review,https://play.google.com/store/apps/details?id=team.opay.pay&hl=en&gl=ng
82d808b9-f667-409a-b398-3c4469f7b3ab,OPay,opay is best among all 💯💯💯,5,2026-09-22,Google Play,Customer Review,https://play.google.com/store/apps/details?id=team.opay.pay&hl=en&gl=ng
28bfb371-86b3-4dd5-8fe1-abaa0b782e00,OPay,opay have a great network,5,2026-09-22,Google Play,Customer Review,https://play.google.com/store/apps/details?id=team.opay.pay&hl=en&gl=ng
82d34e3a-45a8-467a-a6fd-663b183ebeb1,OPay,one of the best mobile app so far Very easy for transferring money and it's not like others app that charges you for everything,5,2026-09-22,Google Play,Customer Review,https://play.google.com/store/apps/details?id=team.opay.pay&hl=en&gl=ng
1bc49313-b8eb-4fad-bc7b-ca4449c0daf6,OPay,Better than before service.,5,2026-09-22,Google Play,Customer Review,https://play.google.com/store/apps/details?id=team.opay.pay&hl=en&gl=ng
381d6e05-38bc-4093-bfba-7670d72b700a,OPay,nice app,5,2026-09-22,Google Play,Customer Review,https://play.google.com/store/apps/details?id=team.opay.pay&hl=en&gl=ng
9ca01a84-816a-4521-9132-738e2991cca0,OPay,awesome,5,2026-09-22,Google Play,Customer Review,https://play.google.com/store/apps/details?id=team.opay.pay&hl=en&gl=ng
6f244207-d787-43b2-8b7c-56ac8551509f,OPay,very good,5,2026-09-22,Google Play,Customer Review,https://play.google.com/store/apps/details?id=team.opay.pay&hl=en&gl=ng
fa12a141-7450-4a2c-87af-d8085839b774,OPay,their mode of transaction and payment is very versatile and fast is one of the best app,5,2026-09-22,Google Play,Customer Review,https://play.google.com/store/apps/details?id=team.opay.pay&hl=en&gl=ng
63ae3ca9-483a-4b8f-bc62-ab3c98f40ea8,OPay,it is fast responsive and easy transfer safe and reliable,5,2026-09-22,Google Play,Customer Review,https://play.google.com/store/apps/details?id=team.opay.pay&hl=en&gl=ng
96dc9f35-297d-42c5-8b8d-e4a2eaf0c057,OPay,very excellent,5,2026-09-22,Google Play,Customer Review,https://play.google.com/store/apps/details?id=team.opay.pay&hl=en&gl=ng
c0157905-b00b-46e0-8d2f-f19774e04290,OPay,Excellent so far,1,2026-09-22,Google Play,Customer Review,https://play.google.com/store/apps/details?id=team.opay.pay&hl=en&gl=ng
c3496cfb-47aa-435b-b552-975cf764ac53,OPay,A really clean and great experience,5,2026-09-22,Google Play,Customer Review,https://play.google.com/store/apps/details?id=team.opay.pay&hl=en&gl=ng
79d7d149-ffe9-49ca-83b8-f3360ff82145,OPay,opay to the world . the best app you can think of,5,2026-09-22,Google Play,Customer Review,https://play.google.com/store/apps/details?id=team.opay.pay&hl=en&gl=ng
aac05cf1-5ae4-442b-b648-871930ef3b6e,OPay,The best app in the World,5,2026-09-22,Google Play,Customer Review,https://play.google.com/store/apps/details?id=team.opay.pay&hl=en&gl=ng
23ab27aa-db3e-4bee-8fa4-722fba9457da,OPay,very good,5,2026-09-22,Google Play,Customer Review,https://play.google.com/store/apps/details?id=team.opay.pay&hl=en&gl=ng
4f4ed551-3357-4643-8f2c-52b18071a8fe,OPay,excellent app,5,2026-09-22,Google Play,Customer Review,https://play.google.com/store/apps/details?id=team.opay.pay&hl=en&gl=ng
7e9efd74-0484-4c90-8f60-7aea09d49041,OPay,"Very beautiful, fast and reliable app",5,2026-09-22,Google Play,Customer Review,https://play.google.com/store/apps/details?id=team.opay.pay&hl=en&gl=ng
1a2eaff3-bbb4-4732-a85c-3b7b5cb2c57e,OPay,"opay has been helpful in terms of banking, honestly easy to transfer, and it doesn't take time to receive alert no frustration",5,2026-09-22,Google Play,Customer Review,https://play.google.com/store/apps/details?id=team.opay.pay&hl=en&gl=ng
ecd16eea-797f-4343-b0a4-ea038f0b8bd0,OPay,"OPAY! the best Fintech banking App in the whole world!!!. fast and reliable transaction, you have made payments easier and convenient, payments like electricity bills, both prepaid and postpaid. keep the work going smoothly! Opay all the way 🤞🏻🤞🏻🤞🏻",5,2026-09-22,Google Play,Customer Review,https://play.google.com/store/apps/details?id=team.opay.pay&hl=en&gl=ng
eb6ccccd-5cfa-4e14-98b0-3cd8cd786c58,OPay,perfect,5,2026-09-22,Google Play,Customer Review,https://play.google.com/store/apps/details?id=team.opay.pay&hl=en&gl=ng
d0a7523e-b22e-416e-a706-71e89638d140,OPay,I think the app is really good 😊 I love OPAY,5,2026-09-22,Google Play,Customer Review,https://play.google.com/store/apps/details?id=team.opay.pay&hl=en&gl=ng
af6238e5-22ea-42ee-9e10-267fc4b4926a,OPay,Best for everyone,5,2026-09-22,Google Play,Customer Review,https://play.google.com/store/apps/details?id=team.opay.pay&hl=en&gl=ng
478bfe0e-3996-4c4d-a245-1d7d30189e33,OPay,very cool best wishes,5,2026-09-22,Google Play,Customer Review,https://play.google.com/store/apps/details?id=team.opay.pay&hl=en&gl=ng
c8b2beed-ebf7-497f-86d3-ba52c9053826,OPay,please is there any opay games to earn,3,2026-09-22,Google Play,Customer Review,https://play.google.com/store/apps/details?id=team.opay.pay&hl=en&gl=ng
43b76bb7-1e64-4842-a9ca-63d713ef9dc0,OPay,Exceptional service from Opay. Flawless and smooth navigation.,5,2026-09-22,Google Play,Customer Review,https://play.google.com/store/apps/details?id=team.opay.pay&hl=en&gl=ng
7170c92f-96db-45eb-8610-6b5030ab5456,OPay,perfect,5,2026-09-22,Google Play,Customer Review,https://play.google.com/store/apps/details?id=team.opay.pay&hl=en&gl=ng
e69d0f43-091c-4636-91b9-96186b2a7f46,OPay,Good app very easy,5,2026-09-22,Google Play,Customer Review,https://play.google.com/store/apps/details?id=team.opay.pay&hl=en&gl=ng
3161aa9e-6219-423e-a066-9fc74adf2867,OPay,very good and nice 👍 opay is the best network 👌,5,2026-09-22,Google Play,Customer Review,https://play.google.com/store/apps/details?id=team.opay.pay&hl=en&gl=ng
91e88d56-2a16-46d1-8011-670b8df716ac,OPay,opay is good,5,2026-09-22,Google Play,Customer Review,https://play.google.com/store/apps/details?id=team.opay.pay&hl=en&gl=ng
c3423405-18f7-44ea-9ed6-c536678b48d3,OPay,fastest option for payment and transactions I've seen so far.,5,2026-09-22,Google Play,Customer Review,https://play.google.com/store/apps/details?id=team.opay.pay&hl=en&gl=ng
2eda5ebe-6bb9-487f-a23a-5ebf6b5d4d9d,OPay,OPAY has been faithful and helpful. This app is amazing 🤩,5,2026-09-22,Google Play,Customer Review,https://play.google.com/store/apps/details?id=team.opay.pay&hl=en&gl=ng
4a667d02-b5fb-4282-9f40-c4ad2d8bbcd3,OPay,nice and cool app so nice 👍👍👍🙂,5,2026-09-22,Google Play,Customer Review,https://play.google.com/store/apps/details?id=team.opay.pay&hl=en&gl=ng
add70fc6-f24f-46cb-9755-d74dcc82b701,OPay,Just simply excellent!,5,2026-09-22,Google Play,Customer Review,https://play.google.com/store/apps/details?id=team.opay.pay&hl=en&gl=ng
7ee1e635-2acf-4884-add3-ad163ce9d791,OPay,"This new update is really frustrating. I can no more access the details of my physical and virtual cards as before. When I click on any card, I see the details hidden; and the only detail beside which I see a button to view it is the card PIN. As for the others, ie the card number (which is partially hidden), the CVV and expiry date, there is no 'View' button to see them. And your customer service is very poor. I sent this complaint to them, but no response. Please help resolve ASAP. RESOLVED.",4,2026-09-22,Google Play,Customer Review,https://play.google.com/store/apps/details?id=team.opay.pay&hl=en&gl=ng
13fea3c8-bef5-4dfc-88f3-d0c10e6ffc9f,OPay,Unable to download,1,2026-09-22,Google Play,Customer Review,https://play.google.com/store/apps/details?id=team.opay.pay&hl=en&gl=ng
b6d5a25a-2b10-464e-95aa-4dc3ffb67631,OPay,so good,5,2026-09-22,Google Play,Customer Review,https://play.google.com/store/apps/details?id=team.opay.pay&hl=en&gl=ng
d3200d7f-f0f3-4ce5-833f-50b650718b73,OPay,"my experience with this app is awesome, I was scared to use it at first, but at times goes on I really enjoy using it.",5,2026-09-22,Google Play,Customer Review,https://play.google.com/store/apps/details?id=team.opay.pay&hl=en&gl=ng
a7c870f5-fc7e-4b14-8a1a-0673ca2698db,OPay,the best ever ❤️ keep the good work going,5,2026-09-22,Google Play,Customer Review,https://play.google.com/store/apps/details?id=team.opay.pay&hl=en&gl=ng
71e3bbc3-763e-4ee4-a8bb-66c4b9f0b15e,OPay,"the service is good, and is very okay",5,2026-09-22,Google Play,Customer Review,https://play.google.com/store/apps/details?id=team.opay.pay&hl=en&gl=ng
6c66c3de-0916-45e1-a67b-00737f649c34,OPay,I'm rating 5/5 because of what I have seen with the Opay it's a great app for online transactions and more and I will keep referring it to everyone because it's the best and deserves the best from us as well and the customer care is top notch I love how they handle every matters or issues that arises thanks to y'all @Opay Nigeria,5,2026-09-22,Google Play,Customer Review,https://play.google.com/store/apps/details?id=team.opay.pay&hl=en&gl=ng
3e664c27-9e8f-4d41-bb43-08f92d75f9c4,OPay,opay is very unserious they have been holding my money for days now with releasing it,1,2026-09-22,Google Play,Customer Review,https://play.google.com/store/apps/details?id=team.opay.pay&hl=en&gl=ng
519e3025-1cac-4619-98cd-98ce383684f2,OPay,opay is OKAY 👍,5,2026-09-22,Google Play,Customer Review,https://play.google.com/store/apps/details?id=team.opay.pay&hl=en&gl=ng
fb0e141b-7c16-4b3e-9763-19915295817d,OPay,"Opay is fast and reliable, they make transactions easier for customers.",5,2026-09-22,Google Play,Customer Review,https://play.google.com/store/apps/details?id=team.opay.pay&hl=en&gl=ng
5003d070-471e-40bb-9171-91eb848946e3,OPay,Infact it is a reliable and trustworthy 👌,5,2026-09-22,Google Play,Customer Review,https://play.google.com/store/apps/details?id=team.opay.pay&hl=en&gl=ng
6244475a-2e88-49ff-801c-1cc1f4e398ce,OPay,fantastic services,5,2026-09-22,Google Play,Customer Review,https://play.google.com/store/apps/details?id=team.opay.pay&hl=en&gl=ng
f75f3f89-d16a-4ac1-8569-3ae78002a551,OPay,so fantastic,5,2026-09-22,Google Play,Customer Review,https://play.google.com/store/apps/details?id=team.opay.pay&hl=en&gl=ng
71efd487-1700-4452-bbf3-8175a4dce107,OPay,Very nice app so interesting,5,2026-09-22,Google Play,Customer Review,https://play.google.com/store/apps/details?id=team.opay.pay&hl=en&gl=ng
326b9477-380f-4573-bf7c-94cfe6fac995,OPay,"Opay is just IT for banking. I can't describe how good the experience is, from the App and then to USSD service, they build with customers in mind. They've really captured the underserved majority of individuals in the country.",5,2026-09-22,Google Play,Customer Review,https://play.google.com/store/apps/details?id=team.opay.pay&hl=en&gl=ng
f8ef0dbb-74ba-4063-ba49-7894be2f7f79,OPay,Good performance,5,2026-09-22,Google Play,Customer Review,https://play.google.com/store/apps/details?id=team.opay.pay&hl=en&gl=ng
5eb9de5e-06c4-4f0a-848a-977426ff0273,OPay,Opay is Just Perfect!,5,2026-09-22,Google Play,Customer Review,https://play.google.com/store/apps/details?id=team.opay.pay&hl=en&gl=ng
a95a9aea-713c-40da-a567-e1b1661cf80c,OPay,Not got a single hassle since I've been using u for years now.i even trust u more than my mega banks.thumbs up,5,2026-09-22,Google Play,Customer Review,https://play.google.com/store/apps/details?id=team.opay.pay&hl=en&gl=ng
929d8b8d-ec7c-4e1a-807c-4c6160f0886c,OPay,very nice app,5,2026-09-22,Google Play,Customer Review,https://play.google.com/store/apps/details?id=team.opay.pay&hl=en&gl=ng
f7ca49d9-c250-4d8f-aa44-205628d5c89a,OPay,very fast delivery service,5,2026-09-22,Google Play,Customer Review,https://play.google.com/store/apps/details?id=team.opay.pay&hl=en&gl=ng
fcecf9d8-fe57-467c-be26-17f16271a63f,OPay,fantastic,5,2026-09-22,Google Play,Customer Review,https://play.google.com/store/apps/details?id=team.opay.pay&hl=en&gl=ng
52ad6486-6a3e-4146-91b2-3f9a1a50ca81,OPay,"Opay has been good for me. Transfers are fast, the app is easy to use, and I like that I can do bills, airtime, and data all in one place. The interface is simple and straightforward. Overall a solid app for everyday transactions in Nigeria.",5,2026-09-22,Google Play,Customer Review,https://play.google.com/store/apps/details?id=team.opay.pay&hl=en&gl=ng
e5d25216-23c5-4375-8db6-34ebe38bc7b0,OPay,excellent,5,2026-09-22,Google Play,Customer Review,https://play.google.com/store/apps/details?id=team.opay.pay&hl=en&gl=ng
eceb8801-a405-40eb-867e-a277fa6845cc,OPay,super,5,2026-09-22,Google Play,Customer Review,https://play.google.com/store/apps/details?id=team.opay.pay&hl=en&gl=ng
b9a1cc33-cbed-4319-9e45-66934c748061,OPay,A very Good Banking app keep it up,5,2026-09-22,Google Play,Customer Review,https://play.google.com/store/apps/details?id=team.opay.pay&hl=en&gl=ng
d6db24e7-e7cb-450f-a552-2eef148b5e56,OPay,they are good and reliable,5,2026-09-22,Google Play,Customer Review,https://play.google.com/store/apps/details?id=team.opay.pay&hl=en&gl=ng
4e7b585f-eda5-4c58-bf2a-5e164dac50cc,OPay,excellent performance.,5,2026-09-22,Google Play,Customer Review,https://play.google.com/store/apps/details?id=team.opay.pay&hl=en&gl=ng
58cc3325-3e61-46d2-b2d6-8d265811dd4b,OPay,the apps is very faster,5,2026-09-22,Google Play,Customer Review,https://play.google.com/store/apps/details?id=team.opay.pay&hl=en&gl=ng
2d189d16-c835-42f1-bac6-0e452f38f2de,OPay,opay Is okay,5,2026-09-22,Google Play,Customer Review,https://play.google.com/store/apps/details?id=team.opay.pay&hl=en&gl=ng
f5257a03-bb1e-4fb2-ba12-c43ca81c399f,OPay,excellent service,5,2026-09-22,Google Play,Customer Review,https://play.google.com/store/apps/details?id=team.opay.pay&hl=en&gl=ng
408d40a0-a651-48ef-8001-1de16348e0bb,OPay,excellent,5,2026-09-22,Google Play,Customer Review,https://play.google.com/store/apps/details?id=team.opay.pay&hl=en&gl=ng
4b823eb9-49ed-423e-83db-e12e353f099c,OPay,Opay dey try but it should improve in the aspect of networking.,5,2026-09-22,Google Play,Customer Review,https://play.google.com/store/apps/details?id=team.opay.pay&hl=en&gl=ng
1e19d30b-eb6c-41db-b1f1-c4830d24205e,OPay,Very good,5,2026-09-22,Google Play,Customer Review,https://play.google.com/store/apps/details?id=team.opay.pay&hl=en&gl=ng
b906ec70-7f37-4b58-b6ea-d2058b247f10,OPay,exceptional service delivery,5,2026-09-22,Google Play,Customer Review,https://play.google.com/store/apps/details?id=team.opay.pay&hl=en&gl=ng
f6bc0396-d359-4588-85aa-04d3a7ed9b41,OPay,for me opay make things easier and faster it doesn't waste your time at all,5,2026-09-22,Google Play,Customer Review,https://play.google.com/store/apps/details?id=team.opay.pay&hl=en&gl=ng
20af7e59-b496-41e3-9fc6-0bfffbd44983,OPay,Splendid and friendly.,5,2026-09-22,Google Play,Customer Review,https://play.google.com/store/apps/details?id=team.opay.pay&hl=en&gl=ng
bc39d9b9-a9d4-4c7b-97ea-a1045df9ebed,OPay,Opay wey dey Okay,5,2026-09-22,Google Play,Customer Review,https://play.google.com/store/apps/details?id=team.opay.pay&hl=en&gl=ng
c6b4aaed-078b-4f8e-ade8-fba548c77208,OPay,the best so far,5,2026-09-22,Google Play,Customer Review,https://play.google.com/store/apps/details?id=team.opay.pay&hl=en&gl=ng
7e32956c-125e-4b45-a828-4ce84921ed93,OPay,I love everything about opay💯,5,2026-09-22,Google Play,Customer Review,https://play.google.com/store/apps/details?id=team.opay.pay&hl=en&gl=ng
d99f4647-fcc3-4355-bf7b-362c379ffc39,OPay,what can I use to express....Very good 👍,5,2026-09-22,Google Play,Customer Review,https://play.google.com/store/apps/details?id=team.opay.pay&hl=en&gl=ng
b2782238-d562-4dd5-9d13-45130287c43c,OPay,faster and durable more reliable than most Banks. with Opay Transactions life is Good,5,2026-09-22,Google Play,Customer Review,https://play.google.com/store/apps/details?id=team.opay.pay&hl=en&gl=ng
01ea3d0b-1337-443c-8535-bbcf94509fa9,OPay,opay is so good to bank with them I'm really enjoying it,5,2026-09-22,Google Play,Customer Review,https://play.google.com/store/apps/details?id=team.opay.pay&hl=en&gl=ng
201f0e9b-7863-49d9-875e-44deca2b48ac,OPay,Fast,5,2026-09-22,Google Play,Customer Review,https://play.google.com/store/apps/details?id=team.opay.pay&hl=en&gl=ng
8eae10a5-2129-4e31-a0da-5ac9d3cedc08,OPay,Very fast and reliable,5,2026-09-22,Google Play,Customer Review,https://play.google.com/store/apps/details?id=team.opay.pay&hl=en&gl=ng
c40eef2a-d831-4294-9661-9e63bbfa1fd5,OPay,good,5,2026-09-22,Google Play,Customer Review,https://play.google.com/store/apps/details?id=team.opay.pay&hl=en&gl=ng
fc93caae-6801-4503-b5fe-2acc19e7c56f,OPay,Very good transaction app Opay is really beyond banking,5,2026-09-22,Google Play,Customer Review,https://play.google.com/store/apps/details?id=team.opay.pay&hl=en&gl=ng
7ef255ba-cae8-4146-91b1-5660ad5a3f09,OPay,I love opay. it doesn't give me stress like other bank apps ❤️,5,2026-09-22,Google Play,Customer Review,https://play.google.com/store/apps/details?id=team.opay.pay&hl=en&gl=ng
89b54773-c9e6-428b-8d3d-4f871218dc28,OPay,very effective,5,2026-09-22,Google Play,Customer Review,https://play.google.com/store/apps/details?id=team.opay.pay&hl=en&gl=ng
a1cbfa74-d796-4019-a6bc-4761811cef63,OPay,Easy to use with nice savings plans and good interest rates.,5,2026-09-22,Google Play,Customer Review,https://play.google.com/store/apps/details?id=team.opay.pay&hl=en&gl=ng
87e526f5-1ce8-4b4c-a42e-5c165edaf020,OPay,Great experience,5,2026-09-22,Google Play,Customer Review,https://play.google.com/store/apps/details?id=team.opay.pay&hl=en&gl=ng
8fb7772f-fc72-4118-a161-57a9bbb4da90,OPay,nothing I mean no bank beats Opay Opay is the best simple and fast make life easy ❤️,5,2026-09-22,Google Play,Customer Review,https://play.google.com/store/apps/details?id=team.opay.pay&hl=en&gl=ng
3718d756-6c41-40d2-ae26-958cd18a2609,OPay,opay remain the best app. I love everything about opay. very fast transfer and bill payment made so easy. thumbs up. keep it up,5,2026-09-22,Google Play,Customer Review,https://play.google.com/store/apps/details?id=team.opay.pay&hl=en&gl=ng
221889da-aeb2-4708-a37e-59530a5c5d41,OPay,Nice safe banking app🙏🙏,5,2026-09-22,Google Play,Customer Review,https://play.google.com/store/apps/details?id=team.opay.pay&hl=en&gl=ng
1134cca1-9c9a-4259-8917-73e44628ebf4,OPay,i love this app,5,2026-09-22,Google Play,Customer Review,https://play.google.com/store/apps/details?id=team.opay.pay&hl=en&gl=ng
a8774e5e-a52d-4604-9f4a-8c34683d79e2,OPay,fastest online Banking app ever💯,5,2026-09-22,Google Play,Customer Review,https://play.google.com/store/apps/details?id=team.opay.pay&hl=en&gl=ng
47c0c52c-9a5d-42d4-98a6-2711df25a57b,OPay,thank you,4,2026-09-22,Google Play,Customer Review,https://play.google.com/store/apps/details?id=team.opay.pay&hl=en&gl=ng
c9d8e361-4b2d-453b-b4ec-15ec47f03366,OPay,so fast and easy,5,2026-09-22,Google Play,Customer Review,https://play.google.com/store/apps/details?id=team.opay.pay&hl=en&gl=ng
4acd17b8-e854-4f3d-95a8-66a77bcccd40,OPay,very fast and easy to use,5,2026-09-22,Google Play,Customer Review,https://play.google.com/store/apps/details?id=team.opay.pay&hl=en&gl=ng
e0aee9d6-3232-4f48-8b3f-4af90b70e551,OPay,I've just had the worst experience with opay and the customers service are not even responding or doing anything about it I've even called but no good response abeg make una just delete my account make I use palmpay instead,1,2026-09-22,Google Play,Customer Review,https://play.google.com/store/apps/details?id=team.opay.pay&hl=en&gl=ng
a50d546f-0b3a-4e93-b286-172d53e96ea1,OPay,"opay is good, I haven't heard anyone saying opay took my money. am also a fan but I experience nothing of that nature but I give them four stars because I still don't know their branch in benue state of Nigeria",4,2026-09-22,Google Play,Customer Review,https://play.google.com/store/apps/details?id=team.opay.pay&hl=en&gl=ng
4e31e204-cef2-4cf8-89e6-8a7564ecd4a0,OPay,a very good app,5,2026-09-22,Google Play,Customer Review,https://play.google.com/store/apps/details?id=team.opay.pay&hl=en&gl=ng
f0764cb2-9a2c-4a5d-a68c-e314ed77b12d,OPay,the network is mostly perfect,5,2026-09-22,Google Play,Customer Review,https://play.google.com/store/apps/details?id=team.opay.pay&hl=en&gl=ng
3a1efae0-4bd2-4c29-a05a-e91daf8a2667,OPay,Very Very OK,5,2026-09-22,Google Play,Customer Review,https://play.google.com/store/apps/details?id=team.opay.pay&hl=en&gl=ng
b3bf9f1d-ddac-44d8-b061-4ddc751913c7,OPay,This is the best App for business owners.God bless opay Nigeria limited,5,2026-09-22,Google Play,Customer Review,https://play.google.com/store/apps/details?id=team.opay.pay&hl=en&gl=ng
c2f79dc4-ba8e-446a-adb9-714a7be70ff9,OPay,opay pays great appreciation,5,2026-09-22,Google Play,Customer Review,https://play.google.com/store/apps/details?id=team.opay.pay&hl=en&gl=ng
6b4af56d-1529-4c77-b6ee-43ad0eec6c86,OPay,very fast and reliable,5,2026-09-22,Google Play,Customer Review,https://play.google.com/store/apps/details?id=team.opay.pay&hl=en&gl=ng
cdf079ce-2157-4a92-9209-852b346b9bd2,OPay,opay is the best bank in the world better than their rivals bigger and better but I told is not compatible with my phone,5,2026-09-22,Google Play,Customer Review,https://play.google.com/store/apps/details?id=team.opay.pay&hl=en&gl=ng
46169471-d5bd-429e-94b5-37e3a0156ee5,OPay,Most accurate and reliable App so far. I appreciate your good business Administration.,4,2026-09-22,Google Play,Customer Review,https://play.google.com/store/apps/details?id=team.opay.pay&hl=en&gl=ng
83917e01-ccd5-4f1a-b701-9649e1d32ea9,OPay,i love opay very fast enough to answer when I'm in need,5,2026-09-22,Google Play,Customer Review,https://play.google.com/store/apps/details?id=team.opay.pay&hl=en&gl=ng
8c3daaad-2155-4fa0-b28e-05b5e1f702d3,OPay,perfect job wth u,5,2026-09-22,Google Play,Customer Review,https://play.google.com/store/apps/details?id=team.opay.pay&hl=en&gl=ng
180021a7-a029-47ce-8328-76973ab52338,OPay,you are doing good,5,2026-09-22,Google Play,Customer Review,https://play.google.com/store/apps/details?id=team.opay.pay&hl=en&gl=ng
3fa6586d-58fb-46b7-8139-fd3dd56117f7,OPay,The only app without any delay or unnecessary deduction from our account Thanks for making life so so so much easier for us If no be opay by now we all be in front of banks Line-Up to to complain about our money that hangs I really happy to be among the user's of opay OPAY TILL ETERNITY,5,2026-09-22,Google Play,Customer Review,https://play.google.com/store/apps/details?id=team.opay.pay&hl=en&gl=ng
dc1f4ed5-60ec-498c-9234-ab911e515ed0,OPay,I trust Opay pass my babe,5,2026-09-22,Google Play,Customer Review,https://play.google.com/store/apps/details?id=team.opay.pay&hl=en&gl=ng
b7933877-a3a4-4fa9-abe5-b5cc4f28e1eb,OPay,excellent 👌,5,2026-09-22,Google Play,Customer Review,https://play.google.com/store/apps/details?id=team.opay.pay&hl=en&gl=ng
e49f866a-1932-4a00-90b2-4e6eef5672cd,OPay,The app is perfectly good,5,2026-09-22,Google Play,Customer Review,https://play.google.com/store/apps/details?id=team.opay.pay&hl=en&gl=ng
a050ec2b-689f-4fa7-b261-98775814df0b,OPay,good & Efficient,5,2026-09-22,Google Play,Customer Review,https://play.google.com/store/apps/details?id=team.opay.pay&hl=en&gl=ng
dd0e640a-b68b-456c-937d-e9b230483b6b,OPay,its been awesome,5,2026-09-22,Google Play,Customer Review,https://play.google.com/store/apps/details?id=team.opay.pay&hl=en&gl=ng
73d59bd9-172f-4c51-a02d-5d6a362ce47e,OPay,The best among the rest thanks 👍,5,2026-09-22,Google Play,Customer Review,https://play.google.com/store/apps/details?id=team.opay.pay&hl=en&gl=ng
f0c22012-c29b-46e4-b657-e6d707c31171,OPay,NICE ONE,5,2026-09-22,Google Play,Customer Review,https://play.google.com/store/apps/details?id=team.opay.pay&hl=en&gl=ng
b390f8e8-16cd-44c2-8463-768e7615ee1f,OPay,Opay is the best microfinance Bank. The daily interest given to customers is encouraging. Withdrawal and deposit is also fast and reliable. Network issues is rare. Their app is user friendly. I recommend it to everyone.,5,2026-09-22,Google Play,Customer Review,https://play.google.com/store/apps/details?id=team.opay.pay&hl=en&gl=ng
20ee85c9-8f66-4e06-aec5-6f564a2eccf2,OPay,Opay or nothing,5,2026-09-22,Google Play,Customer Review,https://play.google.com/store/apps/details?id=team.opay.pay&hl=en&gl=ng
435c22f5-8ad0-4eaf-8a8a-40a2008c2e43,OPay,Easy and convenient to use,4,2026-09-22,Google Play,Customer Review,https://play.google.com/store/apps/details?id=team.opay.pay&hl=en&gl=ng
64242e51-ba41-466c-bb73-fa2fb2344a20,OPay,opay makes life easier I love opay ❤️,5,2026-09-22,Google Play,Customer Review,https://play.google.com/store/apps/details?id=team.opay.pay&hl=en&gl=ng
3bca9864-1553-48c8-963a-6fdb0fcbdd68,OPay,best mobile app,5,2026-09-22,Google Play,Customer Review,https://play.google.com/store/apps/details?id=team.opay.pay&hl=en&gl=ng
b9c1b893-23b2-4eb1-b4f4-9ebb1acd40ef,OPay,Excellent,5,2026-09-22,Google Play,Customer Review,https://play.google.com/store/apps/details?id=team.opay.pay&hl=en&gl=ng
43f00bce-f442-43d6-9be8-34256de28769,OPay,this opay app give me joy always easy to make my transaction with out issues,5,2026-09-22,Google Play,Customer Review,https://play.google.com/store/apps/details?id=team.opay.pay&hl=en&gl=ng
2171827f-1a9f-44e6-8b47-fd63fec6e219,OPay,Excellent,5,2026-09-22,Google Play,Customer Review,https://play.google.com/store/apps/details?id=team.opay.pay&hl=en&gl=ng
493f10eb-3098-462a-ab3e-56da45d411f8,OPay,good satisfy,5,2026-09-22,Google Play,Customer Review,https://play.google.com/store/apps/details?id=team.opay.pay&hl=en&gl=ng
087f8509-8fb5-489e-9bb0-bddfeade4f2b,OPay,"The App is topnotch in comparison with others in the same category. I will boldly recommend it to anyone who cherish transparent, speedy, hitchfree monetary transactions. Indeed, it's more than banking",5,2026-09-22,Google Play,Customer Review,https://play.google.com/store/apps/details?id=team.opay.pay&hl=en&gl=ng
6d375588-f3b7-43da-93ce-7ae8225f36c8,OPay,"This is the best mobile banking app. Better than other banks. great services, no unnecessary charges and loan facility is low interest. keep it up guys!",5,2026-09-22,Google Play,Customer Review,https://play.google.com/store/apps/details?id=team.opay.pay&hl=en&gl=ng
3d6dea19-71b2-40c4-bfd1-b3b3a41f5b90,OPay,no worries,4,2026-09-22,Google Play,Customer Review,https://play.google.com/store/apps/details?id=team.opay.pay&hl=en&gl=ng
bd0ce1c4-799f-4348-88cc-cf2ac82cfb00,OPay,"they have the best attitude, attention and some other things",5,2026-09-22,Google Play,Customer Review,https://play.google.com/store/apps/details?id=team.opay.pay&hl=en&gl=ng
c52ff722-b34b-433f-a286-c2e558a36460,OPay,Easy to transact,5,2026-09-22,Google Play,Customer Review,https://play.google.com/store/apps/details?id=team.opay.pay&hl=en&gl=ng
8e408717-b853-446a-b6c5-6e8fc8ff268f,OPay,I think it is excellent,5,2026-09-22,Google Play,Customer Review,https://play.google.com/store/apps/details?id=team.opay.pay&hl=en&gl=ng
60f62dc5-402a-4711-b3e7-ca8b6f2cdc86,OPay,You need to add auto schedule payment functions to the app.,3,2026-09-22,Google Play,Customer Review,https://play.google.com/store/apps/details?id=team.opay.pay&hl=en&gl=ng
be339072-f844-46dc-be21-94b2724576e4,OPay,using opay is wonderful,5,2026-09-22,Google Play,Customer Review,https://play.google.com/store/apps/details?id=team.opay.pay&hl=en&gl=ng
5fcf8d7b-293c-4688-9ac9-b20ee2ad8cfd,OPay,Opay is simply amazing in handling financial transactions. I have recommended it to so many people.,5,2026-09-22,Google Play,Customer Review,https://play.google.com/store/apps/details?id=team.opay.pay&hl=en&gl=ng
34686f00-a239-4dfa-8bfb-d1a6ddebf2c0,OPay,Opay is very good in service and helping the helpless,5,2026-09-22,Google Play,Customer Review,https://play.google.com/store/apps/details?id=team.opay.pay&hl=en&gl=ng
18338b79-ef9f-4fda-8f5f-653c6ad8c7b4,OPay,very nice App,5,2026-09-22,Google Play,Customer Review,https://play.google.com/store/apps/details?id=team.opay.pay&hl=en&gl=ng
e00882e3-2fdd-46ba-a7d0-81175db89fc1,OPay,best bank in the wholeeeeeeeee world .... peace out,5,2026-09-22,Google Play,Customer Review,https://play.google.com/store/apps/details?id=team.opay.pay&hl=en&gl=ng
aac29b7d-aca1-4b16-a792-842149e62b6c,OPay,Very easy and fast in transaction is a good app,4,2026-09-22,Google Play,Customer Review,https://play.google.com/store/apps/details?id=team.opay.pay&hl=en&gl=ng
e0ba3f81-3fa4-41fb-af93-2bc1503ed675,OPay,its serving me well so far,5,2026-09-22,Google Play,Customer Review,https://play.google.com/store/apps/details?id=team.opay.pay&hl=en&gl=ng
825daa6a-c5b9-46e4-9abf-3895b9024829,OPay,you are too much,5,2026-09-22,Google Play,Customer Review,https://play.google.com/store/apps/details?id=team.opay.pay&hl=en&gl=ng
50bdb7c7-9b0b-49bf-8981-3af82e2d1172,OPay,great app,5,2026-09-22,Google Play,Customer Review,https://play.google.com/store/apps/details?id=team.opay.pay&hl=en&gl=ng
1b5675f8-0047-410f-940f-c9f3ddb43615,OPay,good banking,5,2026-09-22,Google Play,Customer Review,https://play.google.com/store/apps/details?id=team.opay.pay&hl=en&gl=ng
4fa46a0c-9469-4a48-99a3-3ec7c495eba1,OPay,my experience is very spectacular,5,2026-09-22,Google Play,Customer Review,https://play.google.com/store/apps/details?id=team.opay.pay&hl=en&gl=ng
2159df24-8b4d-4a1e-9476-90d2dfce6292,OPay,I love this app,5,2026-09-22,Google Play,Customer Review,https://play.google.com/store/apps/details?id=team.opay.pay&hl=en&gl=ng
2cc2d569-1c4d-48e5-ab41-e9ddbbf894bb,OPay,The one week fixed deposit is a hack😊,5,2026-09-22,Google Play,Customer Review,https://play.google.com/store/apps/details?id=team.opay.pay&hl=en&gl=ng
bcaaa064-f3bf-452a-82b8-9737669ae169,OPay,"Opay is really fast and reliable. Faster than the real banks, while using opay you can't be deceive that network is holding the transaction.. I trust them more since they are linked to CBN. Thanks to Opay Managements for this fast & wonderful 😊 app",4,2026-09-22,Google Play,Customer Review,https://play.google.com/store/apps/details?id=team.opay.pay&hl=en&gl=ng
ed4c74ef-b761-45d2-bd37-bb4a9c0a0333,OPay,I need a new loan offer or a wave off,4,2026-09-22,Google Play,Customer Review,https://play.google.com/store/apps/details?id=team.opay.pay&hl=en&gl=ng
7929068a-6207-4f3e-adeb-caefa5746bb3,OPay,it's been amazing using the app,4,2026-09-22,Google Play,Customer Review,https://play.google.com/store/apps/details?id=team.opay.pay&hl=en&gl=ng
f11a5630-0ff9-4fd1-b5c2-d272108767f4,OPay,better app,5,2026-09-22,Google Play,Customer Review,https://play.google.com/store/apps/details?id=team.opay.pay&hl=en&gl=ng
b3f72fef-4e82-490d-be76-233941fb2a74,OPay,fast and reliable and very easy to use,5,2026-09-22,Google Play,Customer Review,https://play.google.com/store/apps/details?id=team.opay.pay&hl=en&gl=ng
479f334c-d05c-4ced-9d4d-b0f1d80559d3,OPay,Experience has been a bail out when the normal bank app fails. And one thing I love also is that it will tell you if the transfer won't be completed. So you can wait till another time. Normal bank apps will continue and your transaction will hang.,5,2026-09-22,Google Play,Customer Review,https://play.google.com/store/apps/details?id=team.opay.pay&hl=en&gl=ng
e2e19586-a453-4666-803a-50e4ff045917,OPay,i love opay,5,2026-09-22,Google Play,Customer Review,https://play.google.com/store/apps/details?id=team.opay.pay&hl=en&gl=ng
c547e08b-9709-42cc-8704-b0dbc811690e,OPay,Good,4,2026-09-22,Google Play,Customer Review,https://play.google.com/store/apps/details?id=team.opay.pay&hl=en&gl=ng
cb39970e-1cb3-42ae-827f-b1c36fbbdb46,OPay,Definitely the most reliable,5,2026-09-22,Google Play,Customer Review,https://play.google.com/store/apps/details?id=team.opay.pay&hl=en&gl=ng
fd05c991-be3f-40d5-b747-d0b99716e289,OPay,you're best,5,2026-09-22,Google Play,Customer Review,https://play.google.com/store/apps/details?id=team.opay.pay&hl=en&gl=ng
33bde7b3-1d28-4c77-90c5-9596b4eb89a2,OPay,thanks you o pay,1,2026-09-22,Google Play,Customer Review,https://play.google.com/store/apps/details?id=team.opay.pay&hl=en&gl=ng
8364f064-8ebd-4c20-b2e8-fc1bd1f7d5c4,OPay,Honored,5,2026-09-22,Google Play,Customer Review,https://play.google.com/store/apps/details?id=team.opay.pay&hl=en&gl=ng
ef6a37d6-f83b-426f-b73c-d45d7086e440,OPay,fast and responsive?,1,2026-09-22,Google Play,Customer Review,https://play.google.com/store/apps/details?id=team.opay.pay&hl=en&gl=ng
c26166af-e252-42ec-880b-360e9b3f9080,OPay,For faster resolution and easier transaction 💯,5,2026-09-22,Google Play,Customer Review,https://play.google.com/store/apps/details?id=team.opay.pay&hl=en&gl=ng
2b8c4608-3305-4ce8-aed5-5d4719db310c,OPay,"Opay has been acting up recently and it is so annoying, imagine trying to purchase prepaid token and it has been pending for long time now, please work on it or I'm going to stop using your app and services",2,2026-09-22,Google Play,Customer Review,https://play.google.com/store/apps/details?id=team.opay.pay&hl=en&gl=ng
e4fabc1b-5426-42c1-8c3a-29934dd3aa1c,OPay,good security account,5,2026-09-22,Google Play,Customer Review,https://play.google.com/store/apps/details?id=team.opay.pay&hl=en&gl=ng
dea2aed0-0d0b-40ab-8476-acebe2074fb8,OPay,"Please work on push notifications, the ads are becoming annoying. I should be able to select the notification of choice (transaction only), your competitors already have the feature. Apart from the above, I recommend 💯",3,2026-09-22,Google Play,Customer Review,https://play.google.com/store/apps/details?id=team.opay.pay&hl=en&gl=ng
d94d5177-6301-401c-8cea-939f4cb2bd17,OPay,very good and amazing,5,2026-09-22,Google Play,Customer Review,https://play.google.com/store/apps/details?id=team.opay.pay&hl=en&gl=ng
0c9e6a1a-3a3a-4a40-a0f8-7671b6480992,OPay,Excellent service delivery,5,2026-09-22,Google Play,Customer Review,https://play.google.com/store/apps/details?id=team.opay.pay&hl=en&gl=ng
a62e5e1c-1310-4553-bfb3-73f59acb1a95,OPay,opay is a very sweet banking app,4,2026-09-21,Google Play,Customer Review,https://play.google.com/store/apps/details?id=team.opay.pay&hl=en&gl=ng
8d5b44df-1bee-4ddd-9627-5946e7c480bb,OPay,I like the app but I want to delete my account and open another one pls guild me,4,2026-09-21,Google Play,Customer Review,https://play.google.com/store/apps/details?id=team.opay.pay&hl=en&gl=ng
f9c2d6a7-7322-4903-b773-7d969cd2743b,OPay,"opay is a very good and secured online banking app, i am highly please",5,2026-09-21,Google Play,Customer Review,https://play.google.com/store/apps/details?id=team.opay.pay&hl=en&gl=ng
2269e407-123e-4e71-8d29-e1f03145b4d3,OPay,Thanks you opay for giving me the opportunity of loan,5,2026-09-21,Google Play,Customer Review,https://play.google.com/store/apps/details?id=team.opay.pay&hl=en&gl=ng
dbb9d97c-7b5f-49e0-b19e-c5597c05ebbb,OPay,excellent banking,5,2026-09-21,Google Play,Customer Review,https://play.google.com/store/apps/details?id=team.opay.pay&hl=en&gl=ng
d7600597-25a8-49d7-ace9-d73ec8fac529,OPay,very fast and reliable,5,2026-09-21,Google Play,Customer Review,https://play.google.com/store/apps/details?id=team.opay.pay&hl=en&gl=ng
d8f43ae0-27d2-4701-9451-4621e57741a5,OPay,The service is very smooth and easy. OPay is by far the best banking app I've used. You all should keep up the good work.,5,2026-09-21,Google Play,Customer Review,https://play.google.com/store/apps/details?id=team.opay.pay&hl=en&gl=ng
4a6cca5f-f3ec-4e70-9ee8-4fc28af8f339,OPay,great,4,2026-09-21,Google Play,Customer Review,https://play.google.com/store/apps/details?id=team.opay.pay&hl=en&gl=ng
9768c4fe-0ba3-4852-9cf9-a07b0e1cf4e7,OPay,lovely,5,2026-09-21,Google Play,Customer Review,https://play.google.com/store/apps/details?id=team.opay.pay&hl=en&gl=ng
ed10eaf8-b500-4a35-bee7-abdcb100b88d,OPay,Opay the best among the rest I have no complain ever since I started using it,5,2026-09-21,Google Play,Customer Review,https://play.google.com/store/apps/details?id=team.opay.pay&hl=en&gl=ng
bf1651f2-6b5f-4db9-b49e-4ff0b56f7de7,OPay,nice app,5,2026-09-21,Google Play,Customer Review,https://play.google.com/store/apps/details?id=team.opay.pay&hl=en&gl=ng
122896ed-b768-42cc-a880-1c42339ae85b,OPay,thank you,5,2026-09-21,Google Play,Customer Review,https://play.google.com/store/apps/details?id=team.opay.pay&hl=en&gl=ng
628e2a92-223b-4138-ad4d-d9e33e3d4b94,OPay,Thanks sir,5,2026-09-21,Google Play,Customer Review,https://play.google.com/store/apps/details?id=team.opay.pay&hl=en&gl=ng
0f5537d7-cef1-4954-a46d-6f2c1255cf3f,OPay,Very helpful. Keep it up.,5,2026-09-21,Google Play,Customer Review,https://play.google.com/store/apps/details?id=team.opay.pay&hl=en&gl=ng
0d19226e-5c8a-4773-8b24-95ddc50e41e7,OPay,Best banking app,5,2026-09-21,Google Play,Customer Review,https://play.google.com/store/apps/details?id=team.opay.pay&hl=en&gl=ng
e140d648-6243-41b7-b550-a434390db65b,OPay,I want to used this app but is not working in my phone.,1,2026-09-21,Google Play,Customer Review,https://play.google.com/store/apps/details?id=team.opay.pay&hl=en&gl=ng
3580ee4f-5c10-4abc-b796-5674f6d2be28,OPay,"I love opay so much ,it is my first and easiest bank",1,2026-09-21,Google Play,Customer Review,https://play.google.com/store/apps/details?id=team.opay.pay&hl=en&gl=ng
eaca3a8c-6b96-4d11-9c98-231395508bfd,OPay,"Omo, I get an instant debit of 20k through an electronic channel, Omo opay I need my money Ooooh",2,2026-09-21,Google Play,Customer Review,https://play.google.com/store/apps/details?id=team.opay.pay&hl=en&gl=ng
0e3f5b62-f307-447c-82d8-5847acccc9d3,OPay,yu guys are the best fintech institution no doubt,5,2026-09-21,Google Play,Customer Review,https://play.google.com/store/apps/details?id=team.opay.pay&hl=en&gl=ng
a46d6aa9-7788-4231-8aee-0e9658be2356,OPay,"Best app,fast,secure and massive cashback network 💯 love you...",5,2026-09-21,Google Play,Customer Review,https://play.google.com/store/apps/details?id=team.opay.pay&hl=en&gl=ng
30bce88f-3561-40aa-9abe-d41e2f010b52,OPay,best,4,2026-09-21,Google Play,Customer Review,https://play.google.com/store/apps/details?id=team.opay.pay&hl=en&gl=ng
f2e782f9-44c3-45da-900b-6a635e95a067,OPay,"i want to update, and i saw a message written: your device is no longer compartible with this App. contact developers for direction or so. please, what do i do?",4,2026-09-21,Google Play,Customer Review,https://play.google.com/store/apps/details?id=team.opay.pay&hl=en&gl=ng
1d2746c9-5ac1-4625-a475-e149f6187042,OPay,It's awesome,5,2026-09-21,Google Play,Customer Review,https://play.google.com/store/apps/details?id=team.opay.pay&hl=en&gl=ng
904dedcc-c56f-4bd2-be5d-598f688d595a,OPay,cool,5,2026-09-21,Google Play,Customer Review,https://play.google.com/store/apps/details?id=team.opay.pay&hl=en&gl=ng
836400d4-9657-436a-8b24-d5dcf47ca650,OPay,too good,5,2026-09-21,Google Play,Customer Review,https://play.google.com/store/apps/details?id=team.opay.pay&hl=en&gl=ng
eb307e00-fb18-49be-988f-f0732c615740,OPay,Good and reliable,5,2026-09-21,Google Play,Customer Review,https://play.google.com/store/apps/details?id=team.opay.pay&hl=en&gl=ng
dcf94367-5986-4b75-ab82-cbac05db38b6,OPay,"well, opay to me is one of the reliable online banking. I love All it's services. kudos",5,2026-09-21,Google Play,Customer Review,https://play.google.com/store/apps/details?id=team.opay.pay&hl=en&gl=ng
631203c8-0556-49a3-aef5-e7f06ce49db4,OPay,ok no,5,2026-09-21,Google Play,Customer Review,https://play.google.com/store/apps/details?id=team.opay.pay&hl=en&gl=ng
6ebc7992-9020-41ac-b328-84eba08756a8,OPay,very trustworthy app and reliable good in borrowing loan,1,2026-09-21,Google Play,Customer Review,https://play.google.com/store/apps/details?id=team.opay.pay&hl=en&gl=ng
47b9e8ea-8d11-44c3-aa2a-a61c2523ffa9,OPay,Opay make life easy for everybody in Nigeria stay safe one love 👍,5,2026-09-21,Google Play,Customer Review,https://play.google.com/store/apps/details?id=team.opay.pay&hl=en&gl=ng
f48c4159-c73b-4356-9ecb-a271f1a69961,OPay,I love the fact that it is so fast and easy,5,2026-09-21,Google Play,Customer Review,https://play.google.com/store/apps/details?id=team.opay.pay&hl=en&gl=ng
96c6564a-2d59-4104-ab94-204e96396cfb,OPay,very good appp,4,2026-09-21,Google Play,Customer Review,https://play.google.com/store/apps/details?id=team.opay.pay&hl=en&gl=ng
bc2c2b63-8710-45c5-accd-2e8e8d533860,OPay,good no issues,5,2026-09-21,Google Play,Customer Review,https://play.google.com/store/apps/details?id=team.opay.pay&hl=en&gl=ng
ab53567f-a9ba-4aff-94ad-decaaf1f5bd5,OPay,good app,5,2026-09-21,Google Play,Customer Review,https://play.google.com/store/apps/details?id=team.opay.pay&hl=en&gl=ng
529b6150-34a9-4288-9e27-6e77c262c26d,OPay,EXCELLENT,5,2026-09-21,Google Play,Customer Review,https://play.google.com/store/apps/details?id=team.opay.pay&hl=en&gl=ng
beff11c9-25e9-4cca-8cf9-ab62f9bea2f9,OPay,it's nice and helpful to humans,4,2026-09-21,Google Play,Customer Review,https://play.google.com/store/apps/details?id=team.opay.pay&hl=en&gl=ng
6da4ed3b-f088-4207-9f7e-e5967a29a173,OPay,Amazing application,5,2026-09-21,Google Play,Customer Review,https://play.google.com/store/apps/details?id=team.opay.pay&hl=en&gl=ng
d52403ab-06d9-445a-9efd-b0a04e3d6eab,OPay,Very Nice App,5,2026-09-21,Google Play,Customer Review,https://play.google.com/store/apps/details?id=team.opay.pay&hl=en&gl=ng
1296e745-f45b-4398-b15e-ecb15fb00044,OPay,the upgrade is really frustrating 😠 needed to upgrade my opay account to tier three because of a market trip I needed to do next day but the upgrade failed 😠😠,1,2026-09-21,Google Play,Customer Review,https://play.google.com/store/apps/details?id=team.opay.pay&hl=en&gl=ng
010f8503-ae94-4953-8ae8-04f0df9bf8ab,OPay,very good in service,5,2026-09-21,Google Play,Customer Review,https://play.google.com/store/apps/details?id=team.opay.pay&hl=en&gl=ng
336cba30-f43f-4b07-88e5-bfcc5271ac64,OPay,"i can't update the app, they said my device is not compatible",1,2026-09-21,Google Play,Customer Review,https://play.google.com/store/apps/details?id=team.opay.pay&hl=en&gl=ng
9304bc3d-06b6-458a-8eca-7ef2ecdf5552,OPay,Very interesting app,5,2026-09-21,Google Play,Customer Review,https://play.google.com/store/apps/details?id=team.opay.pay&hl=en&gl=ng
c3f1f9d3-d242-4046-b277-4d9b37c843f8,OPay,too slow,1,2026-09-21,Google Play,Customer Review,https://play.google.com/store/apps/details?id=team.opay.pay&hl=en&gl=ng
3dffb48a-8349-4c05-a861-45b5d06c9cdc,OPay,Best banking experience ever,5,2026-09-21,Google Play,Customer Review,https://play.google.com/store/apps/details?id=team.opay.pay&hl=en&gl=ng
4966908e-2cc3-444c-85bf-dd3220b38b6a,OPay,I really luv opay it good 🥰🥰,5,2026-09-21,Google Play,Customer Review,https://play.google.com/store/apps/details?id=team.opay.pay&hl=en&gl=ng
d79e4453-902b-422b-aa90-5be93fe09d42,OPay,Opay has been a safes Bank app for me & many other people! as she opened the eyes of others into a peaceful online banking app. ride on,5,2026-09-21,Google Play,Customer Review,https://play.google.com/store/apps/details?id=team.opay.pay&hl=en&gl=ng
67399cde-616d-4452-a5ee-ed995c5c796e,OPay,Had a terrible experience tonight.,4,2026-09-21,Google Play,Customer Review,https://play.google.com/store/apps/details?id=team.opay.pay&hl=en&gl=ng
9a219b3e-6045-4390-ba74-fc46359ab3e7,OPay,So good character,1,2026-09-21,Google Play,Customer Review,https://play.google.com/store/apps/details?id=team.opay.pay&hl=en&gl=ng
85c56657-f7ff-49fd-b3fb-5ddd5cce07ad,OPay,very good,5,2026-09-21,Google Play,Customer Review,https://play.google.com/store/apps/details?id=team.opay.pay&hl=en&gl=ng
622fd07f-35d2-4452-8c8d-049a57577f14,OPay,very easy and smooth,5,2026-09-21,Google Play,Customer Review,https://play.google.com/store/apps/details?id=team.opay.pay&hl=en&gl=ng
fe5fe9a2-dd03-4282-a589-17bd73077382,OPay,"For now, your performance is excellent,keep it up",5,2026-09-21,Google Play,Customer Review,https://play.google.com/store/apps/details?id=team.opay.pay&hl=en&gl=ng
4bfb41d6-ec8d-491b-a559-d30ab8cb3141,OPay,it's very easy and good 👍,5,2026-09-21,Google Play,Customer Review,https://play.google.com/store/apps/details?id=team.opay.pay&hl=en&gl=ng
2f3314f8-9ad0-4e87-b60f-ee158e2bd58d,OPay,excellent,5,2026-09-21,Google Play,Customer Review,https://play.google.com/store/apps/details?id=team.opay.pay&hl=en&gl=ng
bb44469b-f001-465b-b99a-70892b77427c,OPay,very cool and fast in transactions,5,2026-09-21,Google Play,Customer Review,https://play.google.com/store/apps/details?id=team.opay.pay&hl=en&gl=ng
054913a3-b70b-4284-9916-172ad3d407fe,OPay,I love Opay so much is the only bank am seen I opon my Opay account till now thank you but I can don't take loans,5,2026-09-21,Google Play,Customer Review,https://play.google.com/store/apps/details?id=team.opay.pay&hl=en&gl=ng
aec821d0-e71e-4820-a16a-f8bd8f0d372a,OPay,thanks god,2,2026-09-21,Google Play,Customer Review,https://play.google.com/store/apps/details?id=team.opay.pay&hl=en&gl=ng
71ec6bbf-384a-4d42-ae6b-ec77fe6679fc,OPay,seamless withdraw and accurate service,4,2026-09-21,Google Play,Customer Review,https://play.google.com/store/apps/details?id=team.opay.pay&hl=en&gl=ng
59ebc3f2-8994-4ae3-beec-78f4b9c08689,OPay,Excellent online banking app 💯,5,2026-09-21,Google Play,Customer Review,https://play.google.com/store/apps/details?id=team.opay.pay&hl=en&gl=ng
1ee2dde3-c9a8-4892-a22e-671acf4bc596,OPay,Best bank app ever,5,2026-09-21,Google Play,Customer Review,https://play.google.com/store/apps/details?id=team.opay.pay&hl=en&gl=ng
466bc307-2fea-44d7-b451-d4630b1f970e,OPay,very good app and it's easy to use,5,2026-09-21,Google Play,Customer Review,https://play.google.com/store/apps/details?id=team.opay.pay&hl=en&gl=ng
ef35c303-5a9b-4c77-8e48-0a45b272aa41,OPay,It's fast and easy,5,2026-09-21,Google Play,Customer Review,https://play.google.com/store/apps/details?id=team.opay.pay&hl=en&gl=ng
57a7cf51-84d9-4bd8-a22e-9ae890b22b2c,OPay,This is a nice backing app that is fast and reliable for transfer,3,2026-09-21,Google Play,Customer Review,https://play.google.com/store/apps/details?id=team.opay.pay&hl=en&gl=ng
04934e15-bac6-4061-91c6-dbf6d2a24761,OPay,opay is simply the best,5,2026-09-21,Google Play,Customer Review,https://play.google.com/store/apps/details?id=team.opay.pay&hl=en&gl=ng
ad932947-17c9-4877-a73c-a6e4f1efd36c,OPay,ok,5,2026-09-21,Google Play,Customer Review,https://play.google.com/store/apps/details?id=team.opay.pay&hl=en&gl=ng
d990375a-6079-4872-b648-e2b774ce2414,OPay,lovely,5,2026-09-21,Google Play,Customer Review,https://play.google.com/store/apps/details?id=team.opay.pay&hl=en&gl=ng
d199917b-f735-4952-9047-b131d5527034,OPay,"This App is one of the most fantastic online banking App.I have been using it for a several years,it makes life easier for the users.",2,2026-09-21,Google Play,Customer Review,https://play.google.com/store/apps/details?id=team.opay.pay&hl=en&gl=ng
867ab711-4678-42a3-bff3-282852469fb8,OPay,very reliable app,5,2026-09-21,Google Play,Customer Review,https://play.google.com/store/apps/details?id=team.opay.pay&hl=en&gl=ng
5d8dec1b-fe8d-426d-9b9e-964713f4f42b,OPay,Very good,5,2026-09-21,Google Play,Customer Review,https://play.google.com/store/apps/details?id=team.opay.pay&hl=en&gl=ng
7729f4ed-3556-4eff-b219-d4124f52ff14,OPay,fast and reliable,4,2026-09-21,Google Play,Customer Review,https://play.google.com/store/apps/details?id=team.opay.pay&hl=en&gl=ng
8da13bbc-d239-42b7-acb0-ce390f5cb307,OPay,I love the app. it makes life easier,5,2026-09-21,Google Play,Customer Review,https://play.google.com/store/apps/details?id=team.opay.pay&hl=en&gl=ng
4014df26-4388-4076-82da-4cbde6262948,OPay,updates,5,2026-09-21,Google Play,Customer Review,https://play.google.com/store/apps/details?id=team.opay.pay&hl=en&gl=ng
9b194521-5a29-49c1-94aa-0474436a120d,OPay,great,5,2026-09-21,Google Play,Customer Review,https://play.google.com/store/apps/details?id=team.opay.pay&hl=en&gl=ng
f7a17d06-7aac-427e-9cae-75f06e05011a,OPay,seamless,5,2026-09-21,Google Play,Customer Review,https://play.google.com/store/apps/details?id=team.opay.pay&hl=en&gl=ng
1dfcf225-aa97-4114-8517-c94f52920e53,OPay,They don't give affordable voucher again like 99 percent off 100 naira,1,2026-09-21,Google Play,Customer Review,https://play.google.com/store/apps/details?id=team.opay.pay&hl=en&gl=ng
51c86719-5222-4740-8666-04c93f68c3de,OPay,"so fast in every transaction, I really love it",5,2026-09-21,Google Play,Customer Review,https://play.google.com/store/apps/details?id=team.opay.pay&hl=en&gl=ng
f42cbc52-73ff-4cb2-8848-ca15216bd468,OPay,good,5,2026-09-21,Google Play,Customer Review,https://play.google.com/store/apps/details?id=team.opay.pay&hl=en&gl=ng
e32a7c04-84c7-493b-9b3e-b490509d8da7,OPay,excellent,5,2026-09-21,Google Play,Customer Review,https://play.google.com/store/apps/details?id=team.opay.pay&hl=en&gl=ng
7d964129-1e83-4741-ad78-51d5ba6efb45,OPay,dey refuse me loan which i don't no why and dey keep sending message to get a loan,1,2026-09-21,Google Play,Customer Review,https://play.google.com/store/apps/details?id=team.opay.pay&hl=en&gl=ng
d873fba0-fdc2-4cd2-a7b3-0d855f455f62,OPay,so reliable banking app,5,2026-09-21,Google Play,Customer Review,https://play.google.com/store/apps/details?id=team.opay.pay&hl=en&gl=ng
adec58e2-5f8f-48d5-a815-796be9a19aa1,OPay,i love this app,5,2026-09-21,Google Play,Customer Review,https://play.google.com/store/apps/details?id=team.opay.pay&hl=en&gl=ng
0abf053f-d351-4b4f-893d-ce205a27c04e,OPay,Absolutely convenient for all the right reasons.,5,2026-09-21,Google Play,Customer Review,https://play.google.com/store/apps/details?id=team.opay.pay&hl=en&gl=ng
f67721c1-c08b-400f-9a0a-eeeaa0e85a9c,OPay,"Is it that after a while, you can't download the app again? why isn't it downloading, is there something I should do to help me download this app? I want to download the opay app so I can use it for my personal transactions but it's not downloading, is there something I should know that I don't know? after so many good reviews, I also want to use this app. please help.",5,2026-09-21,Google Play,Customer Review,https://play.google.com/store/apps/details?id=team.opay.pay&hl=en&gl=ng
834d3a5e-5498-494b-ac96-3bc7bdb661cc,OPay,very good banking app,5,2026-09-21,Google Play,Customer Review,https://play.google.com/store/apps/details?id=team.opay.pay&hl=en&gl=ng
fdb8935b-9db0-4995-bb43-ce1b4b93c399,OPay,Nice and easy to connect,5,2026-09-21,Google Play,Customer Review,https://play.google.com/store/apps/details?id=team.opay.pay&hl=en&gl=ng
4c27a21e-4b1e-4e0a-848f-44a3857afe03,OPay,Opay is good but can you help tell me how to remove my safe box from spend and save I want to separate them I don't want to merge them together.,1,2026-09-21,Google Play,Customer Review,https://play.google.com/store/apps/details?id=team.opay.pay&hl=en&gl=ng
f3d1655e-4850-420f-b543-c3237b032446,OPay,good app,3,2026-09-21,Google Play,Customer Review,https://play.google.com/store/apps/details?id=team.opay.pay&hl=en&gl=ng
b4c83aeb-94ba-4218-863d-fe342feb9db5,OPay,Okay is the best. I also receive money to my opay account from United States Germany all over the world but please improve your loan amount OK,2,2026-09-21,Google Play,Customer Review,https://play.google.com/store/apps/details?id=team.opay.pay&hl=en&gl=ng
459023a4-52c3-4465-9dc4-14b4c3e833ae,OPay,opay banking is my favorite...for transaction no delay always faster i love it and like it,5,2026-09-21,Google Play,Customer Review,https://play.google.com/store/apps/details?id=team.opay.pay&hl=en&gl=ng
aa419906-2324-465f-984f-48f98dcdf9a3,OPay,Opay is the best,5,2026-09-21,Google Play,Customer Review,https://play.google.com/store/apps/details?id=team.opay.pay&hl=en&gl=ng
0c5808f1-1c30-4a5e-b531-6b4ae678ef91,OPay,Very good,5,2026-09-21,Google Play,Customer Review,https://play.google.com/store/apps/details?id=team.opay.pay&hl=en&gl=ng
4d90b81f-3464-46a7-a7fa-d9989a5206f0,OPay,excellent,5,2026-09-21,Google Play,Customer Review,https://play.google.com/store/apps/details?id=team.opay.pay&hl=en&gl=ng
aa0f9c8d-b510-4d1b-8d64-4f62a3e293e2,OPay,just to good for any transaction but pray network don't hold you,5,2026-09-21,Google Play,Customer Review,https://play.google.com/store/apps/details?id=team.opay.pay&hl=en&gl=ng
644d249c-6821-41c4-8231-c5954924c81e,OPay,I love the app.,5,2026-09-21,Google Play,Customer Review,https://play.google.com/store/apps/details?id=team.opay.pay&hl=en&gl=ng
21c9d6e1-127e-4549-8834-d54635260b99,OPay,It has remarks where you can add what you paid for while the other opay app have not.,5,2026-09-21,Google Play,Customer Review,https://play.google.com/store/apps/details?id=team.opay.pay&hl=en&gl=ng
6b952d66-0ec7-4205-850b-367300d69743,OPay,very good,5,2026-09-21,Google Play,Customer Review,https://play.google.com/store/apps/details?id=team.opay.pay&hl=en&gl=ng
e469f883-a0bc-4b0b-8ecd-084334ded4ae,OPay,exceptional this app is 2nd to non,5,2026-09-21,Google Play,Customer Review,https://play.google.com/store/apps/details?id=team.opay.pay&hl=en&gl=ng
ba9d6fec-493d-4ff3-a4d1-8d704fe0ed3d,OPay,great good,5,2026-09-21,Google Play,Customer Review,https://play.google.com/store/apps/details?id=team.opay.pay&hl=en&gl=ng
65db87e1-d1ee-4ecb-80a0-b24b0f9d8147,OPay,quick transfer no delay 👍👍👍👍,5,2026-09-21,Google Play,Customer Review,https://play.google.com/store/apps/details?id=team.opay.pay&hl=en&gl=ng
154e6343-ec95-4182-a895-29dc5c7057e5,OPay,Opay is okay 👍🏿,5,2026-09-21,Google Play,Customer Review,https://play.google.com/store/apps/details?id=team.opay.pay&hl=en&gl=ng
f3159d6a-695b-4240-936f-b60b8bd78fea,OPay,very good,5,2026-09-21,Google Play,Customer Review,https://play.google.com/store/apps/details?id=team.opay.pay&hl=en&gl=ng
520562bf-ad32-4a82-98f5-57b733c3f7d8,OPay,best microfinance bank,5,2026-09-21,Google Play,Customer Review,https://play.google.com/store/apps/details?id=team.opay.pay&hl=en&gl=ng
30919b41-4da3-4911-a8b9-82b8004240f4,OPay,"opay is the best, rated 10/10 from me",5,2026-09-21,Google Play,Customer Review,https://play.google.com/store/apps/details?id=team.opay.pay&hl=en&gl=ng
a567d9a8-c38d-42bb-8e52-cda81b48b414,OPay,splendid,5,2026-09-21,Google Play,Customer Review,https://play.google.com/store/apps/details?id=team.opay.pay&hl=en&gl=ng
0d5f8d4a-f57a-4edd-935c-6bc152eaff9d,OPay,very efficient and easy to use,5,2026-09-21,Google Play,Customer Review,https://play.google.com/store/apps/details?id=team.opay.pay&hl=en&gl=ng
02b4b15a-3403-4de3-b5ee-44986acdfc0d,OPay,opay is good,4,2026-09-21,Google Play,Customer Review,https://play.google.com/store/apps/details?id=team.opay.pay&hl=en&gl=ng
c8960b05-25a1-4015-99d1-6f5d91962074,OPay,the best so far,5,2026-09-21,Google Play,Customer Review,https://play.google.com/store/apps/details?id=team.opay.pay&hl=en&gl=ng
1daa190f-9e79-457b-a231-2fad7d7e9eae,OPay,"Opay is definitely the best, it makes transactions fast and easy.",5,2026-09-21,Google Play,Customer Review,https://play.google.com/store/apps/details?id=team.opay.pay&hl=en&gl=ng
fef9b393-b638-4a05-80a3-0a098600a341,OPay,great service,4,2026-09-21,Google Play,Customer Review,https://play.google.com/store/apps/details?id=team.opay.pay&hl=en&gl=ng
61d4f03c-9df3-441a-b03c-653af808d530,OPay,The next work was not good enough,5,2026-09-21,Google Play,Customer Review,https://play.google.com/store/apps/details?id=team.opay.pay&hl=en&gl=ng
1173d70d-46ed-4e73-ae88-eaa110b7fbf8,OPay,good,5,2026-09-21,Google Play,Customer Review,https://play.google.com/store/apps/details?id=team.opay.pay&hl=en&gl=ng
746e14ac-6604-48fe-a85a-ee67b2d7faa4,OPay,"This app is great but i have a problem with the customer service, Payments were made with my debit card through play store, I already complained to the customer service but they keep telling me what i already know and take long to reply......",2,2026-09-21,Google Play,Customer Review,https://play.google.com/store/apps/details?id=team.opay.pay&hl=en&gl=ng
5bf34272-d11b-41f4-a6fe-6e07c27c69c2,OPay,Nice App,5,2026-09-21,Google Play,Customer Review,https://play.google.com/store/apps/details?id=team.opay.pay&hl=en&gl=ng
82ad970b-7cbe-4899-bd1e-5ff876548131,OPay,I experience something good from it,5,2026-09-21,Google Play,Customer Review,https://play.google.com/store/apps/details?id=team.opay.pay&hl=en&gl=ng
7e6bd288-0769-4309-a247-cfcb161f5834,OPay,Easy and faster for daily transactions,5,2026-09-21,Google Play,Customer Review,https://play.google.com/store/apps/details?id=team.opay.pay&hl=en&gl=ng
a10acf83-2bbb-454d-ae5b-5dda5524f631,OPay,very good. I love Opay,5,2026-09-21,Google Play,Customer Review,https://play.google.com/store/apps/details?id=team.opay.pay&hl=en&gl=ng
440c24c1-e0ab-4393-9363-a7111bfe2a93,OPay,Fantastic,4,2026-09-21,Google Play,Customer Review,https://play.google.com/store/apps/details?id=team.opay.pay&hl=en&gl=ng
bb8762ca-2bfe-4086-b97e-bde2d480d6dc,OPay,great work,5,2026-09-21,Google Play,Customer Review,https://play.google.com/store/apps/details?id=team.opay.pay&hl=en&gl=ng
1fb976ee-ceb0-4976-8882-62d061fef1d0,OPay,it's fantastic,5,2026-09-21,Google Play,Customer Review,https://play.google.com/store/apps/details?id=team.opay.pay&hl=en&gl=ng
8ba66e2e-c282-4b7b-99e8-85a2e05967e9,OPay,okay is very active and also nice,5,2026-09-21,Google Play,Customer Review,https://play.google.com/store/apps/details?id=team.opay.pay&hl=en&gl=ng
9b3a6547-98ae-488b-9aee-605a6af13a4f,OPay,"i ve had to dump my bank accounts because of of opay, very quick and easy to operate thanks OPAY",5,2026-09-21,Google Play,Customer Review,https://play.google.com/store/apps/details?id=team.opay.pay&hl=en&gl=ng
319f34f7-84ec-4700-824d-190caf41c2f2,OPay,fast and trusted,5,2026-09-21,Google Play,Customer Review,https://play.google.com/store/apps/details?id=team.opay.pay&hl=en&gl=ng
24255bc7-4cbb-4e2e-98ee-127049077a24,OPay,ok aliyuuba aim really love you because for you are appreciated more people for there on opinion.,4,2026-09-21,Google Play,Customer Review,https://play.google.com/store/apps/details?id=team.opay.pay&hl=en&gl=ng
ba3cd9e5-7ce4-4662-bfe0-03260c9adaca,OPay,Opay is actually the best banking app,5,2026-09-21,Google Play,Customer Review,https://play.google.com/store/apps/details?id=team.opay.pay&hl=en&gl=ng
b8a7da0d-01bc-4756-8392-a842730fb4fb,OPay,fast Nd smooth,5,2026-09-21,Google Play,Customer Review,https://play.google.com/store/apps/details?id=team.opay.pay&hl=en&gl=ng
6cdfd703-c652-4e0f-b79f-420aae12f6df,OPay,"i love this app, they are doing good job with great security intent",5,2026-09-21,Google Play,Customer Review,https://play.google.com/store/apps/details?id=team.opay.pay&hl=en&gl=ng
2c96e3a9-8ab4-47cc-9ddf-a19e237dd00c,OPay,"Opay please I have one thing to suggest; one can view records of previous transactions when made from Opay to Opay, but can't view records when the transactions are from Opay to non Opay accounts. Please make it possible for one to search a name in his/her transaction history and view records of every transactions ever made with that account. Thank you.",4,2026-09-21,Google Play,Customer Review,https://play.google.com/store/apps/details?id=team.opay.pay&hl=en&gl=ng
96662f3a-c895-4d77-a9a5-92102546088e,OPay,I am currently down loading the app but to no avail,1,2026-09-21,Google Play,Customer Review,https://play.google.com/store/apps/details?id=team.opay.pay&hl=en&gl=ng
209723d0-36ed-41b0-a36d-af9f3800207e,OPay,good,4,2026-09-21,Google Play,Customer Review,https://play.google.com/store/apps/details?id=team.opay.pay&hl=en&gl=ng
4b087e78-0704-4679-be53-61ab2cc994fa,OPay,good app,5,2026-09-21,Google Play,Customer Review,https://play.google.com/store/apps/details?id=team.opay.pay&hl=en&gl=ng
29d33a57-26f8-4667-a518-5630b1499817,OPay,super,5,2026-09-21,Google Play,Customer Review,https://play.google.com/store/apps/details?id=team.opay.pay&hl=en&gl=ng
f5f14a7a-1cf7-44de-9382-761f876bcb4e,OPay,the best bank app ever used,5,2026-09-21,Google Play,Customer Review,https://play.google.com/store/apps/details?id=team.opay.pay&hl=en&gl=ng
a5328c91-2170-4c63-8beb-49c4f29888b1,OPay,Opay is a great online bank for fast transactions with little or no deductions unlike most of the so called big traditional banks.,5,2026-09-21,Google Play,Customer Review,https://play.google.com/store/apps/details?id=team.opay.pay&hl=en&gl=ng
d2e11639-37c0-4cb8-9024-bde861d6b96f,OPay,is not available on my play store,5,2026-09-21,Google Play,Customer Review,https://play.google.com/store/apps/details?id=team.opay.pay&hl=en&gl=ng
e27a078a-60ce-45b9-956e-184c7822cafa,OPay,it's been exceptional,5,2026-09-21,Google Play,Customer Review,https://play.google.com/store/apps/details?id=team.opay.pay&hl=en&gl=ng
29f12e1e-1fc6-4ff7-9df0-408746078c1d,OPay,I can't access my spend and save even after updating the app. it just locked my money there,1,2026-09-21,Google Play,Customer Review,https://play.google.com/store/apps/details?id=team.opay.pay&hl=en&gl=ng
6d13e0f9-5155-4fac-a443-9bdd84b7c446,OPay,allow my dvice to downlod the opay app why my dvice is not comfetable to downlod the opay app,5,2026-09-21,Google Play,Customer Review,https://play.google.com/store/apps/details?id=team.opay.pay&hl=en&gl=ng
b3c739aa-11b7-4a73-bb42-44702b3115cc,OPay,the is very smooth and fast for banking during endless😊 online transaction,5,2026-09-21,Google Play,Customer Review,https://play.google.com/store/apps/details?id=team.opay.pay&hl=en&gl=ng
c74f7693-b1dc-40a4-b9f5-0b9e6b155cf8,OPay,My favourite banking app. But it is no longer compatible with my device 🥺,5,2026-09-21,Google Play,Customer Review,https://play.google.com/store/apps/details?id=team.opay.pay&hl=en&gl=ng
b6a5af01-7e8f-48e3-b504-4dfab0182ec2,OPay,Fast and reliable,5,2026-09-21,Google Play,Customer Review,https://play.google.com/store/apps/details?id=team.opay.pay&hl=en&gl=ng
f78e37a8-ab2c-412e-a035-84f1f810b230,OPay,nice and easy,5,2026-09-21,Google Play,Customer Review,https://play.google.com/store/apps/details?id=team.opay.pay&hl=en&gl=ng
1da593d1-2985-42cb-8090-1b1c68f4b5ce,OPay,Excellent service.,5,2026-09-21,Google Play,Customer Review,https://play.google.com/store/apps/details?id=team.opay.pay&hl=en&gl=ng
7e58eb62-e0d8-4d7c-89a3-817b5afaff3f,OPay,it's a very good bank to use in Nigeria,5,2026-09-21,Google Play,Customer Review,https://play.google.com/store/apps/details?id=team.opay.pay&hl=en&gl=ng
4562d9fe-4135-4946-9ead-150019a9a515,OPay,fast and reliable,5,2026-09-21,Google Play,Customer Review,https://play.google.com/store/apps/details?id=team.opay.pay&hl=en&gl=ng
ba6e5316-42f1-4f59-be23-6a99236b7951,OPay,amazing bank,5,2026-09-21,Google Play,Customer Review,https://play.google.com/store/apps/details?id=team.opay.pay&hl=en&gl=ng
6302463a-be8a-4d1c-bb59-c850f054f3ec,OPay,It a nice app,3,2026-09-21,Google Play,Customer Review,https://play.google.com/store/apps/details?id=team.opay.pay&hl=en&gl=ng
ddb0bc1b-3ef8-4ad2-b061-4a542484b13e,OPay,good and trusted,5,2026-09-21,Google Play,Customer Review,https://play.google.com/store/apps/details?id=team.opay.pay&hl=en&gl=ng
c6a2a9e5-4789-4bdb-82a0-b1a5cfce50a4,OPay,fast and reliable,5,2026-09-21,Google Play,Customer Review,https://play.google.com/store/apps/details?id=team.opay.pay&hl=en&gl=ng
1ff13ca6-89fb-4987-acd9-020b6c732616,OPay,opay is the best bank ever,5,2026-09-21,Google Play,Customer Review,https://play.google.com/store/apps/details?id=team.opay.pay&hl=en&gl=ng
a6c00ec3-691d-4715-9d45-4feac71ac753,OPay,"please enable recurring transfers to private individuals account, it's very much important",4,2026-09-21,Google Play,Customer Review,https://play.google.com/store/apps/details?id=team.opay.pay&hl=en&gl=ng
15ecb432-b242-44ce-bbb6-e9864323e8ee,OPay,very fast and reliable,5,2026-09-21,Google Play,Customer Review,https://play.google.com/store/apps/details?id=team.opay.pay&hl=en&gl=ng
547f29b2-0e23-4dc7-bf3f-b4d4f40caf27,OPay,the app is frustrating me someone sent me a using worldremit and up till now ive not seen that money i tried reaching out to customer services and i wanted to send them pictures but opay wouldn't let me it keeps saying Google play service something went wrong,1,2026-09-21,Google Play,Customer Review,https://play.google.com/store/apps/details?id=team.opay.pay&hl=en&gl=ng
494cdb25-f7b3-4e20-8428-b3cb8bcb24ee,OPay,Excellent,5,2026-09-21,Google Play,Customer Review,https://play.google.com/store/apps/details?id=team.opay.pay&hl=en&gl=ng
c966983b-fb07-46bc-abd8-2c0cef8c7d9b,OPay,too good,5,2026-09-21,Google Play,Customer Review,https://play.google.com/store/apps/details?id=team.opay.pay&hl=en&gl=ng
ed5f5ee4-361b-43c7-930f-8e1b0ad2255c,OPay,Nice,5,2026-09-21,Google Play,Customer Review,https://play.google.com/store/apps/details?id=team.opay.pay&hl=en&gl=ng
d7f39363-841b-4031-99f4-3a66f3728a42,OPay,yes Opay is very okay for internet banking fast safe and secure,5,2026-09-21,Google Play,Customer Review,https://play.google.com/store/apps/details?id=team.opay.pay&hl=en&gl=ng
9e8d5fb4-010e-42c5-b57e-a3e3838820e6,OPay,opay has become more than a rival to other local banks out there and their speed is second to none also i think this opinion is probably very unimportant but it will be nice for you guys to update and tweak the apps UI designs and fonts just my opinion,5,2026-09-21,Google Play,Customer Review,https://play.google.com/store/apps/details?id=team.opay.pay&hl=en&gl=ng
90e668f1-0c85-43d1-9670-51cbdc878b78,OPay,Opay has been my best paying App since I got back from South Africa.,5,2026-09-21,Google Play,Customer Review,https://play.google.com/store/apps/details?id=team.opay.pay&hl=en&gl=ng
58780fb1-c4fc-45d5-bd8b-0333ec8d058d,OPay,I have used OPay for a while and I started to like it but recently I transferred money from a bank account to my OPay just to find it stuck in owealth / wallet... I could not use it!,1,2026-09-21,Google Play,Customer Review,https://play.google.com/store/apps/details?id=team.opay.pay&hl=en&gl=ng
f58e8f78-f9a6-4c24-9b32-077436360a57,OPay,thank,5,2026-09-21,Google Play,Customer Review,https://play.google.com/store/apps/details?id=team.opay.pay&hl=en&gl=ng
e38d74c2-913d-43fd-9715-720e0abccf24,OPay,it just stopped. I don't understand.opay please do something,2,2026-09-21,Google Play,Customer Review,https://play.google.com/store/apps/details?id=team.opay.pay&hl=en&gl=ng
d19bfc9a-02e4-465b-af44-1f31785cf429,OPay,Good,5,2026-09-21,Google Play,Customer Review,https://play.google.com/store/apps/details?id=team.opay.pay&hl=en&gl=ng
b448103b-8601-40ac-b9ab-6a1ff5f2fdbc,OPay,nice app,5,2026-09-21,Google Play,Customer Review,https://play.google.com/store/apps/details?id=team.opay.pay&hl=en&gl=ng
363becb5-e34a-4fe9-9d12-7f1ead600bee,OPay,very easy to use,5,2026-09-21,Google Play,Customer Review,https://play.google.com/store/apps/details?id=team.opay.pay&hl=en&gl=ng
f39c6c0a-e9e9-4927-af09-0e952261d05d,OPay,Good,5,2026-09-20,Google Play,Customer Review,https://play.google.com/store/apps/details?id=team.opay.pay&hl=en&gl=ng
729f6f26-3259-40ed-bc5e-9a7a336f74f8,OPay,This app is very good,5,2026-09-20,Google Play,Customer Review,https://play.google.com/store/apps/details?id=team.opay.pay&hl=en&gl=ng
ff6d9f9f-ad03-4fbc-be78-3dda64bd8872,OPay,is an experienced app,1,2026-09-20,Google Play,Customer Review,https://play.google.com/store/apps/details?id=team.opay.pay&hl=en&gl=ng
03f77387-6c8c-461e-aa5e-a97cee4c261f,OPay,Stress-free transaction,5,2026-09-20,Google Play,Customer Review,https://play.google.com/store/apps/details?id=team.opay.pay&hl=en&gl=ng
1e4cab69-107a-47e5-9065-2d083859e8fc,OPay,Good,5,2026-09-20,Google Play,Customer Review,https://play.google.com/store/apps/details?id=team.opay.pay&hl=en&gl=ng
d67cf8a5-91e1-4393-8396-4a3d19e4c28d,OPay,Your bonus opay,5,2026-09-20,Google Play,Customer Review,https://play.google.com/store/apps/details?id=team.opay.pay&hl=en&gl=ng
86f90918-bc19-40a2-bf90-f84b74646005,OPay,good,5,2026-09-20,Google Play,Customer Review,https://play.google.com/store/apps/details?id=team.opay.pay&hl=en&gl=ng
fcec6883-c9af-4b7d-89a6-2e52be9ea20d,OPay,"simply the best money app so far but I still have a bit of a problem with you and that's in the area of the fact that my account holds a tier 3 level which means my transactions both outbound and inbound would be unlimited but I was sad to notice that I can't even receive up to 3 million naira in my account and I can't even send out the equivalent and each time I've managed to speak with your customer care agents, the results have always been very very poor with lesser solution in view",4,2026-09-20,Google Play,Customer Review,https://play.google.com/store/apps/details?id=team.opay.pay&hl=en&gl=ng
6d79ce34-bead-4563-8090-e638f6f6b1d0,OPay,fast and reliable,5,2026-09-20,Google Play,Customer Review,https://play.google.com/store/apps/details?id=team.opay.pay&hl=en&gl=ng
e79421b0-cd66-41ba-b19b-453f18a14cfa,OPay,wonderful,5,2026-09-20,Google Play,Customer Review,https://play.google.com/store/apps/details?id=team.opay.pay&hl=en&gl=ng
534a50e8-7738-4d0d-ab09-34dc5fe9de8e,OPay,best online banking,5,2026-09-20,Google Play,Customer Review,https://play.google.com/store/apps/details?id=team.opay.pay&hl=en&gl=ng
16eb4e67-a5fb-4581-8357-ce9aec234092,OPay,best,5,2026-09-20,Google Play,Customer Review,https://play.google.com/store/apps/details?id=team.opay.pay&hl=en&gl=ng
4d99f241-5b64-4afe-b458-d0c79e8d40aa,OPay,very good friend,5,2026-09-20,Google Play,Customer Review,https://play.google.com/store/apps/details?id=team.opay.pay&hl=en&gl=ng
2f5a6a4e-f7ca-418e-97f0-fd8b6b356865,OPay,Best of the best so far. I kiss my commercial banks goodbye because of opay since 2024 they haven't let me down till now.,5,2026-09-20,Google Play,Customer Review,https://play.google.com/store/apps/details?id=team.opay.pay&hl=en&gl=ng
8a2daf87-c7fd-472d-abd0-7a204006a579,OPay,opay is one of my favorite bank that I love to use very fast and reliable no bank like opay,5,2026-09-20,Google Play,Customer Review,https://play.google.com/store/apps/details?id=team.opay.pay&hl=en&gl=ng
de691c07-f39b-4182-ba81-24182bb35a7a,OPay,great,5,2026-09-20,Google Play,Customer Review,https://play.google.com/store/apps/details?id=team.opay.pay&hl=en&gl=ng
8f9961a3-c28e-4360-8b59-1a68cc152dbd,OPay,Nice app,5,2026-09-20,Google Play,Customer Review,https://play.google.com/store/apps/details?id=team.opay.pay&hl=en&gl=ng
aef43032-b9e4-4960-b9bd-0df222ffa1eb,OPay,fabulous app,5,2026-09-20,Google Play,Customer Review,https://play.google.com/store/apps/details?id=team.opay.pay&hl=en&gl=ng
659176e7-2a29-4123-bb6a-7a8ca284cf34,OPay,great,5,2026-09-20,Google Play,Customer Review,https://play.google.com/store/apps/details?id=team.opay.pay&hl=en&gl=ng
660d7c48-06ca-4c77-a911-d1437a6a58ab,OPay,I love you too opay,4,2026-09-20,Google Play,Customer Review,https://play.google.com/store/apps/details?id=team.opay.pay&hl=en&gl=ng
435fea90-1318-49bc-9342-aaa9a79d40f3,OPay,the transaction was swift,5,2026-09-20,Google Play,Customer Review,https://play.google.com/store/apps/details?id=team.opay.pay&hl=en&gl=ng
38984e04-4ad5-440f-bd5d-939aeb6b6a5b,OPay,exceptional service,5,2026-09-20,Google Play,Customer Review,https://play.google.com/store/apps/details?id=team.opay.pay&hl=en&gl=ng
72d1a79c-6f79-420d-ae9e-b42856efc2e6,OPay,the most annoying thing is that how can you just abandon my whole entire review about this app and you guys refuse to do anything about it why open is trash talking this app until you guys answer me and make me be able to update it😠😡😡 because I've been trying to do everything they said I should do I've tried everything and it will not still working opay is trash and repeat opay is trash,1,2026-09-20,Google Play,Customer Review,https://play.google.com/store/apps/details?id=team.opay.pay&hl=en&gl=ng
7f73f4b2-8b58-4aa8-acda-d92f29638845,OPay,safe and trusted,5,2026-09-20,Google Play,Customer Review,https://play.google.com/store/apps/details?id=team.opay.pay&hl=en&gl=ng
a5e07fba-b6e9-41f5-ae77-80e6dc118d03,OPay,I never regret of using opay,5,2026-09-20,Google Play,Customer Review,https://play.google.com/store/apps/details?id=team.opay.pay&hl=en&gl=ng
1431ad68-fc95-4ceb-a260-f7bd1a30a531,OPay,good for transactions and banking,5,2026-09-20,Google Play,Customer Review,https://play.google.com/store/apps/details?id=team.opay.pay&hl=en&gl=ng
d751a416-d939-40d3-af8a-33933bfecbca,OPay,This App is the best among all others,5,2026-09-20,Google Play,Customer Review,https://play.google.com/store/apps/details?id=team.opay.pay&hl=en&gl=ng
3897b472-c97e-42b1-bbf2-edbdfc3afce9,OPay,wonderful,5,2026-09-20,Google Play,Customer Review,https://play.google.com/store/apps/details?id=team.opay.pay&hl=en&gl=ng
4e7f0008-9e66-4e1e-8535-327b42b2be94,OPay,good,5,2026-09-20,Google Play,Customer Review,https://play.google.com/store/apps/details?id=team.opay.pay&hl=en&gl=ng
798024b4-d523-45a7-93a6-7d8e662431e9,OPay,absolutely perfect,4,2026-09-20,Google Play,Customer Review,https://play.google.com/store/apps/details?id=team.opay.pay&hl=en&gl=ng
68f706b0-450e-4860-80d0-5c99b5123d31,OPay,opay has been the best so far,5,2026-09-20,Google Play,Customer Review,https://play.google.com/store/apps/details?id=team.opay.pay&hl=en&gl=ng
b0cb7105-6852-4b9f-839d-d7b5ff83fb6a,OPay,excellent,5,2026-09-20,Google Play,Customer Review,https://play.google.com/store/apps/details?id=team.opay.pay&hl=en&gl=ng
ea56e4e3-6202-45c4-b3dc-3b482d5f7f83,OPay,very good and reliable,5,2026-09-20,Google Play,Customer Review,https://play.google.com/store/apps/details?id=team.opay.pay&hl=en&gl=ng
14e04948-a6bb-422b-a6a7-8915a221319d,OPay,great,5,2026-09-20,Google Play,Customer Review,https://play.google.com/store/apps/details?id=team.opay.pay&hl=en&gl=ng
4f336752-d27a-4e88-927a-5a143bb85913,OPay,better to you than all,5,2026-09-20,Google Play,Customer Review,https://play.google.com/store/apps/details?id=team.opay.pay&hl=en&gl=ng
9c7dea91-ed1a-4778-ab6a-4ad35a5e6f32,OPay,very smooth process,5,2026-09-20,Google Play,Customer Review,https://play.google.com/store/apps/details?id=team.opay.pay&hl=en&gl=ng
84184b56-ad6f-4332-94fc-a181ccb1ee2a,OPay,"This app is fast, smooth , and easy to use , the best banking app I've seen so far, keep up the good work.",5,2026-09-20,Google Play,Customer Review,https://play.google.com/store/apps/details?id=team.opay.pay&hl=en&gl=ng
7ae86762-885d-4f5a-9fff-e30aab90300f,OPay,I love the app,5,2026-09-20,Google Play,Customer Review,https://play.google.com/store/apps/details?id=team.opay.pay&hl=en&gl=ng
c0dc06e1-157a-4518-96f5-b0f2002850bf,OPay,Opay is the best payment platform.,5,2026-09-20,Google Play,Customer Review,https://play.google.com/store/apps/details?id=team.opay.pay&hl=en&gl=ng
c4e60e0e-8e6a-44d3-a827-af902c37aedc,OPay,I have installed OPay for long now and I haven't earned any reward for watching short dramas,2,2026-09-20,Google Play,Customer Review,https://play.google.com/store/apps/details?id=team.opay.pay&hl=en&gl=ng
bfaebd79-37e5-41da-94a0-e53df8343951,OPay,Enjoying fast transactions ever,5,2026-09-20,Google Play,Customer Review,https://play.google.com/store/apps/details?id=team.opay.pay&hl=en&gl=ng
51d0cda4-e77d-4791-9be3-30b8c85dc3ad,OPay,fantastic 👍,5,2026-09-20,Google Play,Customer Review,https://play.google.com/store/apps/details?id=team.opay.pay&hl=en&gl=ng
a6342154-5328-4731-abe5-b54360190542,OPay,"good, better 😊 excellent 👌 and beautiful",5,2026-09-20,Google Play,Customer Review,https://play.google.com/store/apps/details?id=team.opay.pay&hl=en&gl=ng
bc0199ac-a8c2-40f8-b353-888169590794,OPay,very interesting despite network disappointment sometimes,5,2026-09-20,Google Play,Customer Review,https://play.google.com/store/apps/details?id=team.opay.pay&hl=en&gl=ng
e50d4fff-45d1-4f17-939b-de298bc29eb4,OPay,it's nice,5,2026-09-20,Google Play,Customer Review,https://play.google.com/store/apps/details?id=team.opay.pay&hl=en&gl=ng
3f7cbf69-e119-492e-aba5-71befc6372e9,OPay,Fast and reliable 👏👏,5,2026-09-20,Google Play,Customer Review,https://play.google.com/store/apps/details?id=team.opay.pay&hl=en&gl=ng
5b463563-b104-4819-98ab-8d58743676da,OPay,easy to relate with and use,5,2026-09-20,Google Play,Customer Review,https://play.google.com/store/apps/details?id=team.opay.pay&hl=en&gl=ng
af6860d9-4284-463a-ba29-d00ca007fc88,OPay,Am enjoying you people's service very fast and easy to use keep on the good work thanks 😊 👍,4,2026-09-20,Google Play,Customer Review,https://play.google.com/store/apps/details?id=team.opay.pay&hl=en&gl=ng
f79413a3-daa4-4b92-a1af-f306c9ff2d12,OPay,the best bank app,5,2026-09-20,Google Play,Customer Review,https://play.google.com/store/apps/details?id=team.opay.pay&hl=en&gl=ng
2948b314-878b-40ea-8fdc-69203f7a4b87,OPay,so easy for customer to access ♿,5,2026-09-20,Google Play,Customer Review,https://play.google.com/store/apps/details?id=team.opay.pay&hl=en&gl=ng
f6e35cd1-db67-4726-9eb6-2ed0bd420f23,OPay,I lose my sim and put email into my account now I wanted to long in is not showing me gmail,1,2026-09-20,Google Play,Customer Review,https://play.google.com/store/apps/details?id=team.opay.pay&hl=en&gl=ng
6d46bd6e-ac3e-4468-a833-f64c1c7c1626,OPay,sometimes they don't refund money back,3,2026-09-20,Google Play,Customer Review,https://play.google.com/store/apps/details?id=team.opay.pay&hl=en&gl=ng
e834ae94-ef57-4c6d-8911-134da4bfa1cb,OPay,seamless transactions for your everyday payments,5,2026-09-20,Google Play,Customer Review,https://play.google.com/store/apps/details?id=team.opay.pay&hl=en&gl=ng
e5f0d1ca-a360-4980-89d5-d078396cb8f3,OPay,EXCELLENT,5,2026-09-20,Google Play,Customer Review,https://play.google.com/store/apps/details?id=team.opay.pay&hl=en&gl=ng
969d81e5-60c3-418b-8baa-055096179b72,OPay,nice app,5,2026-09-20,Google Play,Customer Review,https://play.google.com/store/apps/details?id=team.opay.pay&hl=en&gl=ng
7127bfcb-36d1-4cb1-ab9c-72f716d0ae9d,OPay,"Thank you for your integrity, thank you for your excellent customer services and thank you for keeping your promises.",5,2026-09-20,Google Play,Customer Review,https://play.google.com/store/apps/details?id=team.opay.pay&hl=en&gl=ng
faccca89-f821-4fd5-9fb8-8a5ce8c59536,OPay,Life made easy 😊😊😊,5,2026-09-20,Google Play,Customer Review,https://play.google.com/store/apps/details?id=team.opay.pay&hl=en&gl=ng
6b11a504-7749-48be-ae1a-7b71ca6d7d63,OPay,very smart,5,2026-09-20,Google Play,Customer Review,https://play.google.com/store/apps/details?id=team.opay.pay&hl=en&gl=ng
1e13ac4d-6122-4702-a591-7754ccc49fdf,OPay,❤️❤️❤️,5,2026-09-20,Google Play,Customer Review,https://play.google.com/store/apps/details?id=team.opay.pay&hl=en&gl=ng
958de532-c263-4b8a-b235-09308fc1e413,OPay,"opay is the best of all bank, but am only having one issue my transaction alert it doesn't function often",4,2026-09-20,Google Play,Customer Review,https://play.google.com/store/apps/details?id=team.opay.pay&hl=en&gl=ng
57180acf-8242-404c-b92b-9cf0d2496e56,OPay,reliable,5,2026-09-20,Google Play,Customer Review,https://play.google.com/store/apps/details?id=team.opay.pay&hl=en&gl=ng
9bb1bfd7-dbad-4437-8f40-31d477eb373d,OPay,indeed beyond baking 😘🎉 opay is very nice app,5,2026-09-20,Google Play,Customer Review,https://play.google.com/store/apps/details?id=team.opay.pay&hl=en&gl=ng
5e91af41-6a14-4924-9791-3d33213cece2,OPay,Best,5,2026-09-20,Google Play,Customer Review,https://play.google.com/store/apps/details?id=team.opay.pay&hl=en&gl=ng
1ff08646-5660-43c4-8edd-9a6f260cff60,OPay,good,5,2026-09-20,Google Play,Customer Review,https://play.google.com/store/apps/details?id=team.opay.pay&hl=en&gl=ng
353d686a-6e44-4663-9f68-3ec125e5a941,OPay,the app Is really good to use and when make transfer it fast and not some other banks that say pending,5,2026-09-20,Google Play,Customer Review,https://play.google.com/store/apps/details?id=team.opay.pay&hl=en&gl=ng
40e43d2b-90f6-470e-a827-7d157a5cdb1a,OPay,"opay is the best and easiest online banking app in Nigeria,so amazing 😍😍",5,2026-09-20,Google Play,Customer Review,https://play.google.com/store/apps/details?id=team.opay.pay&hl=en&gl=ng
49cbad89-8447-408d-8dc2-44958b58a80f,OPay,fast and reliable,5,2026-09-20,Google Play,Customer Review,https://play.google.com/store/apps/details?id=team.opay.pay&hl=en&gl=ng
c831ad81-8919-4789-a120-a2651c72ed55,OPay,"When buying airtime lately, my beneficiary list doesn't show most of the time. I have to type the nunber again manually. Fix this and I'll increase my review.",1,2026-09-20,Google Play,Customer Review,https://play.google.com/store/apps/details?id=team.opay.pay&hl=en&gl=ng
5f999a10-c012-4316-8309-a4b6bb78f8f9,OPay,Easy to use,5,2026-09-20,Google Play,Customer Review,https://play.google.com/store/apps/details?id=team.opay.pay&hl=en&gl=ng
798f09df-ae75-4daa-8478-9f76d956eeb7,OPay,it has been an awesome experience since day 1 I started using Fintech bank like opay,5,2026-09-20,Google Play,Customer Review,https://play.google.com/store/apps/details?id=team.opay.pay&hl=en&gl=ng
cdbcfe4b-765b-4bfe-ba1b-458171a7b0ec,OPay,fast and reliable,4,2026-09-20,Google Play,Customer Review,https://play.google.com/store/apps/details?id=team.opay.pay&hl=en&gl=ng
36722fb7-648f-409a-b8d5-a9884e5a38c5,OPay,Betting,5,2026-09-20,Google Play,Customer Review,https://play.google.com/store/apps/details?id=team.opay.pay&hl=en&gl=ng
9fbdc7d4-22ea-4465-9fa4-de03c2b798b8,OPay,do you guys always need face id for every transaction i don't like it,1,2026-09-20,Google Play,Customer Review,https://play.google.com/store/apps/details?id=team.opay.pay&hl=en&gl=ng
5f346995-e55e-4d84-81a1-ad699c5b4531,OPay,Bro it's so much better than other bank apps no taking out of ur money and still gives interest and good amount of cashbacks,5,2026-09-20,Google Play,Customer Review,https://play.google.com/store/apps/details?id=team.opay.pay&hl=en&gl=ng
4e626aa8-975b-4327-b1ae-c059a7f8c5d9,OPay,good one 👍👍,5,2026-09-20,Google Play,Customer Review,https://play.google.com/store/apps/details?id=team.opay.pay&hl=en&gl=ng
7d403b7c-7867-43e0-8f96-bcb8175a1360,OPay,Excellent,5,2026-09-20,Google Play,Customer Review,https://play.google.com/store/apps/details?id=team.opay.pay&hl=en&gl=ng
3d070f51-893a-42df-a76d-77a9ff39e0a3,OPay,in love with opay,5,2026-09-20,Google Play,Customer Review,https://play.google.com/store/apps/details?id=team.opay.pay&hl=en&gl=ng
1ca83123-94a7-413f-9a94-27435d96a2a9,OPay,very nice,5,2026-09-20,Google Play,Customer Review,https://play.google.com/store/apps/details?id=team.opay.pay&hl=en&gl=ng
c4a66444-0ed3-4eab-a189-9693df794738,OPay,good. usable,5,2026-09-20,Google Play,Customer Review,https://play.google.com/store/apps/details?id=team.opay.pay&hl=en&gl=ng
cc5c6f1b-20ba-469e-86b5-a735e2281243,OPay,good app,5,2026-09-20,Google Play,Customer Review,https://play.google.com/store/apps/details?id=team.opay.pay&hl=en&gl=ng
b4da3d57-2a93-4ea5-b984-0810235ae0cf,OPay,opay your app had been great since from day one. but your recent update of suggesting nearby transfer is making us do a wrong transfer... we hate it. please put an option of removing it.,3,2026-09-20,Google Play,Customer Review,https://play.google.com/store/apps/details?id=team.opay.pay&hl=en&gl=ng
029438fb-d36f-449e-8c38-f3fe71881334,OPay,well secured,5,2026-09-20,Google Play,Customer Review,https://play.google.com/store/apps/details?id=team.opay.pay&hl=en&gl=ng
a6880206-167e-48d8-85ff-99e47903ba0c,OPay,I am very comfortable and happy with the app and overall services of Opay. It makes transaction easy and smooth.,5,2026-09-20,Google Play,Customer Review,https://play.google.com/store/apps/details?id=team.opay.pay&hl=en&gl=ng
77f2288a-506a-49d6-9d76-3fc4e81ba019,OPay,ok,5,2026-09-20,Google Play,Customer Review,https://play.google.com/store/apps/details?id=team.opay.pay&hl=en&gl=ng
c2e0aad1-50e4-44a0-b2f3-bdba88332bf9,OPay,"this app is very efficient and reliable, especially the transactions security aspect .",5,2026-09-20,Google Play,Customer Review,https://play.google.com/store/apps/details?id=team.opay.pay&hl=en&gl=ng
4aeb1bd0-c1b0-4a48-bf9e-411ae13ed029,OPay,it's good app,5,2026-09-20,Google Play,Customer Review,https://play.google.com/store/apps/details?id=team.opay.pay&hl=en&gl=ng
b65476a3-6672-441a-b8dd-eb8db59f500a,OPay,Great experience so easy,5,2026-09-20,Google Play,Customer Review,https://play.google.com/store/apps/details?id=team.opay.pay&hl=en&gl=ng
3979cbed-7c58-4dc7-8d55-2428ef6da5af,OPay,Fantastic,5,2026-09-20,Google Play,Customer Review,https://play.google.com/store/apps/details?id=team.opay.pay&hl=en&gl=ng
29f23d8e-3669-48cf-9dcc-8e92d6a746c1,OPay,I like it is so fast and reliable both in transaction,5,2026-09-20,Google Play,Customer Review,https://play.google.com/store/apps/details?id=team.opay.pay&hl=en&gl=ng
8327386b-2be2-40f7-b81f-ef401a13a98c,OPay,Opay is the best. Ultra fast.,5,2026-09-20,Google Play,Customer Review,https://play.google.com/store/apps/details?id=team.opay.pay&hl=en&gl=ng
daee608b-a96e-4fc9-bcd9-ddc607c4b630,OPay,excellent,5,2026-09-20,Google Play,Customer Review,https://play.google.com/store/apps/details?id=team.opay.pay&hl=en&gl=ng
39075e8b-98d8-4c7b-a677-a4264e632ef8,OPay,indeed the best bank in Nigeria. Let the hypocrites keep spreading their false claims about Opay. Opay is Okay and we stand by your services.,5,2026-09-20,Google Play,Customer Review,https://play.google.com/store/apps/details?id=team.opay.pay&hl=en&gl=ng
6830ceb2-b0f7-4441-b5ca-b3fee34a50bc,OPay,You are doing good always,1,2026-09-20,Google Play,Customer Review,https://play.google.com/store/apps/details?id=team.opay.pay&hl=en&gl=ng
ebfb57a0-7db3-4e8c-b38a-2832ddbee7eb,OPay,it's okay,5,2026-09-20,Google Play,Customer Review,https://play.google.com/store/apps/details?id=team.opay.pay&hl=en&gl=ng
100e75b8-b7a2-4bd6-81d4-a54c18392ff5,OPay,it saves data than expected,5,2026-09-20,Google Play,Customer Review,https://play.google.com/store/apps/details?id=team.opay.pay&hl=en&gl=ng
86a42924-658f-482c-acc1-3e0a5d4c4350,OPay,i can't sign up when it's always taking me back to verification,1,2026-09-20,Google Play,Customer Review,https://play.google.com/store/apps/details?id=team.opay.pay&hl=en&gl=ng
31f02ca3-ca34-48b1-a99d-3400cf99c9b3,OPay,you people really try for me,5,2026-09-20,Google Play,Customer Review,https://play.google.com/store/apps/details?id=team.opay.pay&hl=en&gl=ng
f898441e-6a1c-43a9-a8b0-add6ee794973,OPay,Great,5,2026-09-20,Google Play,Customer Review,https://play.google.com/store/apps/details?id=team.opay.pay&hl=en&gl=ng
33c877f3-c300-4666-8f90-0daaf95a9c83,OPay,"opay is a fast, easy and reliable app I gave it a 5 rating star because I've been using it for more than 4 years now and I've not had any issues using the app, their customer service is reliable, network is fast and smooth.",5,2026-09-20,Google Play,Customer Review,https://play.google.com/store/apps/details?id=team.opay.pay&hl=en&gl=ng
e810f43e-ece7-48e3-a4d6-7c44467998aa,OPay,stressless experience,5,2026-09-20,Google Play,Customer Review,https://play.google.com/store/apps/details?id=team.opay.pay&hl=en&gl=ng
4e56b114-fb5b-432c-bf31-b4db6ac1d6ca,OPay,yes oohhh,5,2026-09-20,Google Play,Customer Review,https://play.google.com/store/apps/details?id=team.opay.pay&hl=en&gl=ng
bc873e50-aeae-4ba0-86e1-b20dd972505f,OPay,You're doing well. Opay makes transactions easy and seamless.,4,2026-09-20,Google Play,Customer Review,https://play.google.com/store/apps/details?id=team.opay.pay&hl=en&gl=ng
c2b3b308-446c-4aa0-8c7d-0508082709af,OPay,i want to update my opay bank account,5,2026-09-20,Google Play,Customer Review,https://play.google.com/store/apps/details?id=team.opay.pay&hl=en&gl=ng
c9f9ed62-d8db-43a6-b986-9eee49f5791f,OPay,love it,5,2026-09-20,Google Play,Customer Review,https://play.google.com/store/apps/details?id=team.opay.pay&hl=en&gl=ng
0b5aaf0e-4076-441f-b125-ca81331f0100,OPay,very good enough,5,2026-09-20,Google Play,Customer Review,https://play.google.com/store/apps/details?id=team.opay.pay&hl=en&gl=ng
2f37cc86-df7d-4143-ac82-cb8a12b6115b,OPay,app shows isn't compatible in this phone? why can please solved this issue,3,2026-09-20,Google Play,Customer Review,https://play.google.com/store/apps/details?id=team.opay.pay&hl=en&gl=ng
cf7f41ea-2d0f-4904-bee2-4e571287c8ca,OPay,it reliable,5,2026-09-20,Google Play,Customer Review,https://play.google.com/store/apps/details?id=team.opay.pay&hl=en&gl=ng
c12cf8fa-005b-43f6-82e9-0845a5e8a093,OPay,sharp and easy,5,2026-09-20,Google Play,Customer Review,https://play.google.com/store/apps/details?id=team.opay.pay&hl=en&gl=ng
3d9a03bf-8597-445b-bec1-44a2988dd0b2,OPay,It makes payment easier,5,2026-09-20,Google Play,Customer Review,https://play.google.com/store/apps/details?id=team.opay.pay&hl=en&gl=ng
a8c94f1d-13c5-44cb-a358-635ed8b41f58,OPay,"Fast, reliable and innovative.",5,2026-09-20,Google Play,Customer Review,https://play.google.com/store/apps/details?id=team.opay.pay&hl=en&gl=ng
54fa1a6a-527f-4d26-a4d7-0ce8d7f61b72,OPay,"i don't like the app , putting fake date to loan payment",1,2026-09-20,Google Play,Customer Review,https://play.google.com/store/apps/details?id=team.opay.pay&hl=en&gl=ng
f70b8b32-4f5a-45fe-926a-f230ce68c566,OPay,daily interest check,5,2026-09-20,Google Play,Customer Review,https://play.google.com/store/apps/details?id=team.opay.pay&hl=en&gl=ng
99a4a7db-0126-4909-8b78-26b7d383b9c7,OPay,Very good app fast in receiving and transfer of funds,5,2026-09-20,Google Play,Customer Review,https://play.google.com/store/apps/details?id=team.opay.pay&hl=en&gl=ng
5bd5fab6-7d7d-4e21-873f-b27c50da131f,OPay,it been very good,5,2026-09-20,Google Play,Customer Review,https://play.google.com/store/apps/details?id=team.opay.pay&hl=en&gl=ng
f33cf3b0-333c-4bcf-b099-dd45df993671,OPay,is good app,5,2026-09-20,Google Play,Customer Review,https://play.google.com/store/apps/details?id=team.opay.pay&hl=en&gl=ng
88b55e93-5121-4664-be30-22a0773b4fb3,OPay,"opay like no other, its a one of one no other MFB like it out there",5,2026-09-20,Google Play,Customer Review,https://play.google.com/store/apps/details?id=team.opay.pay&hl=en&gl=ng
e36acd7f-cfeb-4290-badb-b23c185e29aa,OPay,good and eligible,5,2026-09-20,Google Play,Customer Review,https://play.google.com/store/apps/details?id=team.opay.pay&hl=en&gl=ng
251d7ff2-124a-4018-8d7a-3c1f0291c062,OPay,wonderful,5,2026-09-20,Google Play,Customer Review,https://play.google.com/store/apps/details?id=team.opay.pay&hl=en&gl=ng
e3889a6d-8c2c-4fd9-8c83-be0a52e34d8a,OPay,"opay anytime any day. if u contest ,I will vote for u",5,2026-09-20,Google Play,Customer Review,https://play.google.com/store/apps/details?id=team.opay.pay&hl=en&gl=ng
63795735-5923-4b19-a6b3-ced1234bd20b,OPay,"why was my account restricted , it's actually made me sad",5,2026-09-20,Google Play,Customer Review,https://play.google.com/store/apps/details?id=team.opay.pay&hl=en&gl=ng
bcb74a0e-c555-4739-8cd2-a7fe22fe6b1e,OPay,Am short of words all i know is opay is d best,5,2026-09-20,Google Play,Customer Review,https://play.google.com/store/apps/details?id=team.opay.pay&hl=en&gl=ng
6c25f527-cc4f-4e55-9577-db967df00103,OPay,PO🤩🤩🤩,2,2026-09-20,Google Play,Customer Review,https://play.google.com/store/apps/details?id=team.opay.pay&hl=en&gl=ng
d1b6f64f-0b32-48ff-aeb5-332c8233b6e0,OPay,I am satisfy with this app,1,2026-09-20,Google Play,Customer Review,https://play.google.com/store/apps/details?id=team.opay.pay&hl=en&gl=ng
50fd8d90-2182-4983-a7c7-016fafb2145c,OPay,nice one,5,2026-09-20,Google Play,Customer Review,https://play.google.com/store/apps/details?id=team.opay.pay&hl=en&gl=ng
1e0f6277-0d44-486c-8732-657e523994bc,OPay,best banking app I've known. I'm team OPAY forever 🤝,5,2026-09-20,Google Play,Customer Review,https://play.google.com/store/apps/details?id=team.opay.pay&hl=en&gl=ng
3815fcc7-4907-4258-aa28-7841130c3647,OPay,Is good Appp,3,2026-09-20,Google Play,Customer Review,https://play.google.com/store/apps/details?id=team.opay.pay&hl=en&gl=ng
225d5074-3d5f-485e-8e58-cd01c227302d,OPay,excellent,5,2026-09-20,Google Play,Customer Review,https://play.google.com/store/apps/details?id=team.opay.pay&hl=en&gl=ng
8ea2602f-719c-4e4f-a7f9-2edd6ee0d580,OPay,prolific,5,2026-09-20,Google Play,Customer Review,https://play.google.com/store/apps/details?id=team.opay.pay&hl=en&gl=ng
054979ae-d324-42ef-8b24-ca50503fbc5b,OPay,you guys are doing great,5,2026-09-20,Google Play,Customer Review,https://play.google.com/store/apps/details?id=team.opay.pay&hl=en&gl=ng
28342d98-4445-4209-88d5-44dfbdab01f8,OPay,"Opay is second to none i love opay. like i said if i were to be the president of this country i would make sure that opay is a must have bank app, their none charges on every transfer, their constant network, receiving cash back on almost every activity in the app is amazing so i highly recommend opay to everyone you will be happy",5,2026-09-20,Google Play,Customer Review,https://play.google.com/store/apps/details?id=team.opay.pay&hl=en&gl=ng
90e5c249-5e62-414b-a1db-ced776905288,OPay,the app is so amazing,5,2026-09-20,Google Play,Customer Review,https://play.google.com/store/apps/details?id=team.opay.pay&hl=en&gl=ng
2570d317-cb63-4896-9ad3-ed323ec574f4,OPay,Very efficient software,5,2026-09-20,Google Play,Customer Review,https://play.google.com/store/apps/details?id=team.opay.pay&hl=en&gl=ng
8edcd188-1a04-4e2e-9bce-a21b01f64b47,OPay,this app is the best bank app I have ever seen,5,2026-09-20,Google Play,Customer Review,https://play.google.com/store/apps/details?id=team.opay.pay&hl=en&gl=ng
9d3e7540-0ee1-434b-8e51-649e14833b52,OPay,opay is the best among the rest,5,2026-09-20,Google Play,Customer Review,https://play.google.com/store/apps/details?id=team.opay.pay&hl=en&gl=ng
1be91b4f-cbaa-4981-831c-0f32f8fb9375,OPay,"This App get 5 stars ✨ from me because deserve or worth the stars, this App have a very excellent performance.",5,2026-09-20,Google Play,Customer Review,https://play.google.com/store/apps/details?id=team.opay.pay&hl=en&gl=ng
ff035bab-af8d-4755-94b8-e7de9670e491,OPay,Akinrinmade Akinwole,5,2026-09-20,Google Play,Customer Review,https://play.google.com/store/apps/details?id=team.opay.pay&hl=en&gl=ng
1c5daf97-ad84-446b-801d-b5a2d87855b3,OPay,as,5,2026-09-20,Google Play,Customer Review,https://play.google.com/store/apps/details?id=team.opay.pay&hl=en&gl=ng
cf0d00ab-0c7e-420e-8a8d-e848cecf56e0,OPay,I think opay has been the best banking app in Nigeria,5,2026-09-20,Google Play,Customer Review,https://play.google.com/store/apps/details?id=team.opay.pay&hl=en&gl=ng
84e05afd-72e5-4054-b913-5a6adc6d6a16,OPay,pls I want to have two account in this my phone with two different numbers,5,2026-09-20,Google Play,Customer Review,https://play.google.com/store/apps/details?id=team.opay.pay&hl=en&gl=ng
c2be3732-9381-44c2-a90f-d1c6ab0e5fcd,OPay,Good,5,2026-09-20,Google Play,Customer Review,https://play.google.com/store/apps/details?id=team.opay.pay&hl=en&gl=ng
c332fcf7-a43f-461e-aff2-e1b893454075,OPay,xxxvideos,2,2026-09-20,Google Play,Customer Review,https://play.google.com/store/apps/details?id=team.opay.pay&hl=en&gl=ng
5b3104b8-d300-45eb-b61b-488d6821b49b,OPay,"opay is excellent, I have no complain for now.. I love opay",5,2026-09-20,Google Play,Customer Review,https://play.google.com/store/apps/details?id=team.opay.pay&hl=en&gl=ng
aa7b9a1c-bb2b-4546-98a2-b5dd26e16e7b,OPay,randh,5,2026-09-20,Google Play,Customer Review,https://play.google.com/store/apps/details?id=team.opay.pay&hl=en&gl=ng
c7cf2a75-ed88-458b-b79a-7864a1a3499a,OPay,very easy to use and trusted and very reliable,5,2026-09-20,Google Play,Customer Review,https://play.google.com/store/apps/details?id=team.opay.pay&hl=en&gl=ng
d2423401-20b2-49dc-ba4d-4407bd4b5296,OPay,good to use,4,2026-09-20,Google Play,Customer Review,https://play.google.com/store/apps/details?id=team.opay.pay&hl=en&gl=ng
640effb5-203f-47dd-bbaf-fd248116b142,OPay,it's network free,5,2026-09-20,Google Play,Customer Review,https://play.google.com/store/apps/details?id=team.opay.pay&hl=en&gl=ng
20972ed7-9821-4a1b-87d1-bb29fc149709,OPay,"I, like Opay",5,2026-09-20,Google Play,Customer Review,https://play.google.com/store/apps/details?id=team.opay.pay&hl=en&gl=ng
c1fc294b-a918-40f4-afc0-bcdf1729342c,OPay,nice work keep it up,5,2026-09-20,Google Play,Customer Review,https://play.google.com/store/apps/details?id=team.opay.pay&hl=en&gl=ng
28c318f4-d72e-49e5-99b5-85223bc811bc,OPay,One of the best but third economical,5,2026-09-20,Google Play,Customer Review,https://play.google.com/store/apps/details?id=team.opay.pay&hl=en&gl=ng
32f5d091-8fde-443b-b1f9-e85232df0007,OPay,Update,5,2026-09-20,Google Play,Customer Review,https://play.google.com/store/apps/details?id=team.opay.pay&hl=en&gl=ng
509086ed-d364-4d28-a37a-7c434827aa7b,OPay,very very good,5,2026-09-20,Google Play,Customer Review,https://play.google.com/store/apps/details?id=team.opay.pay&hl=en&gl=ng
5c068812-1b86-4ce7-80cf-b124676762b5,OPay,thank you opay,5,2026-09-20,Google Play,Customer Review,https://play.google.com/store/apps/details?id=team.opay.pay&hl=en&gl=ng
656a37f7-178f-421e-9a71-80c86744d9a4,OPay,Best mobile app aint gonna lie,5,2026-09-20,Google Play,Customer Review,https://play.google.com/store/apps/details?id=team.opay.pay&hl=en&gl=ng
d11eb6f2-7344-47bb-bbe6-190ff5101c9c,OPay,opay my BEST Bank,5,2026-09-19,Google Play,Customer Review,https://play.google.com/store/apps/details?id=team.opay.pay&hl=en&gl=ng
84384f29-8b62-4ba6-b235-0e8fda37cbac,OPay,very fast and reliable,5,2026-09-19,Google Play,Customer Review,https://play.google.com/store/apps/details?id=team.opay.pay&hl=en&gl=ng
af5e3523-4a91-4c88-b621-10cb27e35bb4,OPay,Yes everything is good,5,2026-09-19,Google Play,Customer Review,https://play.google.com/store/apps/details?id=team.opay.pay&hl=en&gl=ng
c1c0f823-c658-4645-91e3-c1b94f85ccf0,OPay,Fantastic,5,2026-09-19,Google Play,Customer Review,https://play.google.com/store/apps/details?id=team.opay.pay&hl=en&gl=ng
685f23ea-4181-410b-80d6-6be79c998132,OPay,exceptional 👍👍,5,2026-09-19,Google Play,Customer Review,https://play.google.com/store/apps/details?id=team.opay.pay&hl=en&gl=ng
dd3a7961-cab5-4e6c-a403-3cb3208d770c,OPay,very good,5,2026-09-19,Google Play,Customer Review,https://play.google.com/store/apps/details?id=team.opay.pay&hl=en&gl=ng
3714df11-a04b-417a-8fbc-b2c85d807d80,OPay,Excellent,5,2026-09-19,Google Play,Customer Review,https://play.google.com/store/apps/details?id=team.opay.pay&hl=en&gl=ng
8ca71993-53d7-44b1-b98f-3ad88d47426b,OPay,Very Good,5,2026-09-19,Google Play,Customer Review,https://play.google.com/store/apps/details?id=team.opay.pay&hl=en&gl=ng
db4abcf4-bf10-4d67-a4fb-773175398f87,OPay,opay is the best,5,2026-09-19,Google Play,Customer Review,https://play.google.com/store/apps/details?id=team.opay.pay&hl=en&gl=ng
8bbcc751-71ff-40df-8d98-8f88f694e487,OPay,best app and easy going. Thanks Opay,5,2026-09-19,Google Play,Customer Review,https://play.google.com/store/apps/details?id=team.opay.pay&hl=en&gl=ng
ee40115a-451a-4676-b7fc-c5a6ef4f07dc,OPay,great best app,1,2026-09-19,Google Play,Customer Review,https://play.google.com/store/apps/details?id=team.opay.pay&hl=en&gl=ng
6199a94c-9b1a-4a42-ae6d-a2f75f652812,OPay,opay is having a horrible network issues this days,1,2026-09-19,Google Play,Customer Review,https://play.google.com/store/apps/details?id=team.opay.pay&hl=en&gl=ng
3cad0e58-b6fc-46f1-9e72-1451fa57422b,OPay,saidu magaji,5,2026-09-19,Google Play,Customer Review,https://play.google.com/store/apps/details?id=team.opay.pay&hl=en&gl=ng
12b045f8-af64-4913-bb1c-53bc278cafa0,OPay,very nice and reliable,5,2026-09-19,Google Play,Customer Review,https://play.google.com/store/apps/details?id=team.opay.pay&hl=en&gl=ng
26d1dab1-2c1c-4a2a-93fb-6ad2a572d3de,OPay,"fast, smooth and reliable ☺️ OPAY is a life saver",5,2026-09-19,Google Play,Customer Review,https://play.google.com/store/apps/details?id=team.opay.pay&hl=en&gl=ng
fab9a9aa-833f-4a66-ae1b-63187fd14937,OPay,best online banking app ever,5,2026-09-19,Google Play,Customer Review,https://play.google.com/store/apps/details?id=team.opay.pay&hl=en&gl=ng
63dfac12-45f4-4494-9d40-ffcec374396d,OPay,"for me opay is the most fastest bank and the most popular bank in Nigeria today, So fast and reliable👍💪🔥",5,2026-09-19,Google Play,Customer Review,https://play.google.com/store/apps/details?id=team.opay.pay&hl=en&gl=ng
87db1422-3552-430e-978d-5f030d2c6fa5,OPay,good,5,2026-09-19,Google Play,Customer Review,https://play.google.com/store/apps/details?id=team.opay.pay&hl=en&gl=ng
35caf9bc-40f4-48cd-baa8-79e1ff9c52d9,OPay,Thanks for this app,5,2026-09-19,Google Play,Customer Review,https://play.google.com/store/apps/details?id=team.opay.pay&hl=en&gl=ng
05161881-c317-4ef0-9a97-1784a439534b,OPay,I love opay,5,2026-09-19,Google Play,Customer Review,https://play.google.com/store/apps/details?id=team.opay.pay&hl=en&gl=ng
3d28271b-a570-4c3d-8a9c-770c0ff485a9,OPay,apsulutly perfect,5,2026-09-19,Google Play,Customer Review,https://play.google.com/store/apps/details?id=team.opay.pay&hl=en&gl=ng
119fb076-c1d6-4fd0-a1b8-609d08582550,OPay,lovely,5,2026-09-19,Google Play,Customer Review,https://play.google.com/store/apps/details?id=team.opay.pay&hl=en&gl=ng
72b0ebab-416c-461f-b9c2-80b9d89278c2,OPay,the app doesn't updated,5,2026-09-19,Google Play,Customer Review,https://play.google.com/store/apps/details?id=team.opay.pay&hl=en&gl=ng
516a273f-6ee2-4c3f-8d89-d27728889522,OPay,nice app,5,2026-09-19,Google Play,Customer Review,https://play.google.com/store/apps/details?id=team.opay.pay&hl=en&gl=ng
0610f1e7-8c6e-4c33-b9c2-c80e8f7d31f0,OPay,very much good i love this app,4,2026-09-19,Google Play,Customer Review,https://play.google.com/store/apps/details?id=team.opay.pay&hl=en&gl=ng
7a3acea3-ef12-4217-b945-77c05d464b22,OPay,fantastic app instant transection,5,2026-09-19,Google Play,Customer Review,https://play.google.com/store/apps/details?id=team.opay.pay&hl=en&gl=ng
8f7d4534-b636-4a89-bf39-8b900590f167,OPay,thank am a king born to be great I believe,5,2026-09-19,Google Play,Customer Review,https://play.google.com/store/apps/details?id=team.opay.pay&hl=en&gl=ng
40909a4a-449d-4c67-95a7-f17597414b27,OPay,Is good and awesome,5,2026-09-19,Google Play,Customer Review,https://play.google.com/store/apps/details?id=team.opay.pay&hl=en&gl=ng
e23bf196-72d9-41d2-a60f-e06668694087,OPay,exceptional,5,2026-09-19,Google Play,Customer Review,https://play.google.com/store/apps/details?id=team.opay.pay&hl=en&gl=ng
cb319569-ec8f-44f7-917c-1899b6b4a940,OPay,good,5,2026-09-19,Google Play,Customer Review,https://play.google.com/store/apps/details?id=team.opay.pay&hl=en&gl=ng
01998943-f04e-4085-a979-29bbcac8130c,OPay,they're giving me the best banking vibes.,5,2026-09-19,Google Play,Customer Review,https://play.google.com/store/apps/details?id=team.opay.pay&hl=en&gl=ng
442ce63e-492e-452f-97f7-34bea883d45b,OPay,a very nice banking app online very fast and reliable,5,2026-09-19,Google Play,Customer Review,https://play.google.com/store/apps/details?id=team.opay.pay&hl=en&gl=ng
619eefd8-8a3f-4483-9a0e-4214dcd417b6,OPay,Very good to keep money and reliable,1,2026-09-19,Google Play,Customer Review,https://play.google.com/store/apps/details?id=team.opay.pay&hl=en&gl=ng
8a41cf2c-25ad-498f-acc2-6645d8f29f9a,OPay,opay is the best,5,2026-09-19,Google Play,Customer Review,https://play.google.com/store/apps/details?id=team.opay.pay&hl=en&gl=ng
03ae3004-b905-4bc0-b355-000532e13cf4,OPay,The best bank app I have ever used.,5,2026-09-19,Google Play,Customer Review,https://play.google.com/store/apps/details?id=team.opay.pay&hl=en&gl=ng
50c1aada-cc92-45af-aa69-a62b18e6eb51,OPay,A good app,5,2026-09-19,Google Play,Customer Review,https://play.google.com/store/apps/details?id=team.opay.pay&hl=en&gl=ng
41720dd7-511f-4ba6-86d1-6448ebdb1352,OPay,When buying untility bill always furking up,5,2026-09-19,Google Play,Customer Review,https://play.google.com/store/apps/details?id=team.opay.pay&hl=en&gl=ng
25a3985c-6de3-4fac-a9c9-020c37805bdf,OPay,very fast and reliable,5,2026-09-19,Google Play,Customer Review,https://play.google.com/store/apps/details?id=team.opay.pay&hl=en&gl=ng
068d7d3c-7c5b-49a8-84d9-789d8e35de31,OPay,"Tap on a clip to paste it in the text box.Welcome to Gboard clipboard, any text you copy will be saved here.",3,2026-09-19,Google Play,Customer Review,https://play.google.com/store/apps/details?id=team.opay.pay&hl=en&gl=ng
405522a7-f494-414d-bbdd-43789a6ea998,OPay,fast and reliable for transaction efficiency,5,2026-09-19,Google Play,Customer Review,https://play.google.com/store/apps/details?id=team.opay.pay&hl=en&gl=ng
cc353853-a511-4f23-815c-e5846793e548,OPay,i love opay so much,5,2026-09-19,Google Play,Customer Review,https://play.google.com/store/apps/details?id=team.opay.pay&hl=en&gl=ng
e5b03e7e-5cd3-45fa-ac33-b5a8d1fad6f0,OPay,an app for business minds,5,2026-09-19,Google Play,Customer Review,https://play.google.com/store/apps/details?id=team.opay.pay&hl=en&gl=ng
2963a6ba-b42a-4c7e-bec5-c309e237d65e,OPay,Fast to send and receive money,5,2026-09-19,Google Play,Customer Review,https://play.google.com/store/apps/details?id=team.opay.pay&hl=en&gl=ng
207d0c96-c80b-42fa-9831-186f1c2a81d5,OPay,very appreciate,5,2026-09-19,Google Play,Customer Review,https://play.google.com/store/apps/details?id=team.opay.pay&hl=en&gl=ng
6505d988-c600-4b0d-9a57-75601881f38e,OPay,very good and easy to navigate,5,2026-09-19,Google Play,Customer Review,https://play.google.com/store/apps/details?id=team.opay.pay&hl=en&gl=ng
82b54417-c9b5-4fa2-aafb-c820a5a9f0b5,OPay,very easy to use,5,2026-09-19,Google Play,Customer Review,https://play.google.com/store/apps/details?id=team.opay.pay&hl=en&gl=ng
4fed986e-3bbe-41d5-9e28-be59f3713d4b,OPay,very reliable and trustworthy app,5,2026-09-19,Google Play,Customer Review,https://play.google.com/store/apps/details?id=team.opay.pay&hl=en&gl=ng
c57fa98c-273d-4f9d-a35c-dd8b0e042226,OPay,Good fine best in all banking services app,5,2026-09-19,Google Play,Customer Review,https://play.google.com/store/apps/details?id=team.opay.pay&hl=en&gl=ng
4385b93c-d955-48ee-b4bb-65fad7833a70,OPay,I don't wanna see this again,1,2026-09-19,Google Play,Customer Review,https://play.google.com/store/apps/details?id=team.opay.pay&hl=en&gl=ng
a313d611-da31-4fdf-a78d-326484c2512b,OPay,good and beautiful app👌,5,2026-09-19,Google Play,Customer Review,https://play.google.com/store/apps/details?id=team.opay.pay&hl=en&gl=ng
81f776d2-cd90-4746-b0fd-394ee1724ca3,OPay,The Best Financial App ever made,5,2026-09-19,Google Play,Customer Review,https://play.google.com/store/apps/details?id=team.opay.pay&hl=en&gl=ng
1523b30b-77d2-4549-9e54-4aeb9e7401e9,OPay,Very fast in making payments I love it and the security is top notch,5,2026-09-19,Google Play,Customer Review,https://play.google.com/store/apps/details?id=team.opay.pay&hl=en&gl=ng
7c1ae7b1-e94f-42dd-a9f5-db6a84e12628,OPay,difficulty for transfer,4,2026-09-19,Google Play,Customer Review,https://play.google.com/store/apps/details?id=team.opay.pay&hl=en&gl=ng
ff77440b-0205-4d0f-86eb-0d587584111b,OPay,very easy and smooth 100%,5,2026-09-19,Google Play,Customer Review,https://play.google.com/store/apps/details?id=team.opay.pay&hl=en&gl=ng
fcccf472-58eb-4900-a160-3f751fba0647,OPay,"To be honest I really enjoy using this app, I haven't had any issues with it and the security process imputed in it is topnotch 😍.",5,2026-09-19,Google Play,Customer Review,https://play.google.com/store/apps/details?id=team.opay.pay&hl=en&gl=ng
c408b5b3-5065-45a7-9170-8e98eb6a7e44,OPay,The network is sooo bad recently ngl pls you guys should find somehow to fix this 🥹,2,2026-09-19,Google Play,Customer Review,https://play.google.com/store/apps/details?id=team.opay.pay&hl=en&gl=ng
d28bf3af-e53d-443d-bf53-0db47c60f786,OPay,people should think beyond opay now because opay as become nin as well. after being at tier 2 downgraded and it affects weekly contributions negatively. opay can't be trusted for me,2,2026-09-19,Google Play,Customer Review,https://play.google.com/store/apps/details?id=team.opay.pay&hl=en&gl=ng
268449b3-d28b-40c5-b55b-f17a89fbc980,OPay,v.good,5,2026-09-19,Google Play,Customer Review,https://play.google.com/store/apps/details?id=team.opay.pay&hl=en&gl=ng
2c727a9f-71da-44f5-ac98-e2960f209d3f,OPay,"the best e-banking app i have used. user friendly interface, very fast transaction delivery.",5,2026-09-19,Google Play,Customer Review,https://play.google.com/store/apps/details?id=team.opay.pay&hl=en&gl=ng
6e1015cc-6286-41b6-9b70-50214ff16ebf,OPay,good,5,2026-09-19,Google Play,Customer Review,https://play.google.com/store/apps/details?id=team.opay.pay&hl=en&gl=ng
6c239ad6-a6b4-4f16-bc1b-05c00faf3ec7,OPay,exceptionally well and easy to use,5,2026-09-19,Google Play,Customer Review,https://play.google.com/store/apps/details?id=team.opay.pay&hl=en&gl=ng
7b22a776-b17d-407b-a344-cf37d4a350de,OPay,Opay developers are indeed lives safers... the excellences performance of the app is nothing but great 😃,5,2026-09-19,Google Play,Customer Review,https://play.google.com/store/apps/details?id=team.opay.pay&hl=en&gl=ng
1af8d4f4-9e25-4209-b50d-68aad3be5087,OPay,smooth transactions,5,2026-09-19,Google Play,Customer Review,https://play.google.com/store/apps/details?id=team.opay.pay&hl=en&gl=ng
e61add16-e07a-4c08-817a-99308cad46a4,OPay,"i like the fast transaction, opay is the best, even while you don't have data to open the app, there's ussd code to access it.",5,2026-09-19,Google Play,Customer Review,https://play.google.com/store/apps/details?id=team.opay.pay&hl=en&gl=ng
e6d2c231-0357-4725-8967-780c22a844ae,OPay,excellent,5,2026-09-19,Google Play,Customer Review,https://play.google.com/store/apps/details?id=team.opay.pay&hl=en&gl=ng
2a607fb1-6a79-4ee7-abaf-fdedb520c6c9,OPay,very helpful,5,2026-09-19,Google Play,Customer Review,https://play.google.com/store/apps/details?id=team.opay.pay&hl=en&gl=ng
17bebdce-5b01-41ce-b8fb-19982441d925,OPay,Yes I really appreciate it,5,2026-09-19,Google Play,Customer Review,https://play.google.com/store/apps/details?id=team.opay.pay&hl=en&gl=ng
96cb06b1-6d95-4dc6-b5be-3b8029408f38,OPay,really appreciated,5,2026-09-19,Google Play,Customer Review,https://play.google.com/store/apps/details?id=team.opay.pay&hl=en&gl=ng
de88b119-f39f-4a5e-822a-d03749e32b25,OPay,good,5,2026-09-19,Google Play,Customer Review,https://play.google.com/store/apps/details?id=team.opay.pay&hl=en&gl=ng
df734a24-7d85-44c2-a7e8-82ddc90ea998,OPay,"Opay, you are good, so easy to use. transactions are so fast.",5,2026-09-19,Google Play,Customer Review,https://play.google.com/store/apps/details?id=team.opay.pay&hl=en&gl=ng
ac4f2627-0ccf-4318-9c81-99ae520b5083,OPay,The best bank in the world.,5,2026-09-19,Google Play,Customer Review,https://play.google.com/store/apps/details?id=team.opay.pay&hl=en&gl=ng
05273dcb-cdb0-4eea-8361-442eccf6d900,OPay,good,5,2026-09-19,Google Play,Customer Review,https://play.google.com/store/apps/details?id=team.opay.pay&hl=en&gl=ng
8a1b1d57-51ad-44b1-bbc5-55732dded7bc,OPay,excellent perfect 🥰 💞 👌 👍,5,2026-09-19,Google Play,Customer Review,https://play.google.com/store/apps/details?id=team.opay.pay&hl=en&gl=ng
9fc3c945-87ac-48b2-8fba-9a830244357f,OPay,Thanks fine,5,2026-09-19,Google Play,Customer Review,https://play.google.com/store/apps/details?id=team.opay.pay&hl=en&gl=ng
7acf4e27-5355-407a-a38d-f7a281d2947d,OPay,", ,.m 😂",3,2026-09-19,Google Play,Customer Review,https://play.google.com/store/apps/details?id=team.opay.pay&hl=en&gl=ng
ead2e5a6-6d96-4040-93f3-859090a579e4,OPay,Fast and reliable. Opay is the best bank,5,2026-09-19,Google Play,Customer Review,https://play.google.com/store/apps/details?id=team.opay.pay&hl=en&gl=ng
0ab6d6e1-ef7f-4067-8842-f049467be3a6,OPay,plinko 🎯 search android to urs,5,2026-09-19,Google Play,Customer Review,https://play.google.com/store/apps/details?id=team.opay.pay&hl=en&gl=ng
9c5ce87a-1838-49a1-8916-66926d61224e,OPay,l really love it,5,2026-09-19,Google Play,Customer Review,https://play.google.com/store/apps/details?id=team.opay.pay&hl=en&gl=ng
83c0db74-36d5-431a-b11e-6ab14fb168e4,OPay,Simply the best,5,2026-09-19,Google Play,Customer Review,https://play.google.com/store/apps/details?id=team.opay.pay&hl=en&gl=ng
0d40eb97-5077-424e-8627-5939a0441ec3,OPay,Excellent,5,2026-09-19,Google Play,Customer Review,https://play.google.com/store/apps/details?id=team.opay.pay&hl=en&gl=ng
f015b172-4b79-49ab-bb97-6064d93d0bc5,OPay,always the best,5,2026-09-19,Google Play,Customer Review,https://play.google.com/store/apps/details?id=team.opay.pay&hl=en&gl=ng
0db5f69e-c9a8-43d2-9d71-1a20cbb2fe34,OPay,Stress free transactions,5,2026-09-19,Google Play,Customer Review,https://play.google.com/store/apps/details?id=team.opay.pay&hl=en&gl=ng
e9d510a1-1bf0-4497-93b4-ee8d55a49a58,OPay,great app,5,2026-09-19,Google Play,Customer Review,https://play.google.com/store/apps/details?id=team.opay.pay&hl=en&gl=ng
05e2a7ac-aee9-48d1-8a60-91789fcf48ef,OPay,nwbbebnebne mm m mm n we mm mm NN me nme mm on mm mm nnpnh p mm m2p mm enemn mm mm NN mm e mm enemn mm mm wbnnmñennwnemmb bwmemwmmemeebme mm mepenw welbmogwl all mm jwww Lulu 2wlmebw2wwwenlpw mm m mm mm mm mm mm mm mm mm mm mm m mm m mm mm mwn,5,2026-09-19,Google Play,Customer Review,https://play.google.com/store/apps/details?id=team.opay.pay&hl=en&gl=ng
407f38af-ae2a-48d3-a26c-bb4feb016499,OPay,fantastic app,5,2026-09-19,Google Play,Customer Review,https://play.google.com/store/apps/details?id=team.opay.pay&hl=en&gl=ng
338d4145-c92d-4326-84b8-0cf9e7b4ae6a,OPay,good morning to me,5,2026-09-19,Google Play,Customer Review,https://play.google.com/store/apps/details?id=team.opay.pay&hl=en&gl=ng
75dbf6bf-276e-4d27-8b17-38b950943b39,OPay,good,5,2026-09-19,Google Play,Customer Review,https://play.google.com/store/apps/details?id=team.opay.pay&hl=en&gl=ng
c4804c79-d45c-4d34-b316-b0c35a44032c,OPay,itis fat and reliable no matter what nothing like baning of accounts,5,2026-09-19,Google Play,Customer Review,https://play.google.com/store/apps/details?id=team.opay.pay&hl=en&gl=ng
c9ed00c0-258f-417c-8f5d-452269acba0a,OPay,"fast, easy and reliable",5,2026-09-19,Google Play,Customer Review,https://play.google.com/store/apps/details?id=team.opay.pay&hl=en&gl=ng
6214d6f3-82ee-443b-9b35-ebceb3a395a8,OPay,opay is okay,5,2026-09-19,Google Play,Customer Review,https://play.google.com/store/apps/details?id=team.opay.pay&hl=en&gl=ng
ecf02573-b3ef-48d5-927d-c037c1f7a388,OPay,I love 💕 it,5,2026-09-19,Google Play,Customer Review,https://play.google.com/store/apps/details?id=team.opay.pay&hl=en&gl=ng
18eb132a-f448-4fda-b792-df28fb9e986d,OPay,"such a loving app to save ur money with calm mind and fast in transfer, opay ian the best.",5,2026-09-19,Google Play,Customer Review,https://play.google.com/store/apps/details?id=team.opay.pay&hl=en&gl=ng
80374d39-8e9d-40ce-aeae-1377f673a77a,OPay,Exceptional,5,2026-09-19,Google Play,Customer Review,https://play.google.com/store/apps/details?id=team.opay.pay&hl=en&gl=ng
0c895d8c-c0e0-4b6a-ab0e-b326297cb1ac,OPay,Literally the BEST 👌🏻,5,2026-09-19,Google Play,Customer Review,https://play.google.com/store/apps/details?id=team.opay.pay&hl=en&gl=ng
61898014-924f-48c3-b504-ad51f4cf807f,OPay,awesome 👌,5,2026-09-19,Google Play,Customer Review,https://play.google.com/store/apps/details?id=team.opay.pay&hl=en&gl=ng
6cc0a884-642e-4b9c-9c26-7efc7a1cdb87,OPay,best,5,2026-09-19,Google Play,Customer Review,https://play.google.com/store/apps/details?id=team.opay.pay&hl=en&gl=ng
b79de207-3230-410f-91fd-5262ccafc99d,OPay,Opay is the best bank in Nigeria,5,2026-09-19,Google Play,Customer Review,https://play.google.com/store/apps/details?id=team.opay.pay&hl=en&gl=ng
c9cf829f-2dab-48ed-b184-36b5c0ffa96d,OPay,very nice,5,2026-09-19,Google Play,Customer Review,https://play.google.com/store/apps/details?id=team.opay.pay&hl=en&gl=ng
98894656-a324-4b15-b4a5-368f3cd7b95f,OPay,Fast and reliable,5,2026-09-19,Google Play,Customer Review,https://play.google.com/store/apps/details?id=team.opay.pay&hl=en&gl=ng
22fb9781-2b95-46a0-9b72-0330dad7c02a,OPay,so lovely and amazing,5,2026-09-19,Google Play,Customer Review,https://play.google.com/store/apps/details?id=team.opay.pay&hl=en&gl=ng
e026e62c-9279-49ff-be00-0ef33b9699a3,OPay,easy to use,5,2026-09-19,Google Play,Customer Review,https://play.google.com/store/apps/details?id=team.opay.pay&hl=en&gl=ng
84883eab-6597-41be-a921-a2139421f134,OPay,Top notch,5,2026-09-19,Google Play,Customer Review,https://play.google.com/store/apps/details?id=team.opay.pay&hl=en&gl=ng
66bf6ab6-6177-4c06-a10b-af60aa3ed1bc,OPay,excellent,5,2026-09-19,Google Play,Customer Review,https://play.google.com/store/apps/details?id=team.opay.pay&hl=en&gl=ng
86b9a98e-eeab-4307-bd39-18fdf3a4c2f6,OPay,I love you,5,2026-09-19,Google Play,Customer Review,https://play.google.com/store/apps/details?id=team.opay.pay&hl=en&gl=ng
2d0c9ac4-421c-4b84-9542-10aa13109672,OPay,Easy to use. Great user experience.,5,2026-09-19,Google Play,Customer Review,https://play.google.com/store/apps/details?id=team.opay.pay&hl=en&gl=ng
a73c3d79-0a0c-4f39-b206-d757b54298c0,OPay,D best app ever,5,2026-09-19,Google Play,Customer Review,https://play.google.com/store/apps/details?id=team.opay.pay&hl=en&gl=ng
8c8c01d9-747b-42db-8c36-013d51e68781,OPay,this app is the best,5,2026-09-19,Google Play,Customer Review,https://play.google.com/store/apps/details?id=team.opay.pay&hl=en&gl=ng
413fe286-7289-40dd-a365-6aaead62041e,OPay,best microfinance bank lately 10/10,5,2026-09-19,Google Play,Customer Review,https://play.google.com/store/apps/details?id=team.opay.pay&hl=en&gl=ng
23802d48-a148-470a-ba91-18a2c801cd43,OPay,Five star,5,2026-09-19,Google Play,Customer Review,https://play.google.com/store/apps/details?id=team.opay.pay&hl=en&gl=ng
58b56d6b-2854-4541-94c3-7c8924dc0c71,OPay,Great 👍,5,2026-09-19,Google Play,Customer Review,https://play.google.com/store/apps/details?id=team.opay.pay&hl=en&gl=ng
2d685675-3dcb-4df8-9621-5a4386073577,OPay,👌,5,2026-09-19,Google Play,Customer Review,https://play.google.com/store/apps/details?id=team.opay.pay&hl=en&gl=ng
819ff74d-58c8-4928-a1ea-49538eb81fda,OPay,love ❤️ opay,5,2026-09-19,Google Play,Customer Review,https://play.google.com/store/apps/details?id=team.opay.pay&hl=en&gl=ng
2a3f3548-e47a-4b33-8a11-68a70042c83c,OPay,this the best mobile banking app I have ever used.. I love opay with my whole heart ❤️,5,2026-09-19,Google Play,Customer Review,https://play.google.com/store/apps/details?id=team.opay.pay&hl=en&gl=ng
6a074e5d-7ff9-4e7d-9296-48719fcca190,OPay,Efficient and seamless app,5,2026-09-19,Google Play,Customer Review,https://play.google.com/store/apps/details?id=team.opay.pay&hl=en&gl=ng
1ec68707-fa72-415a-ae1f-1d577e7ad827,OPay,wonderful bank ever,5,2026-09-19,Google Play,Customer Review,https://play.google.com/store/apps/details?id=team.opay.pay&hl=en&gl=ng
d61610a1-ad7f-483e-9734-5fc136cac800,OPay,superb,5,2026-09-19,Google Play,Customer Review,https://play.google.com/store/apps/details?id=team.opay.pay&hl=en&gl=ng
f81a9b7c-4a47-4560-895c-265e34875f32,OPay,perfect,5,2026-09-19,Google Play,Customer Review,https://play.google.com/store/apps/details?id=team.opay.pay&hl=en&gl=ng
5bf82b61-f3c8-44e1-a1ad-c30b8b0f3e22,OPay,it's doesn't lack network the network is always reliable,1,2026-09-19,Google Play,Customer Review,https://play.google.com/store/apps/details?id=team.opay.pay&hl=en&gl=ng
61b9dbd3-bf78-407f-ae6f-762b2955254f,OPay,🥳🤗😋,5,2026-09-19,Google Play,Customer Review,https://play.google.com/store/apps/details?id=team.opay.pay&hl=en&gl=ng
097b82da-560a-4b27-b786-4b58aa5ed92b,OPay,"swift, we will also like to at least be able to login into the app and buy data even when we don't have data",4,2026-09-19,Google Play,Customer Review,https://play.google.com/store/apps/details?id=team.opay.pay&hl=en&gl=ng
d2605e87-5384-4c96-889a-a799906fe652,OPay,excellent service,5,2026-09-19,Google Play,Customer Review,https://play.google.com/store/apps/details?id=team.opay.pay&hl=en&gl=ng
48fdeb5c-c70a-495d-89d4-c64744c87682,OPay,like the app,5,2026-09-19,Google Play,Customer Review,https://play.google.com/store/apps/details?id=team.opay.pay&hl=en&gl=ng
dc7bc958-4e9b-44ba-8b2f-9b5f5a875e93,OPay,very reliable,5,2026-09-19,Google Play,Customer Review,https://play.google.com/store/apps/details?id=team.opay.pay&hl=en&gl=ng
eecd7e6b-479f-4a75-aad1-56a6cef54fe9,OPay,I am supposed to give you 5 star 🌟 but ur app takes long to open sometimes which I don't like,4,2026-09-19,Google Play,Customer Review,https://play.google.com/store/apps/details?id=team.opay.pay&hl=en&gl=ng
d5672f8b-3530-424c-8583-aa77569452c0,OPay,to many unnecessary notifications,5,2026-09-19,Google Play,Customer Review,https://play.google.com/store/apps/details?id=team.opay.pay&hl=en&gl=ng
4a658133-ca6e-4426-9423-5b1e969c50a6,OPay,"Opay is the best. Fast transactions, easy and seamless. Trusted security network and lots more...",5,2026-09-19,Google Play,Customer Review,https://play.google.com/store/apps/details?id=team.opay.pay&hl=en&gl=ng
8b7c2b81-fcb8-4df6-af51-f7df1e41ba1f,OPay,Exclusive,5,2026-09-19,Google Play,Customer Review,https://play.google.com/store/apps/details?id=team.opay.pay&hl=en&gl=ng
0b83f139-ddb1-4e99-ae8f-cdc92d7c5fb1,OPay,opay is very reliable when we talk about bankibg & app i love opay app,5,2026-09-19,Google Play,Customer Review,https://play.google.com/store/apps/details?id=team.opay.pay&hl=en&gl=ng
c1ee720b-fe51-4671-b6ef-c26be6fd97e8,OPay,I love it,5,2026-09-19,Google Play,Customer Review,https://play.google.com/store/apps/details?id=team.opay.pay&hl=en&gl=ng
e4dc56b6-a0c4-4c19-99bb-61cca29a9f3f,OPay,very interesting. very easy to use.,5,2026-09-19,Google Play,Customer Review,https://play.google.com/store/apps/details?id=team.opay.pay&hl=en&gl=ng
5ce33ca2-bb5b-457a-80be-7c98ce91de32,OPay,"What kind of overdue charges, i was supposed to pay 34,410 and now my opay account shows 59,610",1,2026-09-19,Google Play,Customer Review,https://play.google.com/store/apps/details?id=team.opay.pay&hl=en&gl=ng
4adb3b9f-8645-4151-b560-ad2248c6abad,OPay,Takes time to load up and affects seamless online transactions.,1,2026-09-19,Google Play,Customer Review,https://play.google.com/store/apps/details?id=team.opay.pay&hl=en&gl=ng
f332bc17-7b0d-4896-82bc-28a524991819,OPay,I just love the app. seamless and fast transaction. I just know that my money is in safe hands when I'm transacting with opay.,5,2026-09-19,Google Play,Customer Review,https://play.google.com/store/apps/details?id=team.opay.pay&hl=en&gl=ng
64e67cf0-48e6-46ce-afab-52156be3eedd,OPay,Great Experience and nice User interface,5,2026-09-19,Google Play,Customer Review,https://play.google.com/store/apps/details?id=team.opay.pay&hl=en&gl=ng
e1c05d73-f6af-4443-8909-926c539ba3c7,OPay,nice app,5,2026-09-19,Google Play,Customer Review,https://play.google.com/store/apps/details?id=team.opay.pay&hl=en&gl=ng
efcbf209-050c-4038-a2cc-28782240f16c,OPay,Excellent 👍,5,2026-09-19,Google Play,Customer Review,https://play.google.com/store/apps/details?id=team.opay.pay&hl=en&gl=ng
f36b7f5f-500e-420c-8afe-94808fba4cbf,OPay,five star for a reason opay is the best bank in Nigeria l love you die,5,2026-09-19,Google Play,Customer Review,https://play.google.com/store/apps/details?id=team.opay.pay&hl=en&gl=ng
b8971968-9bd5-4c40-82b5-9294ba0a06fa,OPay,driver,5,2026-09-19,Google Play,Customer Review,https://play.google.com/store/apps/details?id=team.opay.pay&hl=en&gl=ng
a3b5158e-fddb-4153-954f-3c508ff0e509,OPay,fantastic and more reliable,5,2026-09-19,Google Play,Customer Review,https://play.google.com/store/apps/details?id=team.opay.pay&hl=en&gl=ng
524e1bad-3e78-4a50-b1d7-413dcc105adc,OPay,"perfect so far,no complain.",5,2026-09-19,Google Play,Customer Review,https://play.google.com/store/apps/details?id=team.opay.pay&hl=en&gl=ng
d0b6451e-c50e-4871-b5bb-5397da3b7db7,OPay,No issues for now.,5,2026-09-19,Google Play,Customer Review,https://play.google.com/store/apps/details?id=team.opay.pay&hl=en&gl=ng
03849a26-8176-46f0-a70f-7cb5850dba51,OPay,just too good,5,2026-09-19,Google Play,Customer Review,https://play.google.com/store/apps/details?id=team.opay.pay&hl=en&gl=ng
39e5f747-d116-429c-81cc-5d00097650a1,OPay,good,5,2026-09-19,Google Play,Customer Review,https://play.google.com/store/apps/details?id=team.opay.pay&hl=en&gl=ng
8ff8ce3c-150c-4c5f-8440-ef5259819c05,OPay,very useful and very nice application,5,2026-09-19,Google Play,Customer Review,https://play.google.com/store/apps/details?id=team.opay.pay&hl=en&gl=ng
2814322e-3b6f-4a9c-a2ac-305ba9dc2f96,OPay,"Have been enjoying Opay app so far, without any issues, very easy and stressless app to use 😍👏👏",5,2026-09-19,Google Play,Customer Review,https://play.google.com/store/apps/details?id=team.opay.pay&hl=en&gl=ng
a4a27046-374b-488e-9347-d2069adfd8ca,OPay,It is the best!,5,2026-09-19,Google Play,Customer Review,https://play.google.com/store/apps/details?id=team.opay.pay&hl=en&gl=ng
94b31f30-deba-42d5-99e3-a5d571a91dd7,OPay,excellent,3,2026-09-19,Google Play,Customer Review,https://play.google.com/store/apps/details?id=team.opay.pay&hl=en&gl=ng
fdb50f5e-a159-4b01-9b15-13aaa4a5c1b8,OPay,Re6751%6 ye6e is a great place z 22ndto work and 6 And 1am z 4 ee2 is a easy RR1 RR1 z 2 5 y6y,1,2026-09-19,Google Play,Customer Review,https://play.google.com/store/apps/details?id=team.opay.pay&hl=en&gl=ng
de5f7650-35d6-4578-863b-6113ab2dc247,OPay,customer support on here is extremely difficult to relay your issue across. it's very slow. pending request lasting more than 7 business days even. please work on your customers care,3,2026-09-19,Google Play,Customer Review,https://play.google.com/store/apps/details?id=team.opay.pay&hl=en&gl=ng
0052da53-292b-45db-a206-ac34eb5de337,OPay,best App among others,4,2026-09-19,Google Play,Customer Review,https://play.google.com/store/apps/details?id=team.opay.pay&hl=en&gl=ng
929f69eb-7b7e-41d3-a6b5-4dbf36a411dc,OPay,very good,5,2026-09-19,Google Play,Customer Review,https://play.google.com/store/apps/details?id=team.opay.pay&hl=en&gl=ng
a9853aa2-31e7-4acc-8948-a4edadd726ea,OPay,ausom,4,2026-09-19,Google Play,Customer Review,https://play.google.com/store/apps/details?id=team.opay.pay&hl=en&gl=ng
dacbc90a-376e-4a3e-9171-6fe3bca7f8da,OPay,fantastic,5,2026-09-19,Google Play,Customer Review,https://play.google.com/store/apps/details?id=team.opay.pay&hl=en&gl=ng
3183d0c4-79c5-4129-b5e9-2148d5f9f033,OPay,Opay is the excellent reliable Fintech!,5,2026-09-19,Google Play,Customer Review,https://play.google.com/store/apps/details?id=team.opay.pay&hl=en&gl=ng
da7a2dc7-558d-406a-8df5-0b84f7ff2be4,OPay,Great,5,2026-09-19,Google Play,Customer Review,https://play.google.com/store/apps/details?id=team.opay.pay&hl=en&gl=ng
08c54f80-40b0-4217-984f-bcec225ac2ac,OPay,good service,3,2026-09-19,Google Play,Customer Review,https://play.google.com/store/apps/details?id=team.opay.pay&hl=en&gl=ng
f7b4339c-4787-40d4-a514-2867019616b0,OPay,very beautiful and effective,5,2026-09-19,Google Play,Customer Review,https://play.google.com/store/apps/details?id=team.opay.pay&hl=en&gl=ng
c79da9d6-3a00-49e2-ab4e-246ed8fb7306,OPay,Reliable,5,2026-09-19,Google Play,Customer Review,https://play.google.com/store/apps/details?id=team.opay.pay&hl=en&gl=ng
c50791fd-bd7b-481b-a5af-4411c3bd18e4,OPay,easy and accessible,5,2026-09-19,Google Play,Customer Review,https://play.google.com/store/apps/details?id=team.opay.pay&hl=en&gl=ng
93143c3f-4357-4a4c-9aa5-811951c877a7,OPay,good,5,2026-09-19,Google Play,Customer Review,https://play.google.com/store/apps/details?id=team.opay.pay&hl=en&gl=ng
b05228b4-559c-4bc7-a283-1d1505dbaa32,OPay,Appreciate it very well,5,2026-09-19,Google Play,Customer Review,https://play.google.com/store/apps/details?id=team.opay.pay&hl=en&gl=ng
c2b4bdaa-2fd1-4aeb-bd58-5bba0d9f473d,OPay,I'm using the app before,5,2026-09-19,Google Play,Customer Review,https://play.google.com/store/apps/details?id=team.opay.pay&hl=en&gl=ng
3540cadc-056d-4704-a92a-9c723beb0eb9,OPay,is good,5,2026-09-19,Google Play,Customer Review,https://play.google.com/store/apps/details?id=team.opay.pay&hl=en&gl=ng
51f6f217-3392-49c6-8934-3b3da2c19d0d,OPay,opay my trusted partner,5,2026-09-19,Google Play,Customer Review,https://play.google.com/store/apps/details?id=team.opay.pay&hl=en&gl=ng
95ec83ef-95b1-4b79-860e-c09dabb3ce19,OPay,"no complaints at all, it's one of the best, if not the best m-fBank in Nigeria",5,2026-09-19,Google Play,Customer Review,https://play.google.com/store/apps/details?id=team.opay.pay&hl=en&gl=ng
7a500c24-d2a0-44b3-95ca-3ea3f4bad5bd,OPay,good,5,2026-09-19,Google Play,Customer Review,https://play.google.com/store/apps/details?id=team.opay.pay&hl=en&gl=ng
5cdb1c97-3e10-408b-a724-e2720aa8cf51,OPay,very active,5,2026-09-19,Google Play,Customer Review,https://play.google.com/store/apps/details?id=team.opay.pay&hl=en&gl=ng
935778f9-aef6-4927-b779-ed730fa53606,OPay,best online banking ever,5,2026-09-19,Google Play,Customer Review,https://play.google.com/store/apps/details?id=team.opay.pay&hl=en&gl=ng
98ada488-039d-4b34-af58-aa5df5ca6674,OPay,excellent,5,2026-09-19,Google Play,Customer Review,https://play.google.com/store/apps/details?id=team.opay.pay&hl=en&gl=ng
277f8277-9271-43e9-b24c-5894c1b1d379,OPay,"Exceptional banking experience, no delays in service delivery. It's a bank I've come to trust.",5,2026-09-19,Google Play,Customer Review,https://play.google.com/store/apps/details?id=team.opay.pay&hl=en&gl=ng
7ddf71b6-2a54-43c3-ae8f-6fe6346e0784,OPay,"Stressfree, transactions",5,2026-09-19,Google Play,Customer Review,https://play.google.com/store/apps/details?id=team.opay.pay&hl=en&gl=ng
96c65a6a-e537-480a-8a7e-096dd537da51,OPay,it is a very reliable app to use,5,2026-09-19,Google Play,Customer Review,https://play.google.com/store/apps/details?id=team.opay.pay&hl=en&gl=ng
01bee123-74cf-40a4-b471-276644fd3d86,OPay,excellent,5,2026-09-19,Google Play,Customer Review,https://play.google.com/store/apps/details?id=team.opay.pay&hl=en&gl=ng
f84c8663-d4f0-499f-ba22-76943e832cb0,OPay,I love the app because it's very easy and convenient no delay in transaction. but they can finish your battery with call's even if you loan is three to four days before due date they will frustrate you with call's 😂😂😂,5,2026-09-19,Google Play,Customer Review,https://play.google.com/store/apps/details?id=team.opay.pay&hl=en&gl=ng
3fef8b3b-0df0-4fe7-b1f6-8f7926f5b70a,OPay,u are not nice,1,2026-09-19,Google Play,Customer Review,https://play.google.com/store/apps/details?id=team.opay.pay&hl=en&gl=ng
480ba776-d39c-4ecc-a6ce-90ab05460dda,OPay,sweet 🙂,5,2026-09-19,Google Play,Customer Review,https://play.google.com/store/apps/details?id=team.opay.pay&hl=en&gl=ng
e80134e4-50c0-4d7a-b272-880d2644b5c4,OPay,always on top,5,2026-09-19,Google Play,Customer Review,https://play.google.com/store/apps/details?id=team.opay.pay&hl=en&gl=ng
11750ba6-9145-4180-b19e-48f5f442e946,OPay,is good and reliable,5,2026-09-19,Google Play,Customer Review,https://play.google.com/store/apps/details?id=team.opay.pay&hl=en&gl=ng
52c73bc1-84ed-4580-a885-4f552810c2dc,OPay,this is an easy at home work and it's faster,4,2026-09-19,Google Play,Customer Review,https://play.google.com/store/apps/details?id=team.opay.pay&hl=en&gl=ng
625fab64-1cdb-4904-a38a-37dc2e49e328,OPay,100/10 👍,5,2026-09-19,Google Play,Customer Review,https://play.google.com/store/apps/details?id=team.opay.pay&hl=en&gl=ng
e9c34efc-e22e-4ad6-9c2b-9d31b5909e54,OPay,it is very easy to navigate,5,2026-09-19,Google Play,Customer Review,https://play.google.com/store/apps/details?id=team.opay.pay&hl=en&gl=ng
7665783f-9ceb-4845-842a-07bc65385b42,OPay,"THIS APP MAKES TRANSACTIONS SMOOTH AND EFFORTLESS , I'VE NEVER HAD ANY REASON TO USE THE CUSTOMER SERVICE THO COS I'VE NEVER HAD , IT'S THE BEST I'VE EVER COME ACROSS BUT I WOULD SUGGEST YOU ADD ""POCKET"" FEATURES LIKE KUDA, SO SOMEONE CAN GROUP THEIR MONEY AND BE ABLE TO MANAGE THEIR MONEY MORE EASILY AND BETTER, YOU GUYS ARE DOING A GREAT JOB, I HOPE THE DEVELOPERS CAN INCLUDE THAT FEATURE, IT'S THE ONLY THING I KNOW THE APP IS MISSING TO BE PERFECT, BUT YOU GUYS ARE DOING A FANTASTIC JOB",5,2026-09-19,Google Play,Customer Review,https://play.google.com/store/apps/details?id=team.opay.pay&hl=en&gl=ng
9f51362c-0612-4b35-8c4f-1895d7a8da63,OPay,exceptional,5,2026-09-19,Google Play,Customer Review,https://play.google.com/store/apps/details?id=team.opay.pay&hl=en&gl=ng
39c54c61-76d8-4e80-a77a-23db67f9ab6a,OPay,opay is an amazing app I recommend it,5,2026-09-19,Google Play,Customer Review,https://play.google.com/store/apps/details?id=team.opay.pay&hl=en&gl=ng
06d84600-bfd9-4813-807c-2045462f3228,OPay,opay is top notch 🤩🔥,5,2026-09-19,Google Play,Customer Review,https://play.google.com/store/apps/details?id=team.opay.pay&hl=en&gl=ng
44b5d4bc-b061-41ef-b007-54d9689c2ee6,OPay,Thanks for your concern for we Nigerian,5,2026-09-19,Google Play,Customer Review,https://play.google.com/store/apps/details?id=team.opay.pay&hl=en&gl=ng
2a9af877-14f8-40ec-976a-0aba1cd544e6,OPay,very good and reliable,5,2026-09-19,Google Play,Customer Review,https://play.google.com/store/apps/details?id=team.opay.pay&hl=en&gl=ng
49d31473-36e0-4853-b1d6-39e3c8cd5a04,OPay,very much easy,5,2026-09-19,Google Play,Customer Review,https://play.google.com/store/apps/details?id=team.opay.pay&hl=en&gl=ng
1ad61a4e-7d50-40ed-971a-59c0644b061e,OPay,the app is really nice,5,2026-09-19,Google Play,Customer Review,https://play.google.com/store/apps/details?id=team.opay.pay&hl=en&gl=ng
e5ba9a64-04a9-4b8c-aa56-e6079d68bae5,OPay,It's a great app,5,2026-09-19,Google Play,Customer Review,https://play.google.com/store/apps/details?id=team.opay.pay&hl=en&gl=ng
2c08bd4d-f8fe-48cc-80b8-dad0d55e3114,OPay,transaction made easy,5,2026-09-19,Google Play,Customer Review,https://play.google.com/store/apps/details?id=team.opay.pay&hl=en&gl=ng
e877ea4e-fab1-4a4c-87dd-565ebb66e4d9,OPay,good,5,2026-09-19,Google Play,Customer Review,https://play.google.com/store/apps/details?id=team.opay.pay&hl=en&gl=ng
fde4a739-80f3-43f1-b7e7-480067eab647,OPay,"Annoying ads appear in the notifications(promotional banner). Please stop it. Very disappointing. Below is the response received via email, which means it's intentional😡 ......................................................... Please be informed that the promotional banner displayed on your OPay application is system-generated and cannot be disabled manually. 😥",1,2026-09-19,Google Play,Customer Review,https://play.google.com/store/apps/details?id=team.opay.pay&hl=en&gl=ng
c3d41158-44e7-46e9-ac53-5970ad011195,OPay,I like this bank is the best that I ever seen in this world,5,2026-09-19,Google Play,Customer Review,https://play.google.com/store/apps/details?id=team.opay.pay&hl=en&gl=ng
07bced5b-5adc-4dd1-9762-01262dd7d5e0,OPay,good 👍😊,5,2026-09-19,Google Play,Customer Review,https://play.google.com/store/apps/details?id=team.opay.pay&hl=en&gl=ng
aa7469c5-210c-41f3-ae73-4b6aa3f377ea,OPay,fast,5,2026-09-19,Google Play,Customer Review,https://play.google.com/store/apps/details?id=team.opay.pay&hl=en&gl=ng
ed3881b0-ae60-4f58-99a9-b6334185cf05,OPay,Excellent financial service,5,2026-09-19,Google Play,Customer Review,https://play.google.com/store/apps/details?id=team.opay.pay&hl=en&gl=ng
46689c4a-5823-46c7-a29c-e735a6454ca7,OPay,seamless,5,2026-09-19,Google Play,Customer Review,https://play.google.com/store/apps/details?id=team.opay.pay&hl=en&gl=ng
7beaff6b-974e-4364-9c1e-cca34ad9740b,OPay,is a very nice app,5,2026-09-19,Google Play,Customer Review,https://play.google.com/store/apps/details?id=team.opay.pay&hl=en&gl=ng
2f1749a4-b4fd-4e7a-9d39-e90870364d5d,OPay,Am always used the app before,5,2026-09-19,Google Play,Customer Review,https://play.google.com/store/apps/details?id=team.opay.pay&hl=en&gl=ng
b48995d4-7e87-4928-a678-6cc9e429752d,OPay,This App is the Best,5,2026-09-19,Google Play,Customer Review,https://play.google.com/store/apps/details?id=team.opay.pay&hl=en&gl=ng
f1124b0e-5501-474f-99ef-7a6960b7b192,OPay,very good and it's easy to use.,5,2026-09-19,Google Play,Customer Review,https://play.google.com/store/apps/details?id=team.opay.pay&hl=en&gl=ng
b8d60a9d-a27a-4e67-afea-fed991d34920,OPay,so special,5,2026-09-19,Google Play,Customer Review,https://play.google.com/store/apps/details?id=team.opay.pay&hl=en&gl=ng
143ca163-9efb-4e96-81a3-ccfa913f1755,OPay,great 👍,4,2026-09-19,Google Play,Customer Review,https://play.google.com/store/apps/details?id=team.opay.pay&hl=en&gl=ng
577ecaac-9367-4d84-82b3-0c13d36d364d,OPay,Smooth and fast transaction,5,2026-09-19,Google Play,Customer Review,https://play.google.com/store/apps/details?id=team.opay.pay&hl=en&gl=ng
351b913f-91db-4383-a250-945fdaee4138,OPay,opay people stop fussing someone to borrow money your generation people they don't need money borrow your Generation first before anyone opay o Kash scammers opay and o Kash fussing someone's life wish Nigeria government should abandoned this opay and o Kash This is the chance I have to write this message opay and o Kash be very careful you stupid people thunder from above will strike you people ok they carry enter here to come and comment on add them star by fussing ooo thunder will strike you,1,2026-09-19,Google Play,Customer Review,https://play.google.com/store/apps/details?id=team.opay.pay&hl=en&gl=ng
c6ab4b9e-71fa-4ab1-8409-203cc19dcf00,OPay,savings,5,2026-09-19,Google Play,Customer Review,https://play.google.com/store/apps/details?id=team.opay.pay&hl=en&gl=ng
780315a6-fb19-4c99-a541-9d0c5fcbfe95,OPay,very nice,4,2026-09-19,Google Play,Customer Review,https://play.google.com/store/apps/details?id=team.opay.pay&hl=en&gl=ng
672e7a27-a5ed-48ef-82d9-a8cbabbe5de1,OPay,good,5,2026-09-19,Google Play,Customer Review,https://play.google.com/store/apps/details?id=team.opay.pay&hl=en&gl=ng
a799c90f-f9af-4f0b-a0af-996a54ba0363,OPay,NIRALAWAL,1,2026-09-19,Google Play,Customer Review,https://play.google.com/store/apps/details?id=team.opay.pay&hl=en&gl=ng
bdeb7b31-7005-4571-9801-8ca89a32fdbf,OPay,Opay is the best,5,2026-09-19,Google Play,Customer Review,https://play.google.com/store/apps/details?id=team.opay.pay&hl=en&gl=ng
c3516e34-0dec-46ba-86f4-2fb666245061,OPay,my emeka Blessing,5,2026-09-19,Google Play,Customer Review,https://play.google.com/store/apps/details?id=team.opay.pay&hl=en&gl=ng
457a1085-cffe-4f64-bd7e-14957921adb4,OPay,opay is awesome,5,2026-09-19,Google Play,Customer Review,https://play.google.com/store/apps/details?id=team.opay.pay&hl=en&gl=ng
b0acaf66-d22e-48b6-bf87-6b374df939a9,OPay,👌,5,2026-09-19,Google Play,Customer Review,https://play.google.com/store/apps/details?id=team.opay.pay&hl=en&gl=ng
60bddb93-194b-4983-88e3-038966ef813b,OPay,very good app,5,2026-09-19,Google Play,Customer Review,https://play.google.com/store/apps/details?id=team.opay.pay&hl=en&gl=ng
f110b67d-9f6d-4814-a7a3-865cd5ec683a,OPay,I love Opay because I found it useful to me and my money is safe and secure with Opay,5,2026-09-19,Google Play,Customer Review,https://play.google.com/store/apps/details?id=team.opay.pay&hl=en&gl=ng
5b9ecbb7-0118-4ef4-aef6-89f69a8f0d23,OPay,fascinating,5,2026-09-19,Google Play,Customer Review,https://play.google.com/store/apps/details?id=team.opay.pay&hl=en&gl=ng
58b100a7-64df-408b-b39a-9a48864c2e38,OPay,very fast and reliable and trustworthy,5,2026-09-19,Google Play,Customer Review,https://play.google.com/store/apps/details?id=team.opay.pay&hl=en&gl=ng
f9c08191-3d20-4033-a378-a4032c4cddc8,OPay,it was perfect,5,2026-09-19,Google Play,Customer Review,https://play.google.com/store/apps/details?id=team.opay.pay&hl=en&gl=ng
4430cfd9-3cb2-4b4e-8fe9-7eaf582cb627,OPay,very good to be with,5,2026-09-19,Google Play,Customer Review,https://play.google.com/store/apps/details?id=team.opay.pay&hl=en&gl=ng
a8f5f4a5-77bd-493e-b1c3-598cc3566b7b,OPay,Why so many gambling platforms linked?,1,2026-09-19,Google Play,Customer Review,https://play.google.com/store/apps/details?id=team.opay.pay&hl=en&gl=ng
6c6978aa-05fb-461b-81cb-a62190e06197,OPay,the best ever,5,2026-09-19,Google Play,Customer Review,https://play.google.com/store/apps/details?id=team.opay.pay&hl=en&gl=ng
692a5d51-eb1a-4446-a5cd-cb781b072202,OPay,Opay is just the best.,5,2026-09-19,Google Play,Customer Review,https://play.google.com/store/apps/details?id=team.opay.pay&hl=en&gl=ng
97386ebe-e76f-4ec5-b530-7d35b6c221f4,OPay,truck driver,5,2026-09-19,Google Play,Customer Review,https://play.google.com/store/apps/details?id=team.opay.pay&hl=en&gl=ng
b7fd1a8a-50fc-4b3d-9e42-cda60045d247,OPay,love,5,2026-09-18,Google Play,Customer Review,https://play.google.com/store/apps/details?id=team.opay.pay&hl=en&gl=ng
3971e2a8-98bf-4219-975b-07bf2c127673,OPay,Very reliable,5,2026-09-18,Google Play,Customer Review,https://play.google.com/store/apps/details?id=team.opay.pay&hl=en&gl=ng
f3efc949-786a-48d7-acbd-a737c3344e9b,OPay,superb,5,2026-09-18,Google Play,Customer Review,https://play.google.com/store/apps/details?id=team.opay.pay&hl=en&gl=ng
e869de9f-1239-41ed-820f-1adf7ec2a43b,OPay,I love this opay app the best micro finance bank ever 👏,5,2026-09-18,Google Play,Customer Review,https://play.google.com/store/apps/details?id=team.opay.pay&hl=en&gl=ng
bb7a1a8f-cf3f-497e-b3fd-8d92f09139ea,OPay,good,5,2026-09-18,Google Play,Customer Review,https://play.google.com/store/apps/details?id=team.opay.pay&hl=en&gl=ng
03296aa1-f824-41d7-a950-422adbd5481a,OPay,good,5,2026-09-18,Google Play,Customer Review,https://play.google.com/store/apps/details?id=team.opay.pay&hl=en&gl=ng
2690823d-f0fc-4abc-bc76-13cb882ca5a9,OPay,Best Banking app ever,5,2026-09-18,Google Play,Customer Review,https://play.google.com/store/apps/details?id=team.opay.pay&hl=en&gl=ng
f63de4ed-12ef-4ab6-ba63-45def3960a25,OPay,love it,5,2026-09-18,Google Play,Customer Review,https://play.google.com/store/apps/details?id=team.opay.pay&hl=en&gl=ng
9c679e47-a439-46ea-a900-4cfd731a3988,OPay,"opay, a friend in need is a friend indeed",5,2026-09-18,Google Play,Customer Review,https://play.google.com/store/apps/details?id=team.opay.pay&hl=en&gl=ng
49c05572-8949-4860-92ab-d2d4b9761199,OPay,great,5,2026-09-18,Google Play,Customer Review,https://play.google.com/store/apps/details?id=team.opay.pay&hl=en&gl=ng
33f0bfdc-9382-4cac-a602-dc17b3800194,OPay,I love opay good tranfer free bonus good saving,5,2026-09-18,Google Play,Customer Review,https://play.google.com/store/apps/details?id=team.opay.pay&hl=en&gl=ng
c9774044-c811-4fe5-8568-5b57264174a4,OPay,"Opay is safe and reliable, smooth transactions.",5,2026-09-18,Google Play,Customer Review,https://play.google.com/store/apps/details?id=team.opay.pay&hl=en&gl=ng
2d99c7f9-9e77-4cad-b4ec-74ba84c2b1fc,OPay,salamaoooo,3,2026-09-18,Google Play,Customer Review,https://play.google.com/store/apps/details?id=team.opay.pay&hl=en&gl=ng
4c0ebc7b-bada-4e5c-9e8b-7e19b2ed762a,OPay,Nice good,5,2026-09-18,Google Play,Customer Review,https://play.google.com/store/apps/details?id=team.opay.pay&hl=en&gl=ng
00394331-7824-4564-8613-e162b6517e78,OPay,nice bank,5,2026-09-18,Google Play,Customer Review,https://play.google.com/store/apps/details?id=team.opay.pay&hl=en&gl=ng
4cadffa1-c0a1-4bfa-93d3-7285ccf78120,OPay,"easy, fast and reliable",5,2026-09-18,Google Play,Customer Review,https://play.google.com/store/apps/details?id=team.opay.pay&hl=en&gl=ng
7121cf0b-723e-4c9e-ba79-85b0d05605d3,OPay,cool,5,2026-09-18,Google Play,Customer Review,https://play.google.com/store/apps/details?id=team.opay.pay&hl=en&gl=ng
da039850-6e6e-42f9-824a-23c8d3c17565,OPay,i love opsy,5,2026-09-18,Google Play,Customer Review,https://play.google.com/store/apps/details?id=team.opay.pay&hl=en&gl=ng
d6210151-ca99-4060-a5a9-b81b0f6f1052,OPay,best app for daily transaction,5,2026-09-18,Google Play,Customer Review,https://play.google.com/store/apps/details?id=team.opay.pay&hl=en&gl=ng
ffad8435-e315-4b69-9416-c31ae8a23031,OPay,good,4,2026-09-18,Google Play,Customer Review,https://play.google.com/store/apps/details?id=team.opay.pay&hl=en&gl=ng
0fb1d8e8-6474-4b6b-81d6-c968912c6825,OPay,wonderful,5,2026-09-18,Google Play,Customer Review,https://play.google.com/store/apps/details?id=team.opay.pay&hl=en&gl=ng
03819ca3-0722-4e44-9e3a-0a2c2687532e,OPay,so amazing,5,2026-09-18,Google Play,Customer Review,https://play.google.com/store/apps/details?id=team.opay.pay&hl=en&gl=ng
1fbe999f-5f4f-4b75-8c9c-d9201ad21cc3,OPay,best among best,5,2026-09-18,Google Play,Customer Review,https://play.google.com/store/apps/details?id=team.opay.pay&hl=en&gl=ng
fe00ad68-e6f7-4960-b818-5cc269873655,OPay,best among the best 🩵🤍,5,2026-09-18,Google Play,Customer Review,https://play.google.com/store/apps/details?id=team.opay.pay&hl=en&gl=ng
43d73f3b-a924-4b52-97f0-c0c4cf7d4b83,OPay,Good app,5,2026-09-18,Google Play,Customer Review,https://play.google.com/store/apps/details?id=team.opay.pay&hl=en&gl=ng
b7f67262-4a7b-47ef-bf4c-1ca7cedacec3,OPay,aminu aliyu,4,2026-09-18,Google Play,Customer Review,https://play.google.com/store/apps/details?id=team.opay.pay&hl=en&gl=ng
e3ee117d-7ca6-44e0-87a1-b07231bfa331,OPay,good for me,5,2026-09-18,Google Play,Customer Review,https://play.google.com/store/apps/details?id=team.opay.pay&hl=en&gl=ng
74b8c0d5-e169-4a1e-b78a-b996b7481ee1,OPay,very fast and friendly and reliable,5,2026-09-18,Google Play,Customer Review,https://play.google.com/store/apps/details?id=team.opay.pay&hl=en&gl=ng
77c0900a-30be-4462-b2ea-8ee9c838e099,OPay,the best I ever had. no issues at all thank you Opay ♥️,5,2026-09-18,Google Play,Customer Review,https://play.google.com/store/apps/details?id=team.opay.pay&hl=en&gl=ng
8c8bed81-7d50-47c2-95af-7820bd6540ec,OPay,nice and easy going,5,2026-09-18,Google Play,Customer Review,https://play.google.com/store/apps/details?id=team.opay.pay&hl=en&gl=ng
578f2b8a-c834-47ce-8992-b77fae9e31ca,OPay,excellent,5,2026-09-18,Google Play,Customer Review,https://play.google.com/store/apps/details?id=team.opay.pay&hl=en&gl=ng
350286e3-bb1f-4a0a-b606-56a9691dd221,OPay,very good strong and courageous also excellent,5,2026-09-18,Google Play,Customer Review,https://play.google.com/store/apps/details?id=team.opay.pay&hl=en&gl=ng
8a30f2bc-2c22-480d-b4d7-0c9ccfa9a09f,OPay,"all transactions are credible and I can depend on opay , though once in a while there maybe net work issues but it it dependable , I use opay more than my regular bank .",5,2026-09-18,Google Play,Customer Review,https://play.google.com/store/apps/details?id=team.opay.pay&hl=en&gl=ng
48b1a61f-d0b9-4ec5-b3ed-3aa6a24ede65,OPay,it's the best,5,2026-09-18,Google Play,Customer Review,https://play.google.com/store/apps/details?id=team.opay.pay&hl=en&gl=ng
a0ee246e-9356-41b4-8ad0-ecc51efebedd,OPay,just started using it,3,2026-09-18,Google Play,Customer Review,https://play.google.com/store/apps/details?id=team.opay.pay&hl=en&gl=ng
29550f84-d3c3-48f6-a853-42e13a250260,OPay,"No dulling moments, perfect for me.",4,2026-09-18,Google Play,Customer Review,https://play.google.com/store/apps/details?id=team.opay.pay&hl=en&gl=ng
4489ca0c-b1c4-4c3d-a2f5-0e9653634bba,OPay,opay is the best,5,2026-09-18,Google Play,Customer Review,https://play.google.com/store/apps/details?id=team.opay.pay&hl=en&gl=ng
790bd302-fb2b-4ab5-87ba-4eeb1f770571,OPay,so so good,5,2026-09-18,Google Play,Customer Review,https://play.google.com/store/apps/details?id=team.opay.pay&hl=en&gl=ng
af608c89-efb7-4bf2-bf75-aab0d3790433,OPay,𝗢𝗽𝗮𝘆 𝗜𝘀 𝗪𝗼𝗻𝗱𝗲𝗿𝗳𝘂𝗹 𝗜 𝗿𝗲𝗰𝗼𝗺𝗺𝗲𝗻𝗱 𝘆𝗼𝘂 𝘁𝗼 𝗱𝗼𝘄𝗹𝗼𝗮𝗱 𝗺𝘂𝗰𝗵 𝗹𝗼𝘃𝗲,5,2026-09-18,Google Play,Customer Review,https://play.google.com/store/apps/details?id=team.opay.pay&hl=en&gl=ng
1ce7f5a4-e62d-49aa-b7e0-f94f00234678,OPay,I love to use OPAY because they are my choices for Bank,5,2026-09-18,Google Play,Customer Review,https://play.google.com/store/apps/details?id=team.opay.pay&hl=en&gl=ng
7169b83d-898e-412c-a671-ccec67c3454b,OPay,"very reliable, fast transfer and good for savings",5,2026-09-18,Google Play,Customer Review,https://play.google.com/store/apps/details?id=team.opay.pay&hl=en&gl=ng
33eb41a3-566e-41b0-89c1-3bb0cabaadf6,OPay,very impressive,5,2026-09-18,Google Play,Customer Review,https://play.google.com/store/apps/details?id=team.opay.pay&hl=en&gl=ng
7842ece8-0a64-4e0b-a63e-ee4b6f99e06a,OPay,very great and reliable I have use it over 5 years I started from saving money to this time,5,2026-09-18,Google Play,Customer Review,https://play.google.com/store/apps/details?id=team.opay.pay&hl=en&gl=ng
97954e70-cd3e-4f6d-a382-a782eb8567d4,OPay,you are the best,5,2026-09-18,Google Play,Customer Review,https://play.google.com/store/apps/details?id=team.opay.pay&hl=en&gl=ng
0f7f23eb-d276-401c-ba86-6cdd2fb16677,OPay,yikes we tyy the airport,5,2026-09-18,Google Play,Customer Review,https://play.google.com/store/apps/details?id=team.opay.pay&hl=en&gl=ng
00b69142-3da1-48c7-a5f7-44653d186993,OPay,Nothing bad,5,2026-09-18,Google Play,Customer Review,https://play.google.com/store/apps/details?id=team.opay.pay&hl=en&gl=ng
4fe78d1e-762d-4869-b624-858f7de3d8f6,OPay,it good ooo,5,2026-09-18,Google Play,Customer Review,https://play.google.com/store/apps/details?id=team.opay.pay&hl=en&gl=ng
7a0187ba-6b3a-4b93-8378-7b377f27dbe4,OPay,"so easy and dependable,I love the app",5,2026-09-18,Google Play,Customer Review,https://play.google.com/store/apps/details?id=team.opay.pay&hl=en&gl=ng
5acede4a-3203-442e-9703-050b584502d2,OPay,"i truly love opay, it's by far the best mobile banking, but keep improving",4,2026-09-18,Google Play,Customer Review,https://play.google.com/store/apps/details?id=team.opay.pay&hl=en&gl=ng
26ade803-b4a0-4779-bea7-c991710a7bf7,OPay,speed transfer,5,2026-09-18,Google Play,Customer Review,https://play.google.com/store/apps/details?id=team.opay.pay&hl=en&gl=ng
9d497bbb-d188-41b9-b3b5-88bdefec5d09,OPay,It's superfluous with transactional swiftness.,5,2026-09-18,Google Play,Customer Review,https://play.google.com/store/apps/details?id=team.opay.pay&hl=en&gl=ng
7b26ee4e-6dd9-49ff-abff-c77a7869a828,OPay,The people's choice,5,2026-09-18,Google Play,Customer Review,https://play.google.com/store/apps/details?id=team.opay.pay&hl=en&gl=ng
2e70f747-856d-4027-8bbf-664bff2ee301,OPay,Very good,5,2026-09-18,Google Play,Customer Review,https://play.google.com/store/apps/details?id=team.opay.pay&hl=en&gl=ng
70f4d245-eba5-4945-bd6d-820515e1c892,OPay,A very good app,5,2026-09-18,Google Play,Customer Review,https://play.google.com/store/apps/details?id=team.opay.pay&hl=en&gl=ng
011a325c-ace9-45f3-94a9-23ad6f0935cb,OPay,Opay is Okay,5,2026-09-18,Google Play,Customer Review,https://play.google.com/store/apps/details?id=team.opay.pay&hl=en&gl=ng
f24c49bf-3ddf-457e-a9dd-de17e80f55a0,OPay,this is fast and reliable,4,2026-09-18,Google Play,Customer Review,https://play.google.com/store/apps/details?id=team.opay.pay&hl=en&gl=ng
ebd5ec1f-b80f-49af-98fa-3d4681f71141,OPay,so good,5,2026-09-18,Google Play,Customer Review,https://play.google.com/store/apps/details?id=team.opay.pay&hl=en&gl=ng
258475de-20d7-4926-a45c-2b5f8ed57590,OPay,easy to use and it fast and reliable,5,2026-09-18,Google Play,Customer Review,https://play.google.com/store/apps/details?id=team.opay.pay&hl=en&gl=ng
261f38d6-a3c6-47e4-8265-598e529c3d8e,OPay,saadu abubakar,5,2026-09-18,Google Play,Customer Review,https://play.google.com/store/apps/details?id=team.opay.pay&hl=en&gl=ng
4875b60a-fd8a-45f8-bba5-4060bf3ef57e,OPay,my play store is not able to download or update any app,1,2026-09-18,Google Play,Customer Review,https://play.google.com/store/apps/details?id=team.opay.pay&hl=en&gl=ng
e3616f65-2712-4221-bb19-b39e8f815087,OPay,Very easy and stress free Network very reliable and transactions hardly bounce back,5,2026-09-18,Google Play,Customer Review,https://play.google.com/store/apps/details?id=team.opay.pay&hl=en&gl=ng
0b1b08fc-8c43-441a-b9cb-0ea46377fa9b,OPay,OPAY IS SIMPLY THE BEST,5,2026-09-18,Google Play,Customer Review,https://play.google.com/store/apps/details?id=team.opay.pay&hl=en&gl=ng
856ce22b-1b75-490a-a2a2-9e5543bec0fd,OPay,You are good Everyone knows that.🥰😘❤️,5,2026-09-18,Google Play,Customer Review,https://play.google.com/store/apps/details?id=team.opay.pay&hl=en&gl=ng
f83626d2-93d1-49e9-b765-067991d10fcd,OPay,so great,5,2026-09-18,Google Play,Customer Review,https://play.google.com/store/apps/details?id=team.opay.pay&hl=en&gl=ng
bdd89109-1fb3-4924-8dde-23e83b4800bc,OPay,the best online bank,5,2026-09-18,Google Play,Customer Review,https://play.google.com/store/apps/details?id=team.opay.pay&hl=en&gl=ng
4cee3142-929e-4a12-bf47-b63e1cc6db21,OPay,very good.,5,2026-09-18,Google Play,Customer Review,https://play.google.com/store/apps/details?id=team.opay.pay&hl=en&gl=ng
9c5d69ad-0652-47c0-adac-7bad82e9656f,OPay,it's the best but they should implement more loan options,5,2026-09-18,Google Play,Customer Review,https://play.google.com/store/apps/details?id=team.opay.pay&hl=en&gl=ng
54e2396a-1f5d-44f2-ba9d-4ec2c478bb36,OPay,"it's one of the fastest in notification. love the financial aspect that promotes saving. l would love it, if there is also daily savings",5,2026-09-18,Google Play,Customer Review,https://play.google.com/store/apps/details?id=team.opay.pay&hl=en&gl=ng
20723f90-3472-4bcc-8497-c23796760112,OPay,lovely,4,2026-09-18,Google Play,Customer Review,https://play.google.com/store/apps/details?id=team.opay.pay&hl=en&gl=ng
7f8e4551-bb44-4d3b-8ed6-4e2e8e547066,OPay,good,5,2026-09-18,Google Play,Customer Review,https://play.google.com/store/apps/details?id=team.opay.pay&hl=en&gl=ng
724f8a03-e94e-4a0d-a236-ccf9395886d3,OPay,great Bank Ever,5,2026-09-18,Google Play,Customer Review,https://play.google.com/store/apps/details?id=team.opay.pay&hl=en&gl=ng
039ccec5-6c36-4a21-9e3e-865ed6b6fc73,OPay,great experience but work with the costumer service,5,2026-09-18,Google Play,Customer Review,https://play.google.com/store/apps/details?id=team.opay.pay&hl=en&gl=ng
ee5dde05-9954-4098-a816-37baac5a1f77,OPay,they are wonderful,5,2026-09-18,Google Play,Customer Review,https://play.google.com/store/apps/details?id=team.opay.pay&hl=en&gl=ng
16028d75-3567-4b6a-8399-fdce7b9bb929,OPay,superb,5,2026-09-18,Google Play,Customer Review,https://play.google.com/store/apps/details?id=team.opay.pay&hl=en&gl=ng
6f538707-6f7b-4c18-88a9-55082196e38c,OPay,This is an excellent app that ease transactions stress,5,2026-09-18,Google Play,Customer Review,https://play.google.com/store/apps/details?id=team.opay.pay&hl=en&gl=ng
ef760f08-caee-4197-8ef2-fd31717e05bf,OPay,fast and very good 👍👍👍👍,5,2026-09-18,Google Play,Customer Review,https://play.google.com/store/apps/details?id=team.opay.pay&hl=en&gl=ng
657997a6-9624-44f1-90ef-327e5701de19,OPay,the app was so good in both transaction fast and reliable and easy to use,5,2026-09-18,Google Play,Customer Review,https://play.google.com/store/apps/details?id=team.opay.pay&hl=en&gl=ng
3b866cdb-023f-4f52-b901-d07960326239,OPay,it's so nice 😊🙂,5,2026-09-18,Google Play,Customer Review,https://play.google.com/store/apps/details?id=team.opay.pay&hl=en&gl=ng
8992377f-91de-45d7-b00d-da045e3a45c6,OPay,good,5,2026-09-18,Google Play,Customer Review,https://play.google.com/store/apps/details?id=team.opay.pay&hl=en&gl=ng
c25cbc56-cb6f-4f27-9abe-ea8993b133c9,OPay,"opay is wonderful, with easy transactions.",5,2026-09-18,Google Play,Customer Review,https://play.google.com/store/apps/details?id=team.opay.pay&hl=en&gl=ng
8079ccf9-e697-4993-8467-f1c735706557,OPay,I feel save with opay,5,2026-09-18,Google Play,Customer Review,https://play.google.com/store/apps/details?id=team.opay.pay&hl=en&gl=ng
997ffc1a-d2a9-4f78-b29f-d72f7607c0ea,OPay,EXCELLENT,5,2026-09-18,Google Play,Customer Review,https://play.google.com/store/apps/details?id=team.opay.pay&hl=en&gl=ng
43474731-a4c6-434a-955d-c76b0bb15c20,OPay,very easy to use and very lovely,5,2026-09-18,Google Play,Customer Review,https://play.google.com/store/apps/details?id=team.opay.pay&hl=en&gl=ng
6b509aad-175a-49cb-8609-2165880494c7,OPay,poor network today,3,2026-09-18,Google Play,Customer Review,https://play.google.com/store/apps/details?id=team.opay.pay&hl=en&gl=ng
08b4f998-43ae-4199-8d9f-60edf14b745a,OPay,Excellent,5,2026-09-18,Google Play,Customer Review,https://play.google.com/store/apps/details?id=team.opay.pay&hl=en&gl=ng
57c925a3-041b-4e5d-81ca-72782843770a,OPay,I really appreciate you all,5,2026-09-18,Google Play,Customer Review,https://play.google.com/store/apps/details?id=team.opay.pay&hl=en&gl=ng
ead2046a-8513-4d43-a546-bb2f8982a1a2,OPay,opay is the best online banking in Nigeria very reliable and easy to use thanks so much Opay,5,2026-09-18,Google Play,Customer Review,https://play.google.com/store/apps/details?id=team.opay.pay&hl=en&gl=ng
ffaa979a-274a-44a8-b753-c13db94026ed,OPay,exceptional,5,2026-09-18,Google Play,Customer Review,https://play.google.com/store/apps/details?id=team.opay.pay&hl=en&gl=ng
2c13fbff-dea7-47f7-bde5-d1079b76be36,OPay,"excellent, very reliable and fast",5,2026-09-18,Google Play,Customer Review,https://play.google.com/store/apps/details?id=team.opay.pay&hl=en&gl=ng
c08e6f1d-5d67-475c-9cd3-02caee11ee96,OPay,Excellent,5,2026-09-18,Google Play,Customer Review,https://play.google.com/store/apps/details?id=team.opay.pay&hl=en&gl=ng
bd4dabe7-7080-416e-bb1f-987a4306794d,OPay,"It's a really nice apps to use. Since I started using it, I've not had reason to doubt opays credibility. kudos to you and all your team.",4,2026-09-18,Google Play,Customer Review,https://play.google.com/store/apps/details?id=team.opay.pay&hl=en&gl=ng
7afeeece-6f7f-4b0a-b3fd-f631e265bc45,OPay,very good,5,2026-09-18,Google Play,Customer Review,https://play.google.com/store/apps/details?id=team.opay.pay&hl=en&gl=ng
71cf2ee2-16b1-4c67-9d94-1d23d3dded7f,OPay,best ever,5,2026-09-18,Google Play,Customer Review,https://play.google.com/store/apps/details?id=team.opay.pay&hl=en&gl=ng
6476bbb5-59bd-46cf-9d33-0a255a65a220,OPay,Superb,5,2026-09-18,Google Play,Customer Review,https://play.google.com/store/apps/details?id=team.opay.pay&hl=en&gl=ng
81c69c6f-f183-4209-a893-7ad85cb001e4,OPay,exceptional,5,2026-09-18,Google Play,Customer Review,https://play.google.com/store/apps/details?id=team.opay.pay&hl=en&gl=ng
a49e60bc-31f4-4879-ba0e-b811a9a3ce29,OPay,fast and reliable,5,2026-09-18,Google Play,Customer Review,https://play.google.com/store/apps/details?id=team.opay.pay&hl=en&gl=ng
b51737b2-7f77-498c-a2f4-a8827889c76b,OPay,very goo,3,2026-09-18,Google Play,Customer Review,https://play.google.com/store/apps/details?id=team.opay.pay&hl=en&gl=ng
6c45b743-71f0-471c-b0ee-f5fc84b0fce2,OPay,scam,1,2026-09-18,Google Play,Customer Review,https://play.google.com/store/apps/details?id=team.opay.pay&hl=en&gl=ng
5ed7d6ae-0542-42b5-afa3-9f4178aa3d7e,OPay,The best of them all!,5,2026-09-18,Google Play,Customer Review,https://play.google.com/store/apps/details?id=team.opay.pay&hl=en&gl=ng
b1f78b99-6bdc-4b19-a23f-9603ee634709,OPay,Excellent service,5,2026-09-18,Google Play,Customer Review,https://play.google.com/store/apps/details?id=team.opay.pay&hl=en&gl=ng
f4ba5d86-9783-4920-8d92-22c38f471630,OPay,excellent 👌👍,5,2026-09-18,Google Play,Customer Review,https://play.google.com/store/apps/details?id=team.opay.pay&hl=en&gl=ng
8ad05c2c-1a03-4b1f-8218-915915b52301,OPay,Just the Best. No competition. Simple,5,2026-09-18,Google Play,Customer Review,https://play.google.com/store/apps/details?id=team.opay.pay&hl=en&gl=ng
d2cf9f5f-0d22-4fe2-8c6f-7848a281f820,OPay,excellent,5,2026-09-18,Google Play,Customer Review,https://play.google.com/store/apps/details?id=team.opay.pay&hl=en&gl=ng
390c45d5-b24b-49b6-9dc8-c98972f41170,OPay,"Fast app, clean UI, smooth, and easy to use. Definitely one of the best banking apps out there.",5,2026-09-18,Google Play,Customer Review,https://play.google.com/store/apps/details?id=team.opay.pay&hl=en&gl=ng
a6e08f36-b7b2-4fec-94f8-4fa2a287c1f5,OPay,Easy network flow.,5,2026-09-18,Google Play,Customer Review,https://play.google.com/store/apps/details?id=team.opay.pay&hl=en&gl=ng
f6a45786-84e6-40db-99c7-944b04ad2e62,OPay,"poor bill payment, in fact it is terrible especially electricity.",4,2026-09-18,Google Play,Customer Review,https://play.google.com/store/apps/details?id=team.opay.pay&hl=en&gl=ng
044c3e64-5354-4a3b-a0b8-0364a16c9890,OPay,"wonderful banking experience,fast and efficient.",5,2026-09-18,Google Play,Customer Review,https://play.google.com/store/apps/details?id=team.opay.pay&hl=en&gl=ng
a350c586-7140-40ab-9bbd-203c5c140c55,OPay,very fast and reliable,3,2026-09-18,Google Play,Customer Review,https://play.google.com/store/apps/details?id=team.opay.pay&hl=en&gl=ng
c6f2a09c-92cd-4927-8ae5-37adcf13ddc5,OPay,safe and smooth,5,2026-09-18,Google Play,Customer Review,https://play.google.com/store/apps/details?id=team.opay.pay&hl=en&gl=ng
1965e4b6-250b-4f61-a45a-ca866d7ee536,OPay,Best💥💥💥,5,2026-09-18,Google Play,Customer Review,https://play.google.com/store/apps/details?id=team.opay.pay&hl=en&gl=ng
b1dabc72-7022-4c30-b097-7907f2f3338f,OPay,Excellently good,4,2026-09-18,Google Play,Customer Review,https://play.google.com/store/apps/details?id=team.opay.pay&hl=en&gl=ng
61f1bf58-c57d-4e31-84c6-496c5c5c0eb9,OPay,excellent performance,5,2026-09-18,Google Play,Customer Review,https://play.google.com/store/apps/details?id=team.opay.pay&hl=en&gl=ng
7ee82dbd-fe29-4a6a-b2ca-cc42dbc53580,OPay,"it's a wonder app, quite easy to use",5,2026-09-18,Google Play,Customer Review,https://play.google.com/store/apps/details?id=team.opay.pay&hl=en&gl=ng
dc30ed40-2854-47a8-a34b-f1873979a7f8,OPay,I love opay,5,2026-09-18,Google Play,Customer Review,https://play.google.com/store/apps/details?id=team.opay.pay&hl=en&gl=ng
031be8e5-dff0-4c82-961f-7aa8a89572f3,OPay,excellence,5,2026-09-18,Google Play,Customer Review,https://play.google.com/store/apps/details?id=team.opay.pay&hl=en&gl=ng
4375b1be-0a5a-4737-93a9-daf493b06752,OPay,is very good,5,2026-09-18,Google Play,Customer Review,https://play.google.com/store/apps/details?id=team.opay.pay&hl=en&gl=ng
24f6e97f-2e94-4ea1-91b8-6d853195e041,OPay,fast and reliable,5,2026-09-18,Google Play,Customer Review,https://play.google.com/store/apps/details?id=team.opay.pay&hl=en&gl=ng
4ddf7f75-553b-4d73-87a0-cc692421781c,OPay,"opay makes my world different, now i can do transfer seamlessly no network issues or bouncing back, thank you opay for making out digital world easy",5,2026-09-18,Google Play,Customer Review,https://play.google.com/store/apps/details?id=team.opay.pay&hl=en&gl=ng
7c72cd89-c96e-46e4-ab07-d679e2185779,OPay,it is the fast where of communicating financially,5,2026-09-18,Google Play,Customer Review,https://play.google.com/store/apps/details?id=team.opay.pay&hl=en&gl=ng
2ae77f9a-d2d5-475e-8cb7-c14f420639ab,OPay,fast and efficient in service delivery,5,2026-09-18,Google Play,Customer Review,https://play.google.com/store/apps/details?id=team.opay.pay&hl=en&gl=ng
9a082227-5ccf-4e03-a22a-ad0c8954e0d7,OPay,good experience so far,5,2026-09-18,Google Play,Customer Review,https://play.google.com/store/apps/details?id=team.opay.pay&hl=en&gl=ng
82b54680-4e1d-439e-97ac-678b54519ab9,OPay,"> I must commend OPay. Your transfer service and network are top notch. Transactions are swift, seamless and always successful. You have set a standard for others to follow. Keep it up",5,2026-09-18,Google Play,Customer Review,https://play.google.com/store/apps/details?id=team.opay.pay&hl=en&gl=ng
018f7dee-79a6-4b64-b6d9-c5028b918098,OPay,Excellent,5,2026-09-18,Google Play,Customer Review,https://play.google.com/store/apps/details?id=team.opay.pay&hl=en&gl=ng
ab64dc22-26c4-44ad-8dbe-2f6be4e75dec,OPay,wonderful,5,2026-09-18,Google Play,Customer Review,https://play.google.com/store/apps/details?id=team.opay.pay&hl=en&gl=ng
2070175d-9d03-4b61-937a-7c7f38f77297,OPay,The best virtual banking app 💯,5,2026-09-18,Google Play,Customer Review,https://play.google.com/store/apps/details?id=team.opay.pay&hl=en&gl=ng
951b6bd6-ee22-4fdb-872b-fdb879a4110f,OPay,I love it,5,2026-09-18,Google Play,Customer Review,https://play.google.com/store/apps/details?id=team.opay.pay&hl=en&gl=ng
69b27c12-89ba-47c0-b586-007ba5d89379,OPay,I really love using this app because it's very fast without any delay,5,2026-09-18,Google Play,Customer Review,https://play.google.com/store/apps/details?id=team.opay.pay&hl=en&gl=ng
5fd9960f-0db0-44d8-aebc-2b2b47a21372,OPay,opay is very good and smooth very fast in any transaction,5,2026-09-18,Google Play,Customer Review,https://play.google.com/store/apps/details?id=team.opay.pay&hl=en&gl=ng
af12e58b-d215-49c1-8647-b08525750253,OPay,top-notch,5,2026-09-18,Google Play,Customer Review,https://play.google.com/store/apps/details?id=team.opay.pay&hl=en&gl=ng
f1e8d9e5-f1aa-43a9-948b-7c01a56f1d39,OPay,cool and amazing,5,2026-09-18,Google Play,Customer Review,https://play.google.com/store/apps/details?id=team.opay.pay&hl=en&gl=ng
0ae21221-b382-4d68-b2c1-4e54c848b2aa,OPay,Fastest transacting app ever,5,2026-09-18,Google Play,Customer Review,https://play.google.com/store/apps/details?id=team.opay.pay&hl=en&gl=ng
cfcb1332-e78c-4dc0-9932-92c6e7ee4e5f,OPay,fast and suiting,5,2026-09-18,Google Play,Customer Review,https://play.google.com/store/apps/details?id=team.opay.pay&hl=en&gl=ng
edf8ddff-9fd3-4f76-b4be-17da0e40584f,OPay,wonderful service and interface,5,2026-09-18,Google Play,Customer Review,https://play.google.com/store/apps/details?id=team.opay.pay&hl=en&gl=ng
6f5d0431-013e-4854-aa97-2f8d4e999677,OPay,One of the best so far,5,2026-09-18,Google Play,Customer Review,https://play.google.com/store/apps/details?id=team.opay.pay&hl=en&gl=ng
dccda27d-4fb3-46dc-9b6b-f339c06e4f9c,OPay,better than commercial banks,5,2026-09-18,Google Play,Customer Review,https://play.google.com/store/apps/details?id=team.opay.pay&hl=en&gl=ng
114e36f1-ec85-4b64-8243-439fc74a0d19,OPay,seamless,5,2026-09-18,Google Play,Customer Review,https://play.google.com/store/apps/details?id=team.opay.pay&hl=en&gl=ng
934fd4df-6f7f-4e61-91d8-f44235a4c622,OPay,if there's anything higher than 5 star I'll give it to them,5,2026-09-18,Google Play,Customer Review,https://play.google.com/store/apps/details?id=team.opay.pay&hl=en&gl=ng
a7625d54-cc42-4725-aa3d-82e753d7974d,OPay,love opay,5,2026-09-18,Google Play,Customer Review,https://play.google.com/store/apps/details?id=team.opay.pay&hl=en&gl=ng
93a6df9e-1c88-4d77-af1d-0e89db11ef01,OPay,one of the best banking app and that alsogives rewards,5,2026-09-18,Google Play,Customer Review,https://play.google.com/store/apps/details?id=team.opay.pay&hl=en&gl=ng
35ca4c37-3422-4942-aa38-4ee52ae4d0e5,OPay,excellent,5,2026-09-18,Google Play,Customer Review,https://play.google.com/store/apps/details?id=team.opay.pay&hl=en&gl=ng
7558ae6a-7627-4cee-9323-b372865f0dba,OPay,Opay is exceptional,5,2026-09-18,Google Play,Customer Review,https://play.google.com/store/apps/details?id=team.opay.pay&hl=en&gl=ng
9c86661f-1490-4033-9f9e-90a65485f62c,OPay,Very fast and reliable,5,2026-09-18,Google Play,Customer Review,https://play.google.com/store/apps/details?id=team.opay.pay&hl=en&gl=ng
b2eb17f3-4125-4940-b067-27175f6cc60c,OPay,good,5,2026-09-18,Google Play,Customer Review,https://play.google.com/store/apps/details?id=team.opay.pay&hl=en&gl=ng
610cbc70-a6dd-455c-b4d1-f2a258e3b670,OPay,remarkably exponential,5,2026-09-18,Google Play,Customer Review,https://play.google.com/store/apps/details?id=team.opay.pay&hl=en&gl=ng
13e00330-eacd-4bf9-b139-1f94b9400d44,OPay,The app is great 👍,5,2026-09-18,Google Play,Customer Review,https://play.google.com/store/apps/details?id=team.opay.pay&hl=en&gl=ng
403f6ef1-2caf-4084-9f62-568ee61f0188,OPay,Opay is the fastest reliable bank. in fact is the best.,5,2026-09-18,Google Play,Customer Review,https://play.google.com/store/apps/details?id=team.opay.pay&hl=en&gl=ng
a08289b4-6b05-43dc-af5d-7e495d20fa0f,OPay,u p,5,2026-09-18,Google Play,Customer Review,https://play.google.com/store/apps/details?id=team.opay.pay&hl=en&gl=ng
b965cc56-6790-49a6-84a3-b31968b81101,OPay,good,5,2026-09-18,Google Play,Customer Review,https://play.google.com/store/apps/details?id=team.opay.pay&hl=en&gl=ng
8f67b19a-3ef5-4038-a6a8-a45d2e4564d5,OPay,Best banking app 👌,5,2026-09-18,Google Play,Customer Review,https://play.google.com/store/apps/details?id=team.opay.pay&hl=en&gl=ng
999bbfee-32fe-49fe-91b8-b9ed94d6c40d,OPay,nice,5,2026-09-18,Google Play,Customer Review,https://play.google.com/store/apps/details?id=team.opay.pay&hl=en&gl=ng
36910473-5ae9-46e2-b133-63bc3f729956,OPay,much more reliable and saver than some commercial banks,5,2026-09-18,Google Play,Customer Review,https://play.google.com/store/apps/details?id=team.opay.pay&hl=en&gl=ng
5f770def-3bc6-48b4-8d64-b1c7d90c2b02,OPay,this bank app is the best...the network is 100% good to compare to others ♥️♥️ if find so helpful and I love it,5,2026-09-18,Google Play,Customer Review,https://play.google.com/store/apps/details?id=team.opay.pay&hl=en&gl=ng
c7aed89e-d649-40ae-95fa-4bf8d3749f8d,OPay,opay is reliable app for me I cannot live without opay,5,2026-09-18,Google Play,Customer Review,https://play.google.com/store/apps/details?id=team.opay.pay&hl=en&gl=ng
1fb2f3de-1410-43e1-ac45-fff04d20d60d,OPay,It's been amazing,5,2026-09-18,Google Play,Customer Review,https://play.google.com/store/apps/details?id=team.opay.pay&hl=en&gl=ng
df8abe1e-9a41-4ab1-b87a-ff35ad4ef3cb,OPay,The Best,5,2026-09-18,Google Play,Customer Review,https://play.google.com/store/apps/details?id=team.opay.pay&hl=en&gl=ng
7f19cfec-613e-4a59-82e9-45bd45b9856c,OPay,I love it,5,2026-09-18,Google Play,Customer Review,https://play.google.com/store/apps/details?id=team.opay.pay&hl=en&gl=ng
308d5de7-50a0-4d13-b7fb-50f3b7babeff,OPay,best,5,2026-09-18,Google Play,Customer Review,https://play.google.com/store/apps/details?id=team.opay.pay&hl=en&gl=ng
7e9fa5d3-9477-4a87-b05e-208402796d87,OPay,love it,5,2026-09-18,Google Play,Customer Review,https://play.google.com/store/apps/details?id=team.opay.pay&hl=en&gl=ng
929ccb1a-f56a-473a-93c3-d092a7a0cf74,OPay,"reaching customer service impossible 😡 the live chat takes forever and they reply you once in 10 mins, the customer care line doesn't work and they'll never resolve your problem 👎👎",1,2026-09-18,Google Play,Customer Review,https://play.google.com/store/apps/details?id=team.opay.pay&hl=en&gl=ng
3e1a9ed8-d2c2-43b9-b422-6b5fc38d4908,OPay,Opay has brought a great transformation and innovation to the banking system in Nigeria. So reliable and easy to operate.,5,2026-09-18,Google Play,Customer Review,https://play.google.com/store/apps/details?id=team.opay.pay&hl=en&gl=ng
ccce0410-f2ee-45d4-975d-719f759cadf9,OPay,the app is so seamless to you!! nice interface as well,5,2026-09-18,Google Play,Customer Review,https://play.google.com/store/apps/details?id=team.opay.pay&hl=en&gl=ng
a2c4db6a-9616-481e-83fb-a9cf4192d032,OPay,nice app,5,2026-09-18,Google Play,Customer Review,https://play.google.com/store/apps/details?id=team.opay.pay&hl=en&gl=ng
e09727d3-4aec-4570-817a-e53ed8528757,OPay,"Amazing banking wallet ever, my daily go to",5,2026-09-18,Google Play,Customer Review,https://play.google.com/store/apps/details?id=team.opay.pay&hl=en&gl=ng
a1aa6fb4-9179-491f-85b6-f9acc7756af7,OPay,best so far,5,2026-09-18,Google Play,Customer Review,https://play.google.com/store/apps/details?id=team.opay.pay&hl=en&gl=ng
c8f2736e-29bb-4cdb-bd87-b9c9e37c367a,OPay,great,5,2026-09-18,Google Play,Customer Review,https://play.google.com/store/apps/details?id=team.opay.pay&hl=en&gl=ng
00a3556e-b88e-4b5a-8285-fce2b49ff7dd,OPay,fast and reliable,5,2026-09-18,Google Play,Customer Review,https://play.google.com/store/apps/details?id=team.opay.pay&hl=en&gl=ng
7ea707bb-8c2d-42c4-a5ed-9e89ee117f46,OPay,wonderful 👍 fast and wonderful app,5,2026-09-18,Google Play,Customer Review,https://play.google.com/store/apps/details?id=team.opay.pay&hl=en&gl=ng
aa9ecfb9-5743-43a7-8d10-24cb57667a88,OPay,excellently great,5,2026-09-18,Google Play,Customer Review,https://play.google.com/store/apps/details?id=team.opay.pay&hl=en&gl=ng
48d4fafc-1452-4f93-92a8-814c66efacf0,OPay,"I love this app so much and I see it as the best app ever, however I have this problem with it when it comes to receiving alerts! the there is you people give alerts but not all WHY? you need to work on that because I some times the most important alerts that I'm expecting will not be sent to me until I check the app, then after that you will go ahead to debit me for the SMS service. you people should work on it. by the way I still appreciate you for the good ones you have been doing.",4,2026-09-18,Google Play,Customer Review,https://play.google.com/store/apps/details?id=team.opay.pay&hl=en&gl=ng
b812353b-7751-4a3a-bbed-b53001aeebd0,OPay,"Opay is the best online bank as far as Nigeria is concerned because they have good network,fast transactions,and other features like savebox, security services etc the only thing I think they need to work on is the top2 tier account upgrade which states 500,000 for daily limit but one cannot surpass 200,000 which is very frustrating aside from that I think they are excellent.",4,2026-09-18,Google Play,Customer Review,https://play.google.com/store/apps/details?id=team.opay.pay&hl=en&gl=ng
c2757d54-a300-4669-ad4f-6b80102d96c7,OPay,a very unique app,5,2026-09-18,Google Play,Customer Review,https://play.google.com/store/apps/details?id=team.opay.pay&hl=en&gl=ng
8c77cbae-2f4c-4778-ae47-9a16c874156c,OPay,flick at ease 👍🏾,5,2026-09-18,Google Play,Customer Review,https://play.google.com/store/apps/details?id=team.opay.pay&hl=en&gl=ng
f188c987-39d0-4d31-b449-618583798249,OPay,good app,5,2026-09-18,Google Play,Customer Review,https://play.google.com/store/apps/details?id=team.opay.pay&hl=en&gl=ng
eaf5e1eb-d048-4379-84af-697fdefe12b9,OPay,you guys deserve more than the best. keep the good work continue.,5,2026-09-18,Google Play,Customer Review,https://play.google.com/store/apps/details?id=team.opay.pay&hl=en&gl=ng
85cf4d6f-620f-45dc-b05e-54f370bb1a9e,OPay,pls opay all my cash out from the game have been winning how do I access it pls,1,2026-09-18,Google Play,Customer Review,https://play.google.com/store/apps/details?id=team.opay.pay&hl=en&gl=ng
f05deab9-7f64-48bc-8177-64f0981603ae,OPay,Great,5,2026-09-18,Google Play,Customer Review,https://play.google.com/store/apps/details?id=team.opay.pay&hl=en&gl=ng
81383d6a-7b18-443c-b35e-86586f01bc7e,OPay,opay the best,5,2026-09-18,Google Play,Customer Review,https://play.google.com/store/apps/details?id=team.opay.pay&hl=en&gl=ng
6c3fdf14-90ac-4d59-a425-70600a89ebfe,OPay,best,5,2026-09-18,Google Play,Customer Review,https://play.google.com/store/apps/details?id=team.opay.pay&hl=en&gl=ng
d9fdf2a2-d159-411c-80eb-6b9c4c8c8a9b,OPay,I too love opay so incredible,5,2026-09-18,Google Play,Customer Review,https://play.google.com/store/apps/details?id=team.opay.pay&hl=en&gl=ng
b876d33f-9287-4452-875b-e43d518459ea,OPay,very good app and easy to navigate. the best,5,2026-09-18,Google Play,Customer Review,https://play.google.com/store/apps/details?id=team.opay.pay&hl=en&gl=ng
ee149f34-e864-4e88-93ec-7078a714533b,OPay,loan time experience,4,2026-09-18,Google Play,Customer Review,https://play.google.com/store/apps/details?id=team.opay.pay&hl=en&gl=ng
36bc2403-7e94-4572-8e6e-62d7c7b87dce,OPay,the best bank so far very fast and reliable,5,2026-09-18,Google Play,Customer Review,https://play.google.com/store/apps/details?id=team.opay.pay&hl=en&gl=ng
8a02c852-8d4d-467a-9fed-de95dcf2d5b7,OPay,very convenient,5,2026-09-18,Google Play,Customer Review,https://play.google.com/store/apps/details?id=team.opay.pay&hl=en&gl=ng
8eec36fe-abfc-48a7-8b1d-fd5271f2067b,OPay,xx xx the email bsw zw,3,2026-09-18,Google Play,Customer Review,https://play.google.com/store/apps/details?id=team.opay.pay&hl=en&gl=ng
d760829f-c0c3-4254-9be2-5bd6da4fb563,OPay,very reliable,5,2026-09-18,Google Play,Customer Review,https://play.google.com/store/apps/details?id=team.opay.pay&hl=en&gl=ng
49c7721a-352d-4c40-b7ef-64c33f024231,OPay,fast and reliable if I send money and it doesn't go it bounces back quickly without any issues opay is the best,5,2026-09-18,Google Play,Customer Review,https://play.google.com/store/apps/details?id=team.opay.pay&hl=en&gl=ng
9fe0521b-5a15-4092-96c4-1219d9cf6816,OPay,unbelievable,5,2026-09-18,Google Play,Customer Review,https://play.google.com/store/apps/details?id=team.opay.pay&hl=en&gl=ng
e54d6dcd-6741-4a3f-8d3a-7bd7bca2bdf4,OPay,I love it,5,2026-09-18,Google Play,Customer Review,https://play.google.com/store/apps/details?id=team.opay.pay&hl=en&gl=ng
60c0a963-2c06-45b6-9d62-afa186e07667,OPay,best and faster than others,5,2026-09-18,Google Play,Customer Review,https://play.google.com/store/apps/details?id=team.opay.pay&hl=en&gl=ng
47e2772f-1de1-4d82-8bfb-562fa72b540b,OPay,"Easy,smooth and fast",4,2026-09-18,Google Play,Customer Review,https://play.google.com/store/apps/details?id=team.opay.pay&hl=en&gl=ng
63a04181-9bf6-4242-8a1b-e38cffea0d4f,OPay,cool,5,2026-09-18,Google Play,Customer Review,https://play.google.com/store/apps/details?id=team.opay.pay&hl=en&gl=ng
2e1c7c17-fc5b-411d-85dd-a82bbd8f8d79,OPay,"Welcome to Gboard clipboard, any text you copy will be saved here.",3,2026-09-18,Google Play,Customer Review,https://play.google.com/store/apps/details?id=team.opay.pay&hl=en&gl=ng
addcb5e7-e59c-4dc3-8b51-68157b1c5370,OPay,the best banking app ever,5,2026-09-18,Google Play,Customer Review,https://play.google.com/store/apps/details?id=team.opay.pay&hl=en&gl=ng
7b9b4e30-51b7-4b6f-8401-ea69bd1814af,OPay,easy to use,5,2026-09-18,Google Play,Customer Review,https://play.google.com/store/apps/details?id=team.opay.pay&hl=en&gl=ng
0391edb1-ed1e-4c22-80a4-89f522e98f22,OPay,easy internet transfer,5,2026-09-18,Google Play,Customer Review,https://play.google.com/store/apps/details?id=team.opay.pay&hl=en&gl=ng
46b2ba4d-16a4-496b-904d-4e3b952ec74f,OPay,good,5,2026-09-18,Google Play,Customer Review,https://play.google.com/store/apps/details?id=team.opay.pay&hl=en&gl=ng
f699d03b-ca32-4905-8e45-164de3e15195,OPay,quite impressive,5,2026-09-18,Google Play,Customer Review,https://play.google.com/store/apps/details?id=team.opay.pay&hl=en&gl=ng
f3251537-c6a5-434b-a5a6-6cf7ee9ce629,OPay,amazing,5,2026-09-18,Google Play,Customer Review,https://play.google.com/store/apps/details?id=team.opay.pay&hl=en&gl=ng
406d2721-ed39-4aa4-89a6-d4da899872e4,OPay,A good banking App,5,2026-09-18,Google Play,Customer Review,https://play.google.com/store/apps/details?id=team.opay.pay&hl=en&gl=ng
b1c5ff69-7756-4e35-94fa-46bb4b2a81de,OPay,Now you're way way better.,5,2026-09-18,Google Play,Customer Review,https://play.google.com/store/apps/details?id=team.opay.pay&hl=en&gl=ng
4e8c8b5f-5d93-42a8-95cc-355339ab24f6,OPay,very fast i love it,4,2026-09-18,Google Play,Customer Review,https://play.google.com/store/apps/details?id=team.opay.pay&hl=en&gl=ng
72bc5b05-7b69-4c54-ae25-0f3fe8b91275,OPay,A very easy bank for all transactions ❤️,5,2026-09-18,Google Play,Customer Review,https://play.google.com/store/apps/details?id=team.opay.pay&hl=en&gl=ng
2797d007-8fe7-4fca-aa96-9c4c4a4a2b8a,OPay,you are the best,5,2026-09-18,Google Play,Customer Review,https://play.google.com/store/apps/details?id=team.opay.pay&hl=en&gl=ng
29537fc3-238b-4e35-b06b-036e44914c9a,OPay,The best fintech bank in Nigeria. Keep soaring high guys. Nigerians love and believe in this brand. OPAY IS OKAY,5,2026-09-18,Google Play,Customer Review,https://play.google.com/store/apps/details?id=team.opay.pay&hl=en&gl=ng
0d5f752f-98d4-43c1-b902-97bb50574f84,OPay,the best mobile banking app,5,2026-09-18,Google Play,Customer Review,https://play.google.com/store/apps/details?id=team.opay.pay&hl=en&gl=ng
b3a55724-3149-4553-b284-68c2a2482d96,OPay,"this app is one a million, it's more than our traditional banks fast response to complaints reliable anytime.",5,2026-09-18,Google Play,Customer Review,https://play.google.com/store/apps/details?id=team.opay.pay&hl=en&gl=ng
bf038183-307a-4822-a3e6-e12f99d3ef9d,OPay,sharp and fast,5,2026-09-18,Google Play,Customer Review,https://play.google.com/store/apps/details?id=team.opay.pay&hl=en&gl=ng
7aba46d9-d541-451d-8b71-768e1fef1e97,OPay,I like it,5,2026-09-18,Google Play,Customer Review,https://play.google.com/store/apps/details?id=team.opay.pay&hl=en&gl=ng
51f63a14-da49-4f4e-9253-da11ac82871e,OPay,perfect,5,2026-09-18,Google Play,Customer Review,https://play.google.com/store/apps/details?id=team.opay.pay&hl=en&gl=ng
2a6f8af8-9a31-46d0-b3e2-616c110582aa,OPay,great experience,5,2026-09-18,Google Play,Customer Review,https://play.google.com/store/apps/details?id=team.opay.pay&hl=en&gl=ng
1a782903-4fba-4fcb-9e2e-da36153a6fdc,OPay,Great and swift banking,5,2026-09-18,Google Play,Customer Review,https://play.google.com/store/apps/details?id=team.opay.pay&hl=en&gl=ng
b387b8eb-d44e-40f1-b6bd-2548766ce4d5,OPay,greatly pleasing,5,2026-09-18,Google Play,Customer Review,https://play.google.com/store/apps/details?id=team.opay.pay&hl=en&gl=ng
c69bb124-a3b4-42f2-929f-bb3efd7a219c,OPay,Best Bank in the world,5,2026-09-18,Google Play,Customer Review,https://play.google.com/store/apps/details?id=team.opay.pay&hl=en&gl=ng
f43056aa-86ef-4f34-a309-be6d6899a170,OPay,an amazing application ever,5,2026-09-18,Google Play,Customer Review,https://play.google.com/store/apps/details?id=team.opay.pay&hl=en&gl=ng
16c8bd42-8973-49d3-8d7f-1d8c1463c300,OPay,it's reliable and trustworthy,5,2026-09-18,Google Play,Customer Review,https://play.google.com/store/apps/details?id=team.opay.pay&hl=en&gl=ng
e5466a49-2488-4e9b-aa81-270f0e260d37,OPay,bad network,1,2026-09-18,Google Play,Customer Review,https://play.google.com/store/apps/details?id=team.opay.pay&hl=en&gl=ng
aae60ff0-f8b3-4b87-8acb-c764b50d44eb,OPay,this app is amazing and very soft in transaction is very smooth with zero fees,5,2026-09-18,Google Play,Customer Review,https://play.google.com/store/apps/details?id=team.opay.pay&hl=en&gl=ng
0f36225e-04e2-4190-ae9c-9ebf8db2e1c9,OPay,Broo Opay is Goated,5,2026-09-18,Google Play,Customer Review,https://play.google.com/store/apps/details?id=team.opay.pay&hl=en&gl=ng
07f216e1-3e17-48df-bda7-aa40f6f2af7e,OPay,fast and reliable,5,2026-09-18,Google Play,Customer Review,https://play.google.com/store/apps/details?id=team.opay.pay&hl=en&gl=ng
06a9ee1e-0d03-451b-8813-65204d28fa78,OPay,cool,5,2026-09-18,Google Play,Customer Review,https://play.google.com/store/apps/details?id=team.opay.pay&hl=en&gl=ng
be776d1a-0b50-45ea-9ba0-341592d59a35,OPay,"opay is my favorite transaction app, wishing all the best from here",5,2026-09-18,Google Play,Customer Review,https://play.google.com/store/apps/details?id=team.opay.pay&hl=en&gl=ng
e15940e4-debf-4d5d-a674-75c21aca35ff,OPay,EXCELLENT,5,2026-09-18,Google Play,Customer Review,https://play.google.com/store/apps/details?id=team.opay.pay&hl=en&gl=ng
647210c3-6b8b-4500-b819-3a969e59ea39,OPay,OPAY simple the Best,5,2026-09-18,Google Play,Customer Review,https://play.google.com/store/apps/details?id=team.opay.pay&hl=en&gl=ng
5fb3c662-45e9-4c90-93f8-7ceb4b9ec636,OPay,opay is great just that im not 18 yet so my daily limit is annoying,5,2026-09-18,Google Play,Customer Review,https://play.google.com/store/apps/details?id=team.opay.pay&hl=en&gl=ng
52082487-a4c1-4697-bd7e-44cfecd3fd34,OPay,excellent,5,2026-09-18,Google Play,Customer Review,https://play.google.com/store/apps/details?id=team.opay.pay&hl=en&gl=ng
010d8f0f-74ad-42d9-b4e8-515291e12088,OPay,Best online bank ever👍,5,2026-09-18,Google Play,Customer Review,https://play.google.com/store/apps/details?id=team.opay.pay&hl=en&gl=ng
c812159f-79ba-4969-b98b-61ce957e8183,OPay,good bank more than others,5,2026-09-18,Google Play,Customer Review,https://play.google.com/store/apps/details?id=team.opay.pay&hl=en&gl=ng
a3a0557f-5adc-434f-844c-9284861bfdaf,OPay,Best banking app decision ever made 😘🥳💯 But the sms alert doesn't work if the data is not on so what's the essence of paying for the sms alert?,5,2026-09-18,Google Play,Customer Review,https://play.google.com/store/apps/details?id=team.opay.pay&hl=en&gl=ng
5077ec50-87c6-40aa-8cc7-c5b3d784b17c,OPay,good luck,3,2026-09-18,Google Play,Customer Review,https://play.google.com/store/apps/details?id=team.opay.pay&hl=en&gl=ng
20768a3e-4273-4ab4-a5d1-12662479df1a,OPay,trust and reliable,5,2026-09-18,Google Play,Customer Review,https://play.google.com/store/apps/details?id=team.opay.pay&hl=en&gl=ng
427910e9-e0a2-4e96-8505-fca203ea7e68,OPay,very reliable,5,2026-09-18,Google Play,Customer Review,https://play.google.com/store/apps/details?id=team.opay.pay&hl=en&gl=ng
818acd95-8727-4e6d-92f1-31e88db40ce0,OPay,satisfying,5,2026-09-18,Google Play,Customer Review,https://play.google.com/store/apps/details?id=team.opay.pay&hl=en&gl=ng
a0ffa584-34d4-4703-8f4c-a3f351f68dcf,OPay,very good and nice,5,2026-09-18,Google Play,Customer Review,https://play.google.com/store/apps/details?id=team.opay.pay&hl=en&gl=ng
ed4628d3-168b-43f7-90be-48885391817b,OPay,awesome app,5,2026-09-18,Google Play,Customer Review,https://play.google.com/store/apps/details?id=team.opay.pay&hl=en&gl=ng
642097eb-84ab-4189-b673-e176968ddd68,OPay,"Wow!!! Opay, thank you so much for financial security and also making life easier. A Microfinance Institutions with trust. God Bless You in Abundance.",5,2026-09-18,Google Play,Customer Review,https://play.google.com/store/apps/details?id=team.opay.pay&hl=en&gl=ng
92839849-68ab-45f9-ab52-08888ad7d25e,OPay,Excellent,5,2026-09-18,Google Play,Customer Review,https://play.google.com/store/apps/details?id=team.opay.pay&hl=en&gl=ng
d963488f-a619-4fa8-a65e-74854b6dc22a,OPay,fast and reliable,5,2026-09-18,Google Play,Customer Review,https://play.google.com/store/apps/details?id=team.opay.pay&hl=en&gl=ng
ce055438-3efd-4c05-9e66-fc086b30b6c8,OPay,very good,4,2026-09-18,Google Play,Customer Review,https://play.google.com/store/apps/details?id=team.opay.pay&hl=en&gl=ng
bedb2f03-8acc-486f-b2ea-0b96d8cb11e6,OPay,Best of all,5,2026-09-18,Google Play,Customer Review,https://play.google.com/store/apps/details?id=team.opay.pay&hl=en&gl=ng
620967ee-e441-451d-9661-d0cd5ed6b6fb,OPay,Surely the best among the online payments platform,5,2026-09-18,Google Play,Customer Review,https://play.google.com/store/apps/details?id=team.opay.pay&hl=en&gl=ng
879b5730-bb66-49f9-81e5-f6f21ed9dc4b,OPay,"best of all bank app ,keep up the good 👍 👏 work.",5,2026-09-18,Google Play,Customer Review,https://play.google.com/store/apps/details?id=team.opay.pay&hl=en&gl=ng
b4965f56-e9e8-4b5b-a4b3-cbb5b8574671,OPay,this app very fast simple and reliable but my problem is easymonie those people I borrowed a loan of 1600 but I don't repay 3 times now but they telling me to repay again,5,2026-09-18,Google Play,Customer Review,https://play.google.com/store/apps/details?id=team.opay.pay&hl=en&gl=ng
b1926bff-9578-4581-a042-51db15f3f92a,OPay,best banking app I have used so far,5,2026-09-18,Google Play,Customer Review,https://play.google.com/store/apps/details?id=team.opay.pay&hl=en&gl=ng
1987abf4-0805-4986-818c-6d341a9296e5,OPay,customers data protection and fastest network,5,2026-09-18,Google Play,Customer Review,https://play.google.com/store/apps/details?id=team.opay.pay&hl=en&gl=ng
df5b2d5c-8cc0-4c83-8806-b1fd77d53d51,OPay,fantastic,1,2026-09-18,Google Play,Customer Review,https://play.google.com/store/apps/details?id=team.opay.pay&hl=en&gl=ng
e0c4f50f-8c1c-4dbd-8b22-b1a8f40a236e,OPay,so far so good opay is one of the best microfinance bank if not the best,5,2026-09-18,Google Play,Customer Review,https://play.google.com/store/apps/details?id=team.opay.pay&hl=en&gl=ng
0c144eb7-bdc1-4e75-b1ef-346bcad669d7,OPay,"Security : 100% Accuracy : 100% Compatibility : 100% Opacity : 100% Transparency : 100% I regret the fact that they don't have master card yet, else i would have closed all other accounts only to use Opay... It's the no 1 most trusted bank in Nigeria right now",5,2026-09-18,Google Play,Customer Review,https://play.google.com/store/apps/details?id=team.opay.pay&hl=en&gl=ng
d12ebbab-e6f0-4bc2-bd8e-59f23186267e,OPay,rating it 4/5 because you always remove charges to much,4,2026-09-18,Google Play,Customer Review,https://play.google.com/store/apps/details?id=team.opay.pay&hl=en&gl=ng
01084cce-e1c5-4b8c-8250-eeaf0ec3c23f,OPay,The app is good,5,2026-09-18,Google Play,Customer Review,https://play.google.com/store/apps/details?id=team.opay.pay&hl=en&gl=ng
a1bd53ae-27ac-4084-8574-67d4c526d384,OPay,Opay is one it's kind. The only stress I'm faced with right now is to upgrade to tier 3. Please make it a pit easier for us upgrade. Thanks.,5,2026-09-18,Google Play,Customer Review,https://play.google.com/store/apps/details?id=team.opay.pay&hl=en&gl=ng
61bb9d3a-a783-467f-92db-f29d93a5bbf8,OPay,As much as I have always referred you guys to my friends and family as one of the best I ever encountered yet I decided to rate you just a star because even as at less than 24hrs I just lost over a #1000 to you for data that you collected my money but didn't credit my glo line,1,2026-09-18,Google Play,Customer Review,https://play.google.com/store/apps/details?id=team.opay.pay&hl=en&gl=ng
855a4c7c-b3d8-4d0e-83b1-e540a546354c,OPay,good,5,2026-09-18,Google Play,Customer Review,https://play.google.com/store/apps/details?id=team.opay.pay&hl=en&gl=ng
590266a8-a149-4a89-80b2-834a451512cd,OPay,Excellent,5,2026-09-18,Google Play,Customer Review,https://play.google.com/store/apps/details?id=team.opay.pay&hl=en&gl=ng
5c77a4c2-1384-4f2a-aaa1-602201515b8e,OPay,excellent performance,4,2026-09-18,Google Play,Customer Review,https://play.google.com/store/apps/details?id=team.opay.pay&hl=en&gl=ng
2e8eeac5-39e9-4c2a-9f35-a766ca019063,OPay,App is just too good,5,2026-09-18,Google Play,Customer Review,https://play.google.com/store/apps/details?id=team.opay.pay&hl=en&gl=ng
f92a31f1-87f6-4c8f-8ed4-087f1803e9a4,OPay,Perfect,5,2026-09-18,Google Play,Customer Review,https://play.google.com/store/apps/details?id=team.opay.pay&hl=en&gl=ng
4f24a700-c838-41ce-9238-e723ea610667,OPay,excellent,5,2026-09-18,Google Play,Customer Review,https://play.google.com/store/apps/details?id=team.opay.pay&hl=en&gl=ng
beb357ce-0b32-4660-b717-f01fc9840da6,OPay,"Best app I ever come across, very easier and durable, I hope they keep giving us the best and last longer I love Opay APP Forever 😘😁🎈🔥😘",5,2026-09-18,Google Play,Customer Review,https://play.google.com/store/apps/details?id=team.opay.pay&hl=en&gl=ng
0e5f6674-a096-4d3d-9da7-139d1beb6e91,OPay,fast and reliable,5,2026-09-18,Google Play,Customer Review,https://play.google.com/store/apps/details?id=team.opay.pay&hl=en&gl=ng
e4c7dd70-4a44-4ed4-afcc-9f388aefc8a7,OPay,Excellent 👍🏾,5,2026-09-18,Google Play,Customer Review,https://play.google.com/store/apps/details?id=team.opay.pay&hl=en&gl=ng
901e094e-64dd-4f00-a862-c9fee5bd273c,OPay,gsky opay Duniya ne...💯,5,2026-09-18,Google Play,Customer Review,https://play.google.com/store/apps/details?id=team.opay.pay&hl=en&gl=ng
49d1f681-d916-4047-a3eb-a90fa7198c72,OPay,a seem less and easy bank operation!,4,2026-09-18,Google Play,Customer Review,https://play.google.com/store/apps/details?id=team.opay.pay&hl=en&gl=ng
cd5671e3-7bbd-46df-a4c0-9c08d4a6cf1c,OPay,very good app to used,5,2026-09-18,Google Play,Customer Review,https://play.google.com/store/apps/details?id=team.opay.pay&hl=en&gl=ng
24d2fd57-d911-4e14-b49e-13499e860a16,OPay,p0 to get ooooooooooooooo oo,1,2026-09-18,Google Play,Customer Review,https://play.google.com/store/apps/details?id=team.opay.pay&hl=en&gl=ng
6a521dab-5311-4dc0-8ed9-0e9835ba277d,OPay,the Best Fin tech bank for a reason,5,2026-09-18,Google Play,Customer Review,https://play.google.com/store/apps/details?id=team.opay.pay&hl=en&gl=ng
3b577efc-dc36-45a1-b305-3dbdbbb5f262,OPay,"Opay is the best online microfinance banking i ever seen,,,, i swear ♥️😍💋🎁",5,2026-09-18,Google Play,Customer Review,https://play.google.com/store/apps/details?id=team.opay.pay&hl=en&gl=ng
3ecc7544-2940-42f5-a81a-b668c946ecb2,OPay,excellent job and instant delivery,5,2026-09-18,Google Play,Customer Review,https://play.google.com/store/apps/details?id=team.opay.pay&hl=en&gl=ng
cf9ceafc-7f06-402b-92c8-d1072bf942c6,OPay,love opay app but why I can't view bank records,5,2026-09-18,Google Play,Customer Review,https://play.google.com/store/apps/details?id=team.opay.pay&hl=en&gl=ng
9a05ffc2-d0ae-40f5-9445-599305394dc3,OPay,splendid,4,2026-09-18,Google Play,Customer Review,https://play.google.com/store/apps/details?id=team.opay.pay&hl=en&gl=ng
a681f214-12f9-471e-80c1-64535a40362d,OPay,good,4,2026-09-18,Google Play,Customer Review,https://play.google.com/store/apps/details?id=team.opay.pay&hl=en&gl=ng
6fd0c63e-2787-4a06-9fae-b8f105fd25d8,OPay,very good,5,2026-09-18,Google Play,Customer Review,https://play.google.com/store/apps/details?id=team.opay.pay&hl=en&gl=ng
db43c3cc-2506-458e-bf2a-abee6f3d9662,OPay,fast and easy to use,5,2026-09-18,Google Play,Customer Review,https://play.google.com/store/apps/details?id=team.opay.pay&hl=en&gl=ng
acd18d1a-d07f-4174-99ae-8fbe00b9417d,OPay,nice app,5,2026-09-18,Google Play,Customer Review,https://play.google.com/store/apps/details?id=team.opay.pay&hl=en&gl=ng
1ce38b45-0dea-4fda-8893-d68b442b5932,OPay,fantastic 😍,5,2026-09-18,Google Play,Customer Review,https://play.google.com/store/apps/details?id=team.opay.pay&hl=en&gl=ng
9893f2c8-a1f1-4ef3-8f58-fb6402baa2e8,OPay,perfect for my business transactions and personal use I would recommend over and over again The best online bank ever much love to opay team ❤️ 💙 ♥️,5,2026-09-18,Google Play,Customer Review,https://play.google.com/store/apps/details?id=team.opay.pay&hl=en&gl=ng
5a4074ae-f05e-4cfa-b7e7-2667ebb2eb3a,OPay,best,5,2026-09-18,Google Play,Customer Review,https://play.google.com/store/apps/details?id=team.opay.pay&hl=en&gl=ng
b5a5876d-a10d-48fb-8a04-06ee2df71b80,OPay,fantastic,5,2026-09-18,Google Play,Customer Review,https://play.google.com/store/apps/details?id=team.opay.pay&hl=en&gl=ng
e8c4f1d1-7a76-4273-84d4-1a1dcbe6028f,OPay,extremely beyond super,5,2026-09-18,Google Play,Customer Review,https://play.google.com/store/apps/details?id=team.opay.pay&hl=en&gl=ng
fe0204b8-6c35-4c65-91d2-5d4ceda345e3,OPay,Best ever mobile banking app with 💯✅ strong network and easy self management... Am proudly Opay user till infinity 💪❤️❤️❤️❤️❤️,5,2026-09-18,Google Play,Customer Review,https://play.google.com/store/apps/details?id=team.opay.pay&hl=en&gl=ng
eabf7764-778a-415e-9bd7-cc7b9e105265,OPay,OPAY is OKAY 👍🏻 I so much love this app,5,2026-09-18,Google Play,Customer Review,https://play.google.com/store/apps/details?id=team.opay.pay&hl=en&gl=ng
0cf0b37a-6415-4d20-be88-78dfdebb37e8,OPay,e too make sense,5,2026-09-18,Google Play,Customer Review,https://play.google.com/store/apps/details?id=team.opay.pay&hl=en&gl=ng
5604394d-72a1-4aaa-9543-d21ba19d935e,OPay,best banking app ever,5,2026-09-18,Google Play,Customer Review,https://play.google.com/store/apps/details?id=team.opay.pay&hl=en&gl=ng
1d3f1320-f766-4194-bbb3-1a33c3c5300b,OPay,please I am very interested I accept all the condition,2,2026-09-18,Google Play,Customer Review,https://play.google.com/store/apps/details?id=team.opay.pay&hl=en&gl=ng
3905ee5b-3cb1-4e77-b55d-8b60cdb3b7cc,OPay,Nice app,5,2026-09-18,Google Play,Customer Review,https://play.google.com/store/apps/details?id=team.opay.pay&hl=en&gl=ng
be8560be-9a5f-441b-9dbc-1bdfce04af81,OPay,Excellent,5,2026-09-18,Google Play,Customer Review,https://play.google.com/store/apps/details?id=team.opay.pay&hl=en&gl=ng
4b9ad240-de3b-4184-b5d1-b070a391d90b,OPay,I love the save process. it makes me keep my money well.,5,2026-09-18,Google Play,Customer Review,https://play.google.com/store/apps/details?id=team.opay.pay&hl=en&gl=ng
79bf7fb6-5866-4b84-819f-66a0f3cb1a9a,OPay,why no opay in play store,5,2026-09-18,Google Play,Customer Review,https://play.google.com/store/apps/details?id=team.opay.pay&hl=en&gl=ng
f93f8ccf-1690-4125-a009-f7907cefa58f,OPay,exceptional,4,2026-09-18,Google Play,Customer Review,https://play.google.com/store/apps/details?id=team.opay.pay&hl=en&gl=ng
44f6e688-896d-48ab-adcb-d12ae75cca78,OPay,very good app,5,2026-09-18,Google Play,Customer Review,https://play.google.com/store/apps/details?id=team.opay.pay&hl=en&gl=ng
9f6b8218-c2b3-49a8-9bb6-33aad34ee7dd,OPay,fantastic,5,2026-09-18,Google Play,Customer Review,https://play.google.com/store/apps/details?id=team.opay.pay&hl=en&gl=ng
8171b94a-64fc-424c-bc87-ab3933d3d94b,OPay,special app good in use,1,2026-09-18,Google Play,Customer Review,https://play.google.com/store/apps/details?id=team.opay.pay&hl=en&gl=ng
cc0bd0f3-8c49-48c9-a30f-856e66e22fe6,OPay,Opay is wonderful! you can safe with target to meet your future needs,5,2026-09-18,Google Play,Customer Review,https://play.google.com/store/apps/details?id=team.opay.pay&hl=en&gl=ng
413095dd-0edb-48b5-aed8-7bcdfef9096f,OPay,beyond comment,5,2026-09-18,Google Play,Customer Review,https://play.google.com/store/apps/details?id=team.opay.pay&hl=en&gl=ng
4d383f55-51a7-41db-a187-244167c4560e,OPay,"best,most reliable",5,2026-09-18,Google Play,Customer Review,https://play.google.com/store/apps/details?id=team.opay.pay&hl=en&gl=ng
29d4bf5e-30a7-4136-bdc0-ea431d697306,OPay,Very reliable,5,2026-09-18,Google Play,Customer Review,https://play.google.com/store/apps/details?id=team.opay.pay&hl=en&gl=ng
d36138c7-ebe3-4ca9-9dad-e39adf025576,OPay,opay na my number 1 bank una too much,5,2026-09-18,Google Play,Customer Review,https://play.google.com/store/apps/details?id=team.opay.pay&hl=en&gl=ng
f99867a7-038d-4d2f-8379-f67a66292f90,OPay,you're the best,5,2026-09-18,Google Play,Customer Review,https://play.google.com/store/apps/details?id=team.opay.pay&hl=en&gl=ng
407ee16b-6e29-4eeb-8766-48c0cfbcaea4,OPay,it fast and reliable,5,2026-09-18,Google Play,Customer Review,https://play.google.com/store/apps/details?id=team.opay.pay&hl=en&gl=ng
80480575-e080-485a-ac9f-0455d867ec96,OPay,"Do not change for worse, just keep getting better and better. You guys are doing well",5,2026-09-18,Google Play,Customer Review,https://play.google.com/store/apps/details?id=team.opay.pay&hl=en&gl=ng
472836ae-ff50-40ed-812f-d22fbfd7f833,OPay,Very fast and reliable,5,2026-09-18,Google Play,Customer Review,https://play.google.com/store/apps/details?id=team.opay.pay&hl=en&gl=ng
370f8d4c-0133-474b-b132-b6a8cbb348ff,OPay,excellent,5,2026-09-18,Google Play,Customer Review,https://play.google.com/store/apps/details?id=team.opay.pay&hl=en&gl=ng
b271c87a-c084-48d2-84be-f40b427569af,OPay,"Best app for finance in 9ja, however, their reward policies are not encouraging e.g referral",4,2026-09-18,Google Play,Customer Review,https://play.google.com/store/apps/details?id=team.opay.pay&hl=en&gl=ng
4a8ec935-561a-4155-a41c-c01561388619,OPay,good app,4,2026-09-18,Google Play,Customer Review,https://play.google.com/store/apps/details?id=team.opay.pay&hl=en&gl=ng
fe762063-4854-418b-ad34-79266e1001a6,OPay,chinalu,5,2026-09-18,Google Play,Customer Review,https://play.google.com/store/apps/details?id=team.opay.pay&hl=en&gl=ng
67092644-f3a0-45d7-9c81-83e08bf4ab67,OPay,i so much love Opay,5,2026-09-18,Google Play,Customer Review,https://play.google.com/store/apps/details?id=team.opay.pay&hl=en&gl=ng
65218162-56cb-479e-be6e-5dbede0018b5,OPay,excellent,5,2026-09-18,Google Play,Customer Review,https://play.google.com/store/apps/details?id=team.opay.pay&hl=en&gl=ng
dfd9970e-0c69-4d72-bcfe-95863288718b,OPay,mudansir bakaji sahnono,5,2026-09-18,Google Play,Customer Review,https://play.google.com/store/apps/details?id=team.opay.pay&hl=en&gl=ng
1f3c38ff-aade-4424-8d6e-efa985c95a18,OPay,Exceptional,5,2026-09-18,Google Play,Customer Review,https://play.google.com/store/apps/details?id=team.opay.pay&hl=en&gl=ng
40a0373f-18bf-4c18-a40e-8ebeaa8f32d3,OPay,Opay app is hard to find on Apple StoreI don’t know what’s going on,2,2026-09-18,Google Play,Customer Review,https://play.google.com/store/apps/details?id=team.opay.pay&hl=en&gl=ng
37bcc81d-6a2b-48e0-ae3b-6f1c77ffa141,OPay,"i already have opay app that i run 2 accounts with, but each time i want to update to new or latest version from the playstore, it says my phone is not compatible with this app why",2,2026-09-18,Google Play,Customer Review,https://play.google.com/store/apps/details?id=team.opay.pay&hl=en&gl=ng
b8ae1a1a-c9cb-4804-b249-87b1cf8a048a,OPay,please access my open to download,1,2026-09-18,Google Play,Customer Review,https://play.google.com/store/apps/details?id=team.opay.pay&hl=en&gl=ng
07efd7b0-d974-43d2-ba96-c3f7438748a9,OPay,the best,5,2026-09-18,Google Play,Customer Review,https://play.google.com/store/apps/details?id=team.opay.pay&hl=en&gl=ng
c33dad35-183c-4f45-9ed8-d5a8b68d3501,OPay,this bank service is really fast and easy to use and I think this is the best bank I ever used,5,2026-09-18,Google Play,Customer Review,https://play.google.com/store/apps/details?id=team.opay.pay&hl=en&gl=ng
65a80d8b-eeb3-49bd-9181-93de39a5243f,OPay,I LIKE THE OPAY EXCELLENT DIGITAL SERVICE,5,2026-09-18,Google Play,Customer Review,https://play.google.com/store/apps/details?id=team.opay.pay&hl=en&gl=ng
3743179d-80b2-4a87-a6a1-9476decaad08,OPay,love the network so fast no disappointment,5,2026-09-18,Google Play,Customer Review,https://play.google.com/store/apps/details?id=team.opay.pay&hl=en&gl=ng
6d5f9e01-20a1-4939-8b23-f4565ab3f1dd,OPay,There is no other app in the world that I enjoy using as much as this one. I truly appreciate and admire you all. Keep up the amazing work!,5,2026-09-18,Google Play,Customer Review,https://play.google.com/store/apps/details?id=team.opay.pay&hl=en&gl=ng
22e07966-f885-437a-8d1a-7931a7e2a0c5,OPay,"I think you need to start doing airtime to cash right now I need to get my 1000 naira, I will have to be going through processes",3,2026-09-17,Google Play,Customer Review,https://play.google.com/store/apps/details?id=team.opay.pay&hl=en&gl=ng
b0237bab-192d-4c16-9004-87caa2cc8f41,OPay,alot of ads,1,2026-09-17,Google Play,Customer Review,https://play.google.com/store/apps/details?id=team.opay.pay&hl=en&gl=ng
83cd6376-acfb-4ab4-b036-0fd7b691db44,OPay,this app is good,5,2026-09-17,Google Play,Customer Review,https://play.google.com/store/apps/details?id=team.opay.pay&hl=en&gl=ng
49829796-6df0-47de-8edd-8cb06ae2e1cd,OPay,nice,4,2026-09-17,Google Play,Customer Review,https://play.google.com/store/apps/details?id=team.opay.pay&hl=en&gl=ng
81812a11-1205-4872-b722-494cbc05bac8,OPay,This app really help me in my trading bcus life has changed everybody with his/her phone to do transfer nobody with cash nowadays in fact it's really tried on me o. b4 I have this app my goods not fast at all.,5,2026-09-17,Google Play,Customer Review,https://play.google.com/store/apps/details?id=team.opay.pay&hl=en&gl=ng
e7f34108-b667-47bc-a2f1-f2093fa008f8,OPay,it iz good,5,2026-09-17,Google Play,Customer Review,https://play.google.com/store/apps/details?id=team.opay.pay&hl=en&gl=ng
4400222b-8c57-4905-a749-029ffeaebee2,OPay,Very relieble,4,2026-09-17,Google Play,Customer Review,https://play.google.com/store/apps/details?id=team.opay.pay&hl=en&gl=ng
1bd4390e-b65f-40e6-8c25-dfe5dfaa5223,OPay,"top notch. if there's something like the best, that's exactly what you'll be. keep up the good work 👍",5,2026-09-17,Google Play,Customer Review,https://play.google.com/store/apps/details?id=team.opay.pay&hl=en&gl=ng
b2898836-2eb9-46e7-af6f-3d05f28d37db,OPay,Is nice using opay,5,2026-09-17,Google Play,Customer Review,https://play.google.com/store/apps/details?id=team.opay.pay&hl=en&gl=ng
2f07947d-3570-4eb7-8d68-a237dda80870,OPay,awesome ♥️,5,2026-09-17,Google Play,Customer Review,https://play.google.com/store/apps/details?id=team.opay.pay&hl=en&gl=ng
d0785849-8fc4-4a3e-a21f-51c5cc1b6b67,OPay,the best money app in nigeria.you people changed how money transactions for the better,5,2026-09-17,Google Play,Customer Review,https://play.google.com/store/apps/details?id=team.opay.pay&hl=en&gl=ng
d8f8b641-dcb6-4278-98ac-7e21ea922e8c,OPay,"I can proudly say Opay is more than bank, most features I enjoy goes beyond what the Commercial banks, Microfinance would offer. Thank you Opay for the consistency! 4years without distortion or fluctuation.",5,2026-09-17,Google Play,Customer Review,https://play.google.com/store/apps/details?id=team.opay.pay&hl=en&gl=ng
af904016-20b6-456b-afcc-071048a4b4e9,OPay,very fantastic,5,2026-09-17,Google Play,Customer Review,https://play.google.com/store/apps/details?id=team.opay.pay&hl=en&gl=ng
d71b6336-83ff-470d-b0de-998c38bfa89c,OPay,"Upgrade your cards to become ""Mastercard"" or ""Visa"", every other thing is insanely amazing but I must reserve those compliments till you work on the Opay debit card.",4,2026-09-17,Google Play,Customer Review,https://play.google.com/store/apps/details?id=team.opay.pay&hl=en&gl=ng
eab3ae57-e8e0-45c6-b623-19c06b392253,OPay,update,5,2026-09-17,Google Play,Customer Review,https://play.google.com/store/apps/details?id=team.opay.pay&hl=en&gl=ng
5fce6fb5-5fd0-4168-9f56-0ad1bb380903,OPay,this app is fast and reliable,5,2026-09-17,Google Play,Customer Review,https://play.google.com/store/apps/details?id=team.opay.pay&hl=en&gl=ng
5672ea15-36e7-48f7-8b6d-2c916a3ddf9a,OPay,great app,5,2026-09-17,Google Play,Customer Review,https://play.google.com/store/apps/details?id=team.opay.pay&hl=en&gl=ng
d4504ddb-8d2c-4cc9-8361-582035986331,OPay,"Please, you guys should find something to do about the fixed savings that the money won't be able to withdraw until the penalty day. that's the only way I can have savings. Please, you guys should help my life about this. Please 🙏",5,2026-09-17,Google Play,Customer Review,https://play.google.com/store/apps/details?id=team.opay.pay&hl=en&gl=ng
120caac2-df48-4072-b8a5-8c2a3c7beb2f,OPay,good app fast and relaible,5,2026-09-17,Google Play,Customer Review,https://play.google.com/store/apps/details?id=team.opay.pay&hl=en&gl=ng
2a929d07-c772-4a85-8656-9318aeb72767,OPay,Good,1,2026-09-17,Google Play,Customer Review,https://play.google.com/store/apps/details?id=team.opay.pay&hl=en&gl=ng
579220dd-ce68-4467-b845-03ddb847abe5,OPay,best fintech app !,5,2026-09-17,Google Play,Customer Review,https://play.google.com/store/apps/details?id=team.opay.pay&hl=en&gl=ng
0e940736-a735-43c2-b59e-9b07c649f040,OPay,Good,5,2026-09-17,Google Play,Customer Review,https://play.google.com/store/apps/details?id=team.opay.pay&hl=en&gl=ng
e2f27256-8580-44d9-a938-9b1e292d6dc7,OPay,Nothing more to be said. Simply exceptional,5,2026-09-17,Google Play,Customer Review,https://play.google.com/store/apps/details?id=team.opay.pay&hl=en&gl=ng
0aa3f2bb-d3af-4edb-8587-a66255753ed2,OPay,very nice and perfect,5,2026-09-17,Google Play,Customer Review,https://play.google.com/store/apps/details?id=team.opay.pay&hl=en&gl=ng
dd54bbdf-95a9-48fd-b9d4-ac201fdbb70c,OPay,one of the best app,5,2026-09-17,Google Play,Customer Review,https://play.google.com/store/apps/details?id=team.opay.pay&hl=en&gl=ng
5e45c3da-c47c-4187-aa77-00d10c908529,OPay,Excellent,5,2026-09-17,Google Play,Customer Review,https://play.google.com/store/apps/details?id=team.opay.pay&hl=en&gl=ng
616212c2-3d79-4e63-984b-a669f4a8c9eb,OPay,very good,4,2026-09-17,Google Play,Customer Review,https://play.google.com/store/apps/details?id=team.opay.pay&hl=en&gl=ng
52007f86-3fd0-44ec-97ca-75a3ebfd60bd,OPay,gabi,5,2026-09-17,Google Play,Customer Review,https://play.google.com/store/apps/details?id=team.opay.pay&hl=en&gl=ng
a464597d-9eed-4aec-9128-c3f4ae7d3495,OPay,Best microfinace bank,5,2026-09-17,Google Play,Customer Review,https://play.google.com/store/apps/details?id=team.opay.pay&hl=en&gl=ng
b21143d0-42bf-4658-bc03-33dcc04559bd,OPay,good service from Barakat A,5,2026-09-17,Google Play,Customer Review,https://play.google.com/store/apps/details?id=team.opay.pay&hl=en&gl=ng
c7eb2456-e49e-49e3-8365-1dbbd48666de,OPay,fast an reliable 😊😊,5,2026-09-17,Google Play,Customer Review,https://play.google.com/store/apps/details?id=team.opay.pay&hl=en&gl=ng
66a8e79f-1795-4150-ba77-3acbfc7c0496,OPay,why I'm not getting my virtual assistant card..🤬🤬😡😠😠😡😡😡😡,2,2026-09-17,Google Play,Customer Review,https://play.google.com/store/apps/details?id=team.opay.pay&hl=en&gl=ng
e38cdd9c-637a-4c5d-a8e8-235717dea9d2,OPay,i enjoy using opay app,5,2026-09-17,Google Play,Customer Review,https://play.google.com/store/apps/details?id=team.opay.pay&hl=en&gl=ng
64dbaaef-5e01-4bcc-beab-8a3c59896fe1,OPay,This is app is fast and reliable for banking,5,2026-09-17,Google Play,Customer Review,https://play.google.com/store/apps/details?id=team.opay.pay&hl=en&gl=ng
c14452c5-ae61-41fc-92eb-8ff24a3e6011,OPay,it's very reliable,4,2026-09-17,Google Play,Customer Review,https://play.google.com/store/apps/details?id=team.opay.pay&hl=en&gl=ng
abfb41fc-4e6b-4bc3-bd5c-e315e70b5abf,OPay,smooth,5,2026-09-17,Google Play,Customer Review,https://play.google.com/store/apps/details?id=team.opay.pay&hl=en&gl=ng
dedf209f-f1a1-4f88-b0fc-028362d7b49f,OPay,"i really like Banking with opay, but this is the first time to lay a complain but not settled,i make a transaction with pos, which was failed but i have been debited, and the pos was not successful, why?",4,2026-09-17,Google Play,Customer Review,https://play.google.com/store/apps/details?id=team.opay.pay&hl=en&gl=ng
24b5ce68-6697-4530-a53d-20038dac1229,OPay,very good,5,2026-09-17,Google Play,Customer Review,https://play.google.com/store/apps/details?id=team.opay.pay&hl=en&gl=ng
847b29e2-ba5c-4a2c-bb6d-dd7d53384d1d,OPay,one in a million always the best ✌️,5,2026-09-17,Google Play,Customer Review,https://play.google.com/store/apps/details?id=team.opay.pay&hl=en&gl=ng
7187bd9c-d7bb-49aa-9fa6-e0dacd5d46d1,OPay,the transaction is so fast,5,2026-09-17,Google Play,Customer Review,https://play.google.com/store/apps/details?id=team.opay.pay&hl=en&gl=ng
04028c79-607f-4ba8-8c37-e5d52ba28747,OPay,faster bank god bless opay more population in you kidding you guys are doing well 💪❤️🫶,5,2026-09-17,Google Play,Customer Review,https://play.google.com/store/apps/details?id=team.opay.pay&hl=en&gl=ng
ed78e72f-cae8-4179-b8da-83991ae05cbc,OPay,you are great 👍,5,2026-09-17,Google Play,Customer Review,https://play.google.com/store/apps/details?id=team.opay.pay&hl=en&gl=ng
46570c53-b0d8-4ea6-ac88-baf4eaffeae2,OPay,I need too money 💵 I don't finish until 5 if it doesn't work for you and I can get me some work to be honest and I don't have to go out and get the kids to do with the answers and the kids have to the Ca it is thee shameful with a bit more can than I was calling to see if you want to change the weekend and the kids have been a bit of an issue and I can do the house for the day before we can get the money and the person I can do the same with me as it doesn't have a good time to get a message,5,2026-09-17,Google Play,Customer Review,https://play.google.com/store/apps/details?id=team.opay.pay&hl=en&gl=ng
0db5d59c-ac9d-4332-b6a9-b645f7ef1e04,OPay,Excellent service,5,2026-09-17,Google Play,Customer Review,https://play.google.com/store/apps/details?id=team.opay.pay&hl=en&gl=ng
1ff08bdd-6a78-497f-8909-cd2f037b8977,OPay,very reliable and trusted bank ❤️❤️ much love i get for Opay,5,2026-09-17,Google Play,Customer Review,https://play.google.com/store/apps/details?id=team.opay.pay&hl=en&gl=ng
0da2e89c-0064-4a90-82a8-22e299638aa3,OPay,opay why are you always declined my loan for the past 4weeks,1,2026-09-17,Google Play,Customer Review,https://play.google.com/store/apps/details?id=team.opay.pay&hl=en&gl=ng
17a56101-9525-4cb5-97b3-cb019ad5c49e,OPay,good,5,2026-09-17,Google Play,Customer Review,https://play.google.com/store/apps/details?id=team.opay.pay&hl=en&gl=ng
787c9785-ec87-438e-9b3e-a6317e88d5f8,OPay,good,5,2026-09-17,Google Play,Customer Review,https://play.google.com/store/apps/details?id=team.opay.pay&hl=en&gl=ng
23c25235-fdec-4382-95df-1bce171cb22a,OPay,Great 👍,5,2026-09-17,Google Play,Customer Review,https://play.google.com/store/apps/details?id=team.opay.pay&hl=en&gl=ng
263fcfb7-00d3-4cb5-9080-ad399986b74b,OPay,Very easy,5,2026-09-17,Google Play,Customer Review,https://play.google.com/store/apps/details?id=team.opay.pay&hl=en&gl=ng
c4ac2d5d-dfc9-4ad9-87f5-46539f350a32,OPay,"All I can say is that, Opay is a fantastic banking app, worthy to be used👌 And I hope they don't start to dey mess up Shaa.",4,2026-09-17,Google Play,Customer Review,https://play.google.com/store/apps/details?id=team.opay.pay&hl=en&gl=ng
498a4c25-12f4-4606-abc2-e84659139e89,OPay,proudly Nigerian,2,2026-09-17,Google Play,Customer Review,https://play.google.com/store/apps/details?id=team.opay.pay&hl=en&gl=ng
2590471e-bd04-4716-9d76-fd814a2fb7fc,OPay,very good,5,2026-09-17,Google Play,Customer Review,https://play.google.com/store/apps/details?id=team.opay.pay&hl=en&gl=ng
13120cde-88d0-4a63-8b0b-e1a81b44205c,OPay,"lately, opay is the most frustrating app I've ever experienced. try to open the opay app for transaction is something else and this happens almost 7 out of 10 tries really frustrating sometimes I feel like deleting it immediately. and it happens almost everyday! if this continues I will definitely delete it from my phone. I buy something and try to make payment I'm always scared that the app would disappoint me because it loads like forever.",1,2026-09-17,Google Play,Customer Review,https://play.google.com/store/apps/details?id=team.opay.pay&hl=en&gl=ng
62e72ae9-8180-4cb4-88bc-cc0ba00f9ab1,OPay,👍,3,2026-09-17,Google Play,Customer Review,https://play.google.com/store/apps/details?id=team.opay.pay&hl=en&gl=ng
c1442758-f063-4abc-8b11-375bc1a74407,OPay,I recharge 500 naira card it was showing pending for 5 days like how can they just take someone's money this app should be shutted down and this isn't even the first time,1,2026-09-17,Google Play,Customer Review,https://play.google.com/store/apps/details?id=team.opay.pay&hl=en&gl=ng
771bfad9-0310-4664-aa3f-c707083104d1,OPay,this app is the best in sending me,5,2026-09-17,Google Play,Customer Review,https://play.google.com/store/apps/details?id=team.opay.pay&hl=en&gl=ng
1de0916a-9ec9-4c82-bea6-43618bca3837,OPay,good 👍 app,5,2026-09-17,Google Play,Customer Review,https://play.google.com/store/apps/details?id=team.opay.pay&hl=en&gl=ng
d2a83b6f-c44d-44bc-9b79-97df26bb4d56,OPay,excellent,5,2026-09-17,Google Play,Customer Review,https://play.google.com/store/apps/details?id=team.opay.pay&hl=en&gl=ng
8f63b506-d1a5-435f-9e0b-504fce8290de,OPay,Business,1,2026-09-17,Google Play,Customer Review,https://play.google.com/store/apps/details?id=team.opay.pay&hl=en&gl=ng
6b95cd30-e2aa-4f11-9678-cee72713f9a4,OPay,It is easy to make transfer and receive alerts,5,2026-09-17,Google Play,Customer Review,https://play.google.com/store/apps/details?id=team.opay.pay&hl=en&gl=ng
37873793-0551-4219-a861-bb18f74e7299,OPay,no pain no gain,2,2026-09-17,Google Play,Customer Review,https://play.google.com/store/apps/details?id=team.opay.pay&hl=en&gl=ng
13484cd2-5a98-47af-ae99-10a4538e3b7f,OPay,This app is a very good app it is good for generation of images andany thing we do in our every day life I really appreciate the creators.,5,2026-09-17,Google Play,Customer Review,https://play.google.com/store/apps/details?id=team.opay.pay&hl=en&gl=ng
a6b63182-c987-403a-9ad0-47af1563f557,OPay,Cool,5,2026-09-17,Google Play,Customer Review,https://play.google.com/store/apps/details?id=team.opay.pay&hl=en&gl=ng
b4620622-3070-446f-b212-c203aa26852a,OPay,One of the best micro finance bank so far,5,2026-09-17,Google Play,Customer Review,https://play.google.com/store/apps/details?id=team.opay.pay&hl=en&gl=ng
fe330860-eb35-43f7-87cf-dfbbdf4b37be,OPay,Smart and reliable,5,2026-09-17,Google Play,Customer Review,https://play.google.com/store/apps/details?id=team.opay.pay&hl=en&gl=ng
b1ae4bc2-ae08-4ac2-b310-cb11c02c7554,OPay,yes I love Opay,5,2026-09-17,Google Play,Customer Review,https://play.google.com/store/apps/details?id=team.opay.pay&hl=en&gl=ng
273c085c-441d-4f57-9c89-f117580afa51,OPay,always on top of their game .. OPAY is it!,4,2026-09-17,Google Play,Customer Review,https://play.google.com/store/apps/details?id=team.opay.pay&hl=en&gl=ng
26f03613-0ced-47ba-8212-c5613ebb0a7d,OPay,magical,5,2026-09-17,Google Play,Customer Review,https://play.google.com/store/apps/details?id=team.opay.pay&hl=en&gl=ng
2727b9cb-50e1-43c1-a21f-f0e108a6d846,OPay,"it's fast, efficient and they relate with customers in a good way",5,2026-09-17,Google Play,Customer Review,https://play.google.com/store/apps/details?id=team.opay.pay&hl=en&gl=ng
af1f39a0-4c69-4ac5-9e5c-e6896b72d69e,OPay,very good 😊,5,2026-09-17,Google Play,Customer Review,https://play.google.com/store/apps/details?id=team.opay.pay&hl=en&gl=ng
777e361e-548e-4411-8d78-f90d5318ff0d,OPay,very useful and great,5,2026-09-17,Google Play,Customer Review,https://play.google.com/store/apps/details?id=team.opay.pay&hl=en&gl=ng
55874da3-c705-4715-b6e2-838b767eda91,OPay,I want to upgrade my opay how will i do it,3,2026-09-17,Google Play,Customer Review,https://play.google.com/store/apps/details?id=team.opay.pay&hl=en&gl=ng
ac661dca-3039-48da-8776-1dc58a5d8000,OPay,the fastest and most reliable fintech app for financial transactions,5,2026-09-17,Google Play,Customer Review,https://play.google.com/store/apps/details?id=team.opay.pay&hl=en&gl=ng
b2730fc4-d94d-401e-8db4-dba7a2788c9b,OPay,pay in to my opay account,5,2026-09-17,Google Play,Customer Review,https://play.google.com/store/apps/details?id=team.opay.pay&hl=en&gl=ng
e9bbaf30-7ef9-431a-bf9b-912f19fb35c5,OPay,sweet but we need more interesting offer's please,5,2026-09-17,Google Play,Customer Review,https://play.google.com/store/apps/details?id=team.opay.pay&hl=en&gl=ng
ddbf48ea-c5ef-41e4-84d7-0fb0eda28826,OPay,the best banking app,5,2026-09-17,Google Play,Customer Review,https://play.google.com/store/apps/details?id=team.opay.pay&hl=en&gl=ng
8a57bd2c-0f62-4fb9-a322-b54ab905d42f,OPay,Since when I started using this app I have been making my transfer and withdraw easy thank you opay,5,2026-09-17,Google Play,Customer Review,https://play.google.com/store/apps/details?id=team.opay.pay&hl=en&gl=ng
ab1febce-9921-4050-9af9-f598d45cd305,OPay,excellent,5,2026-09-17,Google Play,Customer Review,https://play.google.com/store/apps/details?id=team.opay.pay&hl=en&gl=ng
c8d5b510-4a33-4716-a8d1-251d5d4f277c,OPay,opay is the best bank,5,2026-09-17,Google Play,Customer Review,https://play.google.com/store/apps/details?id=team.opay.pay&hl=en&gl=ng
3314d45a-cbfd-450c-aa3b-1811aea6e311,OPay,nice,5,2026-09-17,Google Play,Customer Review,https://play.google.com/store/apps/details?id=team.opay.pay&hl=en&gl=ng
0ee1e376-e33a-4f09-9fef-d7995e7ed1ad,OPay,Fast and reliable,5,2026-09-17,Google Play,Customer Review,https://play.google.com/store/apps/details?id=team.opay.pay&hl=en&gl=ng
b2e69bf1-0788-4b90-97a4-cb15a1b079b1,OPay,Beautiful,5,2026-09-17,Google Play,Customer Review,https://play.google.com/store/apps/details?id=team.opay.pay&hl=en&gl=ng
23acd4cc-b79e-45dc-90e1-6b63f562356c,OPay,Fast and reliable,5,2026-09-17,Google Play,Customer Review,https://play.google.com/store/apps/details?id=team.opay.pay&hl=en&gl=ng
2e09ec5a-5755-4cd0-8c86-6ca5ac4b598c,OPay,Very good,5,2026-09-17,Google Play,Customer Review,https://play.google.com/store/apps/details?id=team.opay.pay&hl=en&gl=ng
8884512e-1a44-4676-9226-bb2eb2b65989,OPay,the best app,5,2026-09-17,Google Play,Customer Review,https://play.google.com/store/apps/details?id=team.opay.pay&hl=en&gl=ng
58b71718-be0d-4b19-a07b-9f59f90201d4,OPay,you are doing well,5,2026-09-17,Google Play,Customer Review,https://play.google.com/store/apps/details?id=team.opay.pay&hl=en&gl=ng
f01a9123-948f-4b3a-9bb3-dfe6ac65ba5f,OPay,So amazing 🤩🤩,5,2026-09-17,Google Play,Customer Review,https://play.google.com/store/apps/details?id=team.opay.pay&hl=en&gl=ng
81fbbc38-3338-416f-89da-5dbc6fb0dfda,OPay,This mobile account to kept some money from things that be used for me,4,2026-09-17,Google Play,Customer Review,https://play.google.com/store/apps/details?id=team.opay.pay&hl=en&gl=ng
558893cf-7c51-4791-9206-5f97e2985168,OPay,great,5,2026-09-17,Google Play,Customer Review,https://play.google.com/store/apps/details?id=team.opay.pay&hl=en&gl=ng
6c591f57-c3e1-473d-8bf1-395679375519,OPay,excellent,5,2026-09-17,Google Play,Customer Review,https://play.google.com/store/apps/details?id=team.opay.pay&hl=en&gl=ng
294bd2be-f99f-48dc-9d61-5ffd0a98efbd,OPay,opa,5,2026-09-17,Google Play,Customer Review,https://play.google.com/store/apps/details?id=team.opay.pay&hl=en&gl=ng
6a673272-9c79-4c86-b0f1-3f42d8b97a69,OPay,ѵҽɾվ ցօօժ,5,2026-09-17,Google Play,Customer Review,https://play.google.com/store/apps/details?id=team.opay.pay&hl=en&gl=ng
6ed9c627-1347-47f2-b212-60a834de8283,OPay,gives the fastest and most accurate transaction.,5,2026-09-17,Google Play,Customer Review,https://play.google.com/store/apps/details?id=team.opay.pay&hl=en&gl=ng
ac040776-1b19-42f6-b6d6-3140f8624cc6,OPay,wonderfully nice,5,2026-09-17,Google Play,Customer Review,https://play.google.com/store/apps/details?id=team.opay.pay&hl=en&gl=ng
cabc37e3-0834-42ab-8a00-a0d4c444d162,OPay,love the app,5,2026-09-17,Google Play,Customer Review,https://play.google.com/store/apps/details?id=team.opay.pay&hl=en&gl=ng
7b4d4091-b7ee-43d9-bdc4-38fef8abc2fb,OPay,it's really save to work with olay,5,2026-09-17,Google Play,Customer Review,https://play.google.com/store/apps/details?id=team.opay.pay&hl=en&gl=ng
86142496-37bb-4ac4-82e5-0635fc75f78f,OPay,"this app is one good banking app. but can you please stop calling if we're not owing.. you made me lose a very important online game because of that. please stop instead use SMS. that little call made me lose a lot. stop calling, especially me",1,2026-09-17,Google Play,Customer Review,https://play.google.com/store/apps/details?id=team.opay.pay&hl=en&gl=ng
b142cd93-3c8b-47e4-8bd1-fbb76f5c4788,OPay,"good, nice,fast and reliable.👍👍👍👍👍👍👍👍👍👍👍👍👍👍👍👍👍👍👍👍👍👍👍👍👍👍👍👍👍👍👍👍👍👍❤️❤️❤️❤️❤️❤️❤️❤️❤️❤️❤️❤️❤️❤️❤️❤️❤️❤️❤️❤️❤️❤️❤️❤️❤️❤️❤️❤️❤️❤️❤️❤️❤️❤️❤️❤️❤️👍👍👍👍👍👍👍👍👍👍👍👍👍👍👍👍👍👍👍🏼👍👍🏼👍🏼👍👍👍👍👍👍👍👍👍👍👍👍👍👍👍👍👍👍👍👍👍👍👍👍👍👍👍👍👍👍👍👍👍👍👍👍👍👍👍👍👍👍👍👍👍👍👍👍👍👍👍👍👍👍👍👍👍👍👍👍👍👍🏼👍👍👍👍👍👍👍👍👍👍👍👍👍👍👍👍👍👍👍👍👍👍👍👍👍👍👍👍👍👍👍👍👍👍👍👍👍👍👍👍👍👍👍👍👍👍👍👍👍👍👍👍🙏👍👍👍👍🙏👍👍👍👍👍👍👍🙏👍👍🙏🙏🙏👍👍👍👍👍",5,2026-09-17,Google Play,Customer Review,https://play.google.com/store/apps/details?id=team.opay.pay&hl=en&gl=ng
1e7dc7a6-5527-4b5d-9432-0eb91ead673d,OPay,opay Is the best of all,5,2026-09-17,Google Play,Customer Review,https://play.google.com/store/apps/details?id=team.opay.pay&hl=en&gl=ng
e49321a0-6cff-4c74-8581-2b457054604a,OPay,very fast and reliable app,4,2026-09-17,Google Play,Customer Review,https://play.google.com/store/apps/details?id=team.opay.pay&hl=en&gl=ng
f838b725-c12c-4c1f-8fb8-6489a1da2946,OPay,nice,4,2026-09-17,Google Play,Customer Review,https://play.google.com/store/apps/details?id=team.opay.pay&hl=en&gl=ng
45df46f1-18d1-4c90-aa67-5a408852e84a,OPay,So nice,5,2026-09-17,Google Play,Customer Review,https://play.google.com/store/apps/details?id=team.opay.pay&hl=en&gl=ng
44b3a671-e6ad-4e25-81fb-84301facdd8e,OPay,very nice 💖❤️,5,2026-09-17,Google Play,Customer Review,https://play.google.com/store/apps/details?id=team.opay.pay&hl=en&gl=ng
2ec6d62d-1ef1-40d7-966e-eb20b2249fe6,OPay,Reliable app,2,2026-09-17,Google Play,Customer Review,https://play.google.com/store/apps/details?id=team.opay.pay&hl=en&gl=ng
479264ac-be2e-4deb-99d9-360fae36e6ba,OPay,everything about opay is fast and easy keep em up🙌🏽,5,2026-09-17,Google Play,Customer Review,https://play.google.com/store/apps/details?id=team.opay.pay&hl=en&gl=ng
a781eab6-9b38-4603-9d0e-c08fae8593a8,OPay,Opay is the best in The world of Transactions.,5,2026-09-17,Google Play,Customer Review,https://play.google.com/store/apps/details?id=team.opay.pay&hl=en&gl=ng
4b0adbcd-bbc9-428b-b147-ee514f9e1c76,OPay,the best,5,2026-09-17,Google Play,Customer Review,https://play.google.com/store/apps/details?id=team.opay.pay&hl=en&gl=ng
76a282a9-690c-4714-9203-3cfc94fc73c9,OPay,"VERY GOOD APP RELIABLE, FAST, EFFICIENT. SAFETY TIP FOR NEXT UPDATE: when adding money from bank direct into opay account from the opay app MUST have pin before the money enters. Mandatory in the settings but optional to add. I think it'd elevate the security measures of the app.",4,2026-09-17,Google Play,Customer Review,https://play.google.com/store/apps/details?id=team.opay.pay&hl=en&gl=ng
d70b9b38-235d-4d2b-a8ee-57c305ec9637,OPay,You made my life very easy Opay I just wish to have large sum amount so I can invest in your company,5,2026-09-17,Google Play,Customer Review,https://play.google.com/store/apps/details?id=team.opay.pay&hl=en&gl=ng
375f8651-b245-4b19-a625-935dd075a8a7,OPay,Simple and efficient,5,2026-09-17,Google Play,Customer Review,https://play.google.com/store/apps/details?id=team.opay.pay&hl=en&gl=ng
842f2651-ef09-4107-bf4c-a7b71cc6b2be,OPay,I realized that Opay network is very fast and the management are ever ready to help the young people they are giving out opportunities like marketing and others things if you are looking for where to borrow money Opay is ready to give out and you pay back later just with your phone no stress,5,2026-09-17,Google Play,Customer Review,https://play.google.com/store/apps/details?id=team.opay.pay&hl=en&gl=ng
1ae80fdc-53af-4be1-a9f4-24f2efaf9fbd,OPay,excellent,5,2026-09-17,Google Play,Customer Review,https://play.google.com/store/apps/details?id=team.opay.pay&hl=en&gl=ng
17fb8cab-c282-4c6f-bb20-cf8927e69178,OPay,"OMG, Opay I love your service so much that I preferred it to my other online bank account. your Internet banking is superb love 💕 OPAY",5,2026-09-17,Google Play,Customer Review,https://play.google.com/store/apps/details?id=team.opay.pay&hl=en&gl=ng
24f8a74c-ee05-4735-89fc-3f13c936a8fa,OPay,recover my account balance please,5,2026-09-17,Google Play,Customer Review,https://play.google.com/store/apps/details?id=team.opay.pay&hl=en&gl=ng
f3d9f845-d1f8-4920-b16e-e4f4b4e7d30e,OPay,This is pass any wallet acount for world,5,2026-09-17,Google Play,Customer Review,https://play.google.com/store/apps/details?id=team.opay.pay&hl=en&gl=ng
1624f1e5-6583-4b78-b5ec-72063fab2e4c,OPay,better ux experience,5,2026-09-17,Google Play,Customer Review,https://play.google.com/store/apps/details?id=team.opay.pay&hl=en&gl=ng
bd282f56-4ebc-4773-b061-5b4ce924a07e,OPay,I have a great experience using opay.veru reliable,5,2026-09-17,Google Play,Customer Review,https://play.google.com/store/apps/details?id=team.opay.pay&hl=en&gl=ng
36289632-c604-4888-81f3-84935d3ea1f2,OPay,excellent,5,2026-09-17,Google Play,Customer Review,https://play.google.com/store/apps/details?id=team.opay.pay&hl=en&gl=ng
dda3f920-04f0-42d3-befd-13f4a43290bf,OPay,wonderful,5,2026-09-17,Google Play,Customer Review,https://play.google.com/store/apps/details?id=team.opay.pay&hl=en&gl=ng
349b8987-45b3-4754-ad78-aa94e42d4a8f,OPay,Excellent,5,2026-09-17,Google Play,Customer Review,https://play.google.com/store/apps/details?id=team.opay.pay&hl=en&gl=ng
a5a20d53-962e-4fdd-a072-aaef3116ab65,OPay,opay should increase the days of account freezing like for example from 24 hours more than 72 hours like 10 days or more than,5,2026-09-17,Google Play,Customer Review,https://play.google.com/store/apps/details?id=team.opay.pay&hl=en&gl=ng
29b9eebb-5de5-448c-84e8-47d8938d703f,OPay,the app is easy to use and very safe,5,2026-09-17,Google Play,Customer Review,https://play.google.com/store/apps/details?id=team.opay.pay&hl=en&gl=ng
bed7c759-8d0d-48f1-8b94-883de8fa37ca,OPay,perfect💯,5,2026-09-17,Google Play,Customer Review,https://play.google.com/store/apps/details?id=team.opay.pay&hl=en&gl=ng
a11a691b-921e-4c92-b63f-c08b03aba685,OPay,So Fast,5,2026-09-17,Google Play,Customer Review,https://play.google.com/store/apps/details?id=team.opay.pay&hl=en&gl=ng
68822a17-71a5-4de5-9a20-b81c0b74e754,OPay,fatima abubakar,5,2026-09-17,Google Play,Customer Review,https://play.google.com/store/apps/details?id=team.opay.pay&hl=en&gl=ng
794fc059-69da-4845-8fa9-516033add3d8,OPay,is to inform you do it well,5,2026-09-17,Google Play,Customer Review,https://play.google.com/store/apps/details?id=team.opay.pay&hl=en&gl=ng
517466fc-5e78-4bb0-b2f5-1173e0278032,OPay,Very interested,5,2026-09-17,Google Play,Customer Review,https://play.google.com/store/apps/details?id=team.opay.pay&hl=en&gl=ng
906d7b78-3b55-4ee0-9ffd-b125b993072e,OPay,"This app is the best❤️,since I started using opay in 2024,I have never had any failed transactions,my transactions has been seamless,no delays, nothing like I was debited without withdrawal, nothing like no network, nothing like unnecessary withdrawals from your account in the of name charges, you are my sure plug.pls keep it up.",5,2026-09-17,Google Play,Customer Review,https://play.google.com/store/apps/details?id=team.opay.pay&hl=en&gl=ng
a8d6efd8-f333-4dbc-ad02-82bcfa37e682,OPay,my experience has been sensible and good,5,2026-09-17,Google Play,Customer Review,https://play.google.com/store/apps/details?id=team.opay.pay&hl=en&gl=ng
9e08f14d-7a11-4dca-8ae0-c781aaae9a35,OPay,"The best app is here! Is very easy for transaction, No network problem. and for the SMS Alert why not showing the sender name in the credit alert message. what if I have not using app.",4,2026-09-17,Google Play,Customer Review,https://play.google.com/store/apps/details?id=team.opay.pay&hl=en&gl=ng
7c7ec99e-0990-4688-8727-fa5b87f01dfa,OPay,"I'm rating 2 due to my experience, lately since this year opay has been so unreliable especially when you're in haste of making a transaction urgently. apparently their network has been so lame, they should work on it, it's annoying.",2,2026-09-17,Google Play,Customer Review,https://play.google.com/store/apps/details?id=team.opay.pay&hl=en&gl=ng
6f7f0c2a-6d84-495c-9a33-9d0246f9e0d9,OPay,Best services so far,5,2026-09-17,Google Play,Customer Review,https://play.google.com/store/apps/details?id=team.opay.pay&hl=en&gl=ng
a1b5a327-afb5-4b79-b65c-b187c59334b7,OPay,"Opay makes life very easy. For as long as one uses opay, he or she can not be stranded.",5,2026-09-17,Google Play,Customer Review,https://play.google.com/store/apps/details?id=team.opay.pay&hl=en&gl=ng
345455f0-694c-487a-ab30-9d62db9dfeb3,OPay,why is the app taking almost forever to open please improve on this,3,2026-09-17,Google Play,Customer Review,https://play.google.com/store/apps/details?id=team.opay.pay&hl=en&gl=ng
ee92c646-9a5e-45aa-87d2-29e31af9e0ee,OPay,I don't have much to say but I most say there are the best💯,5,2026-09-17,Google Play,Customer Review,https://play.google.com/store/apps/details?id=team.opay.pay&hl=en&gl=ng
e5b2fe6b-0e7d-4aa9-a33e-8f55041bba53,OPay,i give you 5 stars your services are top notch,5,2026-09-17,Google Play,Customer Review,https://play.google.com/store/apps/details?id=team.opay.pay&hl=en&gl=ng
35075578-71ec-45cd-9230-d54bd293a1c0,OPay,the best fintec bank so far,5,2026-09-17,Google Play,Customer Review,https://play.google.com/store/apps/details?id=team.opay.pay&hl=en&gl=ng
6c23357d-3e7a-4caa-9c36-dc95d9f098fd,OPay,Awesome,5,2026-09-17,Google Play,Customer Review,https://play.google.com/store/apps/details?id=team.opay.pay&hl=en&gl=ng
cdbfbdff-df62-4556-9010-027a01b5ffbe,OPay,very good 👍👍,5,2026-09-17,Google Play,Customer Review,https://play.google.com/store/apps/details?id=team.opay.pay&hl=en&gl=ng
ab506a2b-5c7c-421f-b1a9-e1780cbfba8a,OPay,great app ever,5,2026-09-17,Google Play,Customer Review,https://play.google.com/store/apps/details?id=team.opay.pay&hl=en&gl=ng
608d0de0-32be-42a4-9b41-56572cb59400,OPay,very good,4,2026-09-17,Google Play,Customer Review,https://play.google.com/store/apps/details?id=team.opay.pay&hl=en&gl=ng
808c6583-4c21-4676-bfcd-b1ea0996e581,OPay,", good use opay nice banking app",5,2026-09-17,Google Play,Customer Review,https://play.google.com/store/apps/details?id=team.opay.pay&hl=en&gl=ng
dffb7cc2-ca72-4b7a-bff9-18b24f9ed08b,OPay,very good,5,2026-09-17,Google Play,Customer Review,https://play.google.com/store/apps/details?id=team.opay.pay&hl=en&gl=ng
57ae1a2b-e8e3-4e33-ae0a-c8e6e6d20434,OPay,Safety,5,2026-09-17,Google Play,Customer Review,https://play.google.com/store/apps/details?id=team.opay.pay&hl=en&gl=ng
d0c5685e-38aa-40d1-a3bc-45c3127eb81a,OPay,biometric fingerprint not working on this phone Nokia Luma. Tried to activate but yet cannot perform it.,2,2026-09-17,Google Play,Customer Review,https://play.google.com/store/apps/details?id=team.opay.pay&hl=en&gl=ng
001e0629-dcd3-445e-ba35-af4615016ced,OPay,so good,5,2026-09-17,Google Play,Customer Review,https://play.google.com/store/apps/details?id=team.opay.pay&hl=en&gl=ng
52f5c832-f717-44da-acc3-4437d6fba172,OPay,"easy, reliable and fast.👍✅",5,2026-09-17,Google Play,Customer Review,https://play.google.com/store/apps/details?id=team.opay.pay&hl=en&gl=ng
008a8943-86f1-4cf0-8eff-4ca01ad8a736,OPay,very very nice app,5,2026-09-17,Google Play,Customer Review,https://play.google.com/store/apps/details?id=team.opay.pay&hl=en&gl=ng
7beb64da-471d-4864-a182-e7ce2ff103c3,OPay,very good,5,2026-09-17,Google Play,Customer Review,https://play.google.com/store/apps/details?id=team.opay.pay&hl=en&gl=ng
39cb335a-3a54-4142-8178-a8174196b26f,OPay,Always the best online banking app. love you guys 🥰🥰🥰,5,2026-09-17,Google Play,Customer Review,https://play.google.com/store/apps/details?id=team.opay.pay&hl=en&gl=ng
57da9f23-0301-4556-806f-80136e1a1e79,OPay,Good and trust worth app,4,2026-09-17,Google Play,Customer Review,https://play.google.com/store/apps/details?id=team.opay.pay&hl=en&gl=ng
38fc46e5-77eb-4e11-9bf8-878ef252b55c,OPay,am happy with opay,5,2026-09-17,Google Play,Customer Review,https://play.google.com/store/apps/details?id=team.opay.pay&hl=en&gl=ng
e65fa0e8-da28-458f-b65f-04d5a98dda7e,OPay,very fast and nice,5,2026-09-17,Google Play,Customer Review,https://play.google.com/store/apps/details?id=team.opay.pay&hl=en&gl=ng
0ae344ec-43f8-4d64-8f80-d32493961cfe,OPay,using the Opay app is very reliable and secure,5,2026-09-16,Google Play,Customer Review,https://play.google.com/store/apps/details?id=team.opay.pay&hl=en&gl=ng
c0d5f53d-b570-4bb1-b885-77f1e0f30b70,OPay,Fast - Effective - Efficient - Easy,5,2026-09-16,Google Play,Customer Review,https://play.google.com/store/apps/details?id=team.opay.pay&hl=en&gl=ng
48350656-b9e8-4833-88c2-5c3f6389f2ed,OPay,it's really amazing,4,2026-09-16,Google Play,Customer Review,https://play.google.com/store/apps/details?id=team.opay.pay&hl=en&gl=ng
d5420844-af3b-46c2-8f82-07417bea199e,OPay,It is the best,5,2026-09-16,Google Play,Customer Review,https://play.google.com/store/apps/details?id=team.opay.pay&hl=en&gl=ng
cd48f6c8-5f8c-4517-9f4a-82d720a3aaa6,OPay,opay is a reliable bank. their operation is so fantastic. easiest bank in Nigeria so far,1,2026-09-16,Google Play,Customer Review,https://play.google.com/store/apps/details?id=team.opay.pay&hl=en&gl=ng
c683e4ec-e479-452f-8073-3a7fb4803a52,OPay,it's a nice app and it helps me save,5,2026-09-16,Google Play,Customer Review,https://play.google.com/store/apps/details?id=team.opay.pay&hl=en&gl=ng
cd08312e-f228-45a6-aefb-8804d0759ed5,OPay,This is the best banking app I have seen it's easy to use and reliable,5,2026-09-16,Google Play,Customer Review,https://play.google.com/store/apps/details?id=team.opay.pay&hl=en&gl=ng
90248752-b6a7-4f99-851d-309765056d98,OPay,"don't know if here is the place I need to resolve an issue, what's your email address. have been using Opay for years now and I can say for sure that it's the best so far",3,2026-09-16,Google Play,Customer Review,https://play.google.com/store/apps/details?id=team.opay.pay&hl=en&gl=ng
37fa4dfb-e6ac-4a66-8748-1c7c0946fc97,OPay,It's the best mobile app in Nigeria so it deserves a five star mark,5,2026-09-16,Google Play,Customer Review,https://play.google.com/store/apps/details?id=team.opay.pay&hl=en&gl=ng
130b6e5d-b32c-4be4-8c95-d9b35dbb9662,OPay,opay is good all the time,5,2026-09-16,Google Play,Customer Review,https://play.google.com/store/apps/details?id=team.opay.pay&hl=en&gl=ng
c5435a61-cfa9-4bd6-a63e-e87955c6e860,OPay,"Its used to be my best app until you start sending OTP to phone number during login, not considering customers in Diaspora that don't have their sim card. Please take the login back to password and Face verification only.",1,2026-09-16,Google Play,Customer Review,https://play.google.com/store/apps/details?id=team.opay.pay&hl=en&gl=ng
5d92f1e4-6938-4b28-8de7-6916f6cd21d5,OPay,"opay is one of the best mobile transfer app It fast and reliable,they also pay for their referrals",5,2026-09-16,Google Play,Customer Review,https://play.google.com/store/apps/details?id=team.opay.pay&hl=en&gl=ng
4c809870-9041-4b39-a03d-0a99ab2baf19,OPay,love the app.i enjoy using it,5,2026-09-16,Google Play,Customer Review,https://play.google.com/store/apps/details?id=team.opay.pay&hl=en&gl=ng
b3719dd6-dbd8-400f-b724-e8cf50265df5,OPay,OPAY I love u buh you don't give me loan 🤦😔,4,2026-09-16,Google Play,Customer Review,https://play.google.com/store/apps/details?id=team.opay.pay&hl=en&gl=ng
8ac7442e-9b5a-4aba-97d2-0c6f23e0430b,OPay,lovely bank,5,2026-09-16,Google Play,Customer Review,https://play.google.com/store/apps/details?id=team.opay.pay&hl=en&gl=ng
200792d9-75b7-47fe-bafc-ce066e0a28d3,OPay,good,5,2026-09-16,Google Play,Customer Review,https://play.google.com/store/apps/details?id=team.opay.pay&hl=en&gl=ng
478d8bd8-42df-4774-a248-c2648a2d0675,OPay,good and fantastic,5,2026-09-16,Google Play,Customer Review,https://play.google.com/store/apps/details?id=team.opay.pay&hl=en&gl=ng
1b167b32-1ddd-4d26-b928-3797d79931c7,OPay,fast and reliable and also trusted 💯,5,2026-09-16,Google Play,Customer Review,https://play.google.com/store/apps/details?id=team.opay.pay&hl=en&gl=ng
6815674e-f5e1-4465-9886-785ecf37ef57,OPay,👍👍👍,5,2026-09-16,Google Play,Customer Review,https://play.google.com/store/apps/details?id=team.opay.pay&hl=en&gl=ng
3e5571b0-6172-422b-966d-41ed6211d293,OPay,opay is very fast and 100% secure.The best mobile banking app,5,2026-09-16,Google Play,Customer Review,https://play.google.com/store/apps/details?id=team.opay.pay&hl=en&gl=ng
169c4739-7cf9-46bb-a7e7-23dee26fc51b,OPay,masha allahu,5,2026-09-16,Google Play,Customer Review,https://play.google.com/store/apps/details?id=team.opay.pay&hl=en&gl=ng
a09129cc-8213-4319-887e-e4b8db133245,OPay,The most secure app,5,2026-09-16,Google Play,Customer Review,https://play.google.com/store/apps/details?id=team.opay.pay&hl=en&gl=ng
1eaf9df7-dec2-405f-8357-f25a98ff3a0c,OPay,"i love this app, I don't need to worry about hackers",1,2026-09-16,Google Play,Customer Review,https://play.google.com/store/apps/details?id=team.opay.pay&hl=en&gl=ng
da3c53ba-6f9c-4b7b-aa64-541217fd1abe,OPay,"fast , reliable and satisfied keep it up",4,2026-09-16,Google Play,Customer Review,https://play.google.com/store/apps/details?id=team.opay.pay&hl=en&gl=ng
ef2352fc-9310-4996-a878-6602da960f23,OPay,normal to transfer money from opey,5,2026-09-16,Google Play,Customer Review,https://play.google.com/store/apps/details?id=team.opay.pay&hl=en&gl=ng
25838600-594c-4f74-a74c-48a6a188f440,OPay,"Smooth, seamless, ease, precise and concise.",5,2026-09-16,Google Play,Customer Review,https://play.google.com/store/apps/details?id=team.opay.pay&hl=en&gl=ng
b3f9945e-3053-48d0-91ea-bb21b9933208,OPay,the best among the rest,5,2026-09-16,Google Play,Customer Review,https://play.google.com/store/apps/details?id=team.opay.pay&hl=en&gl=ng
df630574-42a8-45ef-8b87-981beb6ad0d1,OPay,so good,1,2026-09-16,Google Play,Customer Review,https://play.google.com/store/apps/details?id=team.opay.pay&hl=en&gl=ng
315f4ee0-2657-41c4-9e43-d64bfd7894cb,OPay,quite good,5,2026-09-16,Google Play,Customer Review,https://play.google.com/store/apps/details?id=team.opay.pay&hl=en&gl=ng
be9074be-657c-4e52-903d-38f0272af6a1,OPay,very good,5,2026-09-16,Google Play,Customer Review,https://play.google.com/store/apps/details?id=team.opay.pay&hl=en&gl=ng
df251cb9-59d5-4f5e-afa4-d9a262ae2db2,OPay,"Service delivery is just beyond conventional banking as I do not need to visit any physical branch for inquiries, lay complaints or make transactions. Sign up and login activities meet my simple lifestyle but strong enough to get me covered and protected. I love Opay. I love the app.",5,2026-09-16,Google Play,Customer Review,https://play.google.com/store/apps/details?id=team.opay.pay&hl=en&gl=ng
dc0b383d-b475-48d8-870b-a91be0dcfda8,OPay,great app,5,2026-09-16,Google Play,Customer Review,https://play.google.com/store/apps/details?id=team.opay.pay&hl=en&gl=ng
81d1a0ae-176a-4903-ba80-15b1d01b69c9,OPay,very reliable and fast,5,2026-09-16,Google Play,Customer Review,https://play.google.com/store/apps/details?id=team.opay.pay&hl=en&gl=ng
12529705-bb99-4540-8e21-bed66bd7e423,OPay,10/10 app,5,2026-09-16,Google Play,Customer Review,https://play.google.com/store/apps/details?id=team.opay.pay&hl=en&gl=ng
79aa9d00-56c5-4e4b-a9dc-94f37bfb408c,OPay,"I think this app is making annoying, I want to use my money for emergency something they telling me that network is currently not available.😔",1,2026-09-16,Google Play,Customer Review,https://play.google.com/store/apps/details?id=team.opay.pay&hl=en&gl=ng
d6e55c4a-ba73-4690-82e9-6a4ddbc10440,OPay,good,5,2026-09-16,Google Play,Customer Review,https://play.google.com/store/apps/details?id=team.opay.pay&hl=en&gl=ng
d755cc5e-b0f8-4137-bf84-4cc02f2abf3e,OPay,"c''zzdfwddr jaajungal Ee t .,te nii ɗxlobx p lg",2,2026-09-16,Google Play,Customer Review,https://play.google.com/store/apps/details?id=team.opay.pay&hl=en&gl=ng
9fb4a031-60f6-4ce9-ab7f-5364dbe31843,OPay,Very good,5,2026-09-16,Google Play,Customer Review,https://play.google.com/store/apps/details?id=team.opay.pay&hl=en&gl=ng
668605b9-1206-4aaf-a450-2ef54c9a98f7,OPay,"this app is very good and sweet, is safety, since I have been with them only once I experienced that I did two times transfer to one person and the person said she saw one and didn't see the second one which I complained to opay up till now opay didn't return my money back to me, apart from these nothing more, I love opay too much, so I advice people to use this app and insurance covers everyone using this app. thank you opay",5,2026-09-16,Google Play,Customer Review,https://play.google.com/store/apps/details?id=team.opay.pay&hl=en&gl=ng
dae7c79e-33cc-420f-ba22-dc61c70d699f,OPay,excellent service,5,2026-09-16,Google Play,Customer Review,https://play.google.com/store/apps/details?id=team.opay.pay&hl=en&gl=ng
a142fd50-b799-4f94-acfa-9f8968b06fc2,OPay,my mom told me to tell you a very big thank you and i couldn't find a better place. My mom was scammed online and it was reported on Opay with screenshots and almost all her money was recovered. Thank you so much,4,2026-09-16,Google Play,Customer Review,https://play.google.com/store/apps/details?id=team.opay.pay&hl=en&gl=ng
e2a28000-d127-4bbf-aaab-3b8f8b91bcf4,OPay,fast and reliable,5,2026-09-16,Google Play,Customer Review,https://play.google.com/store/apps/details?id=team.opay.pay&hl=en&gl=ng
a620937f-1a15-4d03-abcd-30af6fac1955,OPay,Splendid app,4,2026-09-16,Google Play,Customer Review,https://play.google.com/store/apps/details?id=team.opay.pay&hl=en&gl=ng
2d1d3d6b-cd76-4ab6-80b2-d86c91d81c68,OPay,It's been a flawless experience for me so far; I'll certainly recommend this app to someone.,5,2026-09-16,Google Play,Customer Review,https://play.google.com/store/apps/details?id=team.opay.pay&hl=en&gl=ng
12e19698-83c9-49fb-be64-6ae53d255121,OPay,"faster, safe and secured",5,2026-09-16,Google Play,Customer Review,https://play.google.com/store/apps/details?id=team.opay.pay&hl=en&gl=ng
0013fb3a-a67d-4c5d-95ed-3e57f4f2dfba,OPay,alibukar,5,2026-09-16,Google Play,Customer Review,https://play.google.com/store/apps/details?id=team.opay.pay&hl=en&gl=ng
559c5953-de44-44cb-a156-57d3b7ae9856,OPay,essential creativity,5,2026-09-16,Google Play,Customer Review,https://play.google.com/store/apps/details?id=team.opay.pay&hl=en&gl=ng
f042f3c1-0a71-472e-b09f-d3c4e6909637,OPay,"I like the app, it's easy to use and transaction are fast",4,2026-09-16,Google Play,Customer Review,https://play.google.com/store/apps/details?id=team.opay.pay&hl=en&gl=ng
f0b319a8-f4eb-4749-a6a1-a18877a61a1d,OPay,fast,5,2026-09-16,Google Play,Customer Review,https://play.google.com/store/apps/details?id=team.opay.pay&hl=en&gl=ng
90ee62c5-1713-4121-98bf-55f27a0657b4,OPay,"it's smart, friendly and efficient",5,2026-09-16,Google Play,Customer Review,https://play.google.com/store/apps/details?id=team.opay.pay&hl=en&gl=ng
6d8a41a1-dc72-4bd8-824b-faff710e790f,OPay,I have joy in me while using opay app,5,2026-09-16,Google Play,Customer Review,https://play.google.com/store/apps/details?id=team.opay.pay&hl=en&gl=ng
6209820e-5f7d-4021-b4f0-77236b11eac1,OPay,Opay is the best banking app ever and ever,5,2026-09-16,Google Play,Customer Review,https://play.google.com/store/apps/details?id=team.opay.pay&hl=en&gl=ng
b7871097-c2b2-44f5-949e-5357712339f8,OPay,very good 👍,5,2026-09-16,Google Play,Customer Review,https://play.google.com/store/apps/details?id=team.opay.pay&hl=en&gl=ng
c93136ca-2896-4f86-9e70-95d07d9a5e61,OPay,settings and open,5,2026-09-16,Google Play,Customer Review,https://play.google.com/store/apps/details?id=team.opay.pay&hl=en&gl=ng
d31c80a8-5388-411c-917a-275542da59c1,OPay,The best you can't tell me otherwise,5,2026-09-16,Google Play,Customer Review,https://play.google.com/store/apps/details?id=team.opay.pay&hl=en&gl=ng
89fc7fc8-978f-41f3-9c01-fd730a142e2b,OPay,The best internet banking app so far....🫰🫰,5,2026-09-16,Google Play,Customer Review,https://play.google.com/store/apps/details?id=team.opay.pay&hl=en&gl=ng
3c1c6481-f277-4199-9915-00c3aa6db120,OPay,Wonderful,5,2026-09-16,Google Play,Customer Review,https://play.google.com/store/apps/details?id=team.opay.pay&hl=en&gl=ng
d743308f-47fa-4397-a056-0b1234ae0bc0,OPay,good,5,2026-09-16,Google Play,Customer Review,https://play.google.com/store/apps/details?id=team.opay.pay&hl=en&gl=ng
e4f74b8c-209c-4f7d-9cde-64b0bf2678da,OPay,very interested,4,2026-09-16,Google Play,Customer Review,https://play.google.com/store/apps/details?id=team.opay.pay&hl=en&gl=ng
6a1ebad0-09fa-4dec-aa36-89c8014c81f4,OPay,the app is okay and exciting but I would know if I could place my account on fixed and I don't want to collect it or cancel it until the due date,3,2026-09-16,Google Play,Customer Review,https://play.google.com/store/apps/details?id=team.opay.pay&hl=en&gl=ng
e029386d-0c6b-459b-af16-b55e87d3d05c,OPay,"This App is fantastic, I enjoy banking with you guys over the years, Am looking forward to do more successful transaction with you guys 😘 #loverofOpay",5,2026-09-16,Google Play,Customer Review,https://play.google.com/store/apps/details?id=team.opay.pay&hl=en&gl=ng
adffe848-dff1-49d1-b2f1-10bef21bbbc7,OPay,please kindly help me to fix my app. the message am seeing is that the app is no more compatible with my device 'that I should contact the developer. Please help--Thanks in anticipation 🙏,5,2026-09-16,Google Play,Customer Review,https://play.google.com/store/apps/details?id=team.opay.pay&hl=en&gl=ng
9c8adc3f-9408-43b7-a85f-25101d4893b9,OPay,such a good app,5,2026-09-16,Google Play,Customer Review,https://play.google.com/store/apps/details?id=team.opay.pay&hl=en&gl=ng
d1237e18-2fea-40d1-9254-90547212d457,OPay,I think the app is portable instead of using pos,5,2026-09-16,Google Play,Customer Review,https://play.google.com/store/apps/details?id=team.opay.pay&hl=en&gl=ng
a2122335-4622-490e-afa4-3d9efe375c99,OPay,School education,5,2026-09-16,Google Play,Customer Review,https://play.google.com/store/apps/details?id=team.opay.pay&hl=en&gl=ng
694585e0-5dcb-48e5-91f9-d111d197eec7,OPay,excellent,5,2026-09-16,Google Play,Customer Review,https://play.google.com/store/apps/details?id=team.opay.pay&hl=en&gl=ng
a7ee9f63-08b2-4764-8101-bc8720c92bf3,OPay,quick and reliable,5,2026-09-16,Google Play,Customer Review,https://play.google.com/store/apps/details?id=team.opay.pay&hl=en&gl=ng
e89b316a-8c76-4243-8499-19f4494bb73d,OPay,I love opay,5,2026-09-16,Google Play,Customer Review,https://play.google.com/store/apps/details?id=team.opay.pay&hl=en&gl=ng
485f056c-1472-45d1-acfe-ebbaff07efd3,OPay,excellent 👌,5,2026-09-16,Google Play,Customer Review,https://play.google.com/store/apps/details?id=team.opay.pay&hl=en&gl=ng
3e43278b-2a10-4755-9857-fed4c3995efe,OPay,nice 👍,5,2026-09-16,Google Play,Customer Review,https://play.google.com/store/apps/details?id=team.opay.pay&hl=en&gl=ng
ecb8d7ab-5914-4cac-a2e9-d06b715b9b0c,OPay,nice one,5,2026-09-16,Google Play,Customer Review,https://play.google.com/store/apps/details?id=team.opay.pay&hl=en&gl=ng
bbd25134-02d6-49f0-bb5a-9f5cd21bde8a,OPay,the app loads for more than 6 minutes before opening. I use ussd (*955#) for urgent transactions,1,2026-09-16,Google Play,Customer Review,https://play.google.com/store/apps/details?id=team.opay.pay&hl=en&gl=ng
5774e548-75df-4496-8778-97e7f57f3452,OPay,suitable,5,2026-09-16,Google Play,Customer Review,https://play.google.com/store/apps/details?id=team.opay.pay&hl=en&gl=ng
edb00ede-881a-4253-9ddc-3cd87d32e7fb,OPay,I can't find my acc pin,1,2026-09-16,Google Play,Customer Review,https://play.google.com/store/apps/details?id=team.opay.pay&hl=en&gl=ng
d4c43f12-eb4b-41f5-bc65-c7cad03ff9ec,OPay,gooooooooood👊,5,2026-09-16,Google Play,Customer Review,https://play.google.com/store/apps/details?id=team.opay.pay&hl=en&gl=ng
db83a2f8-2399-44d4-bc7d-7bb4eec7a67c,OPay,commandable,5,2026-09-16,Google Play,Customer Review,https://play.google.com/store/apps/details?id=team.opay.pay&hl=en&gl=ng
4197d326-5dff-454a-998d-7385da84c9cb,OPay,no issues,5,2026-09-16,Google Play,Customer Review,https://play.google.com/store/apps/details?id=team.opay.pay&hl=en&gl=ng
77fe8755-9c9a-40ea-bd9f-ce3732183e15,OPay,the best,5,2026-09-16,Google Play,Customer Review,https://play.google.com/store/apps/details?id=team.opay.pay&hl=en&gl=ng
67a49108-b7b6-45b6-8109-95360199cda5,OPay,"Thank you for making banking the easiest, OPay.",5,2026-09-16,Google Play,Customer Review,https://play.google.com/store/apps/details?id=team.opay.pay&hl=en&gl=ng
51a6cc64-a15b-46c1-a9b4-0ddb70e8569d,OPay,wow,5,2026-09-16,Google Play,Customer Review,https://play.google.com/store/apps/details?id=team.opay.pay&hl=en&gl=ng
8cb04e67-a893-4db0-ba81-f76c001880bb,OPay,I love this app,5,2026-09-16,Google Play,Customer Review,https://play.google.com/store/apps/details?id=team.opay.pay&hl=en&gl=ng
86204ca1-09b2-4027-89f9-09d0668d4b33,OPay,fantastic app.,5,2026-09-16,Google Play,Customer Review,https://play.google.com/store/apps/details?id=team.opay.pay&hl=en&gl=ng
99e294d2-7ccd-4773-b344-e098ca36c695,OPay,seamless experience so far,5,2026-09-16,Google Play,Customer Review,https://play.google.com/store/apps/details?id=team.opay.pay&hl=en&gl=ng
bcedbc2f-abc2-4ca0-a21c-116ad4650eba,OPay,get your self an opay account for save and fast transfers,5,2026-09-16,Google Play,Customer Review,https://play.google.com/store/apps/details?id=team.opay.pay&hl=en&gl=ng
33789cc7-5533-45f2-8f58-9d432be00f42,OPay,You guys are the best,5,2026-09-16,Google Play,Customer Review,https://play.google.com/store/apps/details?id=team.opay.pay&hl=en&gl=ng
11ca6c37-3161-4947-a99e-abf3b3d37011,OPay,you're correct,5,2026-09-16,Google Play,Customer Review,https://play.google.com/store/apps/details?id=team.opay.pay&hl=en&gl=ng
d2acb33e-41eb-4a98-a1fb-fb27c98e5189,OPay,una dey frustrate person for loan side abeg,4,2026-09-16,Google Play,Customer Review,https://play.google.com/store/apps/details?id=team.opay.pay&hl=en&gl=ng
1a6e4bf6-2060-45b0-9eac-76c9781b8274,OPay,Wonderful!!,5,2026-09-16,Google Play,Customer Review,https://play.google.com/store/apps/details?id=team.opay.pay&hl=en&gl=ng
a117e410-59f4-4846-bb72-fc62a8a311a9,OPay,I really love opay,5,2026-09-16,Google Play,Customer Review,https://play.google.com/store/apps/details?id=team.opay.pay&hl=en&gl=ng
c8098331-a0ee-4ec8-9973-8354a273f6bb,OPay,u are the best to be honest 😘😘😘😘,5,2026-09-16,Google Play,Customer Review,https://play.google.com/store/apps/details?id=team.opay.pay&hl=en&gl=ng
ff830b15-fdff-487e-8ed7-aa9314533f02,OPay,one of the best microfinance app.,5,2026-09-16,Google Play,Customer Review,https://play.google.com/store/apps/details?id=team.opay.pay&hl=en&gl=ng
6a719425-600b-42c5-8706-00a791593397,OPay,my opay is giving me serious issues right now I can't login after the otp I don't know why,1,2026-09-16,Google Play,Customer Review,https://play.google.com/store/apps/details?id=team.opay.pay&hl=en&gl=ng
9874f71b-1a7b-4c91-ab02-709e68d35a7c,OPay,excellent,5,2026-09-16,Google Play,Customer Review,https://play.google.com/store/apps/details?id=team.opay.pay&hl=en&gl=ng
937735cc-408f-4735-997c-8e8d5e0c96f3,OPay,splendid,5,2026-09-16,Google Play,Customer Review,https://play.google.com/store/apps/details?id=team.opay.pay&hl=en&gl=ng
b612b783-da81-411c-afd9-b681a81691a8,OPay,Very nice,5,2026-09-16,Google Play,Customer Review,https://play.google.com/store/apps/details?id=team.opay.pay&hl=en&gl=ng
367c89e7-c912-4699-80e9-b8f5c61dc7e7,OPay,"I made a erroneous transfer and i have already reported the transaction, and I waited for the days the requested me to wait and they rejected my appeal I want a refund",1,2026-09-16,Google Play,Customer Review,https://play.google.com/store/apps/details?id=team.opay.pay&hl=en&gl=ng
04b390b0-1dde-42a9-aafa-14a1f8d5d79d,OPay,good to use 👍👍👍,5,2026-09-16,Google Play,Customer Review,https://play.google.com/store/apps/details?id=team.opay.pay&hl=en&gl=ng
c6f4bbbf-7a75-45a6-b825-951f353c4b03,OPay,I no know what happened I can download again please what can I do now,1,2026-09-16,Google Play,Customer Review,https://play.google.com/store/apps/details?id=team.opay.pay&hl=en&gl=ng
4285beb3-9849-4241-92c2-535d7764d681,OPay,AMAZING 💪🥰,5,2026-09-16,Google Play,Customer Review,https://play.google.com/store/apps/details?id=team.opay.pay&hl=en&gl=ng
eeeffb89-98b5-4966-8a53-19fb5dbe7210,OPay,"What’s the point of upgrading from Spend & Save to Fixed Deposit when you can’t downgrade back to the normal Spend & Save if you’re no longer interested in the service? 🤦🏿‍♂️ I personally think this needs to be worked on in the app. I upgraded from Spend & Save to Fixed Deposit, and now there’s no option to switch back. That’s honestly so annoying, if you ask me. 🥺🤦🏿‍♂️",4,2026-09-16,Google Play,Customer Review,https://play.google.com/store/apps/details?id=team.opay.pay&hl=en&gl=ng
2c3d22fd-0da7-490f-849c-564739e2a2ab,OPay,very nice app,5,2026-09-16,Google Play,Customer Review,https://play.google.com/store/apps/details?id=team.opay.pay&hl=en&gl=ng
d9ad2037-53d3-49a9-89b5-2d168886ec14,OPay,why this app his not working for me anymore,5,2026-09-16,Google Play,Customer Review,https://play.google.com/store/apps/details?id=team.opay.pay&hl=en&gl=ng
dbc78820-cc02-41b4-8afc-51cf315ddba5,OPay,I love it so much,5,2026-09-16,Google Play,Customer Review,https://play.google.com/store/apps/details?id=team.opay.pay&hl=en&gl=ng
6b11c022-c76a-4566-bcea-e0e8b1a13131,OPay,This is one of the best app,5,2026-09-16,Google Play,Customer Review,https://play.google.com/store/apps/details?id=team.opay.pay&hl=en&gl=ng
770fa532-47e6-4ec4-a198-4cb896c73247,OPay,very fast,5,2026-09-16,Google Play,Customer Review,https://play.google.com/store/apps/details?id=team.opay.pay&hl=en&gl=ng
2f125f69-e159-4749-a5d5-a4ea98d7b012,OPay,I really enjoyed this app,5,2026-09-16,Google Play,Customer Review,https://play.google.com/store/apps/details?id=team.opay.pay&hl=en&gl=ng
650c1cb6-9bc6-4504-8119-8524ae311719,OPay,The best banking app so far🥰🥰🥰,5,2026-09-16,Google Play,Customer Review,https://play.google.com/store/apps/details?id=team.opay.pay&hl=en&gl=ng
840ed20d-7d74-437e-92f5-e0dbedc4c3e6,OPay,very easy,5,2026-09-16,Google Play,Customer Review,https://play.google.com/store/apps/details?id=team.opay.pay&hl=en&gl=ng
2348e73d-f009-4d2d-9afb-315c80f815cd,OPay,nice,5,2026-09-16,Google Play,Customer Review,https://play.google.com/store/apps/details?id=team.opay.pay&hl=en&gl=ng
84d83ff5-8ba3-4690-a01f-83e41b9d7c37,OPay,opay is a great app,5,2026-09-16,Google Play,Customer Review,https://play.google.com/store/apps/details?id=team.opay.pay&hl=en&gl=ng
ca8cb0af-473b-4fcc-85eb-ebc2d0d0cb4c,OPay,I think it was nothing until I download it opay I'm so grateful and to the one who always mk transaction to the bank app👑✍️🙏,5,2026-09-16,Google Play,Customer Review,https://play.google.com/store/apps/details?id=team.opay.pay&hl=en&gl=ng
5359cdde-a87d-4b7d-8afb-c028abf52f29,OPay,best of all bank,5,2026-09-16,Google Play,Customer Review,https://play.google.com/store/apps/details?id=team.opay.pay&hl=en&gl=ng
2f16bb86-792b-4a2a-8066-cae49218311e,OPay,i love it,5,2026-09-16,Google Play,Customer Review,https://play.google.com/store/apps/details?id=team.opay.pay&hl=en&gl=ng
82396d2a-ed07-4a1e-989c-84fca777abe9,OPay,it my day so easy,5,2026-09-16,Google Play,Customer Review,https://play.google.com/store/apps/details?id=team.opay.pay&hl=en&gl=ng
e0b08078-9f9b-4f91-8834-b2ec66895177,OPay,very good and reliable,5,2026-09-16,Google Play,Customer Review,https://play.google.com/store/apps/details?id=team.opay.pay&hl=en&gl=ng
447c1c91-d8ee-4ab3-a3e4-84f0a7f5317f,OPay,Great,4,2026-09-16,Google Play,Customer Review,https://play.google.com/store/apps/details?id=team.opay.pay&hl=en&gl=ng
152354ba-1404-4e40-826c-e2b8c051faaa,OPay,all thanks to opay,5,2026-09-16,Google Play,Customer Review,https://play.google.com/store/apps/details?id=team.opay.pay&hl=en&gl=ng
9728e02a-c9cb-482a-a757-3d9ffbdd580a,OPay,uhah Godwin 565,5,2026-09-16,Google Play,Customer Review,https://play.google.com/store/apps/details?id=team.opay.pay&hl=en&gl=ng
b6d3829d-8118-4000-a3c7-c79c665b2b1d,OPay,very good...but need to work on their network,4,2026-09-16,Google Play,Customer Review,https://play.google.com/store/apps/details?id=team.opay.pay&hl=en&gl=ng
42f79ba5-1811-408a-bcbf-ad27d602280f,OPay,nice app,5,2026-09-16,Google Play,Customer Review,https://play.google.com/store/apps/details?id=team.opay.pay&hl=en&gl=ng
c324b6e4-11ae-42b0-8e92-e045196c7796,OPay,App working well since. Nice to see balance shown after each transaction. Still going strong. The added information provided about transfer status is a very good development. Well done guys NB: 5 stars restored after I checked the statement of account on a system. I could see the balance after clearly. Well done guys. NB: I like the recent update that hides the balance when the app opens.,5,2026-09-16,Google Play,Customer Review,https://play.google.com/store/apps/details?id=team.opay.pay&hl=en&gl=ng
c0becb47-57a9-4a39-a92e-aeb039a092e3,OPay,"Opay is exceptional, I love ur service",5,2026-09-16,Google Play,Customer Review,https://play.google.com/store/apps/details?id=team.opay.pay&hl=en&gl=ng
84d04d55-b974-4c77-b525-b222e7f68683,OPay,cool,5,2026-09-16,Google Play,Customer Review,https://play.google.com/store/apps/details?id=team.opay.pay&hl=en&gl=ng
ae44624e-2636-43d1-89c4-a35fe7ab9c03,OPay,Opay is the best anytime and anywhere. So reliable with fast and easy transactions.,5,2026-09-16,Google Play,Customer Review,https://play.google.com/store/apps/details?id=team.opay.pay&hl=en&gl=ng
d0b9b879-e46c-4095-8f89-c7ca405a21b1,OPay,Logging in on this Redmi device on more than one occasion takes a lot of time and loading. Highly frustrating!,1,2026-09-16,Google Play,Customer Review,https://play.google.com/store/apps/details?id=team.opay.pay&hl=en&gl=ng
bcdabfcf-241c-4c8c-aafc-c58dbb6df313,OPay,opay is the best,5,2026-09-16,Google Play,Customer Review,https://play.google.com/store/apps/details?id=team.opay.pay&hl=en&gl=ng
1fb0c073-76b3-4633-92fd-3d338fd0780f,OPay,very nice,5,2026-09-16,Google Play,Customer Review,https://play.google.com/store/apps/details?id=team.opay.pay&hl=en&gl=ng
823d4983-355d-48c6-8d2a-f454f4ac4194,OPay,good,5,2026-09-16,Google Play,Customer Review,https://play.google.com/store/apps/details?id=team.opay.pay&hl=en&gl=ng
c34e4b10-204c-4b2b-95c2-baeee2c4e60f,OPay,very much encouraging,5,2026-09-16,Google Play,Customer Review,https://play.google.com/store/apps/details?id=team.opay.pay&hl=en&gl=ng
41bafee9-9e7f-4dd8-aa64-7ab434ef01d1,OPay,simple and easy to use no unnecessary charges opay it's simply the best and trustworthy,5,2026-09-16,Google Play,Customer Review,https://play.google.com/store/apps/details?id=team.opay.pay&hl=en&gl=ng
6ebdd43d-0653-4c8d-af74-93fde912c633,OPay,The Best Bank,5,2026-09-16,Google Play,Customer Review,https://play.google.com/store/apps/details?id=team.opay.pay&hl=en&gl=ng
f8e3867d-157a-49df-81fe-ee4900dc3443,OPay,just great,5,2026-09-16,Google Play,Customer Review,https://play.google.com/store/apps/details?id=team.opay.pay&hl=en&gl=ng
5c992f64-2cc9-46b3-b5e9-14f92989d8fa,OPay,good,5,2026-09-16,Google Play,Customer Review,https://play.google.com/store/apps/details?id=team.opay.pay&hl=en&gl=ng
b2c3d967-63aa-4904-822d-50311842f32a,OPay,very cool 😎,5,2026-09-16,Google Play,Customer Review,https://play.google.com/store/apps/details?id=team.opay.pay&hl=en&gl=ng
35f48585-1176-47a4-9455-15938d453bae,OPay,"Opay is super, I like your technique, and it's very easy, and no wahala.",2,2026-09-16,Google Play,Customer Review,https://play.google.com/store/apps/details?id=team.opay.pay&hl=en&gl=ng
a18534a0-b39c-4e22-a1da-6a97b772f264,OPay,every Good citizens of Nigeria know opay is the best when it's comes to your finance so easy and reliable to use,5,2026-09-16,Google Play,Customer Review,https://play.google.com/store/apps/details?id=team.opay.pay&hl=en&gl=ng
86b7b92c-fc77-4fd4-8a0d-db6d0364aa44,OPay,one of the best app,5,2026-09-16,Google Play,Customer Review,https://play.google.com/store/apps/details?id=team.opay.pay&hl=en&gl=ng
469e978a-6978-4ec3-8ccf-dfbf695868d3,OPay,Nigeria best online banking app,5,2026-09-16,Google Play,Customer Review,https://play.google.com/store/apps/details?id=team.opay.pay&hl=en&gl=ng
e61d0a21-b39b-40c1-9497-cc9defe2407c,OPay,"very nice App, easy and reliable",5,2026-09-16,Google Play,Customer Review,https://play.google.com/store/apps/details?id=team.opay.pay&hl=en&gl=ng
eff4aea5-b945-4352-a195-2b526375b298,OPay,it's fast and alot easier,4,2026-09-16,Google Play,Customer Review,https://play.google.com/store/apps/details?id=team.opay.pay&hl=en&gl=ng
61f712e5-918f-4cef-a9d2-848b9d93b675,OPay,I really love this app for ots fast approval of transaction very reliable,4,2026-09-16,Google Play,Customer Review,https://play.google.com/store/apps/details?id=team.opay.pay&hl=en&gl=ng
94f62f82-d284-40cf-aeec-3dab5ef8073c,OPay,best exprience,5,2026-09-16,Google Play,Customer Review,https://play.google.com/store/apps/details?id=team.opay.pay&hl=en&gl=ng
0d90d65a-631e-4a4f-bf68-c49f59287d3b,OPay,meet sellar,5,2026-09-16,Google Play,Customer Review,https://play.google.com/store/apps/details?id=team.opay.pay&hl=en&gl=ng
976b8ca0-c3c1-4a55-bd21-2bf6f2517a2b,OPay,fast and easy,5,2026-09-16,Google Play,Customer Review,https://play.google.com/store/apps/details?id=team.opay.pay&hl=en&gl=ng
1e46acb4-b813-439b-b6b7-45ab8e29e8c1,OPay,exerllent,5,2026-09-16,Google Play,Customer Review,https://play.google.com/store/apps/details?id=team.opay.pay&hl=en&gl=ng
fbb39c70-db4b-41b7-9748-997b73c0ef28,OPay,Easy prompting. Which is good.,4,2026-09-16,Google Play,Customer Review,https://play.google.com/store/apps/details?id=team.opay.pay&hl=en&gl=ng
3d7194b5-af47-4a10-9aca-aada165d1d19,OPay,very good,5,2026-09-16,Google Play,Customer Review,https://play.google.com/store/apps/details?id=team.opay.pay&hl=en&gl=ng
38296c01-248c-416b-97a6-993a18c75c51,OPay,Dan fadima uke optional,5,2026-09-16,Google Play,Customer Review,https://play.google.com/store/apps/details?id=team.opay.pay&hl=en&gl=ng
488f1468-c797-408e-8597-9cd975e7089b,OPay,I can't download why?,2,2026-09-16,Google Play,Customer Review,https://play.google.com/store/apps/details?id=team.opay.pay&hl=en&gl=ng
75d2d6d1-841b-49a9-afe6-1ae840032563,OPay,Gorgeous,5,2026-09-16,Google Play,Customer Review,https://play.google.com/store/apps/details?id=team.opay.pay&hl=en&gl=ng
52bb66d0-874e-4504-be49-c1cc2e10df6e,OPay,welldone guys u a wonderful & ur app is equally amazing & functional.,4,2026-09-16,Google Play,Customer Review,https://play.google.com/store/apps/details?id=team.opay.pay&hl=en&gl=ng
c304abbd-8d39-45c3-96fb-d15b00eec1a1,OPay,i can't upgrade my app,1,2026-09-16,Google Play,Customer Review,https://play.google.com/store/apps/details?id=team.opay.pay&hl=en&gl=ng
8784df25-ad28-4cab-863d-3068e4e910f7,OPay,Good,5,2026-09-16,Google Play,Customer Review,https://play.google.com/store/apps/details?id=team.opay.pay&hl=en&gl=ng
b522160e-7df3-4f04-9c3c-fdef8ea9047f,OPay,"very interesting, & Amazing an how they are attending customers especially when there is issued in transaction I really appreciate that",5,2026-09-16,Google Play,Customer Review,https://play.google.com/store/apps/details?id=team.opay.pay&hl=en&gl=ng
0b6bfa16-2eef-4453-82ba-1ab86a43bd61,OPay,well done with your life and your love,5,2026-09-16,Google Play,Customer Review,https://play.google.com/store/apps/details?id=team.opay.pay&hl=en&gl=ng
93dbfab3-a258-40ed-b507-97cdc0520bea,OPay,I like this apps,5,2026-09-16,Google Play,Customer Review,https://play.google.com/store/apps/details?id=team.opay.pay&hl=en&gl=ng
98f714f6-4439-4244-823a-c62971908fb3,OPay,parfait,5,2026-09-15,Google Play,Customer Review,https://play.google.com/store/apps/details?id=team.opay.pay&hl=en&gl=ng
bd8e865b-a659-45e3-907d-1b11c424dcc2,OPay,it won't let me login,1,2026-09-15,Google Play,Customer Review,https://play.google.com/store/apps/details?id=team.opay.pay&hl=en&gl=ng
f309bfbc-126b-4175-8d02-8907b42a47c1,OPay,perfect,5,2026-09-15,Google Play,Customer Review,https://play.google.com/store/apps/details?id=team.opay.pay&hl=en&gl=ng
8382809e-8298-4154-9e66-7709a239d896,OPay,Very good network,5,2026-09-15,Google Play,Customer Review,https://play.google.com/store/apps/details?id=team.opay.pay&hl=en&gl=ng
f20709fb-d738-4326-9f0f-1c763630561a,OPay,Beyond Bank 👍👊,5,2026-09-15,Google Play,Customer Review,https://play.google.com/store/apps/details?id=team.opay.pay&hl=en&gl=ng
d12fea04-e6e1-400a-82a8-7f67d26c36cc,OPay,I love it,5,2026-09-15,Google Play,Customer Review,https://play.google.com/store/apps/details?id=team.opay.pay&hl=en&gl=ng
07c301ad-762b-4c16-a19c-16d0e326d039,OPay,fast and reliable,5,2026-09-15,Google Play,Customer Review,https://play.google.com/store/apps/details?id=team.opay.pay&hl=en&gl=ng
a4d19b61-e32a-433b-9aa9-1b0c69d45f50,OPay,good vibez,5,2026-09-15,Google Play,Customer Review,https://play.google.com/store/apps/details?id=team.opay.pay&hl=en&gl=ng
63d32a33-24df-4cf6-98e2-0982ec3ad080,OPay,I love it thanks to all opay company,5,2026-09-15,Google Play,Customer Review,https://play.google.com/store/apps/details?id=team.opay.pay&hl=en&gl=ng
ffb07b81-5127-4c3c-bbf4-a7647f5e93b5,OPay,The best,5,2026-09-15,Google Play,Customer Review,https://play.google.com/store/apps/details?id=team.opay.pay&hl=en&gl=ng
ed713528-4e22-4284-afd3-52b92c195e16,OPay,"My Opay takes time to load and this was not how it was before 😞, when l also want to make transfers it take time. l will want to make a transfer l will take up 30 mins. kindly look into this Opay this is still going on contact me",1,2026-09-15,Google Play,Customer Review,https://play.google.com/store/apps/details?id=team.opay.pay&hl=en&gl=ng
b45d148c-b44d-4568-bcce-79a3008097e2,OPay,The best,5,2026-09-15,Google Play,Customer Review,https://play.google.com/store/apps/details?id=team.opay.pay&hl=en&gl=ng
7a779f51-3b24-488f-bdb1-f72b47882166,OPay,very good,5,2026-09-15,Google Play,Customer Review,https://play.google.com/store/apps/details?id=team.opay.pay&hl=en&gl=ng
94e1be76-0011-4db6-b6e6-e0b0dc468975,OPay,HP do it,5,2026-09-15,Google Play,Customer Review,https://play.google.com/store/apps/details?id=team.opay.pay&hl=en&gl=ng
db0504a0-72bc-466a-82c7-d866c6ca601f,OPay,"You're met to be in the country, I love this app fr.",5,2026-09-15,Google Play,Customer Review,https://play.google.com/store/apps/details?id=team.opay.pay&hl=en&gl=ng
f70a4070-1c58-4d03-b53e-8f2a6684c370,OPay,"very very good ,I am happy for the opay app",5,2026-09-15,Google Play,Customer Review,https://play.google.com/store/apps/details?id=team.opay.pay&hl=en&gl=ng
2e005c6f-3e78-4bcb-9244-b4b2b2dd0868,OPay,My best app ever,3,2026-09-15,Google Play,Customer Review,https://play.google.com/store/apps/details?id=team.opay.pay&hl=en&gl=ng
248b9bec-80d1-439b-8120-3ee35a4dd644,OPay,great 👍,5,2026-09-15,Google Play,Customer Review,https://play.google.com/store/apps/details?id=team.opay.pay&hl=en&gl=ng
5e87cfcd-b6e2-40cb-a36b-00020c312e48,OPay,great,5,2026-09-15,Google Play,Customer Review,https://play.google.com/store/apps/details?id=team.opay.pay&hl=en&gl=ng
46eb6f67-2664-4e34-8ac4-69903e33d40e,OPay,"opay has really been helpful and amazing,,,I look forward to work with you more 🥰",5,2026-09-15,Google Play,Customer Review,https://play.google.com/store/apps/details?id=team.opay.pay&hl=en&gl=ng
cbf64429-be07-4706-993c-28632351b540,OPay,fast and reliable 💪🏾💯💯💯💯,5,2026-09-15,Google Play,Customer Review,https://play.google.com/store/apps/details?id=team.opay.pay&hl=en&gl=ng
9f915ccf-dab6-4458-ad2c-60ee08a489d9,OPay,much easier,5,2026-09-15,Google Play,Customer Review,https://play.google.com/store/apps/details?id=team.opay.pay&hl=en&gl=ng
5e794411-70b1-40de-b7d6-4b5937e59794,OPay,wonderful,5,2026-09-15,Google Play,Customer Review,https://play.google.com/store/apps/details?id=team.opay.pay&hl=en&gl=ng
745c11d8-7a79-43b5-b2d4-88f53e62be78,OPay,I enjoyed opay so much but can I change my account number,5,2026-09-15,Google Play,Customer Review,https://play.google.com/store/apps/details?id=team.opay.pay&hl=en&gl=ng
15b8c2b5-66b9-49f9-9a0f-f594e79e50f6,OPay,it easy and shot cut for paying transaction,4,2026-09-15,Google Play,Customer Review,https://play.google.com/store/apps/details?id=team.opay.pay&hl=en&gl=ng
d5179f11-5ef9-4160-8de2-0114604b485b,OPay,Sunday okorie,5,2026-09-15,Google Play,Customer Review,https://play.google.com/store/apps/details?id=team.opay.pay&hl=en&gl=ng
9283e121-8047-4962-9e16-03c76c22f636,OPay,Downloading all items,5,2026-09-15,Google Play,Customer Review,https://play.google.com/store/apps/details?id=team.opay.pay&hl=en&gl=ng
a336574b-8db6-4ecd-8cb2-ad291ca5c4f2,OPay,very good app,5,2026-09-15,Google Play,Customer Review,https://play.google.com/store/apps/details?id=team.opay.pay&hl=en&gl=ng
599ee861-7f45-41cf-a58e-475f66e34259,OPay,"opay for life, one of the best banking system in Nigeria, opay I love you",5,2026-09-15,Google Play,Customer Review,https://play.google.com/store/apps/details?id=team.opay.pay&hl=en&gl=ng
c496d2fa-b60f-472d-b32f-d07e3c2ba27b,OPay,very sweet app,5,2026-09-15,Google Play,Customer Review,https://play.google.com/store/apps/details?id=team.opay.pay&hl=en&gl=ng
4f9ee425-9cae-47a3-a2fe-4a6d10eae1d2,OPay,review are public,5,2026-09-15,Google Play,Customer Review,https://play.google.com/store/apps/details?id=team.opay.pay&hl=en&gl=ng
5a24843c-7dc7-4090-a4bc-a6d60dca529e,OPay,you are doing well I enjoy your service,5,2026-09-15,Google Play,Customer Review,https://play.google.com/store/apps/details?id=team.opay.pay&hl=en&gl=ng
d5613b31-1927-4eb2-a767-4bb822220566,OPay,Opay The General Marchant Bank In Nigeria And Africa Even In Training Markets.,5,2026-09-15,Google Play,Customer Review,https://play.google.com/store/apps/details?id=team.opay.pay&hl=en&gl=ng
3ad2069a-6b42-424f-80b4-b8ab10d0cb3a,OPay,"I love the fact that the team thinks of user needs ahead and builds for that. The app has been seamless. I just wished the team prioritised their visual brand, also. It'd help communicate the value the company provides to its Nigerian audience more appropriately. You guys put in a lot of work to make your customers' lives better, but don't communicate that with your visuals.",5,2026-09-15,Google Play,Customer Review,https://play.google.com/store/apps/details?id=team.opay.pay&hl=en&gl=ng
c887a71b-b546-4bdd-8ead-ca22069b232e,OPay,excellent,5,2026-09-15,Google Play,Customer Review,https://play.google.com/store/apps/details?id=team.opay.pay&hl=en&gl=ng
c782755b-a1b2-492b-a033-8ae3872f0cb6,OPay,good,5,2026-09-15,Google Play,Customer Review,https://play.google.com/store/apps/details?id=team.opay.pay&hl=en&gl=ng
0bc26ce4-bb76-45a2-adca-be0da5c3a149,OPay,very good,5,2026-09-15,Google Play,Customer Review,https://play.google.com/store/apps/details?id=team.opay.pay&hl=en&gl=ng
342521d2-642f-4f0b-9435-322d481832ff,OPay,Best online bank existing.,5,2026-09-15,Google Play,Customer Review,https://play.google.com/store/apps/details?id=team.opay.pay&hl=en&gl=ng
bf79e21c-24cb-491d-9eac-2031a0150817,OPay,is my favorite bank,5,2026-09-15,Google Play,Customer Review,https://play.google.com/store/apps/details?id=team.opay.pay&hl=en&gl=ng
2ba66a87-3fd9-4cd3-a2f1-c801001f599d,OPay,is so cute,4,2026-09-15,Google Play,Customer Review,https://play.google.com/store/apps/details?id=team.opay.pay&hl=en&gl=ng
93c9ea9e-775b-4f3a-b189-1c2359c8f9f0,OPay,my financial transactions without stress 👍,5,2026-09-15,Google Play,Customer Review,https://play.google.com/store/apps/details?id=team.opay.pay&hl=en&gl=ng
49535f10-44fc-44d7-ae52-5cd454f71b21,OPay,Great,4,2026-09-15,Google Play,Customer Review,https://play.google.com/store/apps/details?id=team.opay.pay&hl=en&gl=ng
9c219b1f-6de0-4008-8e94-66fb320c0199,OPay,"opay is the fastest means of banking, very reliable",5,2026-09-15,Google Play,Customer Review,https://play.google.com/store/apps/details?id=team.opay.pay&hl=en&gl=ng
b4ecd85f-5d43-43b3-816e-db5ac800c01a,OPay,It's so much helpful,5,2026-09-15,Google Play,Customer Review,https://play.google.com/store/apps/details?id=team.opay.pay&hl=en&gl=ng
22d7dc1a-a80b-4f20-aafb-78a0253d56e1,OPay,Excellent banking,5,2026-09-15,Google Play,Customer Review,https://play.google.com/store/apps/details?id=team.opay.pay&hl=en&gl=ng
4e703521-d244-460d-b2ef-b1a14eb3a475,OPay,Great app,5,2026-09-15,Google Play,Customer Review,https://play.google.com/store/apps/details?id=team.opay.pay&hl=en&gl=ng
aa5d9b2d-5c71-4c42-b91c-737723f365ca,OPay,it's so good 😊,5,2026-09-15,Google Play,Customer Review,https://play.google.com/store/apps/details?id=team.opay.pay&hl=en&gl=ng
120b3313-8e46-44e8-bbb1-7e9fd82a2c27,OPay,I simply love opay as long as it continue with it effective service I'm good,5,2026-09-15,Google Play,Customer Review,https://play.google.com/store/apps/details?id=team.opay.pay&hl=en&gl=ng
f4ccad1b-5c5a-4534-820d-480c90424a1e,OPay,Awesome,5,2026-09-15,Google Play,Customer Review,https://play.google.com/store/apps/details?id=team.opay.pay&hl=en&gl=ng
41e85ddd-353c-480e-a627-417e3f7e3373,OPay,simply the best,5,2026-09-15,Google Play,Customer Review,https://play.google.com/store/apps/details?id=team.opay.pay&hl=en&gl=ng
9db0594d-6fe4-4a09-b8a9-e697208d628d,OPay,Exceptional,5,2026-09-15,Google Play,Customer Review,https://play.google.com/store/apps/details?id=team.opay.pay&hl=en&gl=ng
0810946c-5cf0-4706-b702-f997715d34b2,OPay,ok,4,2026-09-15,Google Play,Customer Review,https://play.google.com/store/apps/details?id=team.opay.pay&hl=en&gl=ng
8322348d-fb2b-497b-bf6b-281873608c0a,OPay,I love this app its so incredible,5,2026-09-15,Google Play,Customer Review,https://play.google.com/store/apps/details?id=team.opay.pay&hl=en&gl=ng
52bd0cc8-df8d-40e1-a080-2421a4952ab6,OPay,Best Payment App,5,2026-09-15,Google Play,Customer Review,https://play.google.com/store/apps/details?id=team.opay.pay&hl=en&gl=ng
c37d44f2-8756-48ae-83ae-61b4461fb43d,OPay,it's very reliable and non crashing,5,2026-09-15,Google Play,Customer Review,https://play.google.com/store/apps/details?id=team.opay.pay&hl=en&gl=ng
7a547727-f5a0-47f4-ae98-3e2742848f29,OPay,faster and secured,5,2026-09-15,Google Play,Customer Review,https://play.google.com/store/apps/details?id=team.opay.pay&hl=en&gl=ng
903ca7d8-a2b9-4abe-9e1b-e935fff48bb0,OPay,The best online banking app so far,5,2026-09-15,Google Play,Customer Review,https://play.google.com/store/apps/details?id=team.opay.pay&hl=en&gl=ng
ddd59043-677d-46fd-8de5-6e4cf0d1edf3,OPay,The best I have ever experience so far,5,2026-09-15,Google Play,Customer Review,https://play.google.com/store/apps/details?id=team.opay.pay&hl=en&gl=ng
66294296-aa9b-474a-870f-8f3049e66647,OPay,Best app,4,2026-09-15,Google Play,Customer Review,https://play.google.com/store/apps/details?id=team.opay.pay&hl=en&gl=ng
8fb5419d-4c00-43f9-8cca-de5b2f92dd9b,OPay,Opay is the best mobile Banking,5,2026-09-15,Google Play,Customer Review,https://play.google.com/store/apps/details?id=team.opay.pay&hl=en&gl=ng
c511230f-7a4a-4706-9ee6-d53b03205fca,OPay,"hassle free,great service",5,2026-09-15,Google Play,Customer Review,https://play.google.com/store/apps/details?id=team.opay.pay&hl=en&gl=ng
57ed68af-27af-4ad5-b57b-b61f9162a30a,OPay,I love the app,5,2026-09-15,Google Play,Customer Review,https://play.google.com/store/apps/details?id=team.opay.pay&hl=en&gl=ng
444d3cad-9602-40a3-b60d-bc8f449572e5,OPay,it was totally awesome,5,2026-09-15,Google Play,Customer Review,https://play.google.com/store/apps/details?id=team.opay.pay&hl=en&gl=ng
f90d1e81-76e2-4dc6-b8aa-aafae22d91fa,OPay,"love everything about this app , no poor network connection, very interesting",5,2026-09-15,Google Play,Customer Review,https://play.google.com/store/apps/details?id=team.opay.pay&hl=en&gl=ng
7fa0e8e8-63dc-46fb-99f3-576ce927f448,OPay,✌️✌️,4,2026-09-15,Google Play,Customer Review,https://play.google.com/store/apps/details?id=team.opay.pay&hl=en&gl=ng
3dc4ad34-321a-4edb-aede-551530b2c586,OPay,Very good and reliable company,5,2026-09-15,Google Play,Customer Review,https://play.google.com/store/apps/details?id=team.opay.pay&hl=en&gl=ng
4a12450e-5bd8-4c05-94c7-9e9ea59d9585,OPay,opay is good and very reliable,5,2026-09-15,Google Play,Customer Review,https://play.google.com/store/apps/details?id=team.opay.pay&hl=en&gl=ng
b1a1eb4a-493e-4ea1-bae6-28ef6aeaa1cc,OPay,this app is very good,5,2026-09-15,Google Play,Customer Review,https://play.google.com/store/apps/details?id=team.opay.pay&hl=en&gl=ng
5f4e253a-1287-44f7-a0c7-ac943a99dd2a,OPay,I love y'all,5,2026-09-15,Google Play,Customer Review,https://play.google.com/store/apps/details?id=team.opay.pay&hl=en&gl=ng
023a2411-3584-4d9f-9cf8-9f2a0ae6d433,OPay,fairly good,4,2026-09-15,Google Play,Customer Review,https://play.google.com/store/apps/details?id=team.opay.pay&hl=en&gl=ng
c82e5ac7-256d-4131-b639-6ecb16db783e,OPay,best app so far super cool,5,2026-09-15,Google Play,Customer Review,https://play.google.com/store/apps/details?id=team.opay.pay&hl=en&gl=ng
e962db69-1825-4cfd-8eb6-e6281e0567ff,OPay,good,5,2026-09-15,Google Play,Customer Review,https://play.google.com/store/apps/details?id=team.opay.pay&hl=en&gl=ng
3542590d-f40d-4b4e-88f3-3456eac5082b,OPay,very nice app,5,2026-09-15,Google Play,Customer Review,https://play.google.com/store/apps/details?id=team.opay.pay&hl=en&gl=ng
567a0012-9be7-40d9-8245-7069ec3ebb2b,OPay,good,5,2026-09-15,Google Play,Customer Review,https://play.google.com/store/apps/details?id=team.opay.pay&hl=en&gl=ng
f007c8af-0f21-45dd-8efc-f2dc36ce5bef,OPay,fast and reliable no cap,5,2026-09-15,Google Play,Customer Review,https://play.google.com/store/apps/details?id=team.opay.pay&hl=en&gl=ng
59caa003-0e7f-4a2d-9882-105478b38026,OPay,s and po.olxl0p,1,2026-09-15,Google Play,Customer Review,https://play.google.com/store/apps/details?id=team.opay.pay&hl=en&gl=ng
7bfef447-9e1e-460a-8618-a78e1da278a1,OPay,Very good app ... I like everything about opay,5,2026-09-15,Google Play,Customer Review,https://play.google.com/store/apps/details?id=team.opay.pay&hl=en&gl=ng
29ee4b13-2ba1-4137-b82c-b3c947217c26,OPay,"it will be so amazing to receive transactions alert in email add to my opay account, that will be so go if you accept this feature",3,2026-09-15,Google Play,Customer Review,https://play.google.com/store/apps/details?id=team.opay.pay&hl=en&gl=ng
c92db133-2597-4ead-b6cd-49a7c1bd3a0b,OPay,fast and great to use,5,2026-09-15,Google Play,Customer Review,https://play.google.com/store/apps/details?id=team.opay.pay&hl=en&gl=ng
4af343d2-b9cb-44e4-9080-d429d8d185a6,OPay,umar badia umar badia,5,2026-09-15,Google Play,Customer Review,https://play.google.com/store/apps/details?id=team.opay.pay&hl=en&gl=ng
0c120c30-a171-4b95-92de-e7fa1b4f9d46,OPay,literally the best online app I've ever used,5,2026-09-15,Google Play,Customer Review,https://play.google.com/store/apps/details?id=team.opay.pay&hl=en&gl=ng
6d057983-031d-4c71-9ade-fa3aea14d1db,OPay,great,5,2026-09-15,Google Play,Customer Review,https://play.google.com/store/apps/details?id=team.opay.pay&hl=en&gl=ng
c7318f04-8e79-45d8-bc8f-7ddbdc2c7a94,OPay,good,5,2026-09-15,Google Play,Customer Review,https://play.google.com/store/apps/details?id=team.opay.pay&hl=en&gl=ng
948cb4e5-a616-48ae-baab-e7e2a025cd18,OPay,very good,5,2026-09-15,Google Play,Customer Review,https://play.google.com/store/apps/details?id=team.opay.pay&hl=en&gl=ng
21714ba7-a615-490e-b236-9395b178bc6e,OPay,I love it so much,5,2026-09-15,Google Play,Customer Review,https://play.google.com/store/apps/details?id=team.opay.pay&hl=en&gl=ng
6029fba9-d723-4f78-bfe7-6b10ba073d49,OPay,The best!,5,2026-09-15,Google Play,Customer Review,https://play.google.com/store/apps/details?id=team.opay.pay&hl=en&gl=ng
2b2bca54-2a3b-4326-b8e2-af5cad786ec0,OPay,words alone can't express my feelings. is too good in every aspect,5,2026-09-15,Google Play,Customer Review,https://play.google.com/store/apps/details?id=team.opay.pay&hl=en&gl=ng
00950b4a-dc01-4bcb-966c-1bbb788efe19,OPay,very good app,5,2026-09-15,Google Play,Customer Review,https://play.google.com/store/apps/details?id=team.opay.pay&hl=en&gl=ng
f8ff34c4-3887-4699-be24-eea8045a8fd3,OPay,"Opay is best, no cap",5,2026-09-15,Google Play,Customer Review,https://play.google.com/store/apps/details?id=team.opay.pay&hl=en&gl=ng
7a921743-1040-400c-ba88-6d25d6eb5b52,OPay,I need loan,5,2026-09-15,Google Play,Customer Review,https://play.google.com/store/apps/details?id=team.opay.pay&hl=en&gl=ng
aa4f8afd-814b-41cd-827f-69946aa13738,OPay,exceptional quality service,5,2026-09-15,Google Play,Customer Review,https://play.google.com/store/apps/details?id=team.opay.pay&hl=en&gl=ng
7c2024f8-0efa-443e-8013-019d47b6e77f,OPay,very good,5,2026-09-15,Google Play,Customer Review,https://play.google.com/store/apps/details?id=team.opay.pay&hl=en&gl=ng
fd75a879-d3b2-4f4b-b731-bb80d84bf87e,OPay,good,5,2026-09-15,Google Play,Customer Review,https://play.google.com/store/apps/details?id=team.opay.pay&hl=en&gl=ng
0bb1cd04-7a66-42d3-8da9-8c4a05d3ed0a,OPay,satisfied,5,2026-09-15,Google Play,Customer Review,https://play.google.com/store/apps/details?id=team.opay.pay&hl=en&gl=ng
f036cc41-a0fe-4666-b142-82a13ff4583e,OPay,Summary: The Very Best ❤️❤️❤️❤️❤️❤️❤️❤️❤️❤️❤️❤️❤️❤️❤️❤️❤️❤️❤️❤️❤️❤️❤️❤️❤️❤️❤️❤️❤️🥰🥰🥰🥰❤️🥰🥰🥰🥰🥰🥰🥰💜💜🤎💜🩵🖤❤️❤️🥰🥰💕🥰💜🥰💜🧡💜🥰🥰❤️💜🤎🤎🤎💜🥰❤️🥰,5,2026-09-15,Google Play,Customer Review,https://play.google.com/store/apps/details?id=team.opay.pay&hl=en&gl=ng
0efce45e-1d2b-4b6a-8789-7ff8c1450116,OPay,good,5,2026-09-15,Google Play,Customer Review,https://play.google.com/store/apps/details?id=team.opay.pay&hl=en&gl=ng
7c3568b1-ce45-4b81-8ec1-80ef5bebbcad,OPay,"very easy to operate, And safety.",5,2026-09-15,Google Play,Customer Review,https://play.google.com/store/apps/details?id=team.opay.pay&hl=en&gl=ng
309b9e8c-7d39-4f9e-b132-9c462f5fe9e5,OPay,"I love this app, transactions are smooth and fast.",5,2026-09-15,Google Play,Customer Review,https://play.google.com/store/apps/details?id=team.opay.pay&hl=en&gl=ng
95398023-cee4-4141-b2e0-9e8e55311f76,OPay,smooth and seamless,4,2026-09-15,Google Play,Customer Review,https://play.google.com/store/apps/details?id=team.opay.pay&hl=en&gl=ng
c1ff8501-414f-45be-adb3-8f81d221074f,OPay,I love opay so much to be honest Opay is the best app,5,2026-09-15,Google Play,Customer Review,https://play.google.com/store/apps/details?id=team.opay.pay&hl=en&gl=ng
24706612-0d45-4df6-8b31-672d34a97a5d,OPay,love the app,5,2026-09-15,Google Play,Customer Review,https://play.google.com/store/apps/details?id=team.opay.pay&hl=en&gl=ng
e1d398ce-55b3-4885-9a27-e45d3e766e29,OPay,My best financial app 💕,5,2026-09-15,Google Play,Customer Review,https://play.google.com/store/apps/details?id=team.opay.pay&hl=en&gl=ng
9bfb0af0-7a8c-4bac-a0fc-9e8f265b79d5,OPay,Alway good 😊 👍,5,2026-09-15,Google Play,Customer Review,https://play.google.com/store/apps/details?id=team.opay.pay&hl=en&gl=ng
a363fea6-e61a-44be-9d82-07a32f2de094,OPay,I love this app,5,2026-09-15,Google Play,Customer Review,https://play.google.com/store/apps/details?id=team.opay.pay&hl=en&gl=ng
d43a17f9-1bd1-4b82-9804-05864e4fc342,OPay,"reliable, efficient and fast. Quick reversals when issues arises",4,2026-09-15,Google Play,Customer Review,https://play.google.com/store/apps/details?id=team.opay.pay&hl=en&gl=ng
9a5519b3-07bf-4beb-9896-3dea94887df2,OPay,no need of adverts opay is real,5,2026-09-15,Google Play,Customer Review,https://play.google.com/store/apps/details?id=team.opay.pay&hl=en&gl=ng
08149d92-c909-4ca6-863a-516e0978d3b6,OPay,Reliable and dependable services,5,2026-09-15,Google Play,Customer Review,https://play.google.com/store/apps/details?id=team.opay.pay&hl=en&gl=ng
05b69b87-d478-401a-b433-84f5e0ee3ac0,OPay,Thanks Thanks Thanks Thanks Thanks Thanks Thanks,5,2026-09-15,Google Play,Customer Review,https://play.google.com/store/apps/details?id=team.opay.pay&hl=en&gl=ng
194412c0-356e-4939-8153-769919450a3c,OPay,very good,5,2026-09-15,Google Play,Customer Review,https://play.google.com/store/apps/details?id=team.opay.pay&hl=en&gl=ng
f1c25fde-ff9a-4a69-aefe-0b782215cf07,OPay,amazing,5,2026-09-15,Google Play,Customer Review,https://play.google.com/store/apps/details?id=team.opay.pay&hl=en&gl=ng
822f6b7c-ac6b-437e-b2c7-8f6418e7670f,OPay,Good financial and make happy,5,2026-09-15,Google Play,Customer Review,https://play.google.com/store/apps/details?id=team.opay.pay&hl=en&gl=ng
a9b4e5eb-46d4-4860-9f4c-c5026aada9ee,OPay,"Best online bank I have used so far, good customer service, easy to use app and fast and safer transactions.",5,2026-09-15,Google Play,Customer Review,https://play.google.com/store/apps/details?id=team.opay.pay&hl=en&gl=ng
12a361d8-1b7a-4a72-b5a2-93176f459ccf,OPay,good but why not compatible with android 8.0 version,3,2026-09-15,Google Play,Customer Review,https://play.google.com/store/apps/details?id=team.opay.pay&hl=en&gl=ng
eb007600-5508-441e-851a-99c745f80e3b,OPay,excellent and smooth banking ❤️,5,2026-09-15,Google Play,Customer Review,https://play.google.com/store/apps/details?id=team.opay.pay&hl=en&gl=ng
a6a8d003-01e4-4ca4-a634-9b16286c050c,OPay,Great and reliable,5,2026-09-15,Google Play,Customer Review,https://play.google.com/store/apps/details?id=team.opay.pay&hl=en&gl=ng
dffa0370-fefa-47d7-8650-33331d16d13f,OPay,it's totally awesome,5,2026-09-15,Google Play,Customer Review,https://play.google.com/store/apps/details?id=team.opay.pay&hl=en&gl=ng
6c2195af-42ad-4a75-be07-4707a8786a4b,OPay,very good 😊💯,4,2026-09-15,Google Play,Customer Review,https://play.google.com/store/apps/details?id=team.opay.pay&hl=en&gl=ng
ffcc791d-0712-4324-b8df-163a7667bd55,OPay,it's so nice this app is very so nice and also fast which someone can able to see their transaction easily Opay is my favorite app I have ever seen,5,2026-09-15,Google Play,Customer Review,https://play.google.com/store/apps/details?id=team.opay.pay&hl=en&gl=ng
e205b83e-75eb-40c6-a24d-d45cee950e63,OPay,ujg the g the,5,2026-09-15,Google Play,Customer Review,https://play.google.com/store/apps/details?id=team.opay.pay&hl=en&gl=ng
811eddb4-4d42-4d34-baba-b24fde5955b5,OPay,keep up with your good work,5,2026-09-15,Google Play,Customer Review,https://play.google.com/store/apps/details?id=team.opay.pay&hl=en&gl=ng
cd6d9154-ec20-433b-a08b-dba08ec420cd,OPay,the very best,5,2026-09-15,Google Play,Customer Review,https://play.google.com/store/apps/details?id=team.opay.pay&hl=en&gl=ng
95d6ee13-42cd-40e6-a368-ccad49136ff1,OPay,The best online banking app in Nigeria,5,2026-09-15,Google Play,Customer Review,https://play.google.com/store/apps/details?id=team.opay.pay&hl=en&gl=ng
eb572fd5-9dd5-4e2e-89d5-b8dba03279f3,OPay,Opay the best🫡👍🤗🤝,5,2026-09-15,Google Play,Customer Review,https://play.google.com/store/apps/details?id=team.opay.pay&hl=en&gl=ng
06072776-3e9d-4551-b1ef-8f2e5815ebb1,OPay,"Swift transactions, but I'm having problem downloading the new update",4,2026-09-15,Google Play,Customer Review,https://play.google.com/store/apps/details?id=team.opay.pay&hl=en&gl=ng
c42adb3f-9985-44dd-8078-c77805353cdf,OPay,great,5,2026-09-15,Google Play,Customer Review,https://play.google.com/store/apps/details?id=team.opay.pay&hl=en&gl=ng
f805fe50-6f79-4225-90a9-efaed607e02e,OPay,Exceptional,5,2026-09-15,Google Play,Customer Review,https://play.google.com/store/apps/details?id=team.opay.pay&hl=en&gl=ng
8a93045b-8b41-4ab9-9e1e-8867f5312523,OPay,"good, perfect and fast",5,2026-09-15,Google Play,Customer Review,https://play.google.com/store/apps/details?id=team.opay.pay&hl=en&gl=ng
f1f5d5df-c862-41ae-aeb4-160e166709e0,OPay,Nice,5,2026-09-15,Google Play,Customer Review,https://play.google.com/store/apps/details?id=team.opay.pay&hl=en&gl=ng
fbd8cfd9-91cb-467d-99bc-45ba6a197dd6,OPay,exceptional service 💯,5,2026-09-15,Google Play,Customer Review,https://play.google.com/store/apps/details?id=team.opay.pay&hl=en&gl=ng
bb6bc360-bb46-4ddb-b73e-bb408d3fbe5f,OPay,this money wey Una dey beg me to borrow if I borrow am I no go pay back ooo rubbish,2,2026-09-15,Google Play,Customer Review,https://play.google.com/store/apps/details?id=team.opay.pay&hl=en&gl=ng
6715e554-3ae4-4ac0-b6c2-69802f707425,OPay,u 2 much opay every where you go,5,2026-09-15,Google Play,Customer Review,https://play.google.com/store/apps/details?id=team.opay.pay&hl=en&gl=ng
cf2ed15a-f773-4aa4-be59-ab08ae7c507a,OPay,excellent,5,2026-09-15,Google Play,Customer Review,https://play.google.com/store/apps/details?id=team.opay.pay&hl=en&gl=ng
2f326801-ad4d-4232-8274-a5062f6cf5ff,OPay,best app for everyone,5,2026-09-15,Google Play,Customer Review,https://play.google.com/store/apps/details?id=team.opay.pay&hl=en&gl=ng
acedfd2f-2623-471b-b8e3-04f6d8c0aa74,OPay,fantastic,5,2026-09-15,Google Play,Customer Review,https://play.google.com/store/apps/details?id=team.opay.pay&hl=en&gl=ng
45865092-7cec-4455-80e0-00dd997fa252,OPay,It is reliable for making transactions,5,2026-09-15,Google Play,Customer Review,https://play.google.com/store/apps/details?id=team.opay.pay&hl=en&gl=ng
acb1f864-db70-489c-9a65-8f6f284f29dd,OPay,I don't just like the app,1,2026-09-15,Google Play,Customer Review,https://play.google.com/store/apps/details?id=team.opay.pay&hl=en&gl=ng
67359f9b-fcab-4ca1-9c39-9950604cbd00,OPay,this app is not working on my phone I need the app that we work for my phone,1,2026-09-15,Google Play,Customer Review,https://play.google.com/store/apps/details?id=team.opay.pay&hl=en&gl=ng
8b9ee38a-c057-444e-ac94-916949e92f05,OPay,I can't go through my virtual card details,3,2026-09-15,Google Play,Customer Review,https://play.google.com/store/apps/details?id=team.opay.pay&hl=en&gl=ng
7e3935c4-dde4-4aff-97e6-e2d7f8586dd2,OPay,very awesome,5,2026-09-15,Google Play,Customer Review,https://play.google.com/store/apps/details?id=team.opay.pay&hl=en&gl=ng
1003a9e8-d463-4b43-86d0-0f3118879334,OPay,Excellent service,5,2026-09-15,Google Play,Customer Review,https://play.google.com/store/apps/details?id=team.opay.pay&hl=en&gl=ng
08622d5d-aa77-45a5-b9dc-7031f03bc965,OPay,Excellently and perfectely ok,5,2026-09-15,Google Play,Customer Review,https://play.google.com/store/apps/details?id=team.opay.pay&hl=en&gl=ng
99580063-8748-4e63-a955-cf06c335b38b,OPay,delighted,5,2026-09-15,Google Play,Customer Review,https://play.google.com/store/apps/details?id=team.opay.pay&hl=en&gl=ng
93632787-74ca-48f8-bc00-b2443bf4ce46,OPay,Fastest banking services,5,2026-09-15,Google Play,Customer Review,https://play.google.com/store/apps/details?id=team.opay.pay&hl=en&gl=ng
62446ff7-cdae-46e5-9b78-e8ab011124c8,OPay,it's good 👍,5,2026-09-15,Google Play,Customer Review,https://play.google.com/store/apps/details?id=team.opay.pay&hl=en&gl=ng
3dc8ec0c-206a-4c7e-a18f-6da8194f596f,OPay,Nice,3,2026-09-15,Google Play,Customer Review,https://play.google.com/store/apps/details?id=team.opay.pay&hl=en&gl=ng
46aea374-d508-424a-ba5b-2446a83087b7,OPay,If Opay can remove face confirmation and use passwords for checking card details or other things then I'll rate them over MoniePoint. Choosing cumbersome banking Over stress free banking is wild. You're trying to protect users account but you're suffering the user meanwhile the pin alone would suffice.,1,2026-09-15,Google Play,Customer Review,https://play.google.com/store/apps/details?id=team.opay.pay&hl=en&gl=ng
43479b7e-5cfc-4499-b454-0c9b39e9eb1c,OPay,the best,5,2026-09-15,Google Play,Customer Review,https://play.google.com/store/apps/details?id=team.opay.pay&hl=en&gl=ng
eddb4cfb-3537-4f6c-acb4-99bcc5b6a71e,OPay,very very good,5,2026-09-15,Google Play,Customer Review,https://play.google.com/store/apps/details?id=team.opay.pay&hl=en&gl=ng
a778d052-e2ff-4f34-bd69-1d72b4e4f3bb,OPay,very excellent,5,2026-09-15,Google Play,Customer Review,https://play.google.com/store/apps/details?id=team.opay.pay&hl=en&gl=ng
acfeaf85-38ad-4c0e-9efa-28624b8be1ed,OPay,excellent performance 💯👏,4,2026-09-15,Google Play,Customer Review,https://play.google.com/store/apps/details?id=team.opay.pay&hl=en&gl=ng
4d279fe6-fadf-4d6a-b0e9-9ab192a366f2,OPay,The best app to use in teams of transactions,5,2026-09-15,Google Play,Customer Review,https://play.google.com/store/apps/details?id=team.opay.pay&hl=en&gl=ng
e66e7688-fcf4-47c5-a642-aad8c9cc8354,OPay,Great,5,2026-09-15,Google Play,Customer Review,https://play.google.com/store/apps/details?id=team.opay.pay&hl=en&gl=ng
21ed2687-987f-4af9-aada-31d9499c07f2,OPay,"they're trying, need to be polite to customer",4,2026-09-15,Google Play,Customer Review,https://play.google.com/store/apps/details?id=team.opay.pay&hl=en&gl=ng
7922f1fe-1692-4ba2-95f5-a86cb8eb4277,OPay,best app so fast I love and enjoy every bit of it,5,2026-09-15,Google Play,Customer Review,https://play.google.com/store/apps/details?id=team.opay.pay&hl=en&gl=ng
7aa72a4d-680e-410c-b5ca-957832d0c78d,OPay,good,5,2026-09-15,Google Play,Customer Review,https://play.google.com/store/apps/details?id=team.opay.pay&hl=en&gl=ng
81b18b56-0421-4850-974a-9a3f42bd9561,OPay,fantastic 😍,5,2026-09-15,Google Play,Customer Review,https://play.google.com/store/apps/details?id=team.opay.pay&hl=en&gl=ng
8ebe78a8-72b2-4b73-bba7-7fc759785897,OPay,good,5,2026-09-15,Google Play,Customer Review,https://play.google.com/store/apps/details?id=team.opay.pay&hl=en&gl=ng
f385cd9a-2fb0-42c5-9036-f7cd348ec9e6,OPay,Fast and reliable,5,2026-09-15,Google Play,Customer Review,https://play.google.com/store/apps/details?id=team.opay.pay&hl=en&gl=ng
ce31c816-2d28-4ef2-bb1a-5efdd862882c,OPay,Excellent,5,2026-09-15,Google Play,Customer Review,https://play.google.com/store/apps/details?id=team.opay.pay&hl=en&gl=ng
1e19249a-b653-44b8-917d-9dd3eea5bb3c,OPay,incredible app,5,2026-09-15,Google Play,Customer Review,https://play.google.com/store/apps/details?id=team.opay.pay&hl=en&gl=ng
c99a7df6-9c5b-472f-85e2-f5798e6bf65a,OPay,opay is world class bank I ever seen,5,2026-09-15,Google Play,Customer Review,https://play.google.com/store/apps/details?id=team.opay.pay&hl=en&gl=ng
e5118945-9a3b-4fb3-ab2b-8a554eb186fa,OPay,best app ever,5,2026-09-15,Google Play,Customer Review,https://play.google.com/store/apps/details?id=team.opay.pay&hl=en&gl=ng
f01a3cc7-df04-4cb9-928e-ee2fc9a90927,OPay,Good,5,2026-09-15,Google Play,Customer Review,https://play.google.com/store/apps/details?id=team.opay.pay&hl=en&gl=ng
27fe51da-e1e8-46c9-88fc-6de18455f318,OPay,Innallaha massa irin,5,2026-09-15,Google Play,Customer Review,https://play.google.com/store/apps/details?id=team.opay.pay&hl=en&gl=ng
2e67f3ff-939a-4150-9872-8d2a9839088b,OPay,very good get one for yourself,4,2026-09-15,Google Play,Customer Review,https://play.google.com/store/apps/details?id=team.opay.pay&hl=en&gl=ng
16b7ba0a-dba2-4f4b-a479-584fce1370b7,OPay,wonderful that's all I can say,5,2026-09-15,Google Play,Customer Review,https://play.google.com/store/apps/details?id=team.opay.pay&hl=en&gl=ng
23291dd6-c9f1-4f5c-906e-7f54bf3c8d19,OPay,sharp,5,2026-09-15,Google Play,Customer Review,https://play.google.com/store/apps/details?id=team.opay.pay&hl=en&gl=ng
1c670043-3db9-4887-b5dd-d1de05646e4a,OPay,good,5,2026-09-15,Google Play,Customer Review,https://play.google.com/store/apps/details?id=team.opay.pay&hl=en&gl=ng
7600d2da-c44a-4673-8d34-17d3e7d06e88,OPay,so smooth and easy,5,2026-09-15,Google Play,Customer Review,https://play.google.com/store/apps/details?id=team.opay.pay&hl=en&gl=ng
cfb4c29f-e5a8-4b22-a270-74ec65543060,OPay,very fast and trustworthy,5,2026-09-15,Google Play,Customer Review,https://play.google.com/store/apps/details?id=team.opay.pay&hl=en&gl=ng
b8cdf0a2-1796-40da-9f36-583b8e67fb04,OPay,Very good and reliable app. I love Opay.,5,2026-09-15,Google Play,Customer Review,https://play.google.com/store/apps/details?id=team.opay.pay&hl=en&gl=ng
b904fcb0-be18-4de3-b654-7bdc65e82769,OPay,I love the way it's easily accessible without stress....and it's also reliable. thank you so much Opay,5,2026-09-15,Google Play,Customer Review,https://play.google.com/store/apps/details?id=team.opay.pay&hl=en&gl=ng
19739cbe-79b4-4820-8ba6-072d013d45ec,OPay,opay is very good,5,2026-09-15,Google Play,Customer Review,https://play.google.com/store/apps/details?id=team.opay.pay&hl=en&gl=ng
5b192a70-775f-4656-8fdb-3a5848044410,OPay,Excellent App. SMS alerts now delayed unlike before. keep the service quality. kudos to you Team.,5,2026-09-15,Google Play,Customer Review,https://play.google.com/store/apps/details?id=team.opay.pay&hl=en&gl=ng
8b7fb87a-c814-4617-a8d8-193a8fb05db9,OPay,Good network fast deposit,5,2026-09-15,Google Play,Customer Review,https://play.google.com/store/apps/details?id=team.opay.pay&hl=en&gl=ng
dc22bdbe-4d15-4489-a149-7340939f9914,OPay,good application,5,2026-09-15,Google Play,Customer Review,https://play.google.com/store/apps/details?id=team.opay.pay&hl=en&gl=ng
8cb10733-3a49-4cae-b679-3c26d6b74553,OPay,the best,5,2026-09-15,Google Play,Customer Review,https://play.google.com/store/apps/details?id=team.opay.pay&hl=en&gl=ng
4a2c2df7-048b-4158-8d3d-c67bcede9660,OPay,best app,5,2026-09-15,Google Play,Customer Review,https://play.google.com/store/apps/details?id=team.opay.pay&hl=en&gl=ng
d45ec6af-9f32-41c2-af4f-1d504fd6b3ce,OPay,i love this app it's very easy to operate,5,2026-09-15,Google Play,Customer Review,https://play.google.com/store/apps/details?id=team.opay.pay&hl=en&gl=ng
e0673965-1b41-46ff-a8e7-73cc16759353,OPay,excellent,5,2026-09-15,Google Play,Customer Review,https://play.google.com/store/apps/details?id=team.opay.pay&hl=en&gl=ng
911ed0d1-5f16-43c5-8d7e-0db39d356343,OPay,good,5,2026-09-15,Google Play,Customer Review,https://play.google.com/store/apps/details?id=team.opay.pay&hl=en&gl=ng
9748c9c4-ac36-4b7e-8cf6-28e718083dc0,OPay,Best fintech bank so,4,2026-09-15,Google Play,Customer Review,https://play.google.com/store/apps/details?id=team.opay.pay&hl=en&gl=ng
e590a0e6-65c4-4162-a7bf-c2d4a41c82f1,OPay,good and reliable app,5,2026-09-15,Google Play,Customer Review,https://play.google.com/store/apps/details?id=team.opay.pay&hl=en&gl=ng
213c5e67-ac3e-494b-9c8a-720d8d47f081,OPay,ooo and you,5,2026-09-15,Google Play,Customer Review,https://play.google.com/store/apps/details?id=team.opay.pay&hl=en&gl=ng
95087f38-aac9-4329-a26a-95d7cbf815bd,OPay,"More than bank, good option 🤝",5,2026-09-15,Google Play,Customer Review,https://play.google.com/store/apps/details?id=team.opay.pay&hl=en&gl=ng
1ace274a-ff5b-4a01-b505-378cb5bc97e5,OPay,opay is among the top best financial app ever.,5,2026-09-15,Google Play,Customer Review,https://play.google.com/store/apps/details?id=team.opay.pay&hl=en&gl=ng
e34324ce-3136-4eb7-91f1-68d66cbdcd0d,OPay,reliable and fast during transactions,5,2026-09-15,Google Play,Customer Review,https://play.google.com/store/apps/details?id=team.opay.pay&hl=en&gl=ng
b5b4f3f9-9ea8-4bd1-8c9d-df33efe4ffd0,OPay,very good and easy to access love this app so much,5,2026-09-15,Google Play,Customer Review,https://play.google.com/store/apps/details?id=team.opay.pay&hl=en&gl=ng
80f404e4-a172-49eb-9d11-d4eb12fdb41a,OPay,very fast and reliable ✨,5,2026-09-15,Google Play,Customer Review,https://play.google.com/store/apps/details?id=team.opay.pay&hl=en&gl=ng
7a6edf60-0234-4a95-9006-ea4ff5f6be31,OPay,Reliable,5,2026-09-15,Google Play,Customer Review,https://play.google.com/store/apps/details?id=team.opay.pay&hl=en&gl=ng
d2b9f5c0-078d-4ef4-b5e0-948d93c78603,OPay,very interesting and good service provided. keep it up,5,2026-09-15,Google Play,Customer Review,https://play.google.com/store/apps/details?id=team.opay.pay&hl=en&gl=ng
ad226f89-5359-459e-9104-d297cdb71f83,OPay,exceptional,5,2026-09-15,Google Play,Customer Review,https://play.google.com/store/apps/details?id=team.opay.pay&hl=en&gl=ng
7a871f54-49fd-41fa-8d06-136c15df0a03,OPay,Love this app so much,5,2026-09-15,Google Play,Customer Review,https://play.google.com/store/apps/details?id=team.opay.pay&hl=en&gl=ng
f22df019-2071-48f7-bf79-1a994a026927,OPay,transaction made easy,4,2026-09-15,Google Play,Customer Review,https://play.google.com/store/apps/details?id=team.opay.pay&hl=en&gl=ng
ce723ed7-db81-4907-a1aa-6e32cc222cba,OPay,it's a very reliable app but it actually needs to remove some features like the face verification for some transfers,4,2026-09-15,Google Play,Customer Review,https://play.google.com/store/apps/details?id=team.opay.pay&hl=en&gl=ng
9ee0b060-2a44-4fa4-8508-5006e3a03b73,OPay,very perfect,5,2026-09-15,Google Play,Customer Review,https://play.google.com/store/apps/details?id=team.opay.pay&hl=en&gl=ng
b461ff15-ee3e-41dc-b0b5-171a36c80c79,OPay,it's feel safe using Opay,5,2026-09-15,Google Play,Customer Review,https://play.google.com/store/apps/details?id=team.opay.pay&hl=en&gl=ng
8499304b-19bc-463e-898d-d4622ab9b61c,OPay,"the interest loan this day is too high. I want to borrow 500,000 to pay back 600,800, in one month. I.e Extra 100,800 as interest. its so high please. repayment time should be created for less than a month too such 1, 2, 3 weeks not just Starting from 1 month. such that when the person is able to pay before 1 month it will be possible.",2,2026-09-15,Google Play,Customer Review,https://play.google.com/store/apps/details?id=team.opay.pay&hl=en&gl=ng
69c46ac5-e8a4-4c49-a9e5-82fb7303faed,OPay,Exceptional platform,5,2026-09-15,Google Play,Customer Review,https://play.google.com/store/apps/details?id=team.opay.pay&hl=en&gl=ng
bf2c3498-dcfc-48cc-90ec-e448315be298,OPay,Very effective and reliable app and services,5,2026-09-15,Google Play,Customer Review,https://play.google.com/store/apps/details?id=team.opay.pay&hl=en&gl=ng
4d4d728a-bdb5-4958-a7c2-9560dbbd12d2,OPay,opay is fantabulous,5,2026-09-15,Google Play,Customer Review,https://play.google.com/store/apps/details?id=team.opay.pay&hl=en&gl=ng
42d16078-b13f-4a99-96f9-57b585c2734c,OPay,fast and reliable,5,2026-09-15,Google Play,Customer Review,https://play.google.com/store/apps/details?id=team.opay.pay&hl=en&gl=ng
10f9a2c0-b876-410b-aa0e-cd745bf8a038,OPay,"best financial management app. like it, love it",5,2026-09-15,Google Play,Customer Review,https://play.google.com/store/apps/details?id=team.opay.pay&hl=en&gl=ng
1614cc12-0969-497c-81bf-fd4c3816e0fb,OPay,stress-free and seamless.,5,2026-09-15,Google Play,Customer Review,https://play.google.com/store/apps/details?id=team.opay.pay&hl=en&gl=ng
c8c2f998-b858-4b15-9c78-0968c7770014,OPay,Haven't seen a better banking app,5,2026-09-15,Google Play,Customer Review,https://play.google.com/store/apps/details?id=team.opay.pay&hl=en&gl=ng
4c3c417e-c16f-4224-8704-5b57ef03b8b8,OPay,Excellent mobile banking service.,4,2026-09-15,Google Play,Customer Review,https://play.google.com/store/apps/details?id=team.opay.pay&hl=en&gl=ng
c3311778-859c-4b20-91cb-cebf66e35a90,OPay,so cool 😎 and reliable,1,2026-09-15,Google Play,Customer Review,https://play.google.com/store/apps/details?id=team.opay.pay&hl=en&gl=ng
a52781b2-2aee-43e1-9091-433d2af55a82,OPay,the best banking app,5,2026-09-15,Google Play,Customer Review,https://play.google.com/store/apps/details?id=team.opay.pay&hl=en&gl=ng
24774a73-5286-477b-ae1c-7f5a7c0e7ba7,OPay,Good,5,2026-09-15,Google Play,Customer Review,https://play.google.com/store/apps/details?id=team.opay.pay&hl=en&gl=ng
318aa3b2-e318-4282-9cba-faca33809a35,OPay,Opay App is reliable for transactions.,3,2026-09-15,Google Play,Customer Review,https://play.google.com/store/apps/details?id=team.opay.pay&hl=en&gl=ng
aaab784f-ec8e-4763-b096-3ae6137bd276,OPay,Absolutely Amazing and stress free,5,2026-09-15,Google Play,Customer Review,https://play.google.com/store/apps/details?id=team.opay.pay&hl=en&gl=ng
99a1a45f-d793-4649-8867-2a87ed5a6080,OPay,"very easy and reliable money app in Nigeria, continue with your good deed",5,2026-09-15,Google Play,Customer Review,https://play.google.com/store/apps/details?id=team.opay.pay&hl=en&gl=ng
a88c1d62-f1d2-4d3e-9665-213fb9165576,OPay,Excellent,5,2026-09-15,Google Play,Customer Review,https://play.google.com/store/apps/details?id=team.opay.pay&hl=en&gl=ng
7ce29c98-a15b-49db-aa39-b69cc59ca60b,OPay,Easy to transact..... love it everyday,5,2026-09-15,Google Play,Customer Review,https://play.google.com/store/apps/details?id=team.opay.pay&hl=en&gl=ng
fe66a584-20da-4f63-afd8-87ec59688440,OPay,so good so nice but I don't like the way you charge me,5,2026-09-15,Google Play,Customer Review,https://play.google.com/store/apps/details?id=team.opay.pay&hl=en&gl=ng
4836b004-8691-4bcd-af79-14913e232aa2,OPay,Pan,3,2026-09-15,Google Play,Customer Review,https://play.google.com/store/apps/details?id=team.opay.pay&hl=en&gl=ng
1c8c342f-06e7-4103-a633-084e73d1f241,OPay,perfect,5,2026-09-15,Google Play,Customer Review,https://play.google.com/store/apps/details?id=team.opay.pay&hl=en&gl=ng
5cc5a904-8079-4b65-92a6-62d346abd195,OPay,verry very interesting it was good and for saving,5,2026-09-15,Google Play,Customer Review,https://play.google.com/store/apps/details?id=team.opay.pay&hl=en&gl=ng
5c91217d-f6c8-493d-8412-dbd747a68720,OPay,I like Opay is very easier to transfer and to withdraw no stress at all,5,2026-09-15,Google Play,Customer Review,https://play.google.com/store/apps/details?id=team.opay.pay&hl=en&gl=ng
eed9b5d8-d95e-4911-8030-a70a717ef523,OPay,Good but after election next year I will rate you higher,4,2026-09-15,Google Play,Customer Review,https://play.google.com/store/apps/details?id=team.opay.pay&hl=en&gl=ng
7f340991-6c3f-4bce-aed1-9d3638debdc9,OPay,The best,5,2026-09-15,Google Play,Customer Review,https://play.google.com/store/apps/details?id=team.opay.pay&hl=en&gl=ng
ee75976c-1f3f-491d-bd36-5739cd55ecbc,OPay,opay simply the best😍,5,2026-09-15,Google Play,Customer Review,https://play.google.com/store/apps/details?id=team.opay.pay&hl=en&gl=ng
8d9264bb-384b-4817-9810-04551073342e,OPay,opay is the best app I love it,5,2026-09-15,Google Play,Customer Review,https://play.google.com/store/apps/details?id=team.opay.pay&hl=en&gl=ng
18a6fe93-adb6-47a7-b9b6-74ae7ef1cc33,OPay,Good,1,2026-09-15,Google Play,Customer Review,https://play.google.com/store/apps/details?id=team.opay.pay&hl=en&gl=ng
a41c3c53-060f-4d27-8713-8e9d1ee84f08,OPay,just am .......................................😂,5,2026-09-15,Google Play,Customer Review,https://play.google.com/store/apps/details?id=team.opay.pay&hl=en&gl=ng
1c353789-bc88-40ec-8458-c84db1490a54,OPay,good 😊,5,2026-09-15,Google Play,Customer Review,https://play.google.com/store/apps/details?id=team.opay.pay&hl=en&gl=ng
4225c8bd-4532-4b90-9042-a7fdd9b1e860,OPay,Awesome,5,2026-09-15,Google Play,Customer Review,https://play.google.com/store/apps/details?id=team.opay.pay&hl=en&gl=ng
5ae7f1db-4960-42a0-a0c7-1629b984e076,OPay,"my app has said it's not compactable with my device, so I need a personal account Opay app , I can't be using two Marchant account, please help me out",5,2026-09-15,Google Play,Customer Review,https://play.google.com/store/apps/details?id=team.opay.pay&hl=en&gl=ng
bad107b6-c254-4b18-bb90-f8390e8f61a9,OPay,satisfactory,5,2026-09-15,Google Play,Customer Review,https://play.google.com/store/apps/details?id=team.opay.pay&hl=en&gl=ng
c25fadec-47a3-4508-96de-1da969eb097d,OPay,good and easy to use,4,2026-09-15,Google Play,Customer Review,https://play.google.com/store/apps/details?id=team.opay.pay&hl=en&gl=ng
931929c7-a550-45dc-8e7c-8af9523a0640,OPay,good app,5,2026-09-15,Google Play,Customer Review,https://play.google.com/store/apps/details?id=team.opay.pay&hl=en&gl=ng
29b56ed0-53d6-4224-8885-a536c4188fae,OPay,"so far so good Opay is the best, I started using 4 years plus now and I never had issues . Opay Keep up the good work.",5,2026-09-15,Google Play,Customer Review,https://play.google.com/store/apps/details?id=team.opay.pay&hl=en&gl=ng
d140bbb4-55dc-4b71-a434-f136058e0069,OPay,Exceptional,5,2026-09-15,Google Play,Customer Review,https://play.google.com/store/apps/details?id=team.opay.pay&hl=en&gl=ng
86e7662a-3d2e-4513-8556-ac7d0d2d4b45,OPay,it's great 👍 👌,4,2026-09-15,Google Play,Customer Review,https://play.google.com/store/apps/details?id=team.opay.pay&hl=en&gl=ng
187d6462-902f-480a-b50e-d5afde7db577,OPay,i want to collect my gift,5,2026-09-15,Google Play,Customer Review,https://play.google.com/store/apps/details?id=team.opay.pay&hl=en&gl=ng
73754a50-d1d7-4377-b8b5-558a05e42142,OPay,thank you guys. you guys are too good 👍👍,5,2026-09-15,Google Play,Customer Review,https://play.google.com/store/apps/details?id=team.opay.pay&hl=en&gl=ng
c2a43c13-872e-4120-9573-8e576d18cf8f,OPay,it's very good bank and nice 👍,5,2026-09-15,Google Play,Customer Review,https://play.google.com/store/apps/details?id=team.opay.pay&hl=en&gl=ng
ac1e0e87-5b21-4c08-8a46-f452af3646ca,OPay,fast secure and reliable,5,2026-09-15,Google Play,Customer Review,https://play.google.com/store/apps/details?id=team.opay.pay&hl=en&gl=ng
2f57476c-d8df-4b6f-afa3-6aedaa979856,OPay,I like the App it doesn't stress at all,5,2026-09-15,Google Play,Customer Review,https://play.google.com/store/apps/details?id=team.opay.pay&hl=en&gl=ng
ca7ce6c5-4477-4395-8a11-f5df96ca4013,OPay,well fast and responsive app,4,2026-09-15,Google Play,Customer Review,https://play.google.com/store/apps/details?id=team.opay.pay&hl=en&gl=ng
7d40d952-ad12-43ca-9807-03a1a913b884,OPay,opay is one of the best app ever,5,2026-09-15,Google Play,Customer Review,https://play.google.com/store/apps/details?id=team.opay.pay&hl=en&gl=ng
d18f8793-4006-4f15-a741-f0c0a1875389,OPay,I have already changed my phone,5,2026-09-15,Google Play,Customer Review,https://play.google.com/store/apps/details?id=team.opay.pay&hl=en&gl=ng
50ff3f9d-d42a-4132-8026-f25c0186c79d,OPay,Good app work fine and okay for me.,5,2026-09-15,Google Play,Customer Review,https://play.google.com/store/apps/details?id=team.opay.pay&hl=en&gl=ng
16405a1d-78a4-4cc9-8db0-b3f9452ad0ac,OPay,good,5,2026-09-15,Google Play,Customer Review,https://play.google.com/store/apps/details?id=team.opay.pay&hl=en&gl=ng
c72656af-b6a5-448d-a158-1cb75e97012f,OPay,it's good to make money 💸 in life,5,2026-09-15,Google Play,Customer Review,https://play.google.com/store/apps/details?id=team.opay.pay&hl=en&gl=ng
75521220-5067-4375-9d31-1bf33249cb2a,OPay,very good,5,2026-09-15,Google Play,Customer Review,https://play.google.com/store/apps/details?id=team.opay.pay&hl=en&gl=ng
3647a6af-cebe-4a56-a64a-d8800b16bf90,OPay,good,5,2026-09-15,Google Play,Customer Review,https://play.google.com/store/apps/details?id=team.opay.pay&hl=en&gl=ng
b835ea40-8b11-4b74-83c1-0579e53f4b90,OPay,best app so far.,5,2026-09-15,Google Play,Customer Review,https://play.google.com/store/apps/details?id=team.opay.pay&hl=en&gl=ng
74bd67c7-d405-4e3f-9ac0-abe8a5817c6d,OPay,fast and reliable,4,2026-09-15,Google Play,Customer Review,https://play.google.com/store/apps/details?id=team.opay.pay&hl=en&gl=ng
553dfb2d-20d7-4fcd-80e1-3bc519adcd2a,OPay,it's so easy and active,5,2026-09-15,Google Play,Customer Review,https://play.google.com/store/apps/details?id=team.opay.pay&hl=en&gl=ng
18918274-8683-4785-a54b-0c613614a292,OPay,I commend your network 🛜 strength,5,2026-09-15,Google Play,Customer Review,https://play.google.com/store/apps/details?id=team.opay.pay&hl=en&gl=ng
eba4ef9e-4f38-4387-9ba8-6bdbb1bd3783,OPay,good,5,2026-09-14,Google Play,Customer Review,https://play.google.com/store/apps/details?id=team.opay.pay&hl=en&gl=ng
0974290c-adbe-480e-88a6-69b8a69ecf11,OPay,good and better,5,2026-09-14,Google Play,Customer Review,https://play.google.com/store/apps/details?id=team.opay.pay&hl=en&gl=ng
cba1c4c5-bde7-4fe7-abf7-f86ba8c09389,OPay,Trust,5,2026-09-14,Google Play,Customer Review,https://play.google.com/store/apps/details?id=team.opay.pay&hl=en&gl=ng
2cf9e49b-b9c1-4fa0-baca-fc0b8d1f5b1c,OPay,nice,5,2026-09-14,Google Play,Customer Review,https://play.google.com/store/apps/details?id=team.opay.pay&hl=en&gl=ng
964f3e39-47de-41de-bd52-c739e36531cc,OPay,it's a good app bank,5,2026-09-14,Google Play,Customer Review,https://play.google.com/store/apps/details?id=team.opay.pay&hl=en&gl=ng
d24d177f-16dc-41ff-8017-069d5fe46bdd,OPay,I need the app please my on get problems,5,2026-09-14,Google Play,Customer Review,https://play.google.com/store/apps/details?id=team.opay.pay&hl=en&gl=ng
c16a0793-1e21-454e-8aca-f94941fe7103,OPay,I so much love opay am not having any problem with the account at all,5,2026-09-14,Google Play,Customer Review,https://play.google.com/store/apps/details?id=team.opay.pay&hl=en&gl=ng
930375c2-4f26-4f4c-bb68-08a6387b82c8,OPay,so easy and accessible nice app so far keep it up,5,2026-09-14,Google Play,Customer Review,https://play.google.com/store/apps/details?id=team.opay.pay&hl=en&gl=ng
24bfc5eb-4344-4667-a6d5-c372f567af03,OPay,No Wahala Banking,5,2026-09-14,Google Play,Customer Review,https://play.google.com/store/apps/details?id=team.opay.pay&hl=en&gl=ng
76c2ceee-4949-4481-8aca-5bb48dd378aa,OPay,opay is the best,5,2026-09-14,Google Play,Customer Review,https://play.google.com/store/apps/details?id=team.opay.pay&hl=en&gl=ng
6a913de5-e3c6-44b1-ae7d-21871a827e9e,OPay,very good,5,2026-09-14,Google Play,Customer Review,https://play.google.com/store/apps/details?id=team.opay.pay&hl=en&gl=ng
4813b066-b899-42ae-9260-98c59e9489e8,OPay,so easy nd fast,5,2026-09-14,Google Play,Customer Review,https://play.google.com/store/apps/details?id=team.opay.pay&hl=en&gl=ng
04a79ada-c442-4e5f-8e3a-6e4518b77b31,OPay,"since I discovered OPAY my banking experience has never been the same. What commercial banks couldn't do, opay is doing it for me. I LOVE OPAY😘",5,2026-09-14,Google Play,Customer Review,https://play.google.com/store/apps/details?id=team.opay.pay&hl=en&gl=ng
b58c8eca-d481-4b81-995c-cf9e0b8f4738,OPay,best bank app in Nigeria so far,5,2026-09-14,Google Play,Customer Review,https://play.google.com/store/apps/details?id=team.opay.pay&hl=en&gl=ng
2c6b4f33-517e-463f-b4fe-d5fd4180b566,OPay,reliable and trusted application,5,2026-09-14,Google Play,Customer Review,https://play.google.com/store/apps/details?id=team.opay.pay&hl=en&gl=ng
76fd29a5-871f-44ee-a358-5a249d3e0d81,OPay,the best mobile bank hands down,5,2026-09-14,Google Play,Customer Review,https://play.google.com/store/apps/details?id=team.opay.pay&hl=en&gl=ng
b7f13f46-d99f-4b16-a7b2-e540ce635cda,OPay,Good banking experience,5,2026-09-14,Google Play,Customer Review,https://play.google.com/store/apps/details?id=team.opay.pay&hl=en&gl=ng
94d40e4d-30fd-4083-bee6-8290a2c30db3,OPay,just too good,5,2026-09-14,Google Play,Customer Review,https://play.google.com/store/apps/details?id=team.opay.pay&hl=en&gl=ng
2f2921fd-92fd-497d-864d-376363193ea7,OPay,best fintech Bank,5,2026-09-14,Google Play,Customer Review,https://play.google.com/store/apps/details?id=team.opay.pay&hl=en&gl=ng
aef5b612-2950-4f62-ba68-ce7828dab406,OPay,Good experience so far with the app,5,2026-09-14,Google Play,Customer Review,https://play.google.com/store/apps/details?id=team.opay.pay&hl=en&gl=ng
f38d5900-b976-4dec-9b1f-a2a89648cf5d,OPay,what does the five stars means?.,5,2026-09-14,Google Play,Customer Review,https://play.google.com/store/apps/details?id=team.opay.pay&hl=en&gl=ng
81495f98-a9cc-4942-a80e-9429706b4c40,OPay,I like the app,5,2026-09-14,Google Play,Customer Review,https://play.google.com/store/apps/details?id=team.opay.pay&hl=en&gl=ng
8b00c351-8461-4f5c-aa5b-a3efbc9ea599,OPay,excellent 👌,4,2026-09-14,Google Play,Customer Review,https://play.google.com/store/apps/details?id=team.opay.pay&hl=en&gl=ng
a205a7e6-dc89-4271-b1a7-c70dca93feb0,OPay,the best in Nigeria at the moment,5,2026-09-14,Google Play,Customer Review,https://play.google.com/store/apps/details?id=team.opay.pay&hl=en&gl=ng
4bbbdeac-be9e-4f9c-9f08-0e0140436c2c,OPay,excellent,5,2026-09-14,Google Play,Customer Review,https://play.google.com/store/apps/details?id=team.opay.pay&hl=en&gl=ng
17e836a5-d5ec-4dab-9e17-d7f5bc040d57,OPay,It's been a seamless and wonderful experience so far. keep up the good work.,5,2026-09-14,Google Play,Customer Review,https://play.google.com/store/apps/details?id=team.opay.pay&hl=en&gl=ng
ccca51c9-d887-4e7f-bce7-00cd3a05fa02,OPay,thanks for the service..... speechless... 🍷🍷💵🤍🤍🤍🤍💌,5,2026-09-14,Google Play,Customer Review,https://play.google.com/store/apps/details?id=team.opay.pay&hl=en&gl=ng
33ee2ebd-c457-42f1-923b-d2ff4b7a8004,OPay,fast delivery and reliable service one can trust.,5,2026-09-14,Google Play,Customer Review,https://play.google.com/store/apps/details?id=team.opay.pay&hl=en&gl=ng
2bc74270-15bb-4ceb-8614-bd3dbf03b022,OPay,excellent,5,2026-09-14,Google Play,Customer Review,https://play.google.com/store/apps/details?id=team.opay.pay&hl=en&gl=ng
d579fd10-78e4-4682-b155-21b3510f8f45,OPay,I love opay very very good,5,2026-09-14,Google Play,Customer Review,https://play.google.com/store/apps/details?id=team.opay.pay&hl=en&gl=ng
b46e4203-4f98-4819-9215-507656d2bf35,OPay,very nice,5,2026-09-14,Google Play,Customer Review,https://play.google.com/store/apps/details?id=team.opay.pay&hl=en&gl=ng
78758097-4cd0-48f0-ab9f-0ea7dc73b381,OPay,A very good app for transactions,5,2026-09-14,Google Play,Customer Review,https://play.google.com/store/apps/details?id=team.opay.pay&hl=en&gl=ng
7ff7b78c-3096-47e1-aaa2-3b3bd2b9a48d,OPay,excellent,5,2026-09-14,Google Play,Customer Review,https://play.google.com/store/apps/details?id=team.opay.pay&hl=en&gl=ng
13dc333a-78cd-406f-b46c-ac8088b60440,OPay,siniya,5,2026-09-14,Google Play,Customer Review,https://play.google.com/store/apps/details?id=team.opay.pay&hl=en&gl=ng
0a1cb61c-b21e-4158-a66b-9bc1955e4447,OPay,"dear Opay, please kindly add ""Lebara"" Nigeria airtime and data purchase on the app. Thank you!",1,2026-09-14,Google Play,Customer Review,https://play.google.com/store/apps/details?id=team.opay.pay&hl=en&gl=ng
c58ea42b-4960-4b47-a8ef-fb16f92e39d6,OPay,The best Bank/Banking App in Nigeria,5,2026-09-14,Google Play,Customer Review,https://play.google.com/store/apps/details?id=team.opay.pay&hl=en&gl=ng
aa3637f7-44d4-4508-a776-429b328c631a,OPay,very good,5,2026-09-14,Google Play,Customer Review,https://play.google.com/store/apps/details?id=team.opay.pay&hl=en&gl=ng
7d86c21c-0a1a-48b2-9ba3-fd67b76a0cb4,OPay,very nice & very simple to use,5,2026-09-14,Google Play,Customer Review,https://play.google.com/store/apps/details?id=team.opay.pay&hl=en&gl=ng
6fd9cabf-aecc-44bd-9c5d-4e350bebbf69,OPay,my experience with opay is impressive,4,2026-09-14,Google Play,Customer Review,https://play.google.com/store/apps/details?id=team.opay.pay&hl=en&gl=ng
ba5957cf-fb5b-41c6-9bca-de1e37bdeebc,OPay,good app,5,2026-09-14,Google Play,Customer Review,https://play.google.com/store/apps/details?id=team.opay.pay&hl=en&gl=ng
726c7c20-daf8-48fa-bac0-39182414b00f,OPay,perfect 🥰,5,2026-09-14,Google Play,Customer Review,https://play.google.com/store/apps/details?id=team.opay.pay&hl=en&gl=ng
a014486f-429c-426c-a5c5-2d8f9c155aa8,OPay,Fast like the speed of light.,5,2026-09-14,Google Play,Customer Review,https://play.google.com/store/apps/details?id=team.opay.pay&hl=en&gl=ng
4d72cc89-2b89-4498-b40b-678125532ca0,OPay,great,5,2026-09-14,Google Play,Customer Review,https://play.google.com/store/apps/details?id=team.opay.pay&hl=en&gl=ng
e15b7e74-518a-4c75-ad82-cf193173aa53,OPay,"I love the speed rate of the opay , ""OPAY THEY PAY OOOO""",5,2026-09-14,Google Play,Customer Review,https://play.google.com/store/apps/details?id=team.opay.pay&hl=en&gl=ng
dc147ee1-03cc-4888-931a-310cf426fda7,OPay,"Someone sent me money after some days, the person reported it as an error and Opay froze my money, later Opay ruled it to my favor and move the frozen funds to my available balance, I was happy! After hours the money disappeared with no traces or history.. I contacted the support team and they said my money was reversed but there is no history or evidence of that I wish there is option for picture proof",1,2026-09-14,Google Play,Customer Review,https://play.google.com/store/apps/details?id=team.opay.pay&hl=en&gl=ng
0bd4477f-36d0-4e0e-a2b3-4e3bf21b86ec,OPay,"l bought data credit of #1500 since September 10th on the app but it has been pending since,so it's discouraging.",3,2026-09-14,Google Play,Customer Review,https://play.google.com/store/apps/details?id=team.opay.pay&hl=en&gl=ng
bc14350a-228a-4ab1-8e6d-a183b5ccacb2,OPay,The app is really good just keep it up,5,2026-09-14,Google Play,Customer Review,https://play.google.com/store/apps/details?id=team.opay.pay&hl=en&gl=ng
53a4495f-c163-4e86-bd04-a8dbe5d01697,OPay,one of the best micro finance bank,5,2026-09-14,Google Play,Customer Review,https://play.google.com/store/apps/details?id=team.opay.pay&hl=en&gl=ng
d47576e7-1650-41a2-85f9-1d5b87e15ea1,OPay,Opay is the best,5,2026-09-14,Google Play,Customer Review,https://play.google.com/store/apps/details?id=team.opay.pay&hl=en&gl=ng
e0958294-8799-46dc-844a-26c94eb97e91,OPay,Opay is very fast and reliable,5,2026-09-14,Google Play,Customer Review,https://play.google.com/store/apps/details?id=team.opay.pay&hl=en&gl=ng
ab40a7b7-1414-4d07-bc82-f346b8c2b75a,OPay,Impressive,4,2026-09-14,Google Play,Customer Review,https://play.google.com/store/apps/details?id=team.opay.pay&hl=en&gl=ng
76ef70ca-c87b-450b-a73f-99856ca45f99,OPay,very fast,5,2026-09-14,Google Play,Customer Review,https://play.google.com/store/apps/details?id=team.opay.pay&hl=en&gl=ng
2e0edbbe-7dfa-4536-a8f2-336b11e1c7fa,OPay,fast ND reliable,5,2026-09-14,Google Play,Customer Review,https://play.google.com/store/apps/details?id=team.opay.pay&hl=en&gl=ng
a002e1dd-6084-41dd-8f53-10c404ecf5b3,OPay,Stressfree,5,2026-09-14,Google Play,Customer Review,https://play.google.com/store/apps/details?id=team.opay.pay&hl=en&gl=ng
a6885f54-2af3-4f48-b321-549f13de9ac2,OPay,super 👍👍,5,2026-09-14,Google Play,Customer Review,https://play.google.com/store/apps/details?id=team.opay.pay&hl=en&gl=ng
2c72835e-fdbc-431b-85c6-f33194450318,OPay,"just perfect, I give it 99.9/100",5,2026-09-14,Google Play,Customer Review,https://play.google.com/store/apps/details?id=team.opay.pay&hl=en&gl=ng
fdf97a79-2162-4b35-a74a-406266e3b24f,OPay,I love it,5,2026-09-14,Google Play,Customer Review,https://play.google.com/store/apps/details?id=team.opay.pay&hl=en&gl=ng
912cb52d-9d06-4e79-91e6-1f1ce898c259,OPay,Best banking app in the world. everything is seamless. The only issue is the loan app they are affiliated with.,5,2026-09-14,Google Play,Customer Review,https://play.google.com/store/apps/details?id=team.opay.pay&hl=en&gl=ng
1c85b794-df75-4a69-848f-70176fb73c22,OPay,"I love the app, very easy to use",5,2026-09-14,Google Play,Customer Review,https://play.google.com/store/apps/details?id=team.opay.pay&hl=en&gl=ng
7b17a78f-44f7-48fc-a427-b93462c72694,OPay,very efficient,5,2026-09-14,Google Play,Customer Review,https://play.google.com/store/apps/details?id=team.opay.pay&hl=en&gl=ng
892dc5f3-9a08-4216-a09b-4679a104e948,OPay,fast and realiable,5,2026-09-14,Google Play,Customer Review,https://play.google.com/store/apps/details?id=team.opay.pay&hl=en&gl=ng
61c3ab30-1271-4979-abde-6e34ff10947d,OPay,I like this app,4,2026-09-14,Google Play,Customer Review,https://play.google.com/store/apps/details?id=team.opay.pay&hl=en&gl=ng
4ee17072-6d06-4753-88ec-70220d2accb2,OPay,amazing always,5,2026-09-14,Google Play,Customer Review,https://play.google.com/store/apps/details?id=team.opay.pay&hl=en&gl=ng
97c46aad-c57c-4b35-9d14-cb9ee79a7013,OPay,very impressive,5,2026-09-14,Google Play,Customer Review,https://play.google.com/store/apps/details?id=team.opay.pay&hl=en&gl=ng
c55f511f-c7bb-4ec5-93e5-db01bbdb7991,OPay,This app is reliable I love how they operate,5,2026-09-14,Google Play,Customer Review,https://play.google.com/store/apps/details?id=team.opay.pay&hl=en&gl=ng
dd11d1d5-8f92-4339-ba5e-cc381791c34f,OPay,the best banking app,2,2026-09-14,Google Play,Customer Review,https://play.google.com/store/apps/details?id=team.opay.pay&hl=en&gl=ng
4ac0ea30-50a7-4a42-b173-8d347f3c1460,OPay,"Best of the best app,it very easy to use download opay now and you will enjoy more one it, like o wealthy,o kash e.t.c",5,2026-09-14,Google Play,Customer Review,https://play.google.com/store/apps/details?id=team.opay.pay&hl=en&gl=ng
b83a6313-7568-4899-a356-c42354f7627c,OPay,so fast and delicious,5,2026-09-14,Google Play,Customer Review,https://play.google.com/store/apps/details?id=team.opay.pay&hl=en&gl=ng
b719cc69-72c4-4086-b70f-bca69b196eae,OPay,very good,5,2026-09-14,Google Play,Customer Review,https://play.google.com/store/apps/details?id=team.opay.pay&hl=en&gl=ng
418b5557-8347-437c-8636-0845de55da36,OPay,It's a very good bank Easier and faster,5,2026-09-14,Google Play,Customer Review,https://play.google.com/store/apps/details?id=team.opay.pay&hl=en&gl=ng
93df7c46-0bed-4899-9f22-806ce1ab6c49,OPay,fast and reliable🤞,5,2026-09-14,Google Play,Customer Review,https://play.google.com/store/apps/details?id=team.opay.pay&hl=en&gl=ng
cbed1324-b456-4929-95eb-926946cdfc87,OPay,I love using OPAY,5,2026-09-14,Google Play,Customer Review,https://play.google.com/store/apps/details?id=team.opay.pay&hl=en&gl=ng
7f854a3f-a5c1-49a4-be6f-492aad2adc3a,OPay,M onday salami,1,2026-09-14,Google Play,Customer Review,https://play.google.com/store/apps/details?id=team.opay.pay&hl=en&gl=ng
69b8a7ab-4c11-4614-b041-12e8dc92fe84,OPay,Best,5,2026-09-14,Google Play,Customer Review,https://play.google.com/store/apps/details?id=team.opay.pay&hl=en&gl=ng
caac5215-e0ee-4861-a8ba-32106baa0abf,OPay,nice,5,2026-09-14,Google Play,Customer Review,https://play.google.com/store/apps/details?id=team.opay.pay&hl=en&gl=ng
01f244fe-932f-4759-a62f-87d8d670986b,OPay,The app is no longer compatible with my device. I cannot update it anymore. Please correct the problem.,4,2026-09-14,Google Play,Customer Review,https://play.google.com/store/apps/details?id=team.opay.pay&hl=en&gl=ng
e184d42b-794c-45d2-81bf-d19eb25b4556,OPay,It's a good app,5,2026-09-14,Google Play,Customer Review,https://play.google.com/store/apps/details?id=team.opay.pay&hl=en&gl=ng
3c6b3459-cf5f-4766-8a61-d686501b5b27,OPay,it's a wonderful app thank you very much opay,5,2026-09-14,Google Play,Customer Review,https://play.google.com/store/apps/details?id=team.opay.pay&hl=en&gl=ng
1be7897f-0a27-4112-8dbb-26d436724530,OPay,"seem less transactions, no unnecessary debits. Great experience so far since I started using Opay. Good job, keep it up, there's room for improvement though. wish I can do investments like mutual funds, treasury bills and the rest all with my Opay account.",5,2026-09-14,Google Play,Customer Review,https://play.google.com/store/apps/details?id=team.opay.pay&hl=en&gl=ng
d3fb5ae8-1472-4cc8-a22d-b7a3e29691cb,OPay,good experience,1,2026-09-14,Google Play,Customer Review,https://play.google.com/store/apps/details?id=team.opay.pay&hl=en&gl=ng
d6303739-0e1f-4903-b688-c4e591592bcd,OPay,best bank,5,2026-09-14,Google Play,Customer Review,https://play.google.com/store/apps/details?id=team.opay.pay&hl=en&gl=ng
bd0da3ea-ca9b-424d-9c53-e1eac67d69b8,OPay,Excellent,5,2026-09-14,Google Play,Customer Review,https://play.google.com/store/apps/details?id=team.opay.pay&hl=en&gl=ng
2246e076-576b-464c-93ee-8258b2c1f45c,OPay,very fast and reliable,5,2026-09-14,Google Play,Customer Review,https://play.google.com/store/apps/details?id=team.opay.pay&hl=en&gl=ng
cd9267cf-2938-45aa-a0bf-ab6b51062d3a,OPay,opay the best banking app,5,2026-09-14,Google Play,Customer Review,https://play.google.com/store/apps/details?id=team.opay.pay&hl=en&gl=ng
fced800d-0a4e-459f-ac14-b1720e1137dc,OPay,very good and fine,5,2026-09-14,Google Play,Customer Review,https://play.google.com/store/apps/details?id=team.opay.pay&hl=en&gl=ng
6e526bbc-47f8-43e6-baed-387dfa06efa4,OPay,best among all,5,2026-09-14,Google Play,Customer Review,https://play.google.com/store/apps/details?id=team.opay.pay&hl=en&gl=ng
443615d0-1152-4af6-bb25-353427798e74,OPay,amazing to use,5,2026-09-14,Google Play,Customer Review,https://play.google.com/store/apps/details?id=team.opay.pay&hl=en&gl=ng
7eef1815-1636-4127-a921-b16817babbc9,OPay,Completely reliable and trustworthy. Makes banking look so easy and convenient,5,2026-09-14,Google Play,Customer Review,https://play.google.com/store/apps/details?id=team.opay.pay&hl=en&gl=ng
12296503-3f55-4dee-b458-166d7079e60c,OPay,"great, unique and exceptional experience so far in the app",5,2026-09-14,Google Play,Customer Review,https://play.google.com/store/apps/details?id=team.opay.pay&hl=en&gl=ng
d1aad4f1-7726-4bb3-9f97-14b7fc502851,OPay,Simply the best..!!,5,2026-09-14,Google Play,Customer Review,https://play.google.com/store/apps/details?id=team.opay.pay&hl=en&gl=ng
238ea501-9881-4583-9f16-f8b2b9e12209,OPay,very great app,5,2026-09-14,Google Play,Customer Review,https://play.google.com/store/apps/details?id=team.opay.pay&hl=en&gl=ng
756d18d4-c932-4c84-bd0d-df478abd4c03,OPay,I think it's one of the best microfinance app,5,2026-09-14,Google Play,Customer Review,https://play.google.com/store/apps/details?id=team.opay.pay&hl=en&gl=ng
a338c982-5f2f-45da-8fbc-f9b7cf406b1e,OPay,best app ever seen,5,2026-09-14,Google Play,Customer Review,https://play.google.com/store/apps/details?id=team.opay.pay&hl=en&gl=ng
2e6605fe-1074-440a-98ff-5879c6fb4824,OPay,Best app I've ever used but make them create job for local Nigerians,5,2026-09-14,Google Play,Customer Review,https://play.google.com/store/apps/details?id=team.opay.pay&hl=en&gl=ng
deb47c4d-163e-477f-81b2-7fe48ad4c06e,OPay,Fast and effective,4,2026-09-14,Google Play,Customer Review,https://play.google.com/store/apps/details?id=team.opay.pay&hl=en&gl=ng
2709dafe-b06e-4a42-ad03-ed787ebcfa0d,OPay,"The best Fintech bank in Nigeria, swift transfers, customer service is top notch, I love the feature that auto saves account numbers. Opay is the best!",5,2026-09-14,Google Play,Customer Review,https://play.google.com/store/apps/details?id=team.opay.pay&hl=en&gl=ng
327dc6f0-eb7b-4db1-9aed-04b46396f3f4,OPay,opay is OK,5,2026-09-14,Google Play,Customer Review,https://play.google.com/store/apps/details?id=team.opay.pay&hl=en&gl=ng
dc6f8e31-0cec-42e8-b38f-bb1e7c4d3a7f,OPay,"very good and fast network,",5,2026-09-14,Google Play,Customer Review,https://play.google.com/store/apps/details?id=team.opay.pay&hl=en&gl=ng
d2edd3b2-ff87-40e2-b30a-2093eb3faeaf,OPay,the best app transaction,5,2026-09-14,Google Play,Customer Review,https://play.google.com/store/apps/details?id=team.opay.pay&hl=en&gl=ng
91deb47c-d39a-4d11-bb88-5741dd374d02,OPay,very good 👍 better than othe once I really enjoyed it,5,2026-09-14,Google Play,Customer Review,https://play.google.com/store/apps/details?id=team.opay.pay&hl=en&gl=ng
0d1b8d4b-ab2f-4e27-9bfc-66f03f2d6cc5,OPay,nice app,5,2026-09-14,Google Play,Customer Review,https://play.google.com/store/apps/details?id=team.opay.pay&hl=en&gl=ng
a62e46d5-b861-4d46-b407-d737a25a4941,OPay,good app,5,2026-09-14,Google Play,Customer Review,https://play.google.com/store/apps/details?id=team.opay.pay&hl=en&gl=ng
d28773c4-bd55-4dd1-9023-af85c85a98de,OPay,very good,5,2026-09-14,Google Play,Customer Review,https://play.google.com/store/apps/details?id=team.opay.pay&hl=en&gl=ng
cd5e5a68-3005-475c-8a44-a29502af8f71,OPay,Best Bank!,5,2026-09-14,Google Play,Customer Review,https://play.google.com/store/apps/details?id=team.opay.pay&hl=en&gl=ng
f8438c1c-69d3-4cc0-958f-46eeb31891b4,OPay,fantastic,5,2026-09-14,Google Play,Customer Review,https://play.google.com/store/apps/details?id=team.opay.pay&hl=en&gl=ng
6c1491ce-16b6-4fc8-81e7-9f2584cbd51d,OPay,great app with swift and smooth operation,5,2026-09-14,Google Play,Customer Review,https://play.google.com/store/apps/details?id=team.opay.pay&hl=en&gl=ng
a6a03f0c-0227-4e9e-9fa7-c722495f39d4,OPay,best online banking app ever smooth transitions,5,2026-09-14,Google Play,Customer Review,https://play.google.com/store/apps/details?id=team.opay.pay&hl=en&gl=ng
ca403ffc-b773-4398-9be9-8b23fbe01f10,OPay,excellent,5,2026-09-14,Google Play,Customer Review,https://play.google.com/store/apps/details?id=team.opay.pay&hl=en&gl=ng
2d26918d-c7c4-4253-b54d-648aeff63254,OPay,fast and reliable,5,2026-09-14,Google Play,Customer Review,https://play.google.com/store/apps/details?id=team.opay.pay&hl=en&gl=ng
1477c0ef-d2fe-4112-bc59-dda962d425e0,OPay,Fantastic.,5,2026-09-14,Google Play,Customer Review,https://play.google.com/store/apps/details?id=team.opay.pay&hl=en&gl=ng
c60c7338-7a57-4f28-8762-8978a1999c7d,OPay,the best,5,2026-09-14,Google Play,Customer Review,https://play.google.com/store/apps/details?id=team.opay.pay&hl=en&gl=ng
ba84363d-dc8e-4c6d-bd42-5feddb69ef17,OPay,4 stars cus the customer service is non existent but the daily interest is a plus,4,2026-09-14,Google Play,Customer Review,https://play.google.com/store/apps/details?id=team.opay.pay&hl=en&gl=ng
1e16980d-94c4-4d15-966e-65cb1184997d,OPay,(1) swift in transaction (2) Easy to use (3) Daily reward benefit if there is fund in my account (4) But some times slow in opening app.,4,2026-09-14,Google Play,Customer Review,https://play.google.com/store/apps/details?id=team.opay.pay&hl=en&gl=ng
4afeafe9-51cc-436c-870d-38c13215f109,OPay,excellent,5,2026-09-14,Google Play,Customer Review,https://play.google.com/store/apps/details?id=team.opay.pay&hl=en&gl=ng
c9588d4f-7e1c-4f77-be4f-a7c1165548bb,OPay,opay is very good,5,2026-09-14,Google Play,Customer Review,https://play.google.com/store/apps/details?id=team.opay.pay&hl=en&gl=ng
5a9a6b3f-0483-4102-a0da-494accc00911,OPay,Keep the good works going dear Opay.,5,2026-09-14,Google Play,Customer Review,https://play.google.com/store/apps/details?id=team.opay.pay&hl=en&gl=ng
ae6667b0-6464-4fb9-9bf2-34419fa42c4a,OPay,"Awesome transactions and reliable any time any day . I love your services, very security conscious",5,2026-09-14,Google Play,Customer Review,https://play.google.com/store/apps/details?id=team.opay.pay&hl=en&gl=ng
a78af130-e0e2-4067-994e-52f1ff17b5da,OPay,fast and reliable,5,2026-09-14,Google Play,Customer Review,https://play.google.com/store/apps/details?id=team.opay.pay&hl=en&gl=ng
6f96a931-78bb-4b19-86f9-94feb41e3758,OPay,very poor why flagging someone bvn,1,2026-09-14,Google Play,Customer Review,https://play.google.com/store/apps/details?id=team.opay.pay&hl=en&gl=ng
9178d338-f6dd-40da-a0c3-4c75955f2324,OPay,"I love this app so much, but for facial verification there should be an option where one can switch to back camera incase their front camera isn't working or clear.",5,2026-09-14,Google Play,Customer Review,https://play.google.com/store/apps/details?id=team.opay.pay&hl=en&gl=ng
91b12428-8e1f-46a6-9873-02757a230ae1,OPay,Best app I've ever used,5,2026-09-14,Google Play,Customer Review,https://play.google.com/store/apps/details?id=team.opay.pay&hl=en&gl=ng
ed9f0483-a7d4-4634-8394-fe9c0e79a1e5,OPay,Opay is the best amongst all other transactional apps.,5,2026-09-14,Google Play,Customer Review,https://play.google.com/store/apps/details?id=team.opay.pay&hl=en&gl=ng
c4f556ed-8602-479f-a25c-cad59ceab958,OPay,easy to use and low interest,5,2026-09-14,Google Play,Customer Review,https://play.google.com/store/apps/details?id=team.opay.pay&hl=en&gl=ng
6c555c59-5c51-4d73-a8f0-4b0e257bef3c,OPay,So amazing 🤩🤩 thanks for this,5,2026-09-14,Google Play,Customer Review,https://play.google.com/store/apps/details?id=team.opay.pay&hl=en&gl=ng
7f431866-0963-4f1f-89ba-9260075b7294,OPay,opay is the best app in the world this app secures your money and makes transaction easy infact if there was a six star they deserve it thanks for creating this app,5,2026-09-14,Google Play,Customer Review,https://play.google.com/store/apps/details?id=team.opay.pay&hl=en&gl=ng
4da4a031-8689-4268-a814-c3cb55682b43,OPay,"Very good app , in fact it's one of the best financial app in Nigeria",5,2026-09-14,Google Play,Customer Review,https://play.google.com/store/apps/details?id=team.opay.pay&hl=en&gl=ng
376f16fd-8679-46b9-86c9-65204aa28b75,OPay,good,3,2026-09-14,Google Play,Customer Review,https://play.google.com/store/apps/details?id=team.opay.pay&hl=en&gl=ng
9bd81257-fac3-4954-afef-23a4a8e831ac,OPay,wonderful,5,2026-09-14,Google Play,Customer Review,https://play.google.com/store/apps/details?id=team.opay.pay&hl=en&gl=ng
322cc45c-ce4a-44bb-aed1-a09e6bb8e5f3,OPay,"I made a transfer through my palmpay, and the guy scammed me and doesn't want to refund I'm sure you got the message from palmpay and you decided to freeze his account till now, without doing the necessary things, please unfreeze Daniel igwe onyekachi opay account and make sure he refunds my 50k today if not I will take this case online if I don't get my money today",3,2026-09-14,Google Play,Customer Review,https://play.google.com/store/apps/details?id=team.opay.pay&hl=en&gl=ng
bc588303-af63-4748-9b35-fa2839f75550,OPay,"well, I don't have any reason to not give you guys a five star ⭐⭐⭐⭐⭐ but then nothing is ever perfect so I'd stop at 3 for now.",3,2026-09-14,Google Play,Customer Review,https://play.google.com/store/apps/details?id=team.opay.pay&hl=en&gl=ng
25b904d9-4aec-4cd5-a783-5470e8042aa8,OPay,amazing,5,2026-09-14,Google Play,Customer Review,https://play.google.com/store/apps/details?id=team.opay.pay&hl=en&gl=ng
75abe780-8b88-481d-98c8-db5e5832613f,OPay,I received opay cards but for the past 3 days I can't download opay business app to accept the cards. my device is Samsung Galaxy tab s7 plus. my tablet is information and version is up to date.Galaxy Tab S7+ SM-T970 Android 13 One UI 5.1.1 Device Play Protect certified,1,2026-09-14,Google Play,Customer Review,https://play.google.com/store/apps/details?id=team.opay.pay&hl=en&gl=ng
a3eba66c-8de1-4c4c-8197-1b5951daace2,OPay,beautiful,5,2026-09-14,Google Play,Customer Review,https://play.google.com/store/apps/details?id=team.opay.pay&hl=en&gl=ng
dab31520-075d-43d6-ba19-517fd9096e68,OPay,Everyone knows OPAY is the best thing after bread,5,2026-09-14,Google Play,Customer Review,https://play.google.com/store/apps/details?id=team.opay.pay&hl=en&gl=ng
503bfed2-850a-4bef-a283-6067aae78878,OPay,this app is very good,5,2026-09-14,Google Play,Customer Review,https://play.google.com/store/apps/details?id=team.opay.pay&hl=en&gl=ng
83e6bdc1-cd2a-4d1f-9fc9-97a08328f0ce,OPay,very good,5,2026-09-14,Google Play,Customer Review,https://play.google.com/store/apps/details?id=team.opay.pay&hl=en&gl=ng
39e2526e-3131-4bfb-8820-0d418cac1d70,OPay,You are doing well 😊,5,2026-09-14,Google Play,Customer Review,https://play.google.com/store/apps/details?id=team.opay.pay&hl=en&gl=ng
83c86ea0-f378-4124-8a54-9ac2a7c07bfa,OPay,Good,5,2026-09-14,Google Play,Customer Review,https://play.google.com/store/apps/details?id=team.opay.pay&hl=en&gl=ng
f639ce2d-8888-47f1-af9c-78c6ec86b8cb,OPay,I love it,5,2026-09-14,Google Play,Customer Review,https://play.google.com/store/apps/details?id=team.opay.pay&hl=en&gl=ng
e3b9483e-62ee-4edb-929f-559f83b160cf,OPay,The Best Banking App Ever please keep up the good work 🤲💯,5,2026-09-14,Google Play,Customer Review,https://play.google.com/store/apps/details?id=team.opay.pay&hl=en&gl=ng
78def897-d67e-4c75-9e6c-512683eab1a7,OPay,simple to use and friendly,5,2026-09-14,Google Play,Customer Review,https://play.google.com/store/apps/details?id=team.opay.pay&hl=en&gl=ng
ee9b3901-2de0-46e0-bddd-2686e1328852,OPay,Thank you for easy transaction 💕,5,2026-09-14,Google Play,Customer Review,https://play.google.com/store/apps/details?id=team.opay.pay&hl=en&gl=ng
20d7e7c0-da8c-4154-8aeb-6820733ef049,OPay,❤️❤️❤️❤️❤️❤️❤️,5,2026-09-14,Google Play,Customer Review,https://play.google.com/store/apps/details?id=team.opay.pay&hl=en&gl=ng
7b6021f6-2eec-4b7c-a691-e0917ea8564b,OPay,very easy to use with out any stress,4,2026-09-14,Google Play,Customer Review,https://play.google.com/store/apps/details?id=team.opay.pay&hl=en&gl=ng
da707464-b0dc-429c-9869-3eab84676c33,OPay,Very excellent services so far. Thanks to the Opay team,5,2026-09-14,Google Play,Customer Review,https://play.google.com/store/apps/details?id=team.opay.pay&hl=en&gl=ng
11b091cd-9674-42b5-aa20-6affcbfdb68b,OPay,Easy and fast.,5,2026-09-14,Google Play,Customer Review,https://play.google.com/store/apps/details?id=team.opay.pay&hl=en&gl=ng
39c703ce-aee5-4d92-aed8-36614ff7de53,OPay,quick transfer,5,2026-09-14,Google Play,Customer Review,https://play.google.com/store/apps/details?id=team.opay.pay&hl=en&gl=ng
ddf955f4-9977-472c-8f55-73dab9420c8f,OPay,good,5,2026-09-14,Google Play,Customer Review,https://play.google.com/store/apps/details?id=team.opay.pay&hl=en&gl=ng
715b73af-1822-4727-ba5f-3d3e922b7549,OPay,it's easy and nice,5,2026-09-14,Google Play,Customer Review,https://play.google.com/store/apps/details?id=team.opay.pay&hl=en&gl=ng
dab0bf03-f1da-4c11-a329-31ebc3c01637,OPay,Nice one,5,2026-09-14,Google Play,Customer Review,https://play.google.com/store/apps/details?id=team.opay.pay&hl=en&gl=ng
a51645eb-32fb-4991-977e-48313ae87c62,OPay,Nice one,3,2026-09-14,Google Play,Customer Review,https://play.google.com/store/apps/details?id=team.opay.pay&hl=en&gl=ng
88e3b6a6-ddc5-44db-b43d-2777834e05d7,OPay,why is opay showing not compatible with my device anymore ???,2,2026-09-14,Google Play,Customer Review,https://play.google.com/store/apps/details?id=team.opay.pay&hl=en&gl=ng
e922167f-728c-4a21-b602-6d3bb945945b,OPay,bro my sister made an account and traveled now I don't no what to do during face verification,1,2026-09-14,Google Play,Customer Review,https://play.google.com/store/apps/details?id=team.opay.pay&hl=en&gl=ng
9ee3b1a0-dc6a-4871-be3b-aa13786f5e32,OPay,the best bank ever,5,2026-09-14,Google Play,Customer Review,https://play.google.com/store/apps/details?id=team.opay.pay&hl=en&gl=ng
3595e01c-e9e9-4e43-b29f-14de32328c12,OPay,awesome 👌,5,2026-09-14,Google Play,Customer Review,https://play.google.com/store/apps/details?id=team.opay.pay&hl=en&gl=ng
da071303-1b70-441b-8004-efe751537ec1,OPay,Save,5,2026-09-14,Google Play,Customer Review,https://play.google.com/store/apps/details?id=team.opay.pay&hl=en&gl=ng
a9ea2b67-8c91-45e4-8113-4bd5c27dab3c,OPay,good,5,2026-09-14,Google Play,Customer Review,https://play.google.com/store/apps/details?id=team.opay.pay&hl=en&gl=ng
7461280c-27a0-4028-9e38-9ae6cabcea5f,OPay,simply the best,5,2026-09-14,Google Play,Customer Review,https://play.google.com/store/apps/details?id=team.opay.pay&hl=en&gl=ng
3ca3f32b-08b0-4478-85cc-88cfac4a2c43,OPay,it's the best Mobile banking app ever,5,2026-09-14,Google Play,Customer Review,https://play.google.com/store/apps/details?id=team.opay.pay&hl=en&gl=ng
955cdac5-4bef-44e7-b5e2-063dab5d88ce,OPay,your services are reliable and top-notch,5,2026-09-14,Google Play,Customer Review,https://play.google.com/store/apps/details?id=team.opay.pay&hl=en&gl=ng
711e015d-134d-4f86-b4e2-f0dd9ef2f29e,OPay,easy banking for this generation,5,2026-09-14,Google Play,Customer Review,https://play.google.com/store/apps/details?id=team.opay.pay&hl=en&gl=ng
0cc893ac-4f71-41c5-92ce-541c1f0493de,OPay,fantastic. very reliable,5,2026-09-14,Google Play,Customer Review,https://play.google.com/store/apps/details?id=team.opay.pay&hl=en&gl=ng
6c6f9dd9-5f22-409e-bf00-60d0922f01e4,OPay,"Just cool, you guys are the best i ❤️ you all...",5,2026-09-14,Google Play,Customer Review,https://play.google.com/store/apps/details?id=team.opay.pay&hl=en&gl=ng
52a15a70-d9d6-4900-83fc-75efdebb00d4,OPay,excellent,5,2026-09-14,Google Play,Customer Review,https://play.google.com/store/apps/details?id=team.opay.pay&hl=en&gl=ng
f7f0b293-4f96-4085-b9b7-d6e1d4516828,OPay,one of the best banking apps,4,2026-09-14,Google Play,Customer Review,https://play.google.com/store/apps/details?id=team.opay.pay&hl=en&gl=ng
eded6925-4bbc-4a7b-b75f-0df77fab8a6b,OPay,thank opay for making everything easy for me no stress,5,2026-09-14,Google Play,Customer Review,https://play.google.com/store/apps/details?id=team.opay.pay&hl=en&gl=ng
0c492da0-fa49-4796-aaac-3f79726f9b5e,OPay,fast and reliable,5,2026-09-14,Google Play,Customer Review,https://play.google.com/store/apps/details?id=team.opay.pay&hl=en&gl=ng
ca46c807-f2bd-4f5a-944b-649bc41324d3,OPay,nice one 🤝,1,2026-09-14,Google Play,Customer Review,https://play.google.com/store/apps/details?id=team.opay.pay&hl=en&gl=ng
61d490f7-2a5b-4482-af51-ddd6b4bff7a6,OPay,Amazing in protecting someone's account,5,2026-09-14,Google Play,Customer Review,https://play.google.com/store/apps/details?id=team.opay.pay&hl=en&gl=ng
07034bce-66cc-4d3f-af27-97a89413fc8a,OPay,I had a good experience using the app,5,2026-09-14,Google Play,Customer Review,https://play.google.com/store/apps/details?id=team.opay.pay&hl=en&gl=ng
4d22b5b9-d4e1-4d33-8b52-ff041b362ca7,OPay,great job,5,2026-09-14,Google Play,Customer Review,https://play.google.com/store/apps/details?id=team.opay.pay&hl=en&gl=ng
e0ba301e-62bd-4e62-a041-23ef4e160fba,OPay,"your service is excellent, world's best bank both commercial and microfinance",5,2026-09-14,Google Play,Customer Review,https://play.google.com/store/apps/details?id=team.opay.pay&hl=en&gl=ng
824d7e0b-dbd9-4d1d-b8a7-d27668008bbe,OPay,Exceptional,5,2026-09-14,Google Play,Customer Review,https://play.google.com/store/apps/details?id=team.opay.pay&hl=en&gl=ng
c7aaa348-b8b8-4506-8ec3-47103bd74f82,OPay,Opay is the best bank in the history of banking ❤️❤️❤️❤️❤️,5,2026-09-14,Google Play,Customer Review,https://play.google.com/store/apps/details?id=team.opay.pay&hl=en&gl=ng
deca5826-7654-456b-a5f5-e7782ecf5fdc,OPay,good and easy app,5,2026-09-14,Google Play,Customer Review,https://play.google.com/store/apps/details?id=team.opay.pay&hl=en&gl=ng
65c6a740-100f-492b-a27e-3974caaa73d1,OPay,Fast as flash,5,2026-09-14,Google Play,Customer Review,https://play.google.com/store/apps/details?id=team.opay.pay&hl=en&gl=ng
817364d3-c49e-45dd-8c07-66ab7df06210,OPay,Always swift,5,2026-09-14,Google Play,Customer Review,https://play.google.com/store/apps/details?id=team.opay.pay&hl=en&gl=ng
199e5f3c-413d-41d6-be49-807b9c518b06,OPay,I so much love using this mobile app .Thanks for making the transaction easier .. .,5,2026-09-14,Google Play,Customer Review,https://play.google.com/store/apps/details?id=team.opay.pay&hl=en&gl=ng
15e5fedf-9e64-45b2-ac7d-f0f72da2339b,OPay,One of the best banking app,5,2026-09-14,Google Play,Customer Review,https://play.google.com/store/apps/details?id=team.opay.pay&hl=en&gl=ng
04f05725-f993-4ddd-8385-34702c4c6c3c,OPay,topnotch,5,2026-09-14,Google Play,Customer Review,https://play.google.com/store/apps/details?id=team.opay.pay&hl=en&gl=ng
095e8381-403f-4992-8ce9-82ce8852b3ec,OPay,fabulously gr8,5,2026-09-14,Google Play,Customer Review,https://play.google.com/store/apps/details?id=team.opay.pay&hl=en&gl=ng
050c2af9-5bd3-4448-a0b8-2308140c1c9d,OPay,Opay is okay.,5,2026-09-14,Google Play,Customer Review,https://play.google.com/store/apps/details?id=team.opay.pay&hl=en&gl=ng
c8a9b13c-ae7b-4f37-b6c5-bb6add049e03,OPay,"Very good Bank,I couldn't believe opay service would surpass other banks in terms of savings,fast and quick transfer.above all customer care services is superb.",5,2026-09-14,Google Play,Customer Review,https://play.google.com/store/apps/details?id=team.opay.pay&hl=en&gl=ng
aa3f391f-a54d-4ba4-b932-e284792e23f7,OPay,nice app,4,2026-09-14,Google Play,Customer Review,https://play.google.com/store/apps/details?id=team.opay.pay&hl=en&gl=ng
28e8fe07-2c09-4acb-ab15-950d25cf3cfd,OPay,Excellent and my one step stop for all banking activities very much recommended,5,2026-09-14,Google Play,Customer Review,https://play.google.com/store/apps/details?id=team.opay.pay&hl=en&gl=ng
9308878f-3709-4ca5-b617-71c4f4245c9d,OPay,my best app I really appreciate it. love you any more,5,2026-09-14,Google Play,Customer Review,https://play.google.com/store/apps/details?id=team.opay.pay&hl=en&gl=ng
60354e5b-54da-4aac-aa93-c12a0d9a8f61,OPay,excellent💯,5,2026-09-14,Google Play,Customer Review,https://play.google.com/store/apps/details?id=team.opay.pay&hl=en&gl=ng
da601145-4b00-4b3e-8b70-8449ad061441,OPay,excellent,5,2026-09-14,Google Play,Customer Review,https://play.google.com/store/apps/details?id=team.opay.pay&hl=en&gl=ng
08cec03c-2097-46c5-a401-0ce3c2ae829b,OPay,"I honestly don't see myself going through a day without opay, makes life really easy.",5,2026-09-14,Google Play,Customer Review,https://play.google.com/store/apps/details?id=team.opay.pay&hl=en&gl=ng
823447d2-9d4f-4751-8b5c-9064c2bb7f97,OPay,very good,5,2026-09-14,Google Play,Customer Review,https://play.google.com/store/apps/details?id=team.opay.pay&hl=en&gl=ng
1d8bda29-aab8-40fb-b7e5-d2dee8679111,OPay,"I like Opay because it's service is excellent, one bad thing about Opay is the interest in loan, is too much and you don't consider situations at times if a customer is unable to pay back loan on time but everything about Opay is perfect",5,2026-09-14,Google Play,Customer Review,https://play.google.com/store/apps/details?id=team.opay.pay&hl=en&gl=ng
c12553dd-63f1-4e7a-a36c-ebc650a7e6f6,OPay,wonderful,5,2026-09-14,Google Play,Customer Review,https://play.google.com/store/apps/details?id=team.opay.pay&hl=en&gl=ng
0c521ecb-0ebe-4f2a-b46b-30cdca991ef0,OPay,exceptional,5,2026-09-14,Google Play,Customer Review,https://play.google.com/store/apps/details?id=team.opay.pay&hl=en&gl=ng
4febaec1-397c-4776-8c6b-c36302f7c21f,OPay,Best App Ever,5,2026-09-14,Google Play,Customer Review,https://play.google.com/store/apps/details?id=team.opay.pay&hl=en&gl=ng
c76f24a0-ced4-4b1d-a065-fe8a72a6ae66,OPay,"it's really good having a wonderful app like this,I give it my all!",5,2026-09-14,Google Play,Customer Review,https://play.google.com/store/apps/details?id=team.opay.pay&hl=en&gl=ng
3354469b-4ea7-43a3-9744-b6a5956728a4,OPay,it has been seamless,5,2026-09-14,Google Play,Customer Review,https://play.google.com/store/apps/details?id=team.opay.pay&hl=en&gl=ng
162614fb-748e-47bd-9dfc-d56c4e97af89,OPay,better service,5,2026-09-14,Google Play,Customer Review,https://play.google.com/store/apps/details?id=team.opay.pay&hl=en&gl=ng
9e53919e-32ba-4330-b219-a0c5901bdca2,OPay,Very good financial services!,5,2026-09-14,Google Play,Customer Review,https://play.google.com/store/apps/details?id=team.opay.pay&hl=en&gl=ng
a01ac60d-421e-401c-943d-fcb8ccf6db15,OPay,Best banking services Love you....,5,2026-09-14,Google Play,Customer Review,https://play.google.com/store/apps/details?id=team.opay.pay&hl=en&gl=ng
734ac96e-db41-4e9a-a676-66815a8bb2dd,OPay,Highly satisfactory,5,2026-09-14,Google Play,Customer Review,https://play.google.com/store/apps/details?id=team.opay.pay&hl=en&gl=ng
564bbc7c-2e5e-4440-9efd-1c1353d780f5,OPay,fast and reliable,5,2026-09-14,Google Play,Customer Review,https://play.google.com/store/apps/details?id=team.opay.pay&hl=en&gl=ng
206e4e51-9205-4a60-9fdf-b4f6cd4b2f80,OPay,fast and efficient,5,2026-09-14,Google Play,Customer Review,https://play.google.com/store/apps/details?id=team.opay.pay&hl=en&gl=ng
a0a2df75-b723-4085-a7f9-099900d2e09f,OPay,perfect,4,2026-09-14,Google Play,Customer Review,https://play.google.com/store/apps/details?id=team.opay.pay&hl=en&gl=ng
19cbf67b-ed7d-4ea9-990d-39c5bcf89f3b,OPay,go do dangote ipo now,4,2026-09-14,Google Play,Customer Review,https://play.google.com/store/apps/details?id=team.opay.pay&hl=en&gl=ng
4447d52f-d13e-4123-9da1-b4c41aff2134,OPay,Opay leaves me speechless always ! I'm a simple sentence define opay = (P erfect banking experience!),5,2026-09-14,Google Play,Customer Review,https://play.google.com/store/apps/details?id=team.opay.pay&hl=en&gl=ng
f71d73df-6a35-4146-aadb-8b2b2f43c581,OPay,I really love this up and this app changed my life make me turn to billionaire,5,2026-09-14,Google Play,Customer Review,https://play.google.com/store/apps/details?id=team.opay.pay&hl=en&gl=ng
71d52420-0b37-42d4-9282-801d2a0b6433,OPay,smooth banking experience...,5,2026-09-14,Google Play,Customer Review,https://play.google.com/store/apps/details?id=team.opay.pay&hl=en&gl=ng
e3796e90-bfe4-4279-94bb-f8917c647a27,OPay,"For me, Opay makes my life super easy when dealing with any transactions.",5,2026-09-14,Google Play,Customer Review,https://play.google.com/store/apps/details?id=team.opay.pay&hl=en&gl=ng
10bf6409-c22b-46ef-b391-98290cb2a866,OPay,rrrrrrfffddd fffffffffffr you Y-Y you you are not not q and we can I I don't don't jaja wwwww Wwkd Ytwwwww Wwwwwww xk,3,2026-09-14,Google Play,Customer Review,https://play.google.com/store/apps/details?id=team.opay.pay&hl=en&gl=ng
59dddf4a-f8e3-4834-b22f-2a9985872938,OPay,am ok with opay,5,2026-09-14,Google Play,Customer Review,https://play.google.com/store/apps/details?id=team.opay.pay&hl=en&gl=ng
d2d1449a-343b-4984-a8fc-799bab1f9928,OPay,it's easy to use use,5,2026-09-14,Google Play,Customer Review,https://play.google.com/store/apps/details?id=team.opay.pay&hl=en&gl=ng
f2c73a5b-2ea1-4beb-a444-979b3f94eca5,OPay,Good,5,2026-09-14,Google Play,Customer Review,https://play.google.com/store/apps/details?id=team.opay.pay&hl=en&gl=ng
2a199da3-11d7-4068-963b-8b89a27e1eba,OPay,very good app for transactions,5,2026-09-14,Google Play,Customer Review,https://play.google.com/store/apps/details?id=team.opay.pay&hl=en&gl=ng
0a7813f9-1649-4195-85a9-6ab7a44b3d0b,OPay,They are good,5,2026-09-14,Google Play,Customer Review,https://play.google.com/store/apps/details?id=team.opay.pay&hl=en&gl=ng
8fde78f1-b4d2-4a69-9de7-7627b236b198,OPay,So far so good 👍,5,2026-09-14,Google Play,Customer Review,https://play.google.com/store/apps/details?id=team.opay.pay&hl=en&gl=ng
cad16c14-96bd-48e3-8020-e0c9af4f7966,OPay,fast and reliable,5,2026-09-14,Google Play,Customer Review,https://play.google.com/store/apps/details?id=team.opay.pay&hl=en&gl=ng
114f6c19-55a6-478d-9cc4-c51dba0e9cfe,OPay,very nice app,5,2026-09-14,Google Play,Customer Review,https://play.google.com/store/apps/details?id=team.opay.pay&hl=en&gl=ng
e1474069-4174-4b3b-b109-681231e80510,OPay,opay is a good banking app I love it,5,2026-09-14,Google Play,Customer Review,https://play.google.com/store/apps/details?id=team.opay.pay&hl=en&gl=ng
d76c5050-0a27-4183-b875-2ef039b2a1f4,OPay,enjoying it and it,5,2026-09-14,Google Play,Customer Review,https://play.google.com/store/apps/details?id=team.opay.pay&hl=en&gl=ng
c481efee-ae4b-4742-aed1-74638a366f74,OPay,Extremely good,5,2026-09-14,Google Play,Customer Review,https://play.google.com/store/apps/details?id=team.opay.pay&hl=en&gl=ng
f69e1bc3-d261-4337-9421-e934062d2ab6,OPay,"open the,opay",1,2026-09-14,Google Play,Customer Review,https://play.google.com/store/apps/details?id=team.opay.pay&hl=en&gl=ng
f8b5eb35-0167-453a-a6bb-e98988b1bafd,OPay,so sweet,5,2026-09-14,Google Play,Customer Review,https://play.google.com/store/apps/details?id=team.opay.pay&hl=en&gl=ng
fc4a60a2-8536-44b1-937f-672fc0931036,OPay,simply the best,5,2026-09-14,Google Play,Customer Review,https://play.google.com/store/apps/details?id=team.opay.pay&hl=en&gl=ng
a0aa5645-cf6d-45d3-b40f-e4db3b94761a,OPay,Fast and reliable 💯,5,2026-09-14,Google Play,Customer Review,https://play.google.com/store/apps/details?id=team.opay.pay&hl=en&gl=ng
6dc36b46-52cc-4051-91e7-55e455b5a010,OPay,very fastest bank ever,5,2026-09-14,Google Play,Customer Review,https://play.google.com/store/apps/details?id=team.opay.pay&hl=en&gl=ng
8c732666-2510-408a-9fb9-bef9cb31b979,OPay,"User friendly, and very good interface.",5,2026-09-14,Google Play,Customer Review,https://play.google.com/store/apps/details?id=team.opay.pay&hl=en&gl=ng
dce6e4dc-0d17-438f-b7de-17e6c494adc4,OPay,incredible,5,2026-09-14,Google Play,Customer Review,https://play.google.com/store/apps/details?id=team.opay.pay&hl=en&gl=ng
99e6f244-f0b2-4127-88cd-f3a05ed17168,OPay,ur app is really good and pafect,5,2026-09-14,Google Play,Customer Review,https://play.google.com/store/apps/details?id=team.opay.pay&hl=en&gl=ng
33e52d1c-77ba-4457-881d-4c3f3d5d5d30,OPay,good,5,2026-09-14,Google Play,Customer Review,https://play.google.com/store/apps/details?id=team.opay.pay&hl=en&gl=ng
ebdc1589-1189-48bd-bb2f-2f6eac299da9,OPay,Exceptional,5,2026-09-14,Google Play,Customer Review,https://play.google.com/store/apps/details?id=team.opay.pay&hl=en&gl=ng
ae9598ab-ac9b-4e02-8510-793d9d32869f,OPay,best app ever,5,2026-09-14,Google Play,Customer Review,https://play.google.com/store/apps/details?id=team.opay.pay&hl=en&gl=ng
ef08f842-3bb0-4155-b274-2beb9d9fbcd4,OPay,so reliable😃 an trusted,5,2026-09-14,Google Play,Customer Review,https://play.google.com/store/apps/details?id=team.opay.pay&hl=en&gl=ng
121bbec5-6735-4fa7-8bc5-693b19596919,OPay,cool,5,2026-09-14,Google Play,Customer Review,https://play.google.com/store/apps/details?id=team.opay.pay&hl=en&gl=ng
ad8fa950-147d-4931-9b72-53a2b8eb1a1c,OPay,is very easy to me .the network is ok.keep it on,1,2026-09-14,Google Play,Customer Review,https://play.google.com/store/apps/details?id=team.opay.pay&hl=en&gl=ng
b3cb2166-a0eb-4864-9782-09baaa0b1020,OPay,Hidden details Why would you be hiding someone account details like NIN or BVN when you know they are the one using the account at the moment putting pin I can't access my BVN number from the app anymore which is possible before I put my pin but when it appears to view the BVN or NIN it lock off two digit number from the details why will you put details when you don't want me to access it,1,2026-09-14,Google Play,Customer Review,https://play.google.com/store/apps/details?id=team.opay.pay&hl=en&gl=ng
57f82321-9dc9-4451-b436-e16fd9c29c11,OPay,best online banking ever,5,2026-09-14,Google Play,Customer Review,https://play.google.com/store/apps/details?id=team.opay.pay&hl=en&gl=ng
bd487e9e-9c9b-4728-b0ab-7d4e7ee0ac9a,OPay,Excellent,5,2026-09-14,Google Play,Customer Review,https://play.google.com/store/apps/details?id=team.opay.pay&hl=en&gl=ng
fb45aa03-9c67-4f61-991d-cd9d2fc4854f,OPay,Z.. x😞😆😘😆🤤🎗️🏅up kBKAAAaaaooi 🤔👏😔😌😬,4,2026-09-14,Google Play,Customer Review,https://play.google.com/store/apps/details?id=team.opay.pay&hl=en&gl=ng
db8e7ec1-0617-42c0-b5f9-3d8096b54d85,OPay,excellent app. infact opay is the best for me,5,2026-09-14,Google Play,Customer Review,https://play.google.com/store/apps/details?id=team.opay.pay&hl=en&gl=ng
4320f6e3-987d-443e-911f-7c70cf522083,OPay,Good app and make it easy to get money and transfer.,5,2026-09-14,Google Play,Customer Review,https://play.google.com/store/apps/details?id=team.opay.pay&hl=en&gl=ng
6a54b1a7-c166-42ae-ba56-957eecafeb2f,OPay,you guys are doing well but your interest for loans is 2 high,5,2026-09-14,Google Play,Customer Review,https://play.google.com/store/apps/details?id=team.opay.pay&hl=en&gl=ng
b6bd82f7-16be-4c0b-a9f1-2ca9532e27d4,OPay,"Opay is just great, I love them so much",5,2026-09-14,Google Play,Customer Review,https://play.google.com/store/apps/details?id=team.opay.pay&hl=en&gl=ng
9b22faa1-49e5-4510-9534-c476a10fff03,OPay,I love this app,5,2026-09-14,Google Play,Customer Review,https://play.google.com/store/apps/details?id=team.opay.pay&hl=en&gl=ng
c169f96f-7e24-4d48-a8ad-f2c9150329a3,OPay,easy navigation,4,2026-09-14,Google Play,Customer Review,https://play.google.com/store/apps/details?id=team.opay.pay&hl=en&gl=ng
ebb25499-48de-454b-8492-8f41786c7ed1,OPay,excellent,5,2026-09-14,Google Play,Customer Review,https://play.google.com/store/apps/details?id=team.opay.pay&hl=en&gl=ng
b45747df-b610-4123-9687-05b28a0a6c65,OPay,best Bank app if not for opay I won't have bank,5,2026-09-14,Google Play,Customer Review,https://play.google.com/store/apps/details?id=team.opay.pay&hl=en&gl=ng
90fd7163-73bc-4808-b29e-3c462eb4fb82,OPay,nothing but love,5,2026-09-14,Google Play,Customer Review,https://play.google.com/store/apps/details?id=team.opay.pay&hl=en&gl=ng
4408c0bd-c8e3-40cf-9122-a4da2b4f7274,OPay,opay banking app is the best in Nigeria,5,2026-09-14,Google Play,Customer Review,https://play.google.com/store/apps/details?id=team.opay.pay&hl=en&gl=ng
62027537-e9fe-4495-b8a1-772fa998eb6a,OPay,wonderful 👍,5,2026-09-14,Google Play,Customer Review,https://play.google.com/store/apps/details?id=team.opay.pay&hl=en&gl=ng
ac9d6498-ea52-454f-8a8f-740637fa5f76,OPay,good,5,2026-09-14,Google Play,Customer Review,https://play.google.com/store/apps/details?id=team.opay.pay&hl=en&gl=ng
d7b4cc43-4882-4b40-b12f-80bc031d61a6,OPay,Seamless and very efficient,5,2026-09-14,Google Play,Customer Review,https://play.google.com/store/apps/details?id=team.opay.pay&hl=en&gl=ng
b8817b8e-6a22-41a7-9429-2baec2b10c8d,OPay,always reliable,5,2026-09-14,Google Play,Customer Review,https://play.google.com/store/apps/details?id=team.opay.pay&hl=en&gl=ng
73e7e568-320c-48ef-9a35-7b364eb314f3,OPay,excellent,5,2026-09-14,Google Play,Customer Review,https://play.google.com/store/apps/details?id=team.opay.pay&hl=en&gl=ng
b11bd000-0321-403d-9717-8899da477526,OPay,very good,5,2026-09-14,Google Play,Customer Review,https://play.google.com/store/apps/details?id=team.opay.pay&hl=en&gl=ng
dee68e27-7b1f-42f6-a6aa-ee9bc40d987a,OPay,nice 👍🏿,5,2026-09-14,Google Play,Customer Review,https://play.google.com/store/apps/details?id=team.opay.pay&hl=en&gl=ng
a86a568f-6627-455d-9dec-797fa93b6dc1,OPay,make a provision for draft like kuda,4,2026-09-14,Google Play,Customer Review,https://play.google.com/store/apps/details?id=team.opay.pay&hl=en&gl=ng
75c85fa5-e2c6-41c6-880c-984328f15314,OPay,Am Downloading Apps Is not saved in my phone,1,2026-09-14,Google Play,Customer Review,https://play.google.com/store/apps/details?id=team.opay.pay&hl=en&gl=ng
cb1e1662-a3a9-4c85-a4d7-e1e001c45dd5,OPay,the app is okay what is the problem is that if you make mistake and transfer money today wrong account you will never be able to get the money back and if you have a question and you try to call the customer service the number will not be reachable and that is kind of frustrating.,3,2026-09-14,Google Play,Customer Review,https://play.google.com/store/apps/details?id=team.opay.pay&hl=en&gl=ng
46578072-8711-4baa-a3d9-a535aad242ea,OPay,opay o wa okay,5,2026-09-14,Google Play,Customer Review,https://play.google.com/store/apps/details?id=team.opay.pay&hl=en&gl=ng
a1625ed4-9358-4cf7-b1fb-1691194ec483,OPay,great,5,2026-09-14,Google Play,Customer Review,https://play.google.com/store/apps/details?id=team.opay.pay&hl=en&gl=ng
92555523-4a07-4f46-bb2d-c4b32b592254,OPay,Satisfactory so far,5,2026-09-14,Google Play,Customer Review,https://play.google.com/store/apps/details?id=team.opay.pay&hl=en&gl=ng
51589b7f-b4a7-4d5b-8b27-3eafdb222634,OPay,opay is the best online banking app tested and trusted,5,2026-09-14,Google Play,Customer Review,https://play.google.com/store/apps/details?id=team.opay.pay&hl=en&gl=ng
a5a75763-c63e-4e8b-82dc-605dd2ca9023,OPay,please I want to update my app not going through please help me and I will rate 5 star ⭐ back,3,2026-09-14,Google Play,Customer Review,https://play.google.com/store/apps/details?id=team.opay.pay&hl=en&gl=ng
4b0387fa-72b3-4e5d-8988-f53690de420e,OPay,"It's been a great relief to bank with Opay, fast and convenient services with little charges.",5,2026-09-14,Google Play,Customer Review,https://play.google.com/store/apps/details?id=team.opay.pay&hl=en&gl=ng
15d6f53f-647c-449c-a73a-b687f6a7e9f8,OPay,very superb,5,2026-09-14,Google Play,Customer Review,https://play.google.com/store/apps/details?id=team.opay.pay&hl=en&gl=ng
e512f2b3-ddc5-478a-aae6-8e7ec7716de2,OPay,Best of the Best Banking App.,5,2026-09-14,Google Play,Customer Review,https://play.google.com/store/apps/details?id=team.opay.pay&hl=en&gl=ng
685dc216-56a5-4db4-91d9-1c0c282dbd9e,OPay,Great mobile banking,5,2026-09-14,Google Play,Customer Review,https://play.google.com/store/apps/details?id=team.opay.pay&hl=en&gl=ng
3a199ec2-e3bf-496a-818e-e6430ef96d9c,OPay,Excellent 💯,5,2026-09-14,Google Play,Customer Review,https://play.google.com/store/apps/details?id=team.opay.pay&hl=en&gl=ng
79a14093-8855-477d-9815-7453da8fcbed,OPay,opay is Very Okay 👍💪,5,2026-09-14,Google Play,Customer Review,https://play.google.com/store/apps/details?id=team.opay.pay&hl=en&gl=ng
c1d075d8-b7c1-4690-9e98-8cea5fd9dc7f,OPay,services has been nice and prompt,4,2026-09-14,Google Play,Customer Review,https://play.google.com/store/apps/details?id=team.opay.pay&hl=en&gl=ng
93d7b341-dcd8-4fd2-a576-31b2820ff4a5,OPay,good,5,2026-09-14,Google Play,Customer Review,https://play.google.com/store/apps/details?id=team.opay.pay&hl=en&gl=ng
1b12344b-534a-4a38-a5f5-4f39d2659c25,OPay,Transactions are going smoothly,5,2026-09-14,Google Play,Customer Review,https://play.google.com/store/apps/details?id=team.opay.pay&hl=en&gl=ng
e245ca9f-42eb-4f3d-94f0-af04017f421c,OPay,opay is good for fast payment in the world 🌍,5,2026-09-14,Google Play,Customer Review,https://play.google.com/store/apps/details?id=team.opay.pay&hl=en&gl=ng
d8494175-4529-4c21-b267-a19543fbf27d,OPay,nice banking,5,2026-09-14,Google Play,Customer Review,https://play.google.com/store/apps/details?id=team.opay.pay&hl=en&gl=ng
eec9e06e-5ac5-496b-b1bf-a225bd4ec2c9,OPay,Best mobile banking app in Nigeria,5,2026-09-14,Google Play,Customer Review,https://play.google.com/store/apps/details?id=team.opay.pay&hl=en&gl=ng
2b2bcc14-34fd-493e-86b5-666da05301d4,OPay,Lovely,5,2026-09-14,Google Play,Customer Review,https://play.google.com/store/apps/details?id=team.opay.pay&hl=en&gl=ng
ac180047-8a88-4908-947f-17e240692d40,OPay,I love the network,5,2026-09-14,Google Play,Customer Review,https://play.google.com/store/apps/details?id=team.opay.pay&hl=en&gl=ng
75648855-5d6c-406e-b529-213a7a456310,OPay,"One of the best , efficient service app I have come across",5,2026-09-14,Google Play,Customer Review,https://play.google.com/store/apps/details?id=team.opay.pay&hl=en&gl=ng
b7252242-7513-4c83-a37c-764020fd1d00,OPay,I love it,5,2026-09-14,Google Play,Customer Review,https://play.google.com/store/apps/details?id=team.opay.pay&hl=en&gl=ng
0d75be78-1d55-487e-9f3b-456690a5034e,OPay,The best app on earth,5,2026-09-14,Google Play,Customer Review,https://play.google.com/store/apps/details?id=team.opay.pay&hl=en&gl=ng
fba7a5e9-163a-400b-9b6f-d694bb14dc13,OPay,good,5,2026-09-14,Google Play,Customer Review,https://play.google.com/store/apps/details?id=team.opay.pay&hl=en&gl=ng
7662d29d-b7fb-4eb3-90f9-1e9619bdde49,OPay,"opay leads others are coming behind, the giant of all mobile banking and over all loan app, excellent in all round the only loan app that doesn't disturb or threatening you but give more support loan upon loan may you never run dry opay is life changer bank with opay and see for yourself.",5,2026-09-14,Google Play,Customer Review,https://play.google.com/store/apps/details?id=team.opay.pay&hl=en&gl=ng
530b0281-fc87-4a7f-afcd-b95855bb5aad,OPay,Great seamless service,5,2026-09-14,Google Play,Customer Review,https://play.google.com/store/apps/details?id=team.opay.pay&hl=en&gl=ng
3f981453-d63c-4522-acdc-88ca64b49563,OPay,opay is the best app ever it's very easy to use,1,2026-09-14,Google Play,Customer Review,https://play.google.com/store/apps/details?id=team.opay.pay&hl=en&gl=ng
caa84acd-6a93-465c-b785-ffc031be2fe7,OPay,I like Opay service.,5,2026-09-14,Google Play,Customer Review,https://play.google.com/store/apps/details?id=team.opay.pay&hl=en&gl=ng
853aa797-f082-4411-99d2-a2b12511ee15,OPay,The most effective bank I have ever used and their app is even better,5,2026-09-14,Google Play,Customer Review,https://play.google.com/store/apps/details?id=team.opay.pay&hl=en&gl=ng
efba0c69-6cb6-44a4-8046-20d8ad84c756,OPay,⛰️🌟😆🩶☁️📃c b. c 🌞🆑🆑. mmm. b ☁️🦵🦖⛽🆑⛽🥺🥺😄,2,2026-09-14,Google Play,Customer Review,https://play.google.com/store/apps/details?id=team.opay.pay&hl=en&gl=ng
8ba0ea09-6c9b-4c21-b012-834ab448a0f6,OPay,very good,5,2026-09-14,Google Play,Customer Review,https://play.google.com/store/apps/details?id=team.opay.pay&hl=en&gl=ng
787a60a4-3dae-4b62-98a8-f347ddb155ef,OPay,Fantastic service,5,2026-09-14,Google Play,Customer Review,https://play.google.com/store/apps/details?id=team.opay.pay&hl=en&gl=ng
e0f450a5-c221-4459-9dad-601d18862afd,OPay,I will give 5 star when embassies start receiving your statement of account.,4,2026-09-14,Google Play,Customer Review,https://play.google.com/store/apps/details?id=team.opay.pay&hl=en&gl=ng
7f03f7ee-141f-4030-8928-ba9c6d6cc9ec,OPay,excellent app,5,2026-09-14,Google Play,Customer Review,https://play.google.com/store/apps/details?id=team.opay.pay&hl=en&gl=ng
a0305f35-a591-4bb5-be22-82a6c3353357,OPay,It's amazing with less stress or panicking,5,2026-09-14,Google Play,Customer Review,https://play.google.com/store/apps/details?id=team.opay.pay&hl=en&gl=ng
b02c537b-45ed-4e28-8629-b27611c63160,OPay,Fast transaction,5,2026-09-14,Google Play,Customer Review,https://play.google.com/store/apps/details?id=team.opay.pay&hl=en&gl=ng
009546bb-a228-430b-8b05-9b450e9f8c49,OPay,"Opay, the best!",5,2026-09-14,Google Play,Customer Review,https://play.google.com/store/apps/details?id=team.opay.pay&hl=en&gl=ng
14d00451-9874-4c42-92f5-90fde8267c53,OPay,User friendly interface. better than so many banks,5,2026-09-14,Google Play,Customer Review,https://play.google.com/store/apps/details?id=team.opay.pay&hl=en&gl=ng
fe2acbf5-593c-4b97-b1ac-e196a1085e6b,OPay,best banking app ever,5,2026-09-14,Google Play,Customer Review,https://play.google.com/store/apps/details?id=team.opay.pay&hl=en&gl=ng
3c4620bc-5a7e-4cfd-98d9-64aa0cc78045,OPay,perfect,5,2026-09-14,Google Play,Customer Review,https://play.google.com/store/apps/details?id=team.opay.pay&hl=en&gl=ng
a102fe33-7963-4aaf-9ec8-77a59bbca2bf,OPay,"great and lovely app, fantastic",5,2026-09-14,Google Play,Customer Review,https://play.google.com/store/apps/details?id=team.opay.pay&hl=en&gl=ng
0f331cfb-8f11-4703-8e34-4fa501828923,OPay,Great,5,2026-09-14,Google Play,Customer Review,https://play.google.com/store/apps/details?id=team.opay.pay&hl=en&gl=ng
23053763-c613-4f0c-8763-c67fc7738b8b,OPay,perfect and reliable online banking that i love most,5,2026-09-14,Google Play,Customer Review,https://play.google.com/store/apps/details?id=team.opay.pay&hl=en&gl=ng
87c11f5d-4c1e-43c5-b945-1ccfa524ca50,OPay,"opay has been saving lives not only mine but thousands of people out there their network is 💯 reliable and my best part is the spend and save , target and saving box thank you opay I love you",5,2026-09-14,Google Play,Customer Review,https://play.google.com/store/apps/details?id=team.opay.pay&hl=en&gl=ng
7afb4ef2-b151-495f-829f-c0a6c9e39a21,OPay,keep update,3,2026-09-14,Google Play,Customer Review,https://play.google.com/store/apps/details?id=team.opay.pay&hl=en&gl=ng
3c9ac54b-388e-4cf1-bc4f-d47d7da5e93b,OPay,"opay,or nothing. only 2 banks in naija opay, and any other bank.",5,2026-09-14,Google Play,Customer Review,https://play.google.com/store/apps/details?id=team.opay.pay&hl=en&gl=ng
f868dee7-8a6f-433f-9085-1e7b0e98aa63,OPay,Keep it up guys,5,2026-09-14,Google Play,Customer Review,https://play.google.com/store/apps/details?id=team.opay.pay&hl=en&gl=ng
b43f9a64-d961-429e-9433-953baa57101c,OPay,The Best,5,2026-09-14,Google Play,Customer Review,https://play.google.com/store/apps/details?id=team.opay.pay&hl=en&gl=ng
bc51933d-6709-4283-9d54-fc39f9344a3f,OPay,Opay never fails 💯,5,2026-09-14,Google Play,Customer Review,https://play.google.com/store/apps/details?id=team.opay.pay&hl=en&gl=ng
d2c59a5d-a759-4369-a321-490909882310,OPay,fantastic 😍,5,2026-09-14,Google Play,Customer Review,https://play.google.com/store/apps/details?id=team.opay.pay&hl=en&gl=ng
74beadfd-ae3c-40cb-9a05-07a5e3e1ba22,OPay,You are doing well.,5,2026-09-14,Google Play,Customer Review,https://play.google.com/store/apps/details?id=team.opay.pay&hl=en&gl=ng
c370d37e-187e-4029-ae17-a7ac14e9b163,OPay,Very friendly and secured App. It makes financial transactions easy. I will love to see OPay include the option of setting up automatic recurrent transactions to other accounts.,5,2026-09-14,Google Play,Customer Review,https://play.google.com/store/apps/details?id=team.opay.pay&hl=en&gl=ng
f9b24d10-08d2-4812-8462-c6e7a9934081,OPay,awesome,5,2026-09-14,Google Play,Customer Review,https://play.google.com/store/apps/details?id=team.opay.pay&hl=en&gl=ng
176974ea-6177-4bfc-b309-fcd1f029ac42,OPay,"Very easy, reliable and fast for transactions",5,2026-09-14,Google Play,Customer Review,https://play.google.com/store/apps/details?id=team.opay.pay&hl=en&gl=ng
cf25cf0d-ae73-4915-a551-840f9e1c95bf,OPay,very smooth,5,2026-09-14,Google Play,Customer Review,https://play.google.com/store/apps/details?id=team.opay.pay&hl=en&gl=ng
688803e2-d8f9-485c-854d-8ea35ba51962,OPay,very good,5,2026-09-14,Google Play,Customer Review,https://play.google.com/store/apps/details?id=team.opay.pay&hl=en&gl=ng
6f45c1f6-6e95-452f-8f17-bf7029116251,OPay,Very Nice Mobile App,5,2026-09-14,Google Play,Customer Review,https://play.google.com/store/apps/details?id=team.opay.pay&hl=en&gl=ng
5ed093cb-0857-465f-aa4c-10129d80f9d9,OPay,I am proud with opay,4,2026-09-14,Google Play,Customer Review,https://play.google.com/store/apps/details?id=team.opay.pay&hl=en&gl=ng
d8271b11-41b9-42a9-ba1d-68c6c001c5fe,OPay,So easier way to banking,5,2026-09-14,Google Play,Customer Review,https://play.google.com/store/apps/details?id=team.opay.pay&hl=en&gl=ng
ddb82f1c-1a2b-45b6-83a1-e6dabf58efcd,OPay,Great app!!!!,5,2026-09-14,Google Play,Customer Review,https://play.google.com/store/apps/details?id=team.opay.pay&hl=en&gl=ng
a59bd563-c2d7-42ef-9e5d-56378c6add37,OPay,very good faster and responsive than u can't imagine,4,2026-09-14,Google Play,Customer Review,https://play.google.com/store/apps/details?id=team.opay.pay&hl=en&gl=ng
078287a8-694c-463a-a69f-2db49885fda2,OPay,"wonderful, not stressful at all",5,2026-09-14,Google Play,Customer Review,https://play.google.com/store/apps/details?id=team.opay.pay&hl=en&gl=ng
116f3577-55e6-4837-a346-5fcead293485,OPay,best so far,5,2026-09-14,Google Play,Customer Review,https://play.google.com/store/apps/details?id=team.opay.pay&hl=en&gl=ng
8902eaee-26ad-44db-801f-63eea123945d,OPay,Exceptional,5,2026-09-14,Google Play,Customer Review,https://play.google.com/store/apps/details?id=team.opay.pay&hl=en&gl=ng
bd1196c6-7af6-47f7-97a0-39db70cd6253,OPay,incredible app 🔥❤️‍🩹💯,5,2026-09-14,Google Play,Customer Review,https://play.google.com/store/apps/details?id=team.opay.pay&hl=en&gl=ng
7236d43a-d6f4-4af4-9db6-d8d47484f17c,OPay,exceptionally good,5,2026-09-14,Google Play,Customer Review,https://play.google.com/store/apps/details?id=team.opay.pay&hl=en&gl=ng
03756966-0661-42f8-b24b-01fb97ab37ce,OPay,onwe obumnemechi,5,2026-09-14,Google Play,Customer Review,https://play.google.com/store/apps/details?id=team.opay.pay&hl=en&gl=ng
bf683332-2d9b-43e1-81a9-5329c7f1ecb6,OPay,"Opay is a one sure fast,trusted and reliable digital banking i enjoy so much.Their services are also smooth easy going.",5,2026-09-14,Google Play,Customer Review,https://play.google.com/store/apps/details?id=team.opay.pay&hl=en&gl=ng
ccd6011a-951e-4c26-a9ca-f1ab18ca7f84,OPay,nice and wonderful experience,5,2026-09-14,Google Play,Customer Review,https://play.google.com/store/apps/details?id=team.opay.pay&hl=en&gl=ng
29687baf-1feb-46fd-ae65-cc5c7772da11,OPay,you are doing excellently well,5,2026-09-14,Google Play,Customer Review,https://play.google.com/store/apps/details?id=team.opay.pay&hl=en&gl=ng
98074695-0ae5-4eec-9411-6a38f6514d81,OPay,exceptional pretty much awesome,5,2026-09-14,Google Play,Customer Review,https://play.google.com/store/apps/details?id=team.opay.pay&hl=en&gl=ng
fc49d145-3e02-4ae2-af68-8b862a19ae72,OPay,good app,5,2026-09-14,Google Play,Customer Review,https://play.google.com/store/apps/details?id=team.opay.pay&hl=en&gl=ng
4e188da9-40b6-4b69-8021-2ac86f2153d0,OPay,exceptional experience,5,2026-09-14,Google Play,Customer Review,https://play.google.com/store/apps/details?id=team.opay.pay&hl=en&gl=ng
d5db20fe-12d4-475d-8b44-1d6d5df9b55b,OPay,"among all banks I have banked with, opay is serving me better than all of them. I love this Bank. My problem is how to receive foreign currency with the opay?",5,2026-09-14,Google Play,Customer Review,https://play.google.com/store/apps/details?id=team.opay.pay&hl=en&gl=ng
18a2b017-c545-4338-9155-90ffab08783e,OPay,I've been using it since 2017. Made things very easy for me during the cashless policy. Absolutely good.,5,2026-09-14,Google Play,Customer Review,https://play.google.com/store/apps/details?id=team.opay.pay&hl=en&gl=ng
cb64a6d3-e8a0-4d4c-9c63-086af058bf7a,OPay,good 👍🏻,5,2026-09-14,Google Play,Customer Review,https://play.google.com/store/apps/details?id=team.opay.pay&hl=en&gl=ng
d324d37b-8cae-4742-b65e-ffa39cf1655b,OPay,best fintek bank ever .,5,2026-09-14,Google Play,Customer Review,https://play.google.com/store/apps/details?id=team.opay.pay&hl=en&gl=ng
67b42019-be75-4385-b9b5-e97171e6cf2c,OPay,Excellent),5,2026-09-14,Google Play,Customer Review,https://play.google.com/store/apps/details?id=team.opay.pay&hl=en&gl=ng
ef696c5f-5333-44ed-935a-96702ea9accb,OPay,very good and reliable,5,2026-09-14,Google Play,Customer Review,https://play.google.com/store/apps/details?id=team.opay.pay&hl=en&gl=ng
257bfd06-da93-466b-b06f-da9bb39c7a41,OPay,OPAY is the best Wallet in Nigeria very easy to use and is Always responding to their customers I really like it and I love it,5,2026-09-14,Google Play,Customer Review,https://play.google.com/store/apps/details?id=team.opay.pay&hl=en&gl=ng
cf3baa97-47eb-4f4e-81d1-a282d3951fc0,OPay,excellent,5,2026-09-14,Google Play,Customer Review,https://play.google.com/store/apps/details?id=team.opay.pay&hl=en&gl=ng
1071d2bd-6265-4ea0-ab2d-876aa2bc15ff,OPay,Top notch,5,2026-09-14,Google Play,Customer Review,https://play.google.com/store/apps/details?id=team.opay.pay&hl=en&gl=ng
4c46fef8-2a42-4fc3-9970-6dc117f9b315,OPay,using these app has been very easy and they are reliable but I have problems with there USSD method that's why I gave them a 4 instead of 5,4,2026-09-14,Google Play,Customer Review,https://play.google.com/store/apps/details?id=team.opay.pay&hl=en&gl=ng
869ef35d-7468-4189-bbc1-e3c2e196f19a,OPay,"super Cool,opay is okay",5,2026-09-14,Google Play,Customer Review,https://play.google.com/store/apps/details?id=team.opay.pay&hl=en&gl=ng
eb1eb7bc-adde-4dc1-91f0-533fb5f7f841,OPay,Weldon opay. Very fast and reliable 🤝🏾,5,2026-09-14,Google Play,Customer Review,https://play.google.com/store/apps/details?id=team.opay.pay&hl=en&gl=ng
fcb38271-73bc-4520-bc03-9af336058543,OPay,amazing,4,2026-09-14,Google Play,Customer Review,https://play.google.com/store/apps/details?id=team.opay.pay&hl=en&gl=ng
19e93dfe-a3e3-4845-b908-2c8fabea3145,OPay,It's fast and reliable,5,2026-09-14,Google Play,Customer Review,https://play.google.com/store/apps/details?id=team.opay.pay&hl=en&gl=ng
b7a26bd5-99f1-4fff-ba79-eb9bba511234,OPay,The best,5,2026-09-14,Google Play,Customer Review,https://play.google.com/store/apps/details?id=team.opay.pay&hl=en&gl=ng
8c4d119a-d5dc-4e79-8047-9a05063f0023,OPay,cool app,5,2026-09-14,Google Play,Customer Review,https://play.google.com/store/apps/details?id=team.opay.pay&hl=en&gl=ng
acc988d1-91d1-464f-a89b-7889722eb362,OPay,very good and reliable service,5,2026-09-14,Google Play,Customer Review,https://play.google.com/store/apps/details?id=team.opay.pay&hl=en&gl=ng
35033e12-114f-436d-8dde-386f815a105f,OPay,excellent,5,2026-09-14,Google Play,Customer Review,https://play.google.com/store/apps/details?id=team.opay.pay&hl=en&gl=ng
23c56fb4-0e4b-47cd-ad3b-d8cef3ef4d42,OPay,It is opaylicious.. I enjoy using the app and the services... They have proven to be the Best over the years... and they don't seem to be resting on their laurels... they are always advancing and moving into better ways of making life and banking easier... I invite you all to join the winning team,5,2026-09-14,Google Play,Customer Review,https://play.google.com/store/apps/details?id=team.opay.pay&hl=en&gl=ng
fadfad30-9be6-46ab-a66e-e3631768fd82,OPay,I really love this app,5,2026-09-14,Google Play,Customer Review,https://play.google.com/store/apps/details?id=team.opay.pay&hl=en&gl=ng
7e9f1460-0c8a-4801-a0b7-c0aad4eb28b1,OPay,Easy & convinent transaction anytime any day,5,2026-09-14,Google Play,Customer Review,https://play.google.com/store/apps/details?id=team.opay.pay&hl=en&gl=ng
4e892970-92c0-4f1e-b295-23ff160b6d52,OPay,"smooth and timeless, it's opay for me any time any day.",5,2026-09-14,Google Play,Customer Review,https://play.google.com/store/apps/details?id=team.opay.pay&hl=en&gl=ng
9c0c2b9b-8b5f-449a-bdcc-e1346c0682c7,OPay,superb,5,2026-09-14,Google Play,Customer Review,https://play.google.com/store/apps/details?id=team.opay.pay&hl=en&gl=ng
25128c31-c79f-44f8-a21a-42f56736fc86,OPay,over good,5,2026-09-14,Google Play,Customer Review,https://play.google.com/store/apps/details?id=team.opay.pay&hl=en&gl=ng
62a5290c-11e8-4193-8077-2bebb768ae42,OPay,good,5,2026-09-14,Google Play,Customer Review,https://play.google.com/store/apps/details?id=team.opay.pay&hl=en&gl=ng
4744d01c-0408-46b7-88a7-7c5e6771a985,OPay,beautiful and smooth and sweet,5,2026-09-14,Google Play,Customer Review,https://play.google.com/store/apps/details?id=team.opay.pay&hl=en&gl=ng
2cf6ac90-f385-4b8b-96ef-06a2f773b4cd,OPay,Banking at it's peak Top notch.,5,2026-09-14,Google Play,Customer Review,https://play.google.com/store/apps/details?id=team.opay.pay&hl=en&gl=ng
8f3f57f7-37fb-4b8d-b92e-66f4aae01f2d,OPay,The Opay app makes banking fast and easy,5,2026-09-14,Google Play,Customer Review,https://play.google.com/store/apps/details?id=team.opay.pay&hl=en&gl=ng
c4fc6694-0895-4dae-bdde-1f2260d17cd6,OPay,Perfect!,5,2026-09-14,Google Play,Customer Review,https://play.google.com/store/apps/details?id=team.opay.pay&hl=en&gl=ng
8b21049d-4c1c-4e50-b4b6-bb27f084e2bb,OPay,very easy up and going,4,2026-09-14,Google Play,Customer Review,https://play.google.com/store/apps/details?id=team.opay.pay&hl=en&gl=ng
de57f087-f760-431c-81f3-7e9865eb4c1a,OPay,excellent performance,5,2026-09-14,Google Play,Customer Review,https://play.google.com/store/apps/details?id=team.opay.pay&hl=en&gl=ng
c737dc4f-3795-40e9-ac3b-9d6ad624fa14,OPay,nice app I love 💗 opay banking,5,2026-09-14,Google Play,Customer Review,https://play.google.com/store/apps/details?id=team.opay.pay&hl=en&gl=ng
b33cf553-3aa0-4979-ad7f-7d932009505a,OPay,Fantastic.,5,2026-09-14,Google Play,Customer Review,https://play.google.com/store/apps/details?id=team.opay.pay&hl=en&gl=ng
b6cfc32b-c1bf-453c-80e6-3a4d21d3cef0,OPay,Super good,5,2026-09-13,Google Play,Customer Review,https://play.google.com/store/apps/details?id=team.opay.pay&hl=en&gl=ng
4afb43a8-d716-4502-823d-1ba7a6456f3f,OPay,I love my opay. it's so efficient.,5,2026-09-13,Google Play,Customer Review,https://play.google.com/store/apps/details?id=team.opay.pay&hl=en&gl=ng
15c2f3cf-321e-47ed-87ef-2f0117d96f8f,OPay,"I can't view my ""spend and save"", my savings and neither can I contact customer care. I tried calling the number given in the app(for customer care) and I was told ""I'm not allowed to call this number"". So, Opay, kindly explain to me how I can resolve this issue.",2,2026-09-13,Google Play,Customer Review,https://play.google.com/store/apps/details?id=team.opay.pay&hl=en&gl=ng
3644cf7e-9cc5-412d-b313-bcfbf3dae573,OPay,I need money to bus my business,5,2026-09-13,Google Play,Customer Review,https://play.google.com/store/apps/details?id=team.opay.pay&hl=en&gl=ng
9474611f-33c2-43b2-8259-780d5a62cb96,OPay,"I really love it, and it's d most savest wallet ever 🥺",5,2026-09-13,Google Play,Customer Review,https://play.google.com/store/apps/details?id=team.opay.pay&hl=en&gl=ng
7c0e8fe1-54ca-4b62-ba35-c0894606ecc9,OPay,good will bless us,5,2026-09-13,Google Play,Customer Review,https://play.google.com/store/apps/details?id=team.opay.pay&hl=en&gl=ng
bf69b4af-39c8-4aae-9b8e-b527be621c60,OPay,amazing 😍,5,2026-09-13,Google Play,Customer Review,https://play.google.com/store/apps/details?id=team.opay.pay&hl=en&gl=ng
328599da-fdab-448c-8f10-2d0dae53e3ac,OPay,It's a very good app for banking new users should try it,5,2026-09-13,Google Play,Customer Review,https://play.google.com/store/apps/details?id=team.opay.pay&hl=en&gl=ng
863f5996-2a87-454b-9227-f784cdf44518,OPay,best of the best,5,2026-09-13,Google Play,Customer Review,https://play.google.com/store/apps/details?id=team.opay.pay&hl=en&gl=ng
954a30f5-5e69-4ed7-bbc4-3d0dfed9d227,OPay,great app with fast and reliable payment method,4,2026-09-13,Google Play,Customer Review,https://play.google.com/store/apps/details?id=team.opay.pay&hl=en&gl=ng
e2e952db-3eef-49de-8572-aa228e193b44,OPay,opay is exceptional,5,2026-09-13,Google Play,Customer Review,https://play.google.com/store/apps/details?id=team.opay.pay&hl=en&gl=ng
1eb29972-829f-4541-914c-721d24cfda2b,OPay,it's good and amazing,4,2026-09-13,Google Play,Customer Review,https://play.google.com/store/apps/details?id=team.opay.pay&hl=en&gl=ng
a9742a71-0dc5-47e4-bb29-b3ba060dd2e5,OPay,it's the best app,5,2026-09-13,Google Play,Customer Review,https://play.google.com/store/apps/details?id=team.opay.pay&hl=en&gl=ng
cf37534b-5614-409d-b801-7be496ee910b,OPay,Very good,5,2026-09-13,Google Play,Customer Review,https://play.google.com/store/apps/details?id=team.opay.pay&hl=en&gl=ng
af8fd749-25ed-4147-8151-ba31ec8fffa0,OPay,very easy to use and economical,4,2026-09-13,Google Play,Customer Review,https://play.google.com/store/apps/details?id=team.opay.pay&hl=en&gl=ng
a43d57c8-0589-4417-9664-4533ae75c520,OPay,Super,5,2026-09-13,Google Play,Customer Review,https://play.google.com/store/apps/details?id=team.opay.pay&hl=en&gl=ng
b714c177-5146-491b-9e92-4454f9d948a9,OPay,ubanku yaci uwatai,5,2026-09-13,Google Play,Customer Review,https://play.google.com/store/apps/details?id=team.opay.pay&hl=en&gl=ng
e9b2c946-2a9c-48fb-866b-f12ab8fd61f3,OPay,why are you not giving loan,5,2026-09-13,Google Play,Customer Review,https://play.google.com/store/apps/details?id=team.opay.pay&hl=en&gl=ng
ea819cc1-174d-4653-9a1e-0086da9d9496,OPay,WORDS CAN NOT DISCRIBE YOU,5,2026-09-13,Google Play,Customer Review,https://play.google.com/store/apps/details?id=team.opay.pay&hl=en&gl=ng
a81af279-0c1c-4c45-8c6c-17a7d478bfff,OPay,I love opay,4,2026-09-13,Google Play,Customer Review,https://play.google.com/store/apps/details?id=team.opay.pay&hl=en&gl=ng
a371afdd-dcb6-4fdb-9ba4-d06057df62bc,OPay,Good to enjoy,5,2026-09-13,Google Play,Customer Review,https://play.google.com/store/apps/details?id=team.opay.pay&hl=en&gl=ng
1800adca-707b-4a34-845a-fc83a183941b,OPay,so good as a bank 💯💯💯💟💟,5,2026-09-13,Google Play,Customer Review,https://play.google.com/store/apps/details?id=team.opay.pay&hl=en&gl=ng
b8e95161-2349-4a62-806f-9a4e34a2964f,OPay,"very easy to use but the Loan interest rate is too much, please try and reduce the internet rate for Me",5,2026-09-13,Google Play,Customer Review,https://play.google.com/store/apps/details?id=team.opay.pay&hl=en&gl=ng
af0989d4-1d64-4e71-a5bd-7b5f8e97316d,OPay,💪🏾,4,2026-09-13,Google Play,Customer Review,https://play.google.com/store/apps/details?id=team.opay.pay&hl=en&gl=ng
e4bab9ad-42a5-47c0-a84d-feb0ec0cd877,OPay,Fantastic,5,2026-09-13,Google Play,Customer Review,https://play.google.com/store/apps/details?id=team.opay.pay&hl=en&gl=ng
7d3ca56c-5269-4e07-8f84-fe9a88840526,OPay,it a good app,5,2026-09-13,Google Play,Customer Review,https://play.google.com/store/apps/details?id=team.opay.pay&hl=en&gl=ng
0cf7a988-fa9c-4793-9852-76b0a601dd25,OPay,i love the app it really good.... but is it a must to upgrade before use?...,3,2026-09-13,Google Play,Customer Review,https://play.google.com/store/apps/details?id=team.opay.pay&hl=en&gl=ng
c33e0cad-7eaf-4e02-b6f3-1efb2bb4d0af,OPay,Very good 👍,5,2026-09-13,Google Play,Customer Review,https://play.google.com/store/apps/details?id=team.opay.pay&hl=en&gl=ng
cc788cfb-0a8b-4875-8cc1-3af89427f831,OPay,The best online banking app for now👌,5,2026-09-13,Google Play,Customer Review,https://play.google.com/store/apps/details?id=team.opay.pay&hl=en&gl=ng
65ca2fe4-fcb0-447e-8e99-afdbd1f59340,OPay,Abdullahi Muhammad Jaulere,5,2026-09-13,Google Play,Customer Review,https://play.google.com/store/apps/details?id=team.opay.pay&hl=en&gl=ng
23315ad8-4c97-4835-ab62-9015f16db4a4,OPay,excellent 👌,5,2026-09-13,Google Play,Customer Review,https://play.google.com/store/apps/details?id=team.opay.pay&hl=en&gl=ng
ebf73483-ef29-4355-820a-60ebd6cb952d,OPay,"Hi opay. I made an erroneous transfer of ₦27,100 today 13/9/ 2026 to EaseMoni instead another account. It was a wrong beneficiary error, not a duplicate transfer. I had already repaid my EaseMoni loan. Please initiate a transfer recall/recovery for the erroneous transaction.",5,2026-09-13,Google Play,Customer Review,https://play.google.com/store/apps/details?id=team.opay.pay&hl=en&gl=ng
28e580f0-a013-4324-b31a-446ec62f4448,OPay,good,5,2026-09-13,Google Play,Customer Review,https://play.google.com/store/apps/details?id=team.opay.pay&hl=en&gl=ng
b8d060db-74fe-4fce-ac59-82b320bcc57a,OPay,Awesome banking app,5,2026-09-13,Google Play,Customer Review,https://play.google.com/store/apps/details?id=team.opay.pay&hl=en&gl=ng
398b8325-b34c-4403-9b01-f4b51fa28920,OPay,opay and their stupidity too much. I know it was my fault for not checking on the account to transfer too before imputing my pin but I know I clicked on a relative account number to transfer to only for opay app stupid features to take over and send money to an account of my gas man I bought gas from a night before all in the name of refreshing to the latest account transferred to. I hate that feature opay please stop this rubbish app features. imagine it was a large sum I would be so regretful.,1,2026-09-13,Google Play,Customer Review,https://play.google.com/store/apps/details?id=team.opay.pay&hl=en&gl=ng
1b721c23-fde7-443d-9c4b-3a770c430e08,OPay,using opay always,5,2026-09-13,Google Play,Customer Review,https://play.google.com/store/apps/details?id=team.opay.pay&hl=en&gl=ng
729c136e-f8d9-4e99-b979-4df035d6b162,OPay,opay is the greatest without it life will not be easy,5,2026-09-13,Google Play,Customer Review,https://play.google.com/store/apps/details?id=team.opay.pay&hl=en&gl=ng
05c71690-23ae-490b-9904-729837b13d9d,OPay,"Zoe aw @,,,www$/,##,#, le, s.c.xk🍍zw🍠",5,2026-09-13,Google Play,Customer Review,https://play.google.com/store/apps/details?id=team.opay.pay&hl=en&gl=ng
a069f6d1-5251-42be-bcac-cfb59aa749fa,OPay,fairly good,2,2026-09-13,Google Play,Customer Review,https://play.google.com/store/apps/details?id=team.opay.pay&hl=en&gl=ng
33176a97-79fc-4a49-9b4e-991fab22e221,OPay,💕👍👍👍👍😘😘,3,2026-09-13,Google Play,Customer Review,https://play.google.com/store/apps/details?id=team.opay.pay&hl=en&gl=ng
3a19ea15-89da-4699-a004-a1b8480c69cf,OPay,very good app,5,2026-09-13,Google Play,Customer Review,https://play.google.com/store/apps/details?id=team.opay.pay&hl=en&gl=ng
e29853e6-924d-4923-b042-77ecb2aea62f,OPay,its awesome,5,2026-09-13,Google Play,Customer Review,https://play.google.com/store/apps/details?id=team.opay.pay&hl=en&gl=ng
831aeda2-2f3f-4e49-9375-e1ad92c7c847,OPay,"aassaw are are wawe was,, 4414Welcome to Gboard clipboard, any text you copy will be saved here.Welcome to Gboard clipboard, any text you copy will be saved here.Edlom Consulting Services",3,2026-09-13,Google Play,Customer Review,https://play.google.com/store/apps/details?id=team.opay.pay&hl=en&gl=ng
3d20a10a-e5dc-482b-934b-eaee11fa58a5,OPay,Opay is fast and reliable No need to be scared about the safety of your money with opay,5,2026-09-13,Google Play,Customer Review,https://play.google.com/store/apps/details?id=team.opay.pay&hl=en&gl=ng
96e4244d-4b94-4b06-afe9-91824f9e03ac,OPay,I did something and it's showing pending since make una refund my money Na,5,2026-09-13,Google Play,Customer Review,https://play.google.com/store/apps/details?id=team.opay.pay&hl=en&gl=ng
19439b1f-f805-4ecf-b15c-b89c5581a772,OPay,I need latest version for my device,5,2026-09-13,Google Play,Customer Review,https://play.google.com/store/apps/details?id=team.opay.pay&hl=en&gl=ng
85affea5-33ad-4a6e-98c8-8a1b168c7a97,OPay,nice app,5,2026-09-13,Google Play,Customer Review,https://play.google.com/store/apps/details?id=team.opay.pay&hl=en&gl=ng
86351241-c7d9-48c2-90c0-60935257bc00,OPay,More useful ✅✅✅✅✅⭐⭐⭐⭐⭐🚀🚀🚀🚀🚀💪💪💪💪💪🏛️🏛️🏛️💡💡💡💡💵💵💵💚💚💚🎯🎯🎯📌📌📌📌📌🆖🆖🆖🆖🆖🇳🇬🇳🇬🇳🇬🇳🇬🇳🇬🗽💰🎁🎞️🎮🎬⚡🔥💧☕🍵🧃🧋🫙⛽🚨🛢️🧭🛟🛑🚜🛸🏡🏠🏚️🏥🏤🏣🏨🏫🏗️🏢🏭🏟️🏦🎃🧩🎧🎤,5,2026-09-13,Google Play,Customer Review,https://play.google.com/store/apps/details?id=team.opay.pay&hl=en&gl=ng
193a684c-8e14-470e-b46e-8400e8e4c919,OPay,it takes forever to open the app. also to make transactions. The app just too slow,2,2026-09-13,Google Play,Customer Review,https://play.google.com/store/apps/details?id=team.opay.pay&hl=en&gl=ng
c67e0717-cca9-4a97-a172-afed7feea65e,OPay,it is well okay,5,2026-09-13,Google Play,Customer Review,https://play.google.com/store/apps/details?id=team.opay.pay&hl=en&gl=ng
b2850a51-8050-4dd0-9677-d02567ae771d,OPay,"one out of a million, can't be compared, keep up the good work",5,2026-09-13,Google Play,Customer Review,https://play.google.com/store/apps/details?id=team.opay.pay&hl=en&gl=ng
319cb329-d4a0-4876-9564-cf7ea2b244bd,OPay,Excellent,5,2026-09-13,Google Play,Customer Review,https://play.google.com/store/apps/details?id=team.opay.pay&hl=en&gl=ng
dae43c2a-2691-4315-b22c-e4b6476d4062,OPay,"Opay is the best that's why I'm Giving Them 5 stars, I love you more",5,2026-09-13,Google Play,Customer Review,https://play.google.com/store/apps/details?id=team.opay.pay&hl=en&gl=ng
44bd2039-0477-471e-a2fe-10b06b93085c,OPay,Best payment service app ever. Always my favorite.,5,2026-09-13,Google Play,Customer Review,https://play.google.com/store/apps/details?id=team.opay.pay&hl=en&gl=ng
5bcaaffe-a76b-4622-ba27-e16871a27adc,OPay,good,5,2026-09-13,Google Play,Customer Review,https://play.google.com/store/apps/details?id=team.opay.pay&hl=en&gl=ng
d823e3a6-adc7-4af4-86d6-18cdf8d15429,OPay,Excellent,5,2026-09-13,Google Play,Customer Review,https://play.google.com/store/apps/details?id=team.opay.pay&hl=en&gl=ng
61aef42b-cb2c-4bbb-ad88-4fb0680e9604,OPay,Very fast and easy even more reliable.,5,2026-09-13,Google Play,Customer Review,https://play.google.com/store/apps/details?id=team.opay.pay&hl=en&gl=ng
b17517ba-3920-42e3-8a15-6d9b8a1e69f9,OPay,good,5,2026-09-13,Google Play,Customer Review,https://play.google.com/store/apps/details?id=team.opay.pay&hl=en&gl=ng
bc9f06f7-d8b2-46b9-8d18-a9d098d7ec9b,OPay,This online banking app is great!,5,2026-09-13,Google Play,Customer Review,https://play.google.com/store/apps/details?id=team.opay.pay&hl=en&gl=ng
63e776b2-ac5e-439b-b422-1792710edb6f,OPay,very nice,5,2026-09-13,Google Play,Customer Review,https://play.google.com/store/apps/details?id=team.opay.pay&hl=en&gl=ng
7e357e7f-c04e-409a-9621-72305c6d17ce,OPay,I love this aoo,4,2026-09-13,Google Play,Customer Review,https://play.google.com/store/apps/details?id=team.opay.pay&hl=en&gl=ng
ae30ef8f-8be8-47c2-8dbc-73724f31cdaf,OPay,I like this app because every transfer is safe fast and secure,5,2026-09-13,Google Play,Customer Review,https://play.google.com/store/apps/details?id=team.opay.pay&hl=en&gl=ng
cdaa5f3a-fea5-4410-8b2f-65d1fc90d19b,OPay,a gud and reliable app,5,2026-09-13,Google Play,Customer Review,https://play.google.com/store/apps/details?id=team.opay.pay&hl=en&gl=ng
8f21d212-8ad5-4767-93a9-364062f8d34c,OPay,My fav,5,2026-09-13,Google Play,Customer Review,https://play.google.com/store/apps/details?id=team.opay.pay&hl=en&gl=ng
0199d663-7dbd-4650-a8f9-544d281e0f72,OPay,to wi,5,2026-09-13,Google Play,Customer Review,https://play.google.com/store/apps/details?id=team.opay.pay&hl=en&gl=ng
83490157-3d7f-4a3c-ae71-3a96136d68fc,OPay,Much better,5,2026-09-13,Google Play,Customer Review,https://play.google.com/store/apps/details?id=team.opay.pay&hl=en&gl=ng
1460f67a-482a-4d4f-96fb-4bddeffde2cf,OPay,superb,5,2026-09-13,Google Play,Customer Review,https://play.google.com/store/apps/details?id=team.opay.pay&hl=en&gl=ng
17e0906b-e9ad-4915-8626-7a75e42edcdb,OPay,Prompt and exceptional service delivery.,5,2026-09-13,Google Play,Customer Review,https://play.google.com/store/apps/details?id=team.opay.pay&hl=en&gl=ng
a0a38ae0-02d7-40d1-9fbf-647937d89e3e,OPay,Zainab Aliyu,1,2026-09-13,Google Play,Customer Review,https://play.google.com/store/apps/details?id=team.opay.pay&hl=en&gl=ng
8e96897c-41d9-48ce-bccf-9a4da85f5a08,OPay,opay is the best and easy way to make your transition faster and reliable 😊,5,2026-09-13,Google Play,Customer Review,https://play.google.com/store/apps/details?id=team.opay.pay&hl=en&gl=ng
b47f7030-50d1-486c-ab83-2e13c9797e1f,OPay,sharp,5,2026-09-13,Google Play,Customer Review,https://play.google.com/store/apps/details?id=team.opay.pay&hl=en&gl=ng
179c0b5d-9606-40a7-9f9e-195ead4e84e4,OPay,the app is very easy to use and navigate... I give it 5 star because there is no app like this free and fast transactions.,5,2026-09-13,Google Play,Customer Review,https://play.google.com/store/apps/details?id=team.opay.pay&hl=en&gl=ng
0d05f3f5-52bf-4c50-a72a-97562c5f87c0,OPay,Umar abubakar lawan,5,2026-09-13,Google Play,Customer Review,https://play.google.com/store/apps/details?id=team.opay.pay&hl=en&gl=ng
d6dd75e9-16b4-4253-b488-1be26c52ce69,OPay,excellent,5,2026-09-13,Google Play,Customer Review,https://play.google.com/store/apps/details?id=team.opay.pay&hl=en&gl=ng
5f49a0ef-8bdf-4dae-bb6b-8e540dc63e22,OPay,Fast and reliable,5,2026-09-13,Google Play,Customer Review,https://play.google.com/store/apps/details?id=team.opay.pay&hl=en&gl=ng
f461a0ed-eb93-404c-b6c5-8e5c33b7f0e3,OPay,", , ,, , 🐐*,: svg g.",2,2026-09-13,Google Play,Customer Review,https://play.google.com/store/apps/details?id=team.opay.pay&hl=en&gl=ng
7fc7a1f0-f448-4294-9298-e03e44605245,OPay,Good service 👍 opay is just the best bro,4,2026-09-13,Google Play,Customer Review,https://play.google.com/store/apps/details?id=team.opay.pay&hl=en&gl=ng
d43cabe7-a47f-4db9-b2e6-d354e09cb2a1,OPay,Fast and reliable,5,2026-09-13,Google Play,Customer Review,https://play.google.com/store/apps/details?id=team.opay.pay&hl=en&gl=ng
2b27dabc-bc79-4f89-a6eb-19bc8f040870,OPay,amazing,5,2026-09-13,Google Play,Customer Review,https://play.google.com/store/apps/details?id=team.opay.pay&hl=en&gl=ng
a0cb61ad-4c4d-4321-86d1-9901d3c639b5,OPay,💯Super App💓🔥,5,2026-09-13,Google Play,Customer Review,https://play.google.com/store/apps/details?id=team.opay.pay&hl=en&gl=ng
6765136f-ac35-4cf2-a284-80a98a51ea5c,OPay,very fast and reliable,5,2026-09-13,Google Play,Customer Review,https://play.google.com/store/apps/details?id=team.opay.pay&hl=en&gl=ng
5bb47b14-cf36-45dc-91af-7d922b846c4c,OPay,It's been a wonderful experience using Opay so far and even if there are issues sometimes I still love using Opay,5,2026-09-13,Google Play,Customer Review,https://play.google.com/store/apps/details?id=team.opay.pay&hl=en&gl=ng
849e03b1-6d3e-4575-a3b3-b9c686cdc4dd,OPay,Good money in great,5,2026-09-13,Google Play,Customer Review,https://play.google.com/store/apps/details?id=team.opay.pay&hl=en&gl=ng
81fa0c8b-4f51-437b-8b3e-d755bb245d16,OPay,I prefer using the app than my normal bank account. Smooth,5,2026-09-13,Google Play,Customer Review,https://play.google.com/store/apps/details?id=team.opay.pay&hl=en&gl=ng
9813af69-54f4-4a11-b87a-89ecc955e57e,OPay,nice app,5,2026-09-13,Google Play,Customer Review,https://play.google.com/store/apps/details?id=team.opay.pay&hl=en&gl=ng
b9c92048-68aa-49a0-83a0-1c0941412e1b,OPay,opay is the best online banking app,5,2026-09-13,Google Play,Customer Review,https://play.google.com/store/apps/details?id=team.opay.pay&hl=en&gl=ng
f4055c80-d3e4-4034-85bc-0163585ad6bf,OPay,"Top notch service. Opay has always been the best since I started using their services. What I love the most about them is ""they give you live updates on other banks current network, and how long it could talk before the beneficiary receives the money"".",5,2026-09-13,Google Play,Customer Review,https://play.google.com/store/apps/details?id=team.opay.pay&hl=en&gl=ng
4aec50bd-5e5c-4698-b51b-f37c1d7b745b,OPay,opay bank app,5,2026-09-13,Google Play,Customer Review,https://play.google.com/store/apps/details?id=team.opay.pay&hl=en&gl=ng
158e4b91-fbff-40ef-845c-d465712df819,OPay,Omo you people cause so much delays,2,2026-09-13,Google Play,Customer Review,https://play.google.com/store/apps/details?id=team.opay.pay&hl=en&gl=ng
de7cee8e-758a-4109-b7a8-dea7db90db05,OPay,"Opay had given me the best banking experience without any stress, I've never for one day regret opening an opay account o rate you people 1 million over 100 Everything is just perfect like I can't explain 🥰🥰🥰",5,2026-09-13,Google Play,Customer Review,https://play.google.com/store/apps/details?id=team.opay.pay&hl=en&gl=ng
1d0d132b-bfb6-404b-b90c-6432df12c652,OPay,really good! 😊,5,2026-09-13,Google Play,Customer Review,https://play.google.com/store/apps/details?id=team.opay.pay&hl=en&gl=ng
a7416631-290a-4cd8-a049-d4e396e9e0c7,OPay,"discount for airtime, data and lots more",5,2026-09-13,Google Play,Customer Review,https://play.google.com/store/apps/details?id=team.opay.pay&hl=en&gl=ng
4298b505-aad4-418d-9d40-1ed21010ffbb,OPay,the best of the best,5,2026-09-13,Google Play,Customer Review,https://play.google.com/store/apps/details?id=team.opay.pay&hl=en&gl=ng
a913c593-d053-409a-a2e0-b8ecbbc53b03,OPay,sweet,5,2026-09-13,Google Play,Customer Review,https://play.google.com/store/apps/details?id=team.opay.pay&hl=en&gl=ng
5c100222-af89-49e8-89d2-fd33436f5328,OPay,excellent,5,2026-09-13,Google Play,Customer Review,https://play.google.com/store/apps/details?id=team.opay.pay&hl=en&gl=ng
9fec163b-6a52-4e28-a534-34b7a011a039,OPay,excellent,5,2026-09-13,Google Play,Customer Review,https://play.google.com/store/apps/details?id=team.opay.pay&hl=en&gl=ng
ae379a6f-2e2c-488b-9dac-b0bd60c09e63,OPay,swift transactions,5,2026-09-13,Google Play,Customer Review,https://play.google.com/store/apps/details?id=team.opay.pay&hl=en&gl=ng
26226cf0-6c90-4ebe-879c-43d55144d314,OPay,Please why's it that when ever i want to update my opay account or download a new app they'll tell me that this app is not compatible with my device please i want this to be resolved,1,2026-09-13,Google Play,Customer Review,https://play.google.com/store/apps/details?id=team.opay.pay&hl=en&gl=ng
f7e23846-e5cd-45bc-97a9-7af20a52672d,OPay,nice banking,1,2026-09-13,Google Play,Customer Review,https://play.google.com/store/apps/details?id=team.opay.pay&hl=en&gl=ng
1b4e93c5-51db-4d01-a303-0cc205f08c36,OPay,easy to use and good network,5,2026-09-13,Google Play,Customer Review,https://play.google.com/store/apps/details?id=team.opay.pay&hl=en&gl=ng
291e7606-4ac3-4ba1-8df1-feead0905fbe,OPay,So safe,5,2026-09-13,Google Play,Customer Review,https://play.google.com/store/apps/details?id=team.opay.pay&hl=en&gl=ng
f0fa7a7c-2be3-42ff-af6d-5201a0b7471a,OPay,very good,5,2026-09-13,Google Play,Customer Review,https://play.google.com/store/apps/details?id=team.opay.pay&hl=en&gl=ng
af8dbb4f-f201-451c-ad15-edf8192dd049,OPay,perfect and top notch,5,2026-09-13,Google Play,Customer Review,https://play.google.com/store/apps/details?id=team.opay.pay&hl=en&gl=ng
a67eadba-07db-4654-b9c9-6bbc29b5c177,OPay,my experience with you guys is very bad especially in loan aspects can you imagine I got a loan from you and I pay back before the due date and today you guys still deducted my money saying is for repayment of the loan I collect which I have already pay this is very bad and I try contacting your customer care but no one pick call or live chat I'm really frustrated right now,1,2026-09-13,Google Play,Customer Review,https://play.google.com/store/apps/details?id=team.opay.pay&hl=en&gl=ng
6ff8c8d9-9a74-4e9b-adc3-4d50a36249bb,OPay,"good and reliable, love you more opay",5,2026-09-13,Google Play,Customer Review,https://play.google.com/store/apps/details?id=team.opay.pay&hl=en&gl=ng
9992c3bf-cfb0-4928-b9da-df190d69e483,OPay,"For me, it's fast and reliable",4,2026-09-13,Google Play,Customer Review,https://play.google.com/store/apps/details?id=team.opay.pay&hl=en&gl=ng
07f057ea-e773-4342-84c4-de37013f8368,OPay,App is very good but recently it delay's like 3 minutes before opening and in the app too... please this be fixed?,4,2026-09-13,Google Play,Customer Review,https://play.google.com/store/apps/details?id=team.opay.pay&hl=en&gl=ng
77c52d7a-c263-4333-8290-31db068f6c9b,OPay,Good,5,2026-09-13,Google Play,Customer Review,https://play.google.com/store/apps/details?id=team.opay.pay&hl=en&gl=ng
8741fbff-8278-49be-826b-7770883fa736,OPay,good,5,2026-09-13,Google Play,Customer Review,https://play.google.com/store/apps/details?id=team.opay.pay&hl=en&gl=ng
9dc9c3da-3e51-4841-b1f0-f6ce33efdc13,OPay,good 😊👍,5,2026-09-13,Google Play,Customer Review,https://play.google.com/store/apps/details?id=team.opay.pay&hl=en&gl=ng
1abfa8dc-432e-42b6-88f8-53ac6af21aa0,OPay,it is very fast and reliable,5,2026-09-13,Google Play,Customer Review,https://play.google.com/store/apps/details?id=team.opay.pay&hl=en&gl=ng
9b6fe5a3-7b7e-4ea8-9cb5-d0baf18b14af,OPay,"Opay is just Bank for this Generation. Fast, Reliable and Affordable.",5,2026-09-13,Google Play,Customer Review,https://play.google.com/store/apps/details?id=team.opay.pay&hl=en&gl=ng
634b8c31-6250-4afb-9a96-44c68e0f3f2d,OPay,Perfect in transaction,5,2026-09-13,Google Play,Customer Review,https://play.google.com/store/apps/details?id=team.opay.pay&hl=en&gl=ng
d77a03f5-3391-4b65-becf-e674a4a591fb,OPay,it's secure,5,2026-09-13,Google Play,Customer Review,https://play.google.com/store/apps/details?id=team.opay.pay&hl=en&gl=ng
38802eda-849f-4507-914e-c13503785463,OPay,just nice and better,5,2026-09-13,Google Play,Customer Review,https://play.google.com/store/apps/details?id=team.opay.pay&hl=en&gl=ng
8305eee0-4fcc-46a8-b713-8495355c6e8e,OPay,"best online banking app I've seen easy transfer, fast ,and reliable",5,2026-09-13,Google Play,Customer Review,https://play.google.com/store/apps/details?id=team.opay.pay&hl=en&gl=ng
46fb8a95-d45a-48a8-a799-ed86e1185e01,OPay,so convenient but the problem I have with you is the way I brought you guys countless customer you can't even borrow me just 1k loan is unfair 😂😂🤣🙋,2,2026-09-13,Google Play,Customer Review,https://play.google.com/store/apps/details?id=team.opay.pay&hl=en&gl=ng
8253eb43-c3d9-4088-bcb4-7fb1101e1300,OPay,this app latest bank I have never see in would,5,2026-09-13,Google Play,Customer Review,https://play.google.com/store/apps/details?id=team.opay.pay&hl=en&gl=ng
58368ffb-3379-4d5b-8971-8c2123a2a747,OPay,I love this app,5,2026-09-13,Google Play,Customer Review,https://play.google.com/store/apps/details?id=team.opay.pay&hl=en&gl=ng
2b396f8b-f6a0-4914-9f61-64ead4df3289,OPay,good for my user experience,5,2026-09-13,Google Play,Customer Review,https://play.google.com/store/apps/details?id=team.opay.pay&hl=en&gl=ng
dd261d30-3e52-4b78-bdee-c92fea71bbf3,OPay,why can't I login to my opay,1,2026-09-13,Google Play,Customer Review,https://play.google.com/store/apps/details?id=team.opay.pay&hl=en&gl=ng
29b8c37f-19c4-4264-9e52-fe40653c8cb3,OPay,fast and reliable,5,2026-09-12,Google Play,Customer Review,https://play.google.com/store/apps/details?id=team.opay.pay&hl=en&gl=ng
928f5544-ad10-4730-b310-d3e3bb3ca3fc,OPay,"I don't know why open sometime just fails to load , Just keep you waiting endlessly not loading. I think this should be worked on",1,2026-09-12,Google Play,Customer Review,https://play.google.com/store/apps/details?id=team.opay.pay&hl=en&gl=ng
